run,label,transitions_million,elapsed_hours,reward_rolling_mean_200
2026-07-31_22-48-10_go2_no_trs_20k_512,No TRS,2.4576,0.10964321951071421,2.8536444430798293
2026-07-31_22-48-10_go2_no_trs_20k_512,No TRS,2.70336,0.12054177403450012,3.946631337925792
2026-07-31_22-48-10_go2_no_trs_20k_512,No TRS,2.94912,0.1307015042172538,5.377473284527659
2026-07-31_22-48-10_go2_no_trs_20k_512,No TRS,3.19488,0.14077851288848453,6.654538609907031
2026-07-31_22-48-10_go2_no_trs_20k_512,No TRS,3.44064,0.1511792861090766,7.452941167354584
2026-07-31_22-48-10_go2_no_trs_20k_512,No TRS,3.6864,0.1610819196038776,8.164088084697724
2026-07-31_22-48-10_go2_no_trs_20k_512,No TRS,3.93216,0.17087456107139587,9.028128252029418
2026-07-31_22-48-10_go2_no_trs_20k_512,No TRS,4.17792,0.18136291888025072,10.017929153442383
2026-07-31_22-48-10_go2_no_trs_20k_512,No TRS,4.42368,0.19133074820041657,11.075439069271088
2026-07-31_22-48-10_go2_no_trs_20k_512,No TRS,4.66944,0.2010393585761388,11.937140910625457
2026-07-31_22-48-10_go2_no_trs_20k_512,No TRS,4.9152,0.21232343627346886,12.727040169239045
2026-07-31_22-48-10_go2_no_trs_20k_512,No TRS,5.16096,0.22243990242481232,13.760557827949524
2026-07-31_22-48-10_go2_no_trs_20k_512,No TRS,5.40672,0.2321339099937015,14.390846586227417
2026-07-31_22-48-10_go2_no_trs_20k_512,No TRS,5.65248,0.2433824000093672,15.12448133945465
2026-07-31_22-48-10_go2_no_trs_20k_512,No TRS,5.89824,0.25429196291499667,15.955813021659852
2026-07-31_22-48-10_go2_no_trs_20k_512,No TRS,6.144,0.2646542631255256,16.63413012981415
2026-07-31_22-48-10_go2_no_trs_20k_512,No TRS,6.38976,0.27502818829483455,17.18260775089264
2026-07-31_22-48-10_go2_no_trs_20k_512,No TRS,6.63552,0.2852241259151035,17.526462330818177
2026-07-31_22-48-10_go2_no_trs_20k_512,No TRS,6.88128,0.29510439614454903,17.741188921928405
2026-07-31_22-48-10_go2_no_trs_20k_512,No TRS,7.12704,0.30558022386497924,18.048138594627382
2026-07-31_22-48-10_go2_no_trs_20k_512,No TRS,7.3728,0.315791758828693,18.244324617385864
2026-07-31_22-48-10_go2_no_trs_20k_512,No TRS,7.61856,0.3258054687579473,18.256305561065673
2026-07-31_22-48-10_go2_no_trs_20k_512,No TRS,7.86432,0.33627190324995254,18.290629529953
2026-07-31_22-48-10_go2_no_trs_20k_512,No TRS,8.11008,0.3463460083802541,18.369778423309327
2026-07-31_22-48-10_go2_no_trs_20k_512,No TRS,8.35584,0.35622585270139906,18.332711210250853
2026-07-31_22-48-10_go2_no_trs_20k_512,No TRS,8.6016,0.36624844359027015,18.453078546524047
2026-07-31_22-48-10_go2_no_trs_20k_512,No TRS,8.84736,0.3768045084344016,18.562724170684813
2026-07-31_22-48-10_go2_no_trs_20k_512,No TRS,9.09312,0.3866481649875641,18.629753217697143
2026-07-31_22-48-10_go2_no_trs_20k_512,No TRS,9.33888,0.39663262751367356,18.613558044433592
2026-07-31_22-48-10_go2_no_trs_20k_512,No TRS,9.58464,0.4073027710782157,18.402953758239747
2026-07-31_22-48-10_go2_no_trs_20k_512,No TRS,9.8304,0.41756435102886624,18.068170776367186
2026-07-31_22-48-10_go2_no_trs_20k_512,No TRS,10.07616,0.4277212737666236,18.00591481208801
2026-07-31_22-48-10_go2_no_trs_20k_512,No TRS,10.32192,0.4387397105163998,17.901491122245787
2026-07-31_22-48-10_go2_no_trs_20k_512,No TRS,10.56768,0.44934242407480873,17.28728184223175
2026-07-31_22-48-10_go2_no_trs_20k_512,No TRS,10.81344,0.4597891030708949,16.770934839248657
2026-07-31_22-48-10_go2_no_trs_20k_512,No TRS,11.0592,0.4705632134278615,16.445074882507324
2026-07-31_22-48-10_go2_no_trs_20k_512,No TRS,11.30496,0.48107419980896843,16.008808674812318
2026-07-31_22-48-10_go2_no_trs_20k_512,No TRS,11.55072,0.4922749884261025,15.447531251907348
2026-07-31_22-48-10_go2_no_trs_20k_512,No TRS,11.79648,0.5030008386903339,15.190150032043457
2026-07-31_22-48-10_go2_no_trs_20k_512,No TRS,12.04224,0.5135000161992179,14.888961906433105
2026-07-31_22-48-10_go2_no_trs_20k_512,No TRS,12.288,0.5239755613936319,14.797923765182496
2026-07-31_22-48-10_go2_no_trs_20k_512,No TRS,12.53376,0.5346054149336285,14.706897630691529
2026-07-31_22-48-10_go2_no_trs_20k_512,No TRS,12.77952,0.5451297938161426,14.37055233001709
2026-07-31_22-48-10_go2_no_trs_20k_512,No TRS,13.02528,0.5556551873021656,14.366309895515442
2026-07-31_22-48-10_go2_no_trs_20k_512,No TRS,13.27104,0.5661948472261429,14.535571851730346
2026-07-31_22-48-10_go2_no_trs_20k_512,No TRS,13.5168,0.576745000547833,14.552610325813294
2026-07-31_22-48-10_go2_no_trs_20k_512,No TRS,13.76256,0.5872586023807526,14.432960348129273
2026-07-31_22-48-10_go2_no_trs_20k_512,No TRS,14.00832,0.5978642739189995,14.59792691230774
2026-07-31_22-48-10_go2_no_trs_20k_512,No TRS,14.25408,0.6082869135671192,14.680410785675049
2026-07-31_22-48-10_go2_no_trs_20k_512,No TRS,14.49984,0.6185992421706518,14.839152283668518
2026-07-31_22-48-10_go2_no_trs_20k_512,No TRS,14.7456,0.6288688647084766,15.095986647605896
2026-07-31_22-48-10_go2_no_trs_20k_512,No TRS,14.99136,0.639087419576115,15.099360466003418
2026-07-31_22-48-10_go2_no_trs_20k_512,No TRS,15.23712,0.6496274493137996,15.344175081253052
2026-07-31_22-48-10_go2_no_trs_20k_512,No TRS,15.48288,0.6600172662734985,15.863885264396668
2026-07-31_22-48-10_go2_no_trs_20k_512,No TRS,15.72864,0.6704448224438562,16.18506555080414
2026-07-31_22-48-10_go2_no_trs_20k_512,No TRS,15.9744,0.6807910916540357,16.28471953392029
2026-07-31_22-48-10_go2_no_trs_20k_512,No TRS,16.22016,0.6910291292932298,16.656116132736205
2026-07-31_22-48-10_go2_no_trs_20k_512,No TRS,16.46592,0.701119220190578,17.0343673658371
2026-07-31_22-48-10_go2_no_trs_20k_512,No TRS,16.71168,0.7113852491643694,17.066416249275207
2026-07-31_22-48-10_go2_no_trs_20k_512,No TRS,16.95744,0.7216431518395742,17.402332525253296
2026-07-31_22-48-10_go2_no_trs_20k_512,No TRS,17.2032,0.7318857016828325,17.422107458114624
2026-07-31_22-48-10_go2_no_trs_20k_512,No TRS,17.44896,0.7421096981896295,17.47677136898041
2026-07-31_22-48-10_go2_no_trs_20k_512,No TRS,17.69472,0.7522901542319191,17.666140451431275
2026-07-31_22-48-10_go2_no_trs_20k_512,No TRS,17.94048,0.7629216370317671,17.63991771697998
2026-07-31_22-48-10_go2_no_trs_20k_512,No TRS,18.18624,0.7730491795804766,17.52661497116089
2026-07-31_22-48-10_go2_no_trs_20k_512,No TRS,18.432,0.7831123425563177,17.633833560943604
2026-07-31_22-48-10_go2_no_trs_20k_512,No TRS,18.67776,0.7932548371288511,17.745802578926085
2026-07-31_22-48-10_go2_no_trs_20k_512,No TRS,18.92352,0.803640353679657,17.7638831281662
2026-07-31_22-48-10_go2_no_trs_20k_512,No TRS,19.16928,0.8138652774360445,17.877452864646912
2026-07-31_22-48-10_go2_no_trs_20k_512,No TRS,19.41504,0.8240544642342461,17.725910062789918
2026-07-31_22-48-10_go2_no_trs_20k_512,No TRS,19.6608,0.8342970804373423,17.73089015007019
2026-07-31_22-48-10_go2_no_trs_20k_512,No TRS,19.90656,0.8444985899660322,17.825316162109374
2026-07-31_22-48-10_go2_no_trs_20k_512,No TRS,20.15232,0.8546558117204243,17.933721227645876
2026-07-31_22-48-10_go2_no_trs_20k_512,No TRS,20.39808,0.8648740388949712,17.88580666542053
2026-07-31_22-48-10_go2_no_trs_20k_512,No TRS,20.64384,0.8749234212107129,17.943831152915955
2026-07-31_22-48-10_go2_no_trs_20k_512,No TRS,20.8896,0.8850913023286395,17.841962890625
2026-07-31_22-48-10_go2_no_trs_20k_512,No TRS,21.13536,0.8952792263031006,17.780578603744505
2026-07-31_22-48-10_go2_no_trs_20k_512,No TRS,21.38112,0.9053661708037058,17.75295108795166
2026-07-31_22-48-10_go2_no_trs_20k_512,No TRS,21.62688,0.9154082292980618,17.85664532661438
2026-07-31_22-48-10_go2_no_trs_20k_512,No TRS,21.87264,0.9254160333342022,18.243820967674257
2026-07-31_22-48-10_go2_no_trs_20k_512,No TRS,22.1184,0.9354824362198512,18.57089485645294
2026-07-31_22-48-10_go2_no_trs_20k_512,No TRS,22.36416,0.9456252174244987,18.989884428977966
2026-07-31_22-48-10_go2_no_trs_20k_512,No TRS,22.60992,0.9557629670699438,19.13024315357208
2026-07-31_22-48-10_go2_no_trs_20k_512,No TRS,22.85568,0.9659783130221896,19.521774144172667
2026-07-31_22-48-10_go2_no_trs_20k_512,No TRS,23.10144,0.9765503454870648,19.784173669815065
2026-07-31_22-48-10_go2_no_trs_20k_512,No TRS,23.3472,0.9868149018287659,19.99447552204132
2026-07-31_22-48-10_go2_no_trs_20k_512,No TRS,23.59296,0.9971109577682283,20.129777812957762
2026-07-31_22-48-10_go2_no_trs_20k_512,No TRS,23.83872,1.0072808168331782,20.361011228561402
2026-07-31_22-48-10_go2_no_trs_20k_512,No TRS,24.08448,1.0174581602546904,20.566954822540282
2026-07-31_22-48-10_go2_no_trs_20k_512,No TRS,24.33024,1.027635513080491,20.572002000808716
2026-07-31_22-48-10_go2_no_trs_20k_512,No TRS,24.576,1.0377776851256688,20.58974531173706
2026-07-31_22-48-10_go2_no_trs_20k_512,No TRS,24.82176,1.0482139900657865,20.662462816238403
2026-07-31_22-48-10_go2_no_trs_20k_512,No TRS,25.06752,1.0583306752973132,20.773397674560545
2026-07-31_22-48-10_go2_no_trs_20k_512,No TRS,25.31328,1.0684411344925562,20.64665580749512
2026-07-31_22-48-10_go2_no_trs_20k_512,No TRS,25.55904,1.0789424061775208,20.788427057266237
2026-07-31_22-48-10_go2_no_trs_20k_512,No TRS,25.8048,1.089238737159305,20.941307544708252
2026-07-31_22-48-10_go2_no_trs_20k_512,No TRS,26.05056,1.0995677622821596,20.949800939559935
2026-07-31_22-48-10_go2_no_trs_20k_512,No TRS,26.29632,1.1099909414847693,21.02958596229553
2026-07-31_22-48-10_go2_no_trs_20k_512,No TRS,26.54208,1.120383874045478,21.07031153678894
2026-07-31_22-48-10_go2_no_trs_20k_512,No TRS,26.78784,1.1307337194018894,20.944605436325073
2026-07-31_22-48-10_go2_no_trs_20k_512,No TRS,27.0336,1.1410701955689324,21.07850227355957
2026-07-31_22-48-10_go2_no_trs_20k_512,No TRS,27.27936,1.1513675138023165,20.89993131637573
2026-07-31_22-48-10_go2_no_trs_20k_512,No TRS,27.52512,1.1616624448696773,20.83493239402771
2026-07-31_22-48-10_go2_no_trs_20k_512,No TRS,27.77088,1.1719571000999875,20.942140378952026
2026-07-31_22-48-10_go2_no_trs_20k_512,No TRS,28.01664,1.1820957625574535,20.719393405914307
2026-07-31_22-48-10_go2_no_trs_20k_512,No TRS,28.2624,1.1923610376649432,20.769466209411622
2026-07-31_22-48-10_go2_no_trs_20k_512,No TRS,28.50816,1.2025950840446684,20.986866340637206
2026-07-31_22-48-10_go2_no_trs_20k_512,No TRS,28.75392,1.2128442570898268,20.891262111663817
2026-07-31_22-48-10_go2_no_trs_20k_512,No TRS,28.99968,1.2231195284260643,20.87483956336975
2026-07-31_22-48-10_go2_no_trs_20k_512,No TRS,29.24544,1.2334084414111244,21.044429836273192
2026-07-31_22-48-10_go2_no_trs_20k_512,No TRS,29.4912,1.2436595738596385,20.946906881332396
2026-07-31_22-48-10_go2_no_trs_20k_512,No TRS,29.73696,1.25397584564156,21.09387257575989
2026-07-31_22-48-10_go2_no_trs_20k_512,No TRS,29.98272,1.2643405552042855,21.066452112197876
2026-07-31_22-48-10_go2_no_trs_20k_512,No TRS,30.22848,1.274607277115186,21.23567936897278
2026-07-31_22-48-10_go2_no_trs_20k_512,No TRS,30.47424,1.284822752012147,21.507138710021973
2026-07-31_22-48-10_go2_no_trs_20k_512,No TRS,30.72,1.294958766831292,21.594668874740602
2026-07-31_22-48-10_go2_no_trs_20k_512,No TRS,30.96576,1.3052531065543493,21.817062120437622
2026-07-31_22-48-10_go2_no_trs_20k_512,No TRS,31.21152,1.315354319943322,21.963968839645386
2026-07-31_22-48-10_go2_no_trs_20k_512,No TRS,31.45728,1.3257887585957846,22.072746505737303
2026-07-31_22-48-10_go2_no_trs_20k_512,No TRS,31.70304,1.336062870754136,22.281874895095825
2026-07-31_22-48-10_go2_no_trs_20k_512,No TRS,31.9488,1.3465113970306184,22.33360924720764
2026-07-31_22-48-10_go2_no_trs_20k_512,No TRS,32.19456,1.3567784350448184,22.480842990875246
2026-07-31_22-48-10_go2_no_trs_20k_512,No TRS,32.44032,1.3672814742061827,22.585856943130494
2026-07-31_22-48-10_go2_no_trs_20k_512,No TRS,32.68608,1.3776822484864129,22.652225561141968
2026-07-31_22-48-10_go2_no_trs_20k_512,No TRS,32.93184,1.3879711748494041,22.654479417800903
2026-07-31_22-48-10_go2_no_trs_20k_512,No TRS,33.1776,1.3983596495787303,22.69331995010376
2026-07-31_22-48-10_go2_no_trs_20k_512,No TRS,33.42336,1.4089087533288531,22.518429460525514
2026-07-31_22-48-10_go2_no_trs_20k_512,No TRS,33.66912,1.4189624745315976,22.358278131484987
2026-07-31_22-48-10_go2_no_trs_20k_512,No TRS,33.91488,1.4293155368831423,22.3511048412323
2026-07-31_22-48-10_go2_no_trs_20k_512,No TRS,34.16064,1.4396377331018448,22.343441247940063
2026-07-31_22-48-10_go2_no_trs_20k_512,No TRS,34.4064,1.4495829161670473,22.374053087234497
2026-07-31_22-48-10_go2_no_trs_20k_512,No TRS,34.65216,1.4596372266610464,22.351270542144775
2026-07-31_22-48-10_go2_no_trs_20k_512,No TRS,34.89792,1.4696971191300285,22.455907526016237
2026-07-31_22-48-10_go2_no_trs_20k_512,No TRS,35.14368,1.4798149921496708,22.371703357696532
2026-07-31_22-48-10_go2_no_trs_20k_512,No TRS,35.38944,1.4901435179180569,22.365505466461183
2026-07-31_22-48-10_go2_no_trs_20k_512,No TRS,35.6352,1.5005425086948607,22.50640989303589
2026-07-31_22-48-10_go2_no_trs_20k_512,No TRS,35.88096,1.5106846120622424,22.72100281715393
2026-07-31_22-48-10_go2_no_trs_20k_512,No TRS,36.12672,1.520725597805447,23.040565223693847
2026-07-31_22-48-10_go2_no_trs_20k_512,No TRS,36.37248,1.5310961592197418,23.196492023468018
2026-07-31_22-48-10_go2_no_trs_20k_512,No TRS,36.61824,1.5413002128071256,23.24110842704773
2026-07-31_22-48-10_go2_no_trs_20k_512,No TRS,36.864,1.5512577458222707,23.471695470809937
2026-07-31_22-48-10_go2_no_trs_20k_512,No TRS,37.10976,1.561291692521837,23.528683443069458
2026-07-31_22-48-10_go2_no_trs_20k_512,No TRS,37.35552,1.5713379281096989,23.686207122802735
2026-07-31_22-48-10_go2_no_trs_20k_512,No TRS,37.60128,1.5812312445375654,23.896009521484373
2026-07-31_22-48-10_go2_no_trs_20k_512,No TRS,37.84704,1.5912513181236054,24.07502868652344
2026-07-31_22-48-10_go2_no_trs_20k_512,No TRS,38.0928,1.6015655372540156,23.947859134674072
2026-07-31_22-48-10_go2_no_trs_20k_512,No TRS,38.33856,1.6118211750189464,23.788930349349975
2026-07-31_22-48-10_go2_no_trs_20k_512,No TRS,38.58432,1.6220184232128991,23.565366401672364
2026-07-31_22-48-10_go2_no_trs_20k_512,No TRS,38.83008,1.6322400206327439,23.412903366088866
2026-07-31_22-48-10_go2_no_trs_20k_512,No TRS,39.07584,1.6425989315907161,23.25515944480896
2026-07-31_22-48-10_go2_no_trs_20k_512,No TRS,39.3216,1.6528312018182543,23.068629493713377
2026-07-31_22-48-10_go2_no_trs_20k_512,No TRS,39.56736,1.663106126586596,22.878839826583864
2026-07-31_22-48-10_go2_no_trs_20k_512,No TRS,39.81312,1.6733665731218126,22.709260663986207
2026-07-31_22-48-10_go2_no_trs_20k_512,No TRS,40.05888,1.6835483953025605,22.534745044708252
2026-07-31_22-48-10_go2_no_trs_20k_512,No TRS,40.30464,1.6937158314387004,22.370713415145875
2026-07-31_22-48-10_go2_no_trs_20k_512,No TRS,40.5504,1.7037884220149782,22.46861536026001
2026-07-31_22-48-10_go2_no_trs_20k_512,No TRS,40.79616,1.7137645979060068,22.61657332420349
2026-07-31_22-48-10_go2_no_trs_20k_512,No TRS,41.04192,1.723856680393219,22.83453998565674
2026-07-31_22-48-10_go2_no_trs_20k_512,No TRS,41.28768,1.7341431554820803,22.945282878875734
2026-07-31_22-48-10_go2_no_trs_20k_512,No TRS,41.53344,1.7442727686299218,23.15679949760437
2026-07-31_22-48-10_go2_no_trs_20k_512,No TRS,41.7792,1.754405737982856,23.307639656066893
2026-07-31_22-48-10_go2_no_trs_20k_512,No TRS,42.02496,1.764604605237643,23.384653701782227
2026-07-31_22-48-10_go2_no_trs_20k_512,No TRS,42.27072,1.7748482093546125,23.40123242378235
2026-07-31_22-48-10_go2_no_trs_20k_512,No TRS,42.51648,1.7850868388679293,23.484768838882445
2026-07-31_22-48-10_go2_no_trs_20k_512,No TRS,42.76224,1.7954273094733557,23.562523593902586
2026-07-31_22-48-10_go2_no_trs_20k_512,No TRS,43.008,1.8055680310063893,23.572993726730346
2026-07-31_22-48-10_go2_no_trs_20k_512,No TRS,43.25376,1.81554289009836,23.58144338607788
2026-07-31_22-48-10_go2_no_trs_20k_512,No TRS,43.49952,1.8256124149428474,23.403675193786622
2026-07-31_22-48-10_go2_no_trs_20k_512,No TRS,43.74528,1.8357113899124993,23.414925966262818
2026-07-31_22-48-10_go2_no_trs_20k_512,No TRS,43.99104,1.845683141152064,23.190008840560914
2026-07-31_22-48-10_go2_no_trs_20k_512,No TRS,44.2368,1.8555982240041098,23.13371654510498
2026-07-31_22-48-10_go2_no_trs_20k_512,No TRS,44.48256,1.8656461182567807,23.15055528640747
2026-07-31_22-48-10_go2_no_trs_20k_512,No TRS,44.72832,1.8757458317942088,23.31401596069336
2026-07-31_22-48-10_go2_no_trs_20k_512,No TRS,44.97408,1.885735437605116,23.362538089752196
2026-07-31_22-48-10_go2_no_trs_20k_512,No TRS,45.21984,1.895835763812065,23.474047546386718
2026-07-31_22-48-10_go2_no_trs_20k_512,No TRS,45.4656,1.9058577474620608,23.34114197731018
2026-07-31_22-48-10_go2_no_trs_20k_512,No TRS,45.71136,1.915913325548172,23.09747275352478
2026-07-31_22-48-10_go2_no_trs_20k_512,No TRS,45.95712,1.9260577456156414,23.232774600982665
2026-07-31_22-48-10_go2_no_trs_20k_512,No TRS,46.20288,1.9361942502525118,23.21259778022766
2026-07-31_22-48-10_go2_no_trs_20k_512,No TRS,46.44864,1.9463404726319844,23.35016381263733
2026-07-31_22-48-10_go2_no_trs_20k_512,No TRS,46.6944,1.956491080654992,23.243982734680177
2026-07-31_22-48-10_go2_no_trs_20k_512,No TRS,46.94016,1.966515898903211,23.127106170654297
2026-07-31_22-48-10_go2_no_trs_20k_512,No TRS,47.18592,1.9765480176607768,23.0828809261322
2026-07-31_22-48-10_go2_no_trs_20k_512,No TRS,47.43168,1.986657125486268,22.973412828445433
2026-07-31_22-48-10_go2_no_trs_20k_512,No TRS,47.67744,1.9965573137336308,22.850041542053223
2026-07-31_22-48-10_go2_no_trs_20k_512,No TRS,47.9232,2.0065452103482353,23.00407258987427
2026-07-31_22-48-10_go2_no_trs_20k_512,No TRS,48.16896,2.016773494217131,23.276552753448485
2026-07-31_22-48-10_go2_no_trs_20k_512,No TRS,48.41472,2.027575160596106,23.291724281311033
2026-07-31_22-48-10_go2_no_trs_20k_512,No TRS,48.66048,2.037817370692889,23.303512191772462
2026-07-31_22-48-10_go2_no_trs_20k_512,No TRS,48.90624,2.0481048783328797,23.323579511642457
2026-07-31_22-48-10_go2_no_trs_20k_512,No TRS,49.152,2.058260682026545,23.57029100418091
2026-07-31_22-48-10_go2_no_trs_20k_512,No TRS,49.39776,2.0685795654853183,23.72252372741699
2026-07-31_22-48-10_go2_no_trs_20k_512,No TRS,49.64352,2.078679718905025,23.666667671203612
2026-07-31_22-48-10_go2_no_trs_20k_512,No TRS,49.88928,2.088803348077668,23.75814863204956
2026-07-31_22-48-10_go2_no_trs_20k_512,No TRS,50.13504,2.0988619822263717,23.836678915023803
2026-07-31_22-48-10_go2_no_trs_20k_512,No TRS,50.3808,2.108796040945583,23.855841321945192
2026-07-31_22-48-10_go2_no_trs_20k_512,No TRS,50.62656,2.1188469831148784,23.922991886138917
2026-07-31_22-48-10_go2_no_trs_20k_512,No TRS,50.87232,2.129053779111968,24.051672058105467
2026-07-31_22-48-10_go2_no_trs_20k_512,No TRS,51.11808,2.1395321001609164,23.993185844421387
2026-07-31_22-48-10_go2_no_trs_20k_512,No TRS,51.36384,2.1496496497922473,23.809105024337768
2026-07-31_22-48-10_go2_no_trs_20k_512,No TRS,51.6096,2.159850151737531,23.613766613006593
2026-07-31_22-48-10_go2_no_trs_20k_512,No TRS,51.85536,2.1699669116073186,23.61407356262207
2026-07-31_22-48-10_go2_no_trs_20k_512,No TRS,52.10112,2.1804352363612916,23.64520959854126
2026-07-31_22-48-10_go2_no_trs_20k_512,No TRS,52.34688,2.190575865705808,23.806211004257204
2026-07-31_22-48-10_go2_no_trs_20k_512,No TRS,52.59264,2.20076661699348,24.04170862197876
2026-07-31_22-48-10_go2_no_trs_20k_512,No TRS,52.8384,2.210853033926752,24.024654626846313
2026-07-31_22-48-10_go2_no_trs_20k_512,No TRS,53.08416,2.220910734468036,24.025144472122193
2026-07-31_22-48-10_go2_no_trs_20k_512,No TRS,53.32992,2.2310173104206723,24.040247659683228
2026-07-31_22-48-10_go2_no_trs_20k_512,No TRS,53.57568,2.2412186561028165,24.290085496902467
2026-07-31_22-48-10_go2_no_trs_20k_512,No TRS,53.82144,2.2511938221587076,24.562931652069093
2026-07-31_22-48-10_go2_no_trs_20k_512,No TRS,54.0672,2.261323937707477,24.76282105445862
2026-07-31_22-48-10_go2_no_trs_20k_512,No TRS,54.31296,2.2714024280177223,25.081304664611817
2026-07-31_22-48-10_go2_no_trs_20k_512,No TRS,54.55872,2.2814008400175307,25.244713220596314
2026-07-31_22-48-10_go2_no_trs_20k_512,No TRS,54.80448,2.291510170565711,25.28961024284363
2026-07-31_22-48-10_go2_no_trs_20k_512,No TRS,55.05024,2.3017081833548017,25.203171710968018
2026-07-31_22-48-10_go2_no_trs_20k_512,No TRS,55.296,2.311796667377154,25.26430426597595
2026-07-31_22-48-10_go2_no_trs_20k_512,No TRS,55.54176,2.321822345919079,25.265083980560302
2026-07-31_22-48-10_go2_no_trs_20k_512,No TRS,55.78752,2.331877018743091,25.2664702129364
2026-07-31_22-48-10_go2_no_trs_20k_512,No TRS,56.03328,2.341968719959259,25.225660457611085
2026-07-31_22-48-10_go2_no_trs_20k_512,No TRS,56.27904,2.3520914750629003,25.164422340393067
2026-07-31_22-48-10_go2_no_trs_20k_512,No TRS,56.5248,2.362123507195049,25.22149839401245
2026-07-31_22-48-10_go2_no_trs_20k_512,No TRS,56.77056,2.3721644622749753,25.14391037940979
2026-07-31_22-48-10_go2_no_trs_20k_512,No TRS,57.01632,2.3820587306552463,25.01428300857544
2026-07-31_22-48-10_go2_no_trs_20k_512,No TRS,57.26208,2.3919680511951444,25.00409317970276
2026-07-31_22-48-10_go2_no_trs_20k_512,No TRS,57.50784,2.4019829274548425,25.101865129470823
2026-07-31_22-48-10_go2_no_trs_20k_512,No TRS,57.7536,2.412091228365898,25.1875106048584
2026-07-31_22-48-10_go2_no_trs_20k_512,No TRS,57.99936,2.422076497740216,25.158778266906737
2026-07-31_22-48-10_go2_no_trs_20k_512,No TRS,58.24512,2.4321801039245394,25.256575632095338
2026-07-31_22-48-10_go2_no_trs_20k_512,No TRS,58.49088,2.4421636873483656,25.397033243179322
2026-07-31_22-48-10_go2_no_trs_20k_512,No TRS,58.73664,2.4525054919719698,25.529697723388672
2026-07-31_22-48-10_go2_no_trs_20k_512,No TRS,58.9824,2.462704819109705,25.456411476135255
2026-07-31_22-48-10_go2_no_trs_20k_512,No TRS,59.22816,2.4727788964907327,25.32866735458374
2026-07-31_22-48-10_go2_no_trs_20k_512,No TRS,59.47392,2.4827857086393568,25.41737769126892
2026-07-31_22-48-10_go2_no_trs_20k_512,No TRS,59.71968,2.4930850837628045,25.403032474517822
2026-07-31_22-48-10_go2_no_trs_20k_512,No TRS,59.96544,2.5030496278074055,25.545629997253418
2026-07-31_22-48-10_go2_no_trs_20k_512,No TRS,60.2112,2.5130136846171487,25.578113107681276
2026-07-31_22-48-10_go2_no_trs_20k_512,No TRS,60.45696,2.52299492292934,25.72785044670105
2026-07-31_22-48-10_go2_no_trs_20k_512,No TRS,60.70272,2.5329542564021215,25.65783518791199
2026-07-31_22-48-10_go2_no_trs_20k_512,No TRS,60.94848,2.543053844306204,25.550160465240477
2026-07-31_22-48-10_go2_no_trs_20k_512,No TRS,61.19424,2.553147997326321,25.679470233917236
2026-07-31_22-48-10_go2_no_trs_20k_512,No TRS,61.44,2.5631758038865193,25.919218463897707
2026-07-31_22-48-10_go2_no_trs_20k_512,No TRS,61.68576,2.5734145639340085,26.055021867752075
2026-07-31_22-48-10_go2_no_trs_20k_512,No TRS,61.93152,2.5835939025878907,26.240215730667114
2026-07-31_22-48-10_go2_no_trs_20k_512,No TRS,62.17728,2.593832725220256,26.135882005691528
2026-07-31_22-48-10_go2_no_trs_20k_512,No TRS,62.42304,2.6039546136723626,25.942730741500853
2026-07-31_22-48-10_go2_no_trs_20k_512,No TRS,62.6688,2.614028430117501,25.90230052947998
2026-07-31_22-48-10_go2_no_trs_20k_512,No TRS,62.91456,2.6241574109925163,26.009819765090942
2026-07-31_22-48-10_go2_no_trs_20k_512,No TRS,63.16032,2.6344368126657276,26.168998403549196
2026-07-31_22-48-10_go2_no_trs_20k_512,No TRS,63.40608,2.6444401966200934,26.253544950485228
2026-07-31_22-48-10_go2_no_trs_20k_512,No TRS,63.65184,2.6543494297398462,26.27590087890625
2026-07-31_22-48-10_go2_no_trs_20k_512,No TRS,63.8976,2.6642839405934016,26.19078137397766
2026-07-31_22-48-10_go2_no_trs_20k_512,No TRS,64.14336,2.674345247745514,26.2307288646698
2026-07-31_22-48-10_go2_no_trs_20k_512,No TRS,64.38912,2.6843902309735617,25.90508327484131
2026-07-31_22-48-10_go2_no_trs_20k_512,No TRS,64.63488,2.694418862263362,25.94720239639282
2026-07-31_22-48-10_go2_no_trs_20k_512,No TRS,64.88064,2.7044764631324343,25.944432315826415
2026-07-31_22-48-10_go2_no_trs_20k_512,No TRS,65.1264,2.7145418909523222,26.084264974594117
2026-07-31_22-48-10_go2_no_trs_20k_512,No TRS,65.37216,2.7245054730441836,25.999375963211058
2026-07-31_22-48-10_go2_no_trs_20k_512,No TRS,65.61792,2.7347274121310976,26.09357581138611
2026-07-31_22-48-10_go2_no_trs_20k_512,No TRS,65.86368,2.7447817518313724,26.24287000656128
2026-07-31_22-48-10_go2_no_trs_20k_512,No TRS,66.10944,2.7546764196952185,26.402735929489136
2026-07-31_22-48-10_go2_no_trs_20k_512,No TRS,66.3552,2.764524529245165,26.585940799713136
2026-07-31_22-48-10_go2_no_trs_20k_512,No TRS,66.60096,2.774515307876799,26.926051120758057
2026-07-31_22-48-10_go2_no_trs_20k_512,No TRS,66.84672,2.784303455286556,27.4363410282135
2026-07-31_22-48-10_go2_no_trs_20k_512,No TRS,67.09248,2.79412371940083,27.713284854888915
2026-07-31_22-48-10_go2_no_trs_20k_512,No TRS,67.33824,2.8040549027257495,28.041577825546266
2026-07-31_22-48-10_go2_no_trs_20k_512,No TRS,67.584,2.8138843519157835,28.046174983978272
2026-07-31_22-48-10_go2_no_trs_20k_512,No TRS,67.82976,2.82383870780468,28.045969228744507
2026-07-31_22-48-10_go2_no_trs_20k_512,No TRS,68.07552,2.833809094230334,27.896367263793945
2026-07-31_22-48-10_go2_no_trs_20k_512,No TRS,68.32128,2.8436911635928683,27.755120363235473
2026-07-31_22-48-10_go2_no_trs_20k_512,No TRS,68.56704,2.853521753748258,27.62411849975586
2026-07-31_22-48-10_go2_no_trs_20k_512,No TRS,68.8128,2.8633740578095117,27.602415761947633
2026-07-31_22-48-10_go2_no_trs_20k_512,No TRS,69.05856,2.8732947433657117,27.51899076461792
2026-07-31_22-48-10_go2_no_trs_20k_512,No TRS,69.30432,2.8832806612385644,27.42405345916748
2026-07-31_22-48-10_go2_no_trs_20k_512,No TRS,69.55008,2.8931879154841105,27.369364109039306
2026-07-31_22-48-10_go2_no_trs_20k_512,No TRS,69.79584,2.9030562227964403,27.216928358078004
2026-07-31_22-48-10_go2_no_trs_20k_512,No TRS,70.0416,2.9128713125652737,27.188436164855958
2026-07-31_22-48-10_go2_no_trs_20k_512,No TRS,70.28736,2.9226945261822808,27.30756128311157
2026-07-31_22-48-10_go2_no_trs_20k_512,No TRS,70.53312,2.932455930047565,27.500592317581177
2026-07-31_22-48-10_go2_no_trs_20k_512,No TRS,70.77888,2.9424050341712102,27.615038633346558
2026-07-31_22-48-10_go2_no_trs_20k_512,No TRS,71.02464,2.952379414902793,27.658515329360963
2026-07-31_22-48-10_go2_no_trs_20k_512,No TRS,71.2704,2.962256198856566,27.640178117752075
2026-07-31_22-48-10_go2_no_trs_20k_512,No TRS,71.51616,2.9722450249062646,27.643872117996217
2026-07-31_22-48-10_go2_no_trs_20k_512,No TRS,71.76192,2.9821736762258744,27.76705132484436
2026-07-31_22-48-10_go2_no_trs_20k_512,No TRS,72.00768,2.9922603460152946,27.809901733398437
2026-07-31_22-48-10_go2_no_trs_20k_512,No TRS,72.25344,3.0022968578338625,27.83663516998291
2026-07-31_22-48-10_go2_no_trs_20k_512,No TRS,72.4992,3.01232375714514,27.962206497192383
2026-07-31_22-48-10_go2_no_trs_20k_512,No TRS,72.74496,3.022318032781283,27.991441469192505
2026-07-31_22-48-10_go2_no_trs_20k_512,No TRS,72.99072,3.0323000082704756,28.112155427932738
2026-07-31_22-48-10_go2_no_trs_20k_512,No TRS,73.23648,3.042201560470793,28.135431594848633
2026-07-31_22-48-10_go2_no_trs_20k_512,No TRS,73.48224,3.0520988326602514,28.187143030166627
2026-07-31_22-48-10_go2_no_trs_20k_512,No TRS,73.728,3.0619987707005607,28.203448152542116
2026-07-31_22-48-10_go2_no_trs_20k_512,No TRS,73.97376,3.0721196209722095,28.18770676612854
2026-07-31_22-48-10_go2_no_trs_20k_512,No TRS,74.21952,3.08204905072848,28.048642292022706
2026-07-31_22-48-10_go2_no_trs_20k_512,No TRS,74.46528,3.09196337348885,28.21493278503418
2026-07-31_22-48-10_go2_no_trs_20k_512,No TRS,74.71104,3.101955768797133,28.3861407661438
2026-07-31_22-48-10_go2_no_trs_20k_512,No TRS,74.9568,3.112057321800126,28.39754644393921
2026-07-31_22-48-10_go2_no_trs_20k_512,No TRS,75.20256,3.1226846167114046,28.206214656829832
2026-07-31_22-48-10_go2_no_trs_20k_512,No TRS,75.44832,3.134176650179757,27.968896131515503
2026-07-31_22-48-10_go2_no_trs_20k_512,No TRS,75.69408,3.1452250452836354,28.045952186584472
2026-07-31_22-48-10_go2_no_trs_20k_512,No TRS,75.93984,3.1551553934812544,28.06690842628479
2026-07-31_22-48-10_go2_no_trs_20k_512,No TRS,76.1856,3.1650666235552896,28.096482009887694
2026-07-31_22-48-10_go2_no_trs_20k_512,No TRS,76.43136,3.174883243838946,28.1012375831604
2026-07-31_22-48-10_go2_no_trs_20k_512,No TRS,76.67712,3.1847449996736317,28.028122863769532
2026-07-31_22-48-10_go2_no_trs_20k_512,No TRS,76.92288,3.1945074680116443,27.75650587081909
2026-07-31_22-48-10_go2_no_trs_20k_512,No TRS,77.16864,3.204365779095226,27.448740501403808
2026-07-31_22-48-10_go2_no_trs_20k_512,No TRS,77.4144,3.2144509051243464,27.480168657302855
2026-07-31_22-48-10_go2_no_trs_20k_512,No TRS,77.66016,3.2246510799063577,27.567378721237183
2026-07-31_22-48-10_go2_no_trs_20k_512,No TRS,77.90592,3.2346090008152855,27.41780882835388
2026-07-31_22-48-10_go2_no_trs_20k_512,No TRS,78.15168,3.2446279276741876,27.201674385070802
2026-07-31_22-48-10_go2_no_trs_20k_512,No TRS,78.39744,3.254494334459305,27.15737211227417
2026-07-31_22-48-10_go2_no_trs_20k_512,No TRS,78.6432,3.264463343355391,27.061786699295045
2026-07-31_22-48-10_go2_no_trs_20k_512,No TRS,78.88896,3.2744182084004083,27.054383993148804
2026-07-31_22-48-10_go2_no_trs_20k_512,No TRS,79.13472,3.2843259097470177,27.07842164039612
2026-07-31_22-48-10_go2_no_trs_20k_512,No TRS,79.38048,3.29422576698992,27.19274076461792
2026-07-31_22-48-10_go2_no_trs_20k_512,No TRS,79.62624,3.3041571038299136,27.480064897537233
2026-07-31_22-48-10_go2_no_trs_20k_512,No TRS,79.872,3.3140001000960666,27.56873553276062
2026-07-31_22-48-10_go2_no_trs_20k_512,No TRS,80.11776,3.323925254146258,27.42676043510437
2026-07-31_22-48-10_go2_no_trs_20k_512,No TRS,80.36352,3.3338426537646186,27.68167699813843
2026-07-31_22-48-10_go2_no_trs_20k_512,No TRS,80.60928,3.3437675123082267,27.77201858520508
2026-07-31_22-48-10_go2_no_trs_20k_512,No TRS,80.85504,3.3537019756105213,27.767994594573974
2026-07-31_22-48-10_go2_no_trs_20k_512,No TRS,81.1008,3.363896441658338,27.781185083389282
2026-07-31_22-48-10_go2_no_trs_20k_512,No TRS,81.34656,3.3739319067531164,27.643351469039917
2026-07-31_22-48-10_go2_no_trs_20k_512,No TRS,81.59232,3.3838522793187034,27.651284856796266
2026-07-31_22-48-10_go2_no_trs_20k_512,No TRS,81.83808,3.3938667348358367,27.79504364013672
2026-07-31_22-48-10_go2_no_trs_20k_512,No TRS,82.08384,3.403859857254558,27.667096977233886
2026-07-31_22-48-10_go2_no_trs_20k_512,No TRS,82.3296,3.413731505672137,27.649401082992554
2026-07-31_22-48-10_go2_no_trs_20k_512,No TRS,82.57536,3.42376067340374,27.851331939697264
2026-07-31_22-48-10_go2_no_trs_20k_512,No TRS,82.82112,3.4337675458855097,27.894611606597902
2026-07-31_22-48-10_go2_no_trs_20k_512,No TRS,83.06688,3.4437033863862356,27.835993623733522
2026-07-31_22-48-10_go2_no_trs_20k_512,No TRS,83.31264,3.4535779682795207,27.986022596359252
2026-07-31_22-48-10_go2_no_trs_20k_512,No TRS,83.5584,3.463344035082393,28.303062524795532
2026-07-31_22-48-10_go2_no_trs_20k_512,No TRS,83.80416,3.4732176701890096,28.52669224739075
2026-07-31_22-48-10_go2_no_trs_20k_512,No TRS,84.04992,3.4831489980220796,28.81255784034729
2026-07-31_22-48-10_go2_no_trs_20k_512,No TRS,84.29568,3.493256514072418,28.94160047531128
2026-07-31_22-48-10_go2_no_trs_20k_512,No TRS,84.54144,3.5036321016814975,28.973359680175783
2026-07-31_22-48-10_go2_no_trs_20k_512,No TRS,84.7872,3.5135330684979755,28.88572464942932
2026-07-31_22-48-10_go2_no_trs_20k_512,No TRS,85.03296,3.52349239912298,28.84032745361328
2026-07-31_22-48-10_go2_no_trs_20k_512,No TRS,85.27872,3.5334312907854715,28.713643865585325
2026-07-31_22-48-10_go2_no_trs_20k_512,No TRS,85.52448,3.5432897402180568,28.91476794242859
2026-07-31_22-48-10_go2_no_trs_20k_512,No TRS,85.77024,3.553120809462335,28.935257682800295
2026-07-31_22-48-10_go2_no_trs_20k_512,No TRS,86.016,3.562991360558404,28.814198474884034
2026-07-31_22-48-10_go2_no_trs_20k_512,No TRS,86.26176,3.5726773803101644,28.832809352874754
2026-07-31_22-48-10_go2_no_trs_20k_512,No TRS,86.50752,3.5824436752663718,28.637143726348878
2026-07-31_22-48-10_go2_no_trs_20k_512,No TRS,86.75328,3.592262121240298,28.524743843078614
2026-07-31_22-48-10_go2_no_trs_20k_512,No TRS,86.99904,3.602251518699858,28.486946249008177
2026-07-31_22-48-10_go2_no_trs_20k_512,No TRS,87.2448,3.6120959436893463,28.52891827583313
2026-07-31_22-48-10_go2_no_trs_20k_512,No TRS,87.49056,3.621976458364063,28.82187978744507
2026-07-31_22-48-10_go2_no_trs_20k_512,No TRS,87.73632,3.6318044236633513,28.950764732360838
2026-07-31_22-48-10_go2_no_trs_20k_512,No TRS,87.98208,3.6418416765001087,28.88530686378479
2026-07-31_22-48-10_go2_no_trs_20k_512,No TRS,88.22784,3.6516581173737843,28.871502351760864
2026-07-31_22-48-10_go2_no_trs_20k_512,No TRS,88.4736,3.661511848039097,28.77124165534973
2026-07-31_22-48-10_go2_no_trs_20k_512,No TRS,88.71936,3.671480886671278,28.697788419723512
2026-07-31_22-48-10_go2_no_trs_20k_512,No TRS,88.96512,3.6813660807079738,28.841949071884155
2026-07-31_22-48-10_go2_no_trs_20k_512,No TRS,89.21088,3.6911818195713892,28.830385313034057
2026-07-31_22-48-10_go2_no_trs_20k_512,No TRS,89.45664,3.7012254769272275,28.93174175262451
2026-07-31_22-48-10_go2_no_trs_20k_512,No TRS,89.7024,3.711019547846582,28.96144377708435
2026-07-31_22-48-10_go2_no_trs_20k_512,No TRS,89.94816,3.7207295305861368,28.74198760986328
2026-07-31_22-48-10_go2_no_trs_20k_512,No TRS,90.19392,3.7304782536294727,28.83376379966736
2026-07-31_22-48-10_go2_no_trs_20k_512,No TRS,90.43968,3.7402786514494153,28.964171438217164
2026-07-31_22-48-10_go2_no_trs_20k_512,No TRS,90.68544,3.7500481529368295,28.877033824920655
2026-07-31_22-48-10_go2_no_trs_20k_512,No TRS,90.9312,3.7599020529455607,28.90787908554077
2026-07-31_22-48-10_go2_no_trs_20k_512,No TRS,91.17696,3.7697578719589444,28.973324460983278
2026-07-31_22-48-10_go2_no_trs_20k_512,No TRS,91.42272,3.7796795222494337,29.025915956497194
2026-07-31_22-48-10_go2_no_trs_20k_512,No TRS,91.66848,3.7895745247602464,28.771123552322386
2026-07-31_22-48-10_go2_no_trs_20k_512,No TRS,91.91424,3.799631766875585,28.66672067642212
2026-07-31_22-48-10_go2_no_trs_20k_512,No TRS,92.16,3.809431441956096,28.490893049240114
2026-07-31_22-48-10_go2_no_trs_20k_512,No TRS,92.40576,3.8192721073495015,28.67640362739563
2026-07-31_22-48-10_go2_no_trs_20k_512,No TRS,92.65152,3.82909493068854,28.696654157638548
2026-07-31_22-48-10_go2_no_trs_20k_512,No TRS,92.89728,3.8387658662928477,28.690822820663453
2026-07-31_22-48-10_go2_no_trs_20k_512,No TRS,93.14304,3.8484857002894084,28.9529585647583
2026-07-31_22-48-10_go2_no_trs_20k_512,No TRS,93.3888,3.8582468038135103,29.178281145095823
2026-07-31_22-48-10_go2_no_trs_20k_512,No TRS,93.63456,3.868199950986438,29.08063558578491
2026-07-31_22-48-10_go2_no_trs_20k_512,No TRS,93.88032,3.8780133618911106,29.053167972564697
2026-07-31_22-48-10_go2_no_trs_20k_512,No TRS,94.12608,3.8879286521010927,29.303734693527222
2026-07-31_22-48-10_go2_no_trs_20k_512,No TRS,94.37184,3.8979350813892153,29.272226276397706
2026-07-31_22-48-10_go2_no_trs_20k_512,No TRS,94.6176,3.90779034184085,29.34630361557007
2026-07-31_22-48-10_go2_no_trs_20k_512,No TRS,94.86336,3.9176621635754905,29.25488332748413
2026-07-31_22-48-10_go2_no_trs_20k_512,No TRS,95.10912,3.9276119938823912,29.19593596458435
2026-07-31_22-48-10_go2_no_trs_20k_512,No TRS,95.35488,3.93752604259385,29.180485477447508
2026-07-31_22-48-10_go2_no_trs_20k_512,No TRS,95.60064,3.9474253043201233,28.897263250350953
2026-07-31_22-48-10_go2_no_trs_20k_512,No TRS,95.8464,3.957319743765725,28.672323055267334
2026-07-31_22-48-10_go2_no_trs_20k_512,No TRS,96.09216,3.9671796919902165,28.672063283920288
2026-07-31_22-48-10_go2_no_trs_20k_512,No TRS,96.33792,3.9768873039881387,28.541914253234864
2026-07-31_22-48-10_go2_no_trs_20k_512,No TRS,96.58368,3.9866054619020885,28.65681788444519
2026-07-31_22-48-10_go2_no_trs_20k_512,No TRS,96.82944,3.9964116241534553,29.001677761077882
2026-07-31_22-48-10_go2_no_trs_20k_512,No TRS,97.0752,4.006238505310482,29.034159536361695
2026-07-31_22-48-10_go2_no_trs_20k_512,No TRS,97.32096,4.015966565542751,29.165113887786866
2026-07-31_22-48-10_go2_no_trs_20k_512,No TRS,97.56672,4.025801874068049,29.31175657272339
2026-07-31_22-48-10_go2_no_trs_20k_512,No TRS,97.81248,4.035579847362307,29.281019401550292
2026-07-31_22-48-10_go2_no_trs_20k_512,No TRS,98.05824,4.045473834077518,29.41511637687683
2026-07-31_22-48-10_go2_no_trs_20k_512,No TRS,98.304,4.055332331458728,29.508915929794313
2026-07-31_22-48-10_go2_no_trs_20k_512,No TRS,98.54976,4.065085046092669,29.405083656311035
2026-07-31_22-48-10_go2_no_trs_20k_512,No TRS,98.79552,4.0747514281007975,29.497244148254396
2026-07-31_22-48-10_go2_no_trs_20k_512,No TRS,99.04128,4.084468483461274,29.4742333984375
2026-07-31_22-48-10_go2_no_trs_20k_512,No TRS,99.28704,4.0942580048243205,29.35895155906677
2026-07-31_22-48-10_go2_no_trs_20k_512,No TRS,99.5328,4.1039822512865065,29.543780088424683
2026-07-31_22-48-10_go2_no_trs_20k_512,No TRS,99.77856,4.113669839700063,29.379012489318846
2026-07-31_22-48-10_go2_no_trs_20k_512,No TRS,100.02432,4.123384388486544,29.340508651733398
2026-07-31_22-48-10_go2_no_trs_20k_512,No TRS,100.27008,4.133072381218274,29.733726530075074
2026-07-31_22-48-10_go2_no_trs_20k_512,No TRS,100.51584,4.142862674130334,29.845969915390015
2026-07-31_22-48-10_go2_no_trs_20k_512,No TRS,100.7616,4.152622379925516,29.929766798019408
2026-07-31_22-48-10_go2_no_trs_20k_512,No TRS,101.00736,4.162422810594241,30.07831515312195
2026-07-31_22-48-10_go2_no_trs_20k_512,No TRS,101.25312,4.17222338034047,30.11814705848694
2026-07-31_22-48-10_go2_no_trs_20k_512,No TRS,101.49888,4.182070171568129,30.120058279037476
2026-07-31_22-48-10_go2_no_trs_20k_512,No TRS,101.74464,4.191947085857391,30.127628078460692
2026-07-31_22-48-10_go2_no_trs_20k_512,No TRS,101.9904,4.201873690221045,29.98123996734619
2026-07-31_22-48-10_go2_no_trs_20k_512,No TRS,102.23616,4.211810860501395,30.103992261886596
2026-07-31_22-48-10_go2_no_trs_20k_512,No TRS,102.48192,4.221666693025165,29.83526909828186
2026-07-31_22-48-10_go2_no_trs_20k_512,No TRS,102.72768,4.231875680155224,29.465636558532715
2026-07-31_22-48-10_go2_no_trs_20k_512,No TRS,102.97344,4.241564613382022,29.40295922279358
2026-07-31_22-48-10_go2_no_trs_20k_512,No TRS,103.2192,4.251165937781334,29.490171546936036
2026-07-31_22-48-10_go2_no_trs_20k_512,No TRS,103.46496,4.260912124514579,29.725016126632692
2026-07-31_22-48-10_go2_no_trs_20k_512,No TRS,103.71072,4.27075520310137,29.740812587738038
2026-07-31_22-48-10_go2_no_trs_20k_512,No TRS,103.95648,4.280535995364189,29.67335947036743
2026-07-31_22-48-10_go2_no_trs_20k_512,No TRS,104.20224,4.29041251718998,29.648816184997557
2026-07-31_22-48-10_go2_no_trs_20k_512,No TRS,104.448,4.300199051631822,29.852341241836548
2026-07-31_22-48-10_go2_no_trs_20k_512,No TRS,104.69376,4.310041268865268,29.90780945777893
2026-07-31_22-48-10_go2_no_trs_20k_512,No TRS,104.93952,4.32011891093519,30.036922283172608
2026-07-31_22-48-10_go2_no_trs_20k_512,No TRS,105.18528,4.329952591260274,30.204921655654907
2026-07-31_22-48-10_go2_no_trs_20k_512,No TRS,105.43104,4.339862332145373,30.171803312301634
2026-07-31_22-48-10_go2_no_trs_20k_512,No TRS,105.6768,4.349671014679803,30.130098314285277
2026-07-31_22-48-10_go2_no_trs_20k_512,No TRS,105.92256,4.3597101521492005,29.932857398986815
2026-07-31_22-48-10_go2_no_trs_20k_512,No TRS,106.16832,4.369551461338997,29.835978441238403
2026-07-31_22-48-10_go2_no_trs_20k_512,No TRS,106.41408,4.3791958447959685,29.912567138671875
2026-07-31_22-48-10_go2_no_trs_20k_512,No TRS,106.65984,4.388947039445242,30.083225975036623
2026-07-31_22-48-10_go2_no_trs_20k_512,No TRS,106.9056,4.3987525056468115,30.156748085021974
2026-07-31_22-48-10_go2_no_trs_20k_512,No TRS,107.15136,4.408600055442916,30.09896710395813
2026-07-31_22-48-10_go2_no_trs_20k_512,No TRS,107.39712,4.418386885854933,30.251300783157347
2026-07-31_22-48-10_go2_no_trs_20k_512,No TRS,107.64288,4.428220131993294,30.21837197303772
2026-07-31_22-48-10_go2_no_trs_20k_512,No TRS,107.88864,4.438022293580903,30.24053532600403
2026-07-31_22-48-10_go2_no_trs_20k_512,No TRS,108.1344,4.447901787691646,30.239724540710448
2026-07-31_22-48-10_go2_no_trs_20k_512,No TRS,108.38016,4.45777830183506,30.343963193893433
2026-07-31_22-48-10_go2_no_trs_20k_512,No TRS,108.62592,4.46763512690862,30.418116283416747
2026-07-31_22-48-10_go2_no_trs_20k_512,No TRS,108.87168,4.477426849206289,30.493880176544188
2026-07-31_22-48-10_go2_no_trs_20k_512,No TRS,109.11744,4.487391403383679,30.40607226371765
2026-07-31_22-48-10_go2_no_trs_20k_512,No TRS,109.3632,4.497548873623212,30.308808364868163
2026-07-31_22-48-10_go2_no_trs_20k_512,No TRS,109.60896,4.507355140315162,30.355371236801147
2026-07-31_22-48-10_go2_no_trs_20k_512,No TRS,109.85472,4.517079606784715,30.46984447479248
2026-07-31_22-48-10_go2_no_trs_20k_512,No TRS,110.10048,4.526779483358065,30.536201725006105
2026-07-31_22-48-10_go2_no_trs_20k_512,No TRS,110.34624,4.536662241882748,30.580505180358887
2026-07-31_22-48-10_go2_no_trs_20k_512,No TRS,110.592,4.546471655567487,30.498525886535646
2026-07-31_22-48-10_go2_no_trs_20k_512,No TRS,110.83776,4.556288505064116,30.418423824310302
2026-07-31_22-48-10_go2_no_trs_20k_512,No TRS,111.08352,4.566175758639972,30.517527866363526
2026-07-31_22-48-10_go2_no_trs_20k_512,No TRS,111.32928,4.575958612362544,30.645174112319946
2026-07-31_22-48-10_go2_no_trs_20k_512,No TRS,111.57504,4.585819938249058,30.80759955406189
2026-07-31_22-48-10_go2_no_trs_20k_512,No TRS,111.8208,4.595625601410866,30.89826903343201
2026-07-31_22-48-10_go2_no_trs_20k_512,No TRS,112.06656,4.60546638627847,31.16559491157532
2026-07-31_22-48-10_go2_no_trs_20k_512,No TRS,112.31232,4.615252612961664,31.161503953933718
2026-07-31_22-48-10_go2_no_trs_20k_512,No TRS,112.55808,4.6250451036956575,31.09611759185791
2026-07-31_22-48-10_go2_no_trs_20k_512,No TRS,112.80384,4.635159015523063,31.099401836395263
2026-07-31_22-48-10_go2_no_trs_20k_512,No TRS,113.0496,4.644831180969874,31.179438161849976
2026-07-31_22-48-10_go2_no_trs_20k_512,No TRS,113.29536,4.654535104499923,31.27097762107849
2026-07-31_22-48-10_go2_no_trs_20k_512,No TRS,113.54112,4.664292859633764,31.432203779220583
2026-07-31_22-48-10_go2_no_trs_20k_512,No TRS,113.78688,4.674181550211377,31.38364764213562
2026-07-31_22-48-10_go2_no_trs_20k_512,No TRS,114.03264,4.6840189109245935,31.348680047988893
2026-07-31_22-48-10_go2_no_trs_20k_512,No TRS,114.2784,4.693743489318424,31.38223714828491
2026-07-31_22-48-10_go2_no_trs_20k_512,No TRS,114.52416,4.703536950945854,31.414488430023194
2026-07-31_22-48-10_go2_no_trs_20k_512,No TRS,114.76992,4.713504985968272,31.51009825706482
2026-07-31_22-48-10_go2_no_trs_20k_512,No TRS,115.01568,4.723308481110466,31.60328095436096
2026-07-31_22-48-10_go2_no_trs_20k_512,No TRS,115.26144,4.733039130303595,31.864768285751342
2026-07-31_22-48-10_go2_no_trs_20k_512,No TRS,115.5072,4.742891537215975,32.105730676651
2026-07-31_22-48-10_go2_no_trs_20k_512,No TRS,115.75296,4.752733834120963,32.24477135658264
2026-07-31_22-48-10_go2_no_trs_20k_512,No TRS,115.99872,4.7624492604864965,32.26510814666748
2026-07-31_22-48-10_go2_no_trs_20k_512,No TRS,116.24448,4.772105561362372,32.28815926551819
2026-07-31_22-48-10_go2_no_trs_20k_512,No TRS,116.49024,4.781908545692762,32.334696006774905
2026-07-31_22-48-10_go2_no_trs_20k_512,No TRS,116.736,4.791547951896986,32.33892690658569
2026-07-31_22-48-10_go2_no_trs_20k_512,No TRS,116.98176,4.801284195979436,32.10965600967407
2026-07-31_22-48-10_go2_no_trs_20k_512,No TRS,117.22752,4.8111356307400595,32.04011971473694
2026-07-31_22-48-10_go2_no_trs_20k_512,No TRS,117.47328,4.82087765985065,32.00662989616394
2026-07-31_22-48-10_go2_no_trs_20k_512,No TRS,117.71904,4.830922230879466,31.759046392440794
2026-07-31_22-48-10_go2_no_trs_20k_512,No TRS,117.9648,4.8408266326453955,31.53374906539917
2026-07-31_22-48-10_go2_no_trs_20k_512,No TRS,118.21056,4.850641825662719,31.4366953086853
2026-07-31_22-48-10_go2_no_trs_20k_512,No TRS,118.45632,4.860371356209119,31.435239715576174
2026-07-31_22-48-10_go2_no_trs_20k_512,No TRS,118.70208,4.870137198766073,31.566100912094115
2026-07-31_22-48-10_go2_no_trs_20k_512,No TRS,118.94784,4.880074690116777,31.598467569351197
2026-07-31_22-48-10_go2_no_trs_20k_512,No TRS,119.1936,4.889910570051935,31.639551162719727
2026-07-31_22-48-10_go2_no_trs_20k_512,No TRS,119.43936,4.899780284696155,31.70247741699219
2026-07-31_22-48-10_go2_no_trs_20k_512,No TRS,119.68512,4.909501897096634,31.692516708374022
2026-07-31_22-48-10_go2_no_trs_20k_512,No TRS,119.93088,4.919423734545708,31.772924013137818
2026-07-31_22-48-10_go2_no_trs_20k_512,No TRS,120.17664,4.92923268172476,31.771933403015137
2026-07-31_22-48-10_go2_no_trs_20k_512,No TRS,120.4224,4.9390206903881495,31.95478271484375
2026-07-31_22-48-10_go2_no_trs_20k_512,No TRS,120.66816,4.948840781317817,32.04365161895752
2026-07-31_22-48-10_go2_no_trs_20k_512,No TRS,120.91392,4.958664704163869,31.985127906799317
2026-07-31_22-48-10_go2_no_trs_20k_512,No TRS,121.15968,4.968559413221147,31.872782945632935
2026-07-31_22-48-10_go2_no_trs_20k_512,No TRS,121.40544,4.978380451334847,31.894324350357056
2026-07-31_22-48-10_go2_no_trs_20k_512,No TRS,121.6512,4.988126918872197,31.958830671310423
2026-07-31_22-48-10_go2_no_trs_20k_512,No TRS,121.89696,4.9979773772425125,32.0463410949707
2026-07-31_22-48-10_go2_no_trs_20k_512,No TRS,122.14272,5.0077646495898565,32.087635879516604
2026-07-31_22-48-10_go2_no_trs_20k_512,No TRS,122.38848,5.017484563986461,32.290788412094116
2026-07-31_22-48-10_go2_no_trs_20k_512,No TRS,122.63424,5.027274555100335,32.530046997070315
2026-07-31_22-48-10_go2_no_trs_20k_512,No TRS,122.88,5.0370157122612,32.52567932128906
2026-07-31_22-48-10_go2_no_trs_20k_512,No TRS,123.12576,5.04664623008834,32.53008399009705
2026-07-31_22-48-10_go2_no_trs_20k_512,No TRS,123.37152,5.056418321265115,32.44321231842041
2026-07-31_22-48-10_go2_no_trs_20k_512,No TRS,123.61728,5.066198034485181,32.41943117141724
2026-07-31_22-48-10_go2_no_trs_20k_512,No TRS,123.86304,5.076113679607709,32.35666632652283
2026-07-31_22-48-10_go2_no_trs_20k_512,No TRS,124.1088,5.085936967333158,32.25014060974121
2026-07-31_22-48-10_go2_no_trs_20k_512,No TRS,124.35456,5.095678216020266,32.23730460166931
2026-07-31_22-48-10_go2_no_trs_20k_512,No TRS,124.60032,5.105528050197496,32.23790930747986
2026-07-31_22-48-10_go2_no_trs_20k_512,No TRS,124.84608,5.115349510312081,31.992864599227904
2026-07-31_22-48-10_go2_no_trs_20k_512,No TRS,125.09184,5.1252150600486335,31.730038242340086
2026-07-31_22-48-10_go2_no_trs_20k_512,No TRS,125.3376,5.13498262974951,31.612911024093627
2026-07-31_22-48-10_go2_no_trs_20k_512,No TRS,125.58336,5.144670549035072,31.684993162155152
2026-07-31_22-48-10_go2_no_trs_20k_512,No TRS,125.82912,5.154424668219354,32.05069752693176
2026-07-31_22-48-10_go2_no_trs_20k_512,No TRS,126.07488,5.164138709770309,32.20121007919312
2026-07-31_22-48-10_go2_no_trs_20k_512,No TRS,126.32064,5.173749671379725,32.2996367263794
2026-07-31_22-48-10_go2_no_trs_20k_512,No TRS,126.5664,5.1835577214426465,32.45461964607239
2026-07-31_22-48-10_go2_no_trs_20k_512,No TRS,126.81216,5.193201174537341,32.647083368301395
2026-07-31_22-48-10_go2_no_trs_20k_512,No TRS,127.05792,5.202925505903032,32.55926808357239
2026-07-31_22-48-10_go2_no_trs_20k_512,No TRS,127.30368,5.212689428859287,32.59017508506775
2026-07-31_22-48-10_go2_no_trs_20k_512,No TRS,127.54944,5.222419278422992,32.842093286514285
2026-07-31_22-48-10_go2_no_trs_20k_512,No TRS,127.7952,5.232159958746698,33.015300340652466
2026-07-31_22-48-10_go2_no_trs_20k_512,No TRS,128.04096,5.242082264290915,32.95633702278137
2026-07-31_22-48-10_go2_no_trs_20k_512,No TRS,128.28672,5.25195127122932,32.60348530769348
2026-07-31_22-48-10_go2_no_trs_20k_512,No TRS,128.53248,5.261787670718299,32.52599099159241
2026-07-31_22-48-10_go2_no_trs_20k_512,No TRS,128.77824,5.271698267724779,32.576378116607664
2026-07-31_22-48-10_go2_no_trs_20k_512,No TRS,129.024,5.281879614988963,32.58421724319458
2026-07-31_22-48-10_go2_no_trs_20k_512,No TRS,129.26976,5.291744817230437,32.28957931518555
2026-07-31_22-48-10_go2_no_trs_20k_512,No TRS,129.51552,5.301557740370432,32.32393297195435
2026-07-31_22-48-10_go2_no_trs_20k_512,No TRS,129.76128,5.311219389504856,32.470777654647826
2026-07-31_22-48-10_go2_no_trs_20k_512,No TRS,130.00704,5.3210387898816,32.49824443817138
2026-07-31_22-48-10_go2_no_trs_20k_512,No TRS,130.2528,5.330774526198705,32.52422960281372
2026-07-31_22-48-10_go2_no_trs_20k_512,No TRS,130.49856,5.340526666641235,32.54157977104187
2026-07-31_22-48-10_go2_no_trs_20k_512,No TRS,130.74432,5.350503047903379,32.62879042625427
2026-07-31_22-48-10_go2_no_trs_20k_512,No TRS,130.99008,5.360311046441396,32.63187945365906
2026-07-31_22-48-10_go2_no_trs_20k_512,No TRS,131.23584,5.370118657218085,32.55523557662964
2026-07-31_22-48-10_go2_no_trs_20k_512,No TRS,131.4816,5.37998103664981,32.4739995098114
2026-07-31_22-48-10_go2_no_trs_20k_512,No TRS,131.72736,5.389917661547661,32.6454253578186
2026-07-31_22-48-10_go2_no_trs_20k_512,No TRS,131.97312,5.3998252115647,32.82299914360046
2026-07-31_22-48-10_go2_no_trs_20k_512,No TRS,132.21888,5.4096637459596,32.86013596534729
2026-07-31_22-48-10_go2_no_trs_20k_512,No TRS,132.46464,5.41957341518667,32.83529767036438
2026-07-31_22-48-10_go2_no_trs_20k_512,No TRS,132.7104,5.4295507384671104,32.51102367401123
2026-07-31_22-48-10_go2_no_trs_20k_512,No TRS,132.95616,5.439314071337382,32.55238121986389
2026-07-31_22-48-10_go2_no_trs_20k_512,No TRS,133.20192,5.449062845508258,32.75195734977722
2026-07-31_22-48-10_go2_no_trs_20k_512,No TRS,133.44768,5.458824371099472,32.791376695632934
2026-07-31_22-48-10_go2_no_trs_20k_512,No TRS,133.69344,5.4686631955703096,32.68330172538757
2026-07-31_22-48-10_go2_no_trs_20k_512,No TRS,133.9392,5.478507253262732,32.63525227546692
2026-07-31_22-48-10_go2_no_trs_20k_512,No TRS,134.18496,5.488340443372726,32.57098595619202
2026-07-31_22-48-10_go2_no_trs_20k_512,No TRS,134.43072,5.498369633422958,32.394089756011965
2026-07-31_22-48-10_go2_no_trs_20k_512,No TRS,134.67648,5.508157735665639,32.3820400428772
2026-07-31_22-48-10_go2_no_trs_20k_512,No TRS,134.92224,5.5179819179905785,32.33435528755188
2026-07-31_22-48-10_go2_no_trs_20k_512,No TRS,135.168,5.5277377331256865,32.6384834766388
2026-07-31_22-48-10_go2_no_trs_20k_512,No TRS,135.41376,5.537568339506785,32.50389295578003
2026-07-31_22-48-10_go2_no_trs_20k_512,No TRS,135.65952,5.547393494910664,32.3411512184143
2026-07-31_22-48-10_go2_no_trs_20k_512,No TRS,135.90528,5.557140583462186,32.34457000732422
2026-07-31_22-48-10_go2_no_trs_20k_512,No TRS,136.15104,5.566931132806672,32.557980642318725
2026-07-31_22-48-10_go2_no_trs_20k_512,No TRS,136.3968,5.576715225312445,32.54660258293152
2026-07-31_22-48-10_go2_no_trs_20k_512,No TRS,136.64256,5.586447589264976,32.499204311370846
2026-07-31_22-48-10_go2_no_trs_20k_512,No TRS,136.88832,5.596195257438554,32.56932222366333
2026-07-31_22-48-10_go2_no_trs_20k_512,No TRS,137.13408,5.605920280747943,32.54817058563233
2026-07-31_22-48-10_go2_no_trs_20k_512,No TRS,137.37984,5.615594060222308,32.684524583816525
2026-07-31_22-48-10_go2_no_trs_20k_512,No TRS,137.6256,5.625272030366792,32.726057891845706
2026-07-31_22-48-10_go2_no_trs_20k_512,No TRS,137.87136,5.634905385043886,32.852559900283815
2026-07-31_22-48-10_go2_no_trs_20k_512,No TRS,138.11712,5.644665036069022,32.87520426750183
2026-07-31_22-48-10_go2_no_trs_20k_512,No TRS,138.36288,5.6543644629584415,32.68765176773071
2026-07-31_22-48-10_go2_no_trs_20k_512,No TRS,138.60864,5.66403580321206,32.57598298072815
2026-07-31_22-48-10_go2_no_trs_20k_512,No TRS,138.8544,5.673682230446074,32.80516324043274
2026-07-31_22-48-10_go2_no_trs_20k_512,No TRS,139.10016,5.683290664222505,33.11828171730041
2026-07-31_22-48-10_go2_no_trs_20k_512,No TRS,139.34592,5.69321773065461,33.334358062744144
2026-07-31_22-48-10_go2_no_trs_20k_512,No TRS,139.59168,5.702821471426222,33.538146600723266
2026-07-31_22-48-10_go2_no_trs_20k_512,No TRS,139.83744,5.71241963326931,33.60044430732727
2026-07-31_22-48-10_go2_no_trs_20k_512,No TRS,140.0832,5.722071481876903,33.618769788742064
2026-07-31_22-48-10_go2_no_trs_20k_512,No TRS,140.32896,5.731737070679665,33.65706443786621
2026-07-31_22-48-10_go2_no_trs_20k_512,No TRS,140.57472,5.741584966447618,33.75881074905396
2026-07-31_22-48-10_go2_no_trs_20k_512,No TRS,140.82048,5.751342982119984,33.9413583278656
2026-07-31_22-48-10_go2_no_trs_20k_512,No TRS,141.06624,5.7610951362053555,34.18856853485107
2026-07-31_22-48-10_go2_no_trs_20k_512,No TRS,141.312,5.770845538510216,34.19027454376221
2026-07-31_22-48-10_go2_no_trs_20k_512,No TRS,141.55776,5.780631950630082,34.12371608734131
2026-07-31_22-48-10_go2_no_trs_20k_512,No TRS,141.80352,5.790358840492036,34.045676651000974
2026-07-31_22-48-10_go2_no_trs_20k_512,No TRS,142.04928,5.800093767046929,33.919388637542724
2026-07-31_22-48-10_go2_no_trs_20k_512,No TRS,142.29504,5.809772457414203,33.844797134399414
2026-07-31_22-48-10_go2_no_trs_20k_512,No TRS,142.5408,5.819515481326315,33.797717838287355
2026-07-31_22-48-10_go2_no_trs_20k_512,No TRS,142.78656,5.829240539868673,33.843790969848634
2026-07-31_22-48-10_go2_no_trs_20k_512,No TRS,143.03232,5.8389894299374685,33.84456098556519
2026-07-31_22-48-10_go2_no_trs_20k_512,No TRS,143.27808,5.848583745426602,33.77567504882813
2026-07-31_22-48-10_go2_no_trs_20k_512,No TRS,143.52384,5.858178770475917,33.60105493545532
2026-07-31_22-48-10_go2_no_trs_20k_512,No TRS,143.7696,5.867921659151713,33.57889358520508
2026-07-31_22-48-10_go2_no_trs_20k_512,No TRS,144.01536,5.877620518803597,33.53111373901367
2026-07-31_22-48-10_go2_no_trs_20k_512,No TRS,144.26112,5.88732912156317,33.494410858154296
2026-07-31_22-48-10_go2_no_trs_20k_512,No TRS,144.50688,5.8970186000400115,33.56372745513916
2026-07-31_22-48-10_go2_no_trs_20k_512,No TRS,144.75264,5.90689432044824,33.597800407409665
2026-07-31_22-48-10_go2_no_trs_20k_512,No TRS,144.9984,5.916687664720747,33.570425844192506
2026-07-31_22-48-10_go2_no_trs_20k_512,No TRS,145.24416,5.92654223382473,33.53243720054626
2026-07-31_22-48-10_go2_no_trs_20k_512,No TRS,145.48992,5.936230264041159,33.58987015724182
2026-07-31_22-48-10_go2_no_trs_20k_512,No TRS,145.73568,5.946258882549074,33.735276288986206
2026-07-31_22-48-10_go2_no_trs_20k_512,No TRS,145.98144,5.955924373401536,33.73988068580628
2026-07-31_22-48-10_go2_no_trs_20k_512,No TRS,146.2272,5.965539837943183,33.663786296844485
2026-07-31_22-48-10_go2_no_trs_20k_512,No TRS,146.47296,5.975144250856506,33.53756890296936
2026-07-31_22-48-10_go2_no_trs_20k_512,No TRS,146.71872,5.984771375523673,33.54255051612854
2026-07-31_22-48-10_go2_no_trs_20k_512,No TRS,146.96448,5.994375697175662,33.373835439682004
2026-07-31_22-48-10_go2_no_trs_20k_512,No TRS,147.21024,6.004012420442369,33.3640789604187
2026-07-31_22-48-10_go2_no_trs_20k_512,No TRS,147.456,6.013677560024791,33.382275114059446
2026-07-31_22-48-10_go2_no_trs_20k_512,No TRS,147.70176,6.023476483689414,33.43537446022034
2026-07-31_22-48-10_go2_no_trs_20k_512,No TRS,147.94752,6.033261393970913,33.38240649223328
2026-07-31_22-48-10_go2_no_trs_20k_512,No TRS,148.19328,6.043207897808816,33.41511610984802
2026-07-31_22-48-10_go2_no_trs_20k_512,No TRS,148.43904,6.053051293161181,33.37207137107849
2026-07-31_22-48-10_go2_no_trs_20k_512,No TRS,148.6848,6.062709752917289,33.48787834167481
2026-07-31_22-48-10_go2_no_trs_20k_512,No TRS,148.93056,6.072360747522778,33.59442429542541
2026-07-31_22-48-10_go2_no_trs_20k_512,No TRS,149.17632,6.082200993829304,33.560859518051146
2026-07-31_22-48-10_go2_no_trs_20k_512,No TRS,149.42208,6.091836552951071,33.7431404209137
2026-07-31_22-48-10_go2_no_trs_20k_512,No TRS,149.66784,6.101421504219373,33.75489011764526
2026-07-31_22-48-10_go2_no_trs_20k_512,No TRS,149.9136,6.111078676846292,33.81136627197266
2026-07-31_22-48-10_go2_no_trs_20k_512,No TRS,150.15936,6.120714220139716,33.84119277954102
2026-07-31_22-48-10_go2_no_trs_20k_512,No TRS,150.40512,6.130356944534514,33.75196441650391
2026-07-31_22-48-10_go2_no_trs_20k_512,No TRS,150.65088,6.139912391040061,33.71377135276794
2026-07-31_22-48-10_go2_no_trs_20k_512,No TRS,150.89664,6.150387572248777,33.70634390830994
2026-07-31_22-48-10_go2_no_trs_20k_512,No TRS,151.1424,6.160110858943727,33.71821673393249
2026-07-31_22-48-10_go2_no_trs_20k_512,No TRS,151.38816,6.169887268675698,33.76199908256531
2026-07-31_22-48-10_go2_no_trs_20k_512,No TRS,151.63392,6.179597655733426,33.900049715042115
2026-07-31_22-48-10_go2_no_trs_20k_512,No TRS,151.87968,6.189367466900084,33.80134442329407
2026-07-31_22-48-10_go2_no_trs_20k_512,No TRS,152.12544,6.19901233918137,33.80380661964416
2026-07-31_22-48-10_go2_no_trs_20k_512,No TRS,152.3712,6.208649341728952,33.904018907547
2026-07-31_22-48-10_go2_no_trs_20k_512,No TRS,152.61696,6.218647607631153,34.042221765518185
2026-07-31_22-48-10_go2_no_trs_20k_512,No TRS,152.86272,6.22813639872604,34.2071786403656
2026-07-31_22-48-10_go2_no_trs_20k_512,No TRS,153.10848,6.2377165195014745,34.19584532737732
2026-07-31_22-48-10_go2_no_trs_20k_512,No TRS,153.35424,6.247281658848126,34.23140602111816
2026-07-31_22-48-10_go2_no_trs_20k_512,No TRS,153.6,6.256923987931676,34.08060206413269
2026-07-31_22-48-10_go2_no_trs_20k_512,No TRS,153.84576,6.266537813478046,34.173989820480344
2026-07-31_22-48-10_go2_no_trs_20k_512,No TRS,154.09152,6.276213644742966,34.0375576210022
2026-07-31_22-48-10_go2_no_trs_20k_512,No TRS,154.33728,6.285852151976691,34.14858264923096
2026-07-31_22-48-10_go2_no_trs_20k_512,No TRS,154.58304,6.295592845877011,34.06172704696655
2026-07-31_22-48-10_go2_no_trs_20k_512,No TRS,154.8288,6.305329233209292,33.923858890533445
2026-07-31_22-48-10_go2_no_trs_20k_512,No TRS,155.07456,6.315079586307208,33.928838138580325
2026-07-31_22-48-10_go2_no_trs_20k_512,No TRS,155.32032,6.324795233276156,33.93919803619385
2026-07-31_22-48-10_go2_no_trs_20k_512,No TRS,155.56608,6.334527920881907,34.06298932075501
2026-07-31_22-48-10_go2_no_trs_20k_512,No TRS,155.81184,6.3442035545905435,34.23369068145752
2026-07-31_22-48-10_go2_no_trs_20k_512,No TRS,156.0576,6.353923251960013,34.369191064834595
2026-07-31_22-48-10_go2_no_trs_20k_512,No TRS,156.30336,6.363633248342408,34.33257555961609
2026-07-31_22-48-10_go2_no_trs_20k_512,No TRS,156.54912,6.373303555647532,34.40275972366333
2026-07-31_22-48-10_go2_no_trs_20k_512,No TRS,156.79488,6.382907737427288,34.45440105438232
2026-07-31_22-48-10_go2_no_trs_20k_512,No TRS,157.04064,6.392454124093056,34.65972429275513
2026-07-31_22-48-10_go2_no_trs_20k_512,No TRS,157.2864,6.402128475308419,34.72104467391968
2026-07-31_22-48-10_go2_no_trs_20k_512,No TRS,157.53216,6.411833232839903,34.69491380691528
2026-07-31_22-48-10_go2_no_trs_20k_512,No TRS,157.77792,6.421565608647135,34.641429271698
2026-07-31_22-48-10_go2_no_trs_20k_512,No TRS,158.02368,6.431559335589409,34.535587291717526
2026-07-31_22-48-10_go2_no_trs_20k_512,No TRS,158.26944,6.441474221017626,34.429598579406736
2026-07-31_22-48-10_go2_no_trs_20k_512,No TRS,158.5152,6.451157719360458,34.39978912353516
2026-07-31_22-48-10_go2_no_trs_20k_512,No TRS,158.76096,6.460804284612338,34.283897399902344
2026-07-31_22-48-10_go2_no_trs_20k_512,No TRS,159.00672,6.470478261709213,34.3963681602478
2026-07-31_22-48-10_go2_no_trs_20k_512,No TRS,159.25248,6.480122307009167,34.3978462600708
2026-07-31_22-48-10_go2_no_trs_20k_512,No TRS,159.49824,6.489894521170192,34.316444892883304
2026-07-31_22-48-10_go2_no_trs_20k_512,No TRS,159.744,6.499858754608367,34.31171890258789
2026-07-31_22-48-10_go2_no_trs_20k_512,No TRS,159.98976,6.509478912817107,34.110127696990965
2026-07-31_22-48-10_go2_no_trs_20k_512,No TRS,160.23552,6.519095765087339,34.14815145492554
2026-07-31_22-48-10_go2_no_trs_20k_512,No TRS,160.48128,6.528720456494225,34.18426511764526
2026-07-31_22-48-10_go2_no_trs_20k_512,No TRS,160.72704,6.5384613798724285,34.202875995635985
2026-07-31_22-48-10_go2_no_trs_20k_512,No TRS,160.9728,6.548137589560615,34.30788223266602
2026-07-31_22-48-10_go2_no_trs_20k_512,No TRS,161.21856,6.557822215424643,34.43144458770752
2026-07-31_22-48-10_go2_no_trs_20k_512,No TRS,161.46432,6.567564830846257,34.388880233764645
2026-07-31_22-48-10_go2_no_trs_20k_512,No TRS,161.71008,6.577534833086862,34.31406795501709
2026-07-31_22-48-10_go2_no_trs_20k_512,No TRS,161.95584,6.587265351215998,34.385608444213865
2026-07-31_22-48-10_go2_no_trs_20k_512,No TRS,162.2016,6.5971946835517885,34.522885723114015
2026-07-31_22-48-10_go2_no_trs_20k_512,No TRS,162.44736,6.606946759356393,34.65518901824951
2026-07-31_22-48-10_go2_no_trs_20k_512,No TRS,162.69312,6.6165757859415475,34.63952432632446
2026-07-31_22-48-10_go2_no_trs_20k_512,No TRS,162.93888,6.626236747238371,34.74597476959229
2026-07-31_22-48-10_go2_no_trs_20k_512,No TRS,163.18464,6.635841399563684,34.89461698532104
2026-07-31_22-48-10_go2_no_trs_20k_512,No TRS,163.4304,6.6455214872625135,34.84428205490112
2026-07-31_22-48-10_go2_no_trs_20k_512,No TRS,163.67616,6.655403473774592,34.862321090698245
2026-07-31_22-48-10_go2_no_trs_20k_512,No TRS,163.92192,6.665077105429438,34.977982635498044
2026-07-31_22-48-10_go2_no_trs_20k_512,No TRS,164.16768,6.674790625903341,34.94822538375855
2026-07-31_22-48-10_go2_no_trs_20k_512,No TRS,164.41344,6.6844524045785265,34.87624797821045
2026-07-31_22-48-10_go2_no_trs_20k_512,No TRS,164.6592,6.694170246918996,34.73685619354248
2026-07-31_22-48-10_go2_no_trs_20k_512,No TRS,164.90496,6.703917725152439,34.50817818641663
2026-07-31_22-48-10_go2_no_trs_20k_512,No TRS,165.15072,6.7136698092354665,34.2465819644928
2026-07-31_22-48-10_go2_no_trs_20k_512,No TRS,165.39648,6.7235497378640705,33.95904487609863
2026-07-31_22-48-10_go2_no_trs_20k_512,No TRS,165.64224,6.733260365658336,33.61328511238098
2026-07-31_22-48-10_go2_no_trs_20k_512,No TRS,165.888,6.742970835169157,33.44686120986938
2026-07-31_22-48-10_go2_no_trs_20k_512,No TRS,166.13376,6.7525836280319425,33.48815631866455
2026-07-31_22-48-10_go2_no_trs_20k_512,No TRS,166.37952,6.762160958912638,33.31291655540466
2026-07-31_22-48-10_go2_no_trs_20k_512,No TRS,166.62528,6.771655386885008,33.35234642982483
2026-07-31_22-48-10_go2_no_trs_20k_512,No TRS,166.87104,6.781674744354354,33.40880997657776
2026-07-31_22-48-10_go2_no_trs_20k_512,No TRS,167.1168,6.791214117672708,33.528275136947634
2026-07-31_22-48-10_go2_no_trs_20k_512,No TRS,167.36256,6.800844361450937,33.90792764663696
2026-07-31_22-48-10_go2_no_trs_20k_512,No TRS,167.60832,6.810541613366869,34.24009729385376
2026-07-31_22-48-10_go2_no_trs_20k_512,No TRS,167.85408,6.820320886638429,34.42526619911194
2026-07-31_22-48-10_go2_no_trs_20k_512,No TRS,168.09984,6.830114784108268,34.59155090332031
2026-07-31_22-48-10_go2_no_trs_20k_512,No TRS,168.3456,6.83986938741472,34.92101584434509
2026-07-31_22-48-10_go2_no_trs_20k_512,No TRS,168.59136,6.849625174336963,34.84413355827331
2026-07-31_22-48-10_go2_no_trs_20k_512,No TRS,168.83712,6.859420279926724,34.97744089126587
2026-07-31_22-48-10_go2_no_trs_20k_512,No TRS,169.08288,6.869172973963949,35.07243543624878
2026-07-31_22-48-10_go2_no_trs_20k_512,No TRS,169.32864,6.878869876199299,34.98643753051758
2026-07-31_22-48-10_go2_no_trs_20k_512,No TRS,169.5744,6.88865221467283,34.895218200683594
2026-07-31_22-48-10_go2_no_trs_20k_512,No TRS,169.82016,6.898317014376323,34.79902112960816
2026-07-31_22-48-10_go2_no_trs_20k_512,No TRS,170.06592,6.907890866133902,34.76720796585083
2026-07-31_22-48-10_go2_no_trs_20k_512,No TRS,170.31168,6.91756703654925,34.84887716293335
2026-07-31_22-48-10_go2_no_trs_20k_512,No TRS,170.55744,6.927241219679515,35.059655303955076
2026-07-31_22-48-10_go2_no_trs_20k_512,No TRS,170.8032,6.936978690359328,34.95912693023681
2026-07-31_22-48-10_go2_no_trs_20k_512,No TRS,171.04896,6.946669745842616,35.00511207580566
2026-07-31_22-48-10_go2_no_trs_20k_512,No TRS,171.29472,6.956431710388926,34.94716344833374
2026-07-31_22-48-10_go2_no_trs_20k_512,No TRS,171.54048,6.966169827183088,34.827771797180176
2026-07-31_22-48-10_go2_no_trs_20k_512,No TRS,171.78624,6.975853443013297,34.84297924041748
2026-07-31_22-48-10_go2_no_trs_20k_512,No TRS,172.032,6.985625430411763,34.86215063095093
2026-07-31_22-48-10_go2_no_trs_20k_512,No TRS,172.27776,6.995388462013668,34.80079900741577
2026-07-31_22-48-10_go2_no_trs_20k_512,No TRS,172.52352,7.005154147545497,34.84360229492187
2026-07-31_22-48-10_go2_no_trs_20k_512,No TRS,172.76928,7.014844282269478,34.8155365562439
2026-07-31_22-48-10_go2_no_trs_20k_512,No TRS,173.01504,7.0244852097829185,34.775278377532956
2026-07-31_22-48-10_go2_no_trs_20k_512,No TRS,173.2608,7.03418862177266,34.654483547210695
2026-07-31_22-48-10_go2_no_trs_20k_512,No TRS,173.50656,7.043807717363039,34.58594591140747
2026-07-31_22-48-10_go2_no_trs_20k_512,No TRS,173.75232,7.05339163031843,34.5797852897644
2026-07-31_22-48-10_go2_no_trs_20k_512,No TRS,173.99808,7.0629617740048305,34.693914279937744
2026-07-31_22-48-10_go2_no_trs_20k_512,No TRS,174.24384,7.072758331497511,34.72028526306153
2026-07-31_22-48-10_go2_no_trs_20k_512,No TRS,174.4896,7.082491789129045,34.636987953186036
2026-07-31_22-48-10_go2_no_trs_20k_512,No TRS,174.73536,7.092134755386247,34.69599508285523
2026-07-31_22-48-10_go2_no_trs_20k_512,No TRS,174.98112,7.101912272307608,34.69922761917114
2026-07-31_22-48-10_go2_no_trs_20k_512,No TRS,175.22688,7.111587450901667,34.82496032714844
2026-07-31_22-48-10_go2_no_trs_20k_512,No TRS,175.47264,7.121358746952481,34.723153858184816
2026-07-31_22-48-10_go2_no_trs_20k_512,No TRS,175.7184,7.1311407782634095,34.869010581970215
2026-07-31_22-48-10_go2_no_trs_20k_512,No TRS,175.96416,7.140848370856709,34.990182647705076
2026-07-31_22-48-10_go2_no_trs_20k_512,No TRS,176.20992,7.1505752607186635,35.04361009597778
2026-07-31_22-48-10_go2_no_trs_20k_512,No TRS,176.45568,7.160286860730913,35.022064189910886
2026-07-31_22-48-10_go2_no_trs_20k_512,No TRS,176.70144,7.1700145454539195,35.092415523529056
2026-07-31_22-48-10_go2_no_trs_20k_512,No TRS,176.9472,7.17968854520056,35.15242191314697
2026-07-31_22-48-10_go2_no_trs_20k_512,No TRS,177.19296,7.189361185563935,35.20160646438599
2026-07-31_22-48-10_go2_no_trs_20k_512,No TRS,177.43872,7.198948285447226,35.261128959655764
2026-07-31_22-48-10_go2_no_trs_20k_512,No TRS,177.68448,7.208594214187728,35.15311275482178
2026-07-31_22-48-10_go2_no_trs_20k_512,No TRS,177.93024,7.218244348300828,35.2894337272644
2026-07-31_22-48-10_go2_no_trs_20k_512,No TRS,178.176,7.227925946315129,35.34287883758545
2026-07-31_22-48-10_go2_no_trs_20k_512,No TRS,178.42176,7.237701802518632,35.3345057106018
2026-07-31_22-48-10_go2_no_trs_20k_512,No TRS,178.66752,7.247408624953694,35.31494138717651
2026-07-31_22-48-10_go2_no_trs_20k_512,No TRS,178.91328,7.257232494884067,35.33061573028564
2026-07-31_22-48-10_go2_no_trs_20k_512,No TRS,179.15904,7.266968083182971,35.23663572311401
2026-07-31_22-48-10_go2_no_trs_20k_512,No TRS,179.4048,7.276700065202183,35.424013481140136
2026-07-31_22-48-10_go2_no_trs_20k_512,No TRS,179.65056,7.286448124051094,35.3478271484375
2026-07-31_22-48-10_go2_no_trs_20k_512,No TRS,179.89632,7.296225823892487,35.23280572891235
2026-07-31_22-48-10_go2_no_trs_20k_512,No TRS,180.14208,7.306012144684791,35.2360986328125
2026-07-31_22-48-10_go2_no_trs_20k_512,No TRS,180.38784,7.315722753670481,35.29903842926026
2026-07-31_22-48-10_go2_no_trs_20k_512,No TRS,180.6336,7.325515032013257,35.14806943893433
2026-07-31_22-48-10_go2_no_trs_20k_512,No TRS,180.87936,7.335310002499156,35.12628366470337
2026-07-31_22-48-10_go2_no_trs_20k_512,No TRS,181.12512,7.344994064701928,35.1526198387146
2026-07-31_22-48-10_go2_no_trs_20k_512,No TRS,181.37088,7.354856558640798,35.07208139419556
2026-07-31_22-48-10_go2_no_trs_20k_512,No TRS,181.61664,7.364700744019614,35.07950132369995
2026-07-31_22-48-10_go2_no_trs_20k_512,No TRS,181.8624,7.374656273259057,34.91340478897095
2026-07-31_22-48-10_go2_no_trs_20k_512,No TRS,182.10816,7.384454183313582,34.86977029800415
2026-07-31_22-48-10_go2_no_trs_20k_512,No TRS,182.35392,7.3942780731783975,34.919033946990965
2026-07-31_22-48-10_go2_no_trs_20k_512,No TRS,182.59968,7.404027038282818,34.84002138137817
2026-07-31_22-48-10_go2_no_trs_20k_512,No TRS,182.84544,7.413752235571543,34.64461847305298
2026-07-31_22-48-10_go2_no_trs_20k_512,No TRS,183.0912,7.423579958942201,34.726177043914795
2026-07-31_22-48-10_go2_no_trs_20k_512,No TRS,183.33696,7.433497064709663,34.51430268287659
2026-07-31_22-48-10_go2_no_trs_20k_512,No TRS,183.58272,7.443145118289523,34.54026991844177
2026-07-31_22-48-10_go2_no_trs_20k_512,No TRS,183.82848,7.452915716701083,34.61251708030701
2026-07-31_22-48-10_go2_no_trs_20k_512,No TRS,184.07424,7.462616325947973,34.60874176979065
2026-07-31_22-48-10_go2_no_trs_20k_512,No TRS,184.32,7.472297726141082,34.60385462760925
2026-07-31_22-48-10_go2_no_trs_20k_512,No TRS,184.56576,7.482128885719511,34.49552031517029
2026-07-31_22-48-10_go2_no_trs_20k_512,No TRS,184.81152,7.49232525507609,34.463098764419556
2026-07-31_22-48-10_go2_no_trs_20k_512,No TRS,185.05728,7.502161491579479,34.548011217117306
2026-07-31_22-48-10_go2_no_trs_20k_512,No TRS,185.30304,7.512011051509115,34.547989530563356
2026-07-31_22-48-10_go2_no_trs_20k_512,No TRS,185.5488,7.521785030497445,34.54249653816223
2026-07-31_22-48-10_go2_no_trs_20k_512,No TRS,185.79456,7.531558407015271,34.7060341835022
2026-07-31_22-48-10_go2_no_trs_20k_512,No TRS,186.04032,7.541334492564201,34.60844957351684
2026-07-31_22-48-10_go2_no_trs_20k_512,No TRS,186.28608,7.551089833776156,34.509554080963134
2026-07-31_22-48-10_go2_no_trs_20k_512,No TRS,186.53184,7.56075221353107,34.56419021606445
2026-07-31_22-48-10_go2_no_trs_20k_512,No TRS,186.7776,7.570476068523195,34.59502048492432
2026-07-31_22-48-10_go2_no_trs_20k_512,No TRS,187.02336,7.5801461313830485,34.801852283477785
2026-07-31_22-48-10_go2_no_trs_20k_512,No TRS,187.26912,7.590018021133211,34.80525772094727
2026-07-31_22-48-10_go2_no_trs_20k_512,No TRS,187.51488,7.599781570037206,34.6622452545166
2026-07-31_22-48-10_go2_no_trs_20k_512,No TRS,187.76064,7.609435213605563,34.7118207359314
2026-07-31_22-48-10_go2_no_trs_20k_512,No TRS,188.0064,7.619222935901748,34.660940990448
2026-07-31_22-48-10_go2_no_trs_20k_512,No TRS,188.25216,7.6289981994364,34.61390888214111
2026-07-31_22-48-10_go2_no_trs_20k_512,No TRS,188.49792,7.638907434741656,34.698784503936764
2026-07-31_22-48-10_go2_no_trs_20k_512,No TRS,188.74368,7.648659297294087,34.63097370147705
2026-07-31_22-48-10_go2_no_trs_20k_512,No TRS,188.98944,7.658372600343492,34.63978183746338
2026-07-31_22-48-10_go2_no_trs_20k_512,No TRS,189.2352,7.668057183689541,34.78430757522583
2026-07-31_22-48-10_go2_no_trs_20k_512,No TRS,189.48096,7.677714294393858,34.860576210021975
2026-07-31_22-48-10_go2_no_trs_20k_512,No TRS,189.72672,7.687256599267323,34.96480131149292
2026-07-31_22-48-10_go2_no_trs_20k_512,No TRS,189.97248,7.696915282805761,35.241661911010745
2026-07-31_22-48-10_go2_no_trs_20k_512,No TRS,190.21824,7.706623165474998,35.230751304626466
2026-07-31_22-48-10_go2_no_trs_20k_512,No TRS,190.464,7.716274368696743,35.32881332397461
2026-07-31_22-48-10_go2_no_trs_20k_512,No TRS,190.70976,7.726115258402294,35.535714836120604
2026-07-31_22-48-10_go2_no_trs_20k_512,No TRS,190.95552,7.735808339251412,35.49411645889282
2026-07-31_22-48-10_go2_no_trs_20k_512,No TRS,191.20128,7.7454512110683655,35.70992052078247
2026-07-31_22-48-10_go2_no_trs_20k_512,No TRS,191.44704,7.755153300232357,35.75399297714233
2026-07-31_22-48-10_go2_no_trs_20k_512,No TRS,191.6928,7.764837097922961,35.619939975738525
2026-07-31_22-48-10_go2_no_trs_20k_512,No TRS,191.93856,7.774544451038043,35.515350017547604
2026-07-31_22-48-10_go2_no_trs_20k_512,No TRS,192.18432,7.784331714113553,35.49724941253662
2026-07-31_22-48-10_go2_no_trs_20k_512,No TRS,192.43008,7.79418072866069,35.30331357955933
2026-07-31_22-48-10_go2_no_trs_20k_512,No TRS,192.67584,7.804184505873256,35.21735361099243
2026-07-31_22-48-10_go2_no_trs_20k_512,No TRS,192.9216,7.813942296504974,35.07579423904419
2026-07-31_22-48-10_go2_no_trs_20k_512,No TRS,193.16736,7.823698584040006,34.93987009048462
2026-07-31_22-48-10_go2_no_trs_20k_512,No TRS,193.41312,7.833434192736943,34.981918830871585
2026-07-31_22-48-10_go2_no_trs_20k_512,No TRS,193.65888,7.843149846129947,34.95963592529297
2026-07-31_22-48-10_go2_no_trs_20k_512,No TRS,193.90464,7.85287257399824,34.935848484039305
2026-07-31_22-48-10_go2_no_trs_20k_512,No TRS,194.1504,7.862581223448117,34.88524927139282
2026-07-31_22-48-10_go2_no_trs_20k_512,No TRS,194.39616,7.872348258031739,34.848413410186765
2026-07-31_22-48-10_go2_no_trs_20k_512,No TRS,194.64192,7.88210362818506,34.762519130706785
2026-07-31_22-48-10_go2_no_trs_20k_512,No TRS,194.88768,7.891886708603965,34.8323815536499
2026-07-31_22-48-10_go2_no_trs_20k_512,No TRS,195.13344,7.9016162002748915,34.923536739349366
2026-07-31_22-48-10_go2_no_trs_20k_512,No TRS,195.3792,7.91142912613021,34.93381118774414
2026-07-31_22-48-10_go2_no_trs_20k_512,No TRS,195.62496,7.921460361282031,34.82270095825195
2026-07-31_22-48-10_go2_no_trs_20k_512,No TRS,195.87072,7.931552621987131,34.78369157791138
2026-07-31_22-48-10_go2_no_trs_20k_512,No TRS,196.11648,7.941235138310327,34.77188966751098
2026-07-31_22-48-10_go2_no_trs_20k_512,No TRS,196.36224,7.951182466083103,34.752807731628415
2026-07-31_22-48-10_go2_no_trs_20k_512,No TRS,196.608,7.960852792395486,34.854243507385256
2026-07-31_22-48-10_go2_no_trs_20k_512,No TRS,196.85376,7.970503596133656,34.767691135406494
2026-07-31_22-48-10_go2_no_trs_20k_512,No TRS,197.09952,7.98020590338442,34.82070516586304
2026-07-31_22-48-10_go2_no_trs_20k_512,No TRS,197.34528,7.989760565161705,34.78277143478394
2026-07-31_22-48-10_go2_no_trs_20k_512,No TRS,197.59104,7.999493672516611,34.77858615875244
2026-07-31_22-48-10_go2_no_trs_20k_512,No TRS,197.8368,8.009323708878624,34.77262283325195
2026-07-31_22-48-10_go2_no_trs_20k_512,No TRS,198.08256,8.01909454021189,34.792621564865115
2026-07-31_22-48-10_go2_no_trs_20k_512,No TRS,198.32832,8.028893748256895,34.71878094673157
2026-07-31_22-48-10_go2_no_trs_20k_512,No TRS,198.57408,8.038708749877083,34.79054877281189
2026-07-31_22-48-10_go2_no_trs_20k_512,No TRS,198.81984,8.048484295871523,34.721232442855836
2026-07-31_22-48-10_go2_no_trs_20k_512,No TRS,199.0656,8.058378861414061,34.7117298412323
2026-07-31_22-48-10_go2_no_trs_20k_512,No TRS,199.31136,8.068117348617978,34.83124670982361
2026-07-31_22-48-10_go2_no_trs_20k_512,No TRS,199.55712,8.077747803794013,34.8869713306427
2026-07-31_22-48-10_go2_no_trs_20k_512,No TRS,199.80288,8.087628412710297,34.88230671882629
2026-07-31_22-48-10_go2_no_trs_20k_512,No TRS,200.04864,8.097336762282584,34.88372126579284
2026-07-31_22-48-10_go2_no_trs_20k_512,No TRS,200.2944,8.107048378520542,34.89421202659607
2026-07-31_22-48-10_go2_no_trs_20k_512,No TRS,200.54016,8.11668506205082,34.91938570022583
2026-07-31_22-48-10_go2_no_trs_20k_512,No TRS,200.78592,8.126474434402255,34.93057165145874
2026-07-31_22-48-10_go2_no_trs_20k_512,No TRS,201.03168,8.136250644193755,34.8151078414917
2026-07-31_22-48-10_go2_no_trs_20k_512,No TRS,201.27744,8.145976136856609,34.78436677932739
2026-07-31_22-48-10_go2_no_trs_20k_512,No TRS,201.5232,8.155696267882982,34.790547122955324
2026-07-31_22-48-10_go2_no_trs_20k_512,No TRS,201.76896,8.16552415907383,34.88310461044311
2026-07-31_22-48-10_go2_no_trs_20k_512,No TRS,202.01472,8.175226211945215,34.690690479278565
2026-07-31_22-48-10_go2_no_trs_20k_512,No TRS,202.26048,8.184980073372524,34.83980659484863
2026-07-31_22-48-10_go2_no_trs_20k_512,No TRS,202.50624,8.194787944687738,34.866882400512694
2026-07-31_22-48-10_go2_no_trs_20k_512,No TRS,202.752,8.204506428639094,34.94088882446289
2026-07-31_22-48-10_go2_no_trs_20k_512,No TRS,202.99776,8.214148652553558,35.125754795074464
2026-07-31_22-48-10_go2_no_trs_20k_512,No TRS,203.24352,8.22382624997033,35.28638120651245
2026-07-31_22-48-10_go2_no_trs_20k_512,No TRS,203.48928,8.23355015317599,35.345856246948244
2026-07-31_22-48-10_go2_no_trs_20k_512,No TRS,203.73504,8.24322655459245,35.46085500717163
2026-07-31_22-48-10_go2_no_trs_20k_512,No TRS,203.9808,8.252925885915756,35.50318868637085
2026-07-31_22-48-10_go2_no_trs_20k_512,No TRS,204.22656,8.262596406340599,35.48959758758545
2026-07-31_22-48-10_go2_no_trs_20k_512,No TRS,204.47232,8.272260823978318,35.798085842132565
2026-07-31_22-48-10_go2_no_trs_20k_512,No TRS,204.71808,8.282032445867856,35.74266235351563
2026-07-31_22-48-10_go2_no_trs_20k_512,No TRS,204.96384,8.29180856804053,35.71766000747681
2026-07-31_22-48-10_go2_no_trs_20k_512,No TRS,205.2096,8.301727269887925,35.67934455871582
2026-07-31_22-48-10_go2_no_trs_20k_512,No TRS,205.45536,8.311575220227242,35.60361024856567
2026-07-31_22-48-10_go2_no_trs_20k_512,No TRS,205.70112,8.321484507653448,35.518251495361326
2026-07-31_22-48-10_go2_no_trs_20k_512,No TRS,205.94688,8.331342658665445,35.46708890914917
2026-07-31_22-48-10_go2_no_trs_20k_512,No TRS,206.19264,8.341086767315865,35.345917282104494
2026-07-31_22-48-10_go2_no_trs_20k_512,No TRS,206.4384,8.35096431679196,35.24197198867798
2026-07-31_22-48-10_go2_no_trs_20k_512,No TRS,206.68416,8.360683144728343,35.0702836227417
2026-07-31_22-48-10_go2_no_trs_20k_512,No TRS,206.92992,8.370357057915793,34.77656328201294
2026-07-31_22-48-10_go2_no_trs_20k_512,No TRS,207.17568,8.380029419528114,34.7087682723999
2026-07-31_22-48-10_go2_no_trs_20k_512,No TRS,207.42144,8.38971990843614,34.6160830116272
2026-07-31_22-48-10_go2_no_trs_20k_512,No TRS,207.6672,8.399355923599668,34.64667379379272
2026-07-31_22-48-10_go2_no_trs_20k_512,No TRS,207.91296,8.409037099944221,34.72871774673462
2026-07-31_22-48-10_go2_no_trs_20k_512,No TRS,208.15872,8.418819169799487,34.72532978057861
2026-07-31_22-48-10_go2_no_trs_20k_512,No TRS,208.40448,8.428536063631375,34.679427757263184
2026-07-31_22-48-10_go2_no_trs_20k_512,No TRS,208.65024,8.438240754538112,34.74350601196289
2026-07-31_22-48-10_go2_no_trs_20k_512,No TRS,208.896,8.447904024455282,34.73398736953735
2026-07-31_22-48-10_go2_no_trs_20k_512,No TRS,209.14176,8.457658186157545,34.88472108840942
2026-07-31_22-48-10_go2_no_trs_20k_512,No TRS,209.38752,8.467560731106333,35.04346643447876
2026-07-31_22-48-10_go2_no_trs_20k_512,No TRS,209.63328,8.47721240884728,35.11446104049683
2026-07-31_22-48-10_go2_no_trs_20k_512,No TRS,209.87904,8.486905017164018,35.21792823791504
2026-07-31_22-48-10_go2_no_trs_20k_512,No TRS,210.1248,8.497145656148593,35.20242198944092
2026-07-31_22-48-10_go2_no_trs_20k_512,No TRS,210.37056,8.506873680684302,35.17282262802124
2026-07-31_22-48-10_go2_no_trs_20k_512,No TRS,210.61632,8.516495504909091,35.233986110687255
2026-07-31_22-48-10_go2_no_trs_20k_512,No TRS,210.86208,8.526089382767678,35.30128252029419
2026-07-31_22-48-10_go2_no_trs_20k_512,No TRS,211.10784,8.535736724469396,35.478944816589355
2026-07-31_22-48-10_go2_no_trs_20k_512,No TRS,211.3536,8.545351412693659,35.65132381439209
2026-07-31_22-48-10_go2_no_trs_20k_512,No TRS,211.59936,8.554983355932766,35.58206405639648
2026-07-31_22-48-10_go2_no_trs_20k_512,No TRS,211.84512,8.564627132879362,35.59750318527222
2026-07-31_22-48-10_go2_no_trs_20k_512,No TRS,212.09088,8.574407689438926,35.6601895904541
2026-07-31_22-48-10_go2_no_trs_20k_512,No TRS,212.33664,8.584397728906737,35.68710386276245
2026-07-31_22-48-10_go2_no_trs_20k_512,No TRS,212.5824,8.594167530006832,35.7729811668396
2026-07-31_22-48-10_go2_no_trs_20k_512,No TRS,212.82816,8.603862233625518,35.78151063919067
2026-07-31_22-48-10_go2_no_trs_20k_512,No TRS,213.07392,8.613791665302383,35.7572403717041
2026-07-31_22-48-10_go2_no_trs_20k_512,No TRS,213.31968,8.623443924254842,35.8671750831604
2026-07-31_22-48-10_go2_no_trs_20k_512,No TRS,213.56544,8.633163024253315,35.81149715423584
2026-07-31_22-48-10_go2_no_trs_20k_512,No TRS,213.8112,8.6429329994652,35.62620813369751
2026-07-31_22-48-10_go2_no_trs_20k_512,No TRS,214.05696,8.652617435455323,35.67736970901489
2026-07-31_22-48-10_go2_no_trs_20k_512,No TRS,214.30272,8.662326445976893,35.6898424911499
2026-07-31_22-48-10_go2_no_trs_20k_512,No TRS,214.54848,8.671989807883898,35.67782194137573
2026-07-31_22-48-10_go2_no_trs_20k_512,No TRS,214.79424,8.681641010774506,35.83679197311401
2026-07-31_22-48-10_go2_no_trs_20k_512,No TRS,215.04,8.691230690214368,35.913629665374756
2026-07-31_22-48-10_go2_no_trs_20k_512,No TRS,215.28576,8.700770160489611,35.87576873779297
2026-07-31_22-48-10_go2_no_trs_20k_512,No TRS,215.53152,8.710410380628375,35.805172729492185
2026-07-31_22-48-10_go2_no_trs_20k_512,No TRS,215.77728,8.720100799534055,35.587633838653566
2026-07-31_22-48-10_go2_no_trs_20k_512,No TRS,216.02304,8.729852637781038,35.65834535598755
2026-07-31_22-48-10_go2_no_trs_20k_512,No TRS,216.2688,8.739728258252144,35.72802080154419
2026-07-31_22-48-10_go2_no_trs_20k_512,No TRS,216.51456,8.749528020686574,35.802775592803954
2026-07-31_22-48-10_go2_no_trs_20k_512,No TRS,216.76032,8.759140319757991,35.79955738067627
2026-07-31_22-48-10_go2_no_trs_20k_512,No TRS,217.00608,8.768796718716622,35.77850875854492
2026-07-31_22-48-10_go2_no_trs_20k_512,No TRS,217.25184,8.778482569323646,35.639911308288575
2026-07-31_22-48-10_go2_no_trs_20k_512,No TRS,217.4976,8.788154292172855,35.666956939697265
2026-07-31_22-48-10_go2_no_trs_20k_512,No TRS,217.74336,8.797773493594594,35.68520952224731
2026-07-31_22-48-10_go2_no_trs_20k_512,No TRS,217.98912,8.807419493264621,35.77250890731811
2026-07-31_22-48-10_go2_no_trs_20k_512,No TRS,218.23488,8.816983694235484,35.86930990219116
2026-07-31_22-48-10_go2_no_trs_20k_512,No TRS,218.48064,8.826582708093856,35.78407455444336
2026-07-31_22-48-10_go2_no_trs_20k_512,No TRS,218.7264,8.83624444272783,35.82150367736816
2026-07-31_22-48-10_go2_no_trs_20k_512,No TRS,218.97216,8.845982760985692,35.851503734588626
2026-07-31_22-48-10_go2_no_trs_20k_512,No TRS,219.21792,8.856015341149437,35.81682710647583
2026-07-31_22-48-10_go2_no_trs_20k_512,No TRS,219.46368,8.865709691445034,35.92166431427002
2026-07-31_22-48-10_go2_no_trs_20k_512,No TRS,219.70944,8.875400496522586,35.94306831359863
2026-07-31_22-48-10_go2_no_trs_20k_512,No TRS,219.9552,8.885056936144828,35.89655910491943
2026-07-31_22-48-10_go2_no_trs_20k_512,No TRS,220.20096,8.894619184533754,35.97553810119629
2026-07-31_22-48-10_go2_no_trs_20k_512,No TRS,220.44672,8.904290627506045,36.08703798294067
2026-07-31_22-48-10_go2_no_trs_20k_512,No TRS,220.69248,8.913958189553684,36.019543628692624
2026-07-31_22-48-10_go2_no_trs_20k_512,No TRS,220.93824,8.923660244279437,36.02015018463135
2026-07-31_22-48-10_go2_no_trs_20k_512,No TRS,221.184,8.933334688544273,35.88616739273071
2026-07-31_22-48-10_go2_no_trs_20k_512,No TRS,221.42976,8.942927928964297,35.714118461608884
2026-07-31_22-48-10_go2_no_trs_20k_512,No TRS,221.67552,8.952517347137134,35.6952855682373
2026-07-31_22-48-10_go2_no_trs_20k_512,No TRS,221.92128,8.962154776785109,35.49351871490479
2026-07-31_22-48-10_go2_no_trs_20k_512,No TRS,222.16704,8.971802787449624,35.43971271514893
2026-07-31_22-48-10_go2_no_trs_20k_512,No TRS,222.4128,8.981513309147623,35.424571895599364
2026-07-31_22-48-10_go2_no_trs_20k_512,No TRS,222.65856,8.991318043073019,35.08663830757141
2026-07-31_22-48-10_go2_no_trs_20k_512,No TRS,222.90432,9.001079288191265,34.65453567504883
2026-07-31_22-48-10_go2_no_trs_20k_512,No TRS,223.15008,9.010699773761962,34.593514671325686
2026-07-31_22-48-10_go2_no_trs_20k_512,No TRS,223.39584,9.020440074072944,34.55473419189453
2026-07-31_22-48-10_go2_no_trs_20k_512,No TRS,223.6416,9.030222664342986,34.575349502563476
2026-07-31_22-48-10_go2_no_trs_20k_512,No TRS,223.88736,9.040000874731275,34.53694568634033
2026-07-31_22-48-10_go2_no_trs_20k_512,No TRS,224.13312,9.049810711608993,34.437265396118164
2026-07-31_22-48-10_go2_no_trs_20k_512,No TRS,224.37888,9.05952660050657,34.34748386383057
2026-07-31_22-48-10_go2_no_trs_20k_512,No TRS,224.62464,9.069329867694114,34.289461574554444
2026-07-31_22-48-10_go2_no_trs_20k_512,No TRS,224.8704,9.079025629692607,34.15143266677856
2026-07-31_22-48-10_go2_no_trs_20k_512,No TRS,225.11616,9.088702380922106,34.37923279762268
2026-07-31_22-48-10_go2_no_trs_20k_512,No TRS,225.36192,9.098358456889788,34.60632326126099
2026-07-31_22-48-10_go2_no_trs_20k_512,No TRS,225.60768,9.108084739844005,34.71019403457642
2026-07-31_22-48-10_go2_no_trs_20k_512,No TRS,225.85344,9.117883154286279,34.73213247299194
2026-07-31_22-48-10_go2_no_trs_20k_512,No TRS,226.0992,9.127759447693824,34.945620441436766
2026-07-31_22-48-10_go2_no_trs_20k_512,No TRS,226.34496,9.137418846686682,35.071262989044186
2026-07-31_22-48-10_go2_no_trs_20k_512,No TRS,226.59072,9.147155734830433,35.222563343048094
2026-07-31_22-48-10_go2_no_trs_20k_512,No TRS,226.83648,9.156870487398571,35.35560251235962
2026-07-31_22-48-10_go2_no_trs_20k_512,No TRS,227.08224,9.166573437783454,35.30970401763916
2026-07-31_22-48-10_go2_no_trs_20k_512,No TRS,227.328,9.176294394863977,35.29497148513794
2026-07-31_22-48-10_go2_no_trs_20k_512,No TRS,227.57376,9.186035328110059,35.38206100463867
2026-07-31_22-48-10_go2_no_trs_20k_512,No TRS,227.81952,9.195717866288291,35.47255697250366
2026-07-31_22-48-10_go2_no_trs_20k_512,No TRS,228.06528,9.205452041162385,35.397937545776365
2026-07-31_22-48-10_go2_no_trs_20k_512,No TRS,228.31104,9.215245542857382,35.3948291015625
2026-07-31_22-48-10_go2_no_trs_20k_512,No TRS,228.5568,9.225185073216757,35.26965381622315
2026-07-31_22-48-10_go2_no_trs_20k_512,No TRS,228.80256,9.23495486120383,35.34054891586304
2026-07-31_22-48-10_go2_no_trs_20k_512,No TRS,229.04832,9.244664425783688,35.35333953857422
2026-07-31_22-48-10_go2_no_trs_20k_512,No TRS,229.29408,9.254380904899703,35.343033962249756
2026-07-31_22-48-10_go2_no_trs_20k_512,No TRS,229.53984,9.264105417794651,35.52063192367554
2026-07-31_22-48-10_go2_no_trs_20k_512,No TRS,229.7856,9.273821354111035,35.61616083145142
2026-07-31_22-48-10_go2_no_trs_20k_512,No TRS,230.03136,9.283514640927315,35.60505825042725
2026-07-31_22-48-10_go2_no_trs_20k_512,No TRS,230.27712,9.293196480406655,35.69425661087036
2026-07-31_22-48-10_go2_no_trs_20k_512,No TRS,230.52288,9.302938039832645,35.8916583442688
2026-07-31_22-48-10_go2_no_trs_20k_512,No TRS,230.76864,9.31260642323229,35.99788579940796
2026-07-31_22-48-10_go2_no_trs_20k_512,No TRS,231.0144,9.322303242749639,35.98900140762329
2026-07-31_22-48-10_go2_no_trs_20k_512,No TRS,231.26016,9.331979605621761,36.08900110244751
2026-07-31_22-48-10_go2_no_trs_20k_512,No TRS,231.50592,9.341560870607694,36.09038654327392
2026-07-31_22-48-10_go2_no_trs_20k_512,No TRS,231.75168,9.351217323210504,36.11095613479614
2026-07-31_22-48-10_go2_no_trs_20k_512,No TRS,231.99744,9.36080415904522,36.03678394317627
2026-07-31_22-48-10_go2_no_trs_20k_512,No TRS,232.2432,9.370412059558763,35.98186637878418
2026-07-31_22-48-10_go2_no_trs_20k_512,No TRS,232.48896,9.380361320707532,36.01969871520996
2026-07-31_22-48-10_go2_no_trs_20k_512,No TRS,232.73472,9.39006381518311,36.05200593948364
2026-07-31_22-48-10_go2_no_trs_20k_512,No TRS,232.98048,9.399749252796173,36.08295307159424
2026-07-31_22-48-10_go2_no_trs_20k_512,No TRS,233.22624,9.409475736021996,36.038509922027586
2026-07-31_22-48-10_go2_no_trs_20k_512,No TRS,233.472,9.419158149427838,36.18831853866577
2026-07-31_22-48-10_go2_no_trs_20k_512,No TRS,233.71776,9.428853041066064,35.92360391616821
2026-07-31_22-48-10_go2_no_trs_20k_512,No TRS,233.96352,9.438542322450214,35.762024555206295
2026-07-31_22-48-10_go2_no_trs_20k_512,No TRS,234.20928,9.448013422422939,35.69878803253174
2026-07-31_22-48-10_go2_no_trs_20k_512,No TRS,234.45504,9.454704052938355,35.76329595565796
2026-07-31_22-48-10_go2_no_trs_20k_512,No TRS,234.7008,9.46126812087165,35.825600681304934
2026-07-31_22-48-10_go2_no_trs_20k_512,No TRS,234.94656,9.467769302129746,35.85708492279053
2026-07-31_22-48-10_go2_no_trs_20k_512,No TRS,235.19232,9.474303363296722,35.82565103530884
2026-07-31_22-48-10_go2_no_trs_20k_512,No TRS,235.43808,9.48084420369731,35.806961631774904
2026-07-31_22-48-10_go2_no_trs_20k_512,No TRS,235.68384,9.487351094749238,35.738674087524416
2026-07-31_22-48-10_go2_no_trs_20k_512,No TRS,235.9296,9.49426965991656,35.70235427856446
2026-07-31_22-48-10_go2_no_trs_20k_512,No TRS,236.17536,9.501029263271226,35.82205179214478
2026-07-31_22-48-10_go2_no_trs_20k_512,No TRS,236.42112,9.507479507459534,36.06578769683838
2026-07-31_22-48-10_go2_no_trs_20k_512,No TRS,236.66688,9.514074227478769,36.208536548614504
2026-07-31_22-48-10_go2_no_trs_20k_512,No TRS,236.91264,9.52058590988318,36.24425848007202
2026-07-31_22-48-10_go2_no_trs_20k_512,No TRS,237.1584,9.527100191248788,36.342258338928225
2026-07-31_22-48-10_go2_no_trs_20k_512,No TRS,237.40416,9.533647636506293,36.35509761810303
2026-07-31_22-48-10_go2_no_trs_20k_512,No TRS,237.64992,9.540193610588709,36.374097690582275
2026-07-31_22-48-10_go2_no_trs_20k_512,No TRS,237.89568,9.546637202103932,36.336468353271485
2026-07-31_22-48-10_go2_no_trs_20k_512,No TRS,238.14144,9.553147049215104,36.28654239654541
2026-07-31_22-48-10_go2_no_trs_20k_512,No TRS,238.3872,9.559622371262975,36.21377742767334
2026-07-31_22-48-10_go2_no_trs_20k_512,No TRS,238.63296,9.566253219710456,36.15833869934082
2026-07-31_22-48-10_go2_no_trs_20k_512,No TRS,238.87872,9.572872829039891,35.87579465866089
2026-07-31_22-48-10_go2_no_trs_20k_512,No TRS,239.12448,9.579469550715553,35.80093823432922
2026-07-31_22-48-10_go2_no_trs_20k_512,No TRS,239.37024,9.585980137983958,35.687327489852905
2026-07-31_22-48-10_go2_no_trs_20k_512,No TRS,239.616,9.59252641538779,35.58502951622009
2026-07-31_22-48-10_go2_no_trs_20k_512,No TRS,239.86176,9.59908604449696,35.39565186500549
2026-07-31_22-48-10_go2_no_trs_20k_512,No TRS,240.10752,9.605687878198093,35.08628819465637
2026-07-31_22-48-10_go2_no_trs_20k_512,No TRS,240.35328,9.612276272376379,34.94300446510315
2026-07-31_22-48-10_go2_no_trs_20k_512,No TRS,240.59904,9.618747851053874,34.974514989852906
2026-07-31_22-48-10_go2_no_trs_20k_512,No TRS,240.8448,9.625273102389441,34.96772475242615
2026-07-31_22-48-10_go2_no_trs_20k_512,No TRS,241.09056,9.631798020137682,34.92047907829285
2026-07-31_22-48-10_go2_no_trs_20k_512,No TRS,241.33632,9.638320256140497,35.20476851463318
2026-07-31_22-48-10_go2_no_trs_20k_512,No TRS,241.58208,9.644882213340866,35.279668464660645
2026-07-31_22-48-10_go2_no_trs_20k_512,No TRS,241.82784,9.651480082207256,35.20242319107056
2026-07-31_22-48-10_go2_no_trs_20k_512,No TRS,242.0736,9.658096137510405,35.193113479614254
2026-07-31_22-48-10_go2_no_trs_20k_512,No TRS,242.31936,9.664743640753958,35.20288089752197
2026-07-31_22-48-10_go2_no_trs_20k_512,No TRS,242.56512,9.671310112343894,35.45079647064209
2026-07-31_22-48-10_go2_no_trs_20k_512,No TRS,242.81088,9.67791194140911,35.398697509765626
2026-07-31_22-48-10_go2_no_trs_20k_512,No TRS,243.05664,9.684594558874766,35.424846725463865
2026-07-31_22-48-10_go2_no_trs_20k_512,No TRS,243.3024,9.691142898665534,35.36056314468384
2026-07-31_22-48-10_go2_no_trs_20k_512,No TRS,243.54816,9.697733734647432,35.44910343170166
2026-07-31_22-48-10_go2_no_trs_20k_512,No TRS,243.79392,9.704321575231022,35.224576015472415
2026-07-31_22-48-10_go2_no_trs_20k_512,No TRS,244.03968,9.7108672529459,34.96242784500122
2026-07-31_22-48-10_go2_no_trs_20k_512,No TRS,244.28544,9.717401113377678,34.98078597068787
2026-07-31_22-48-10_go2_no_trs_20k_512,No TRS,244.5312,9.7238701006439,34.971868906021115
2026-07-31_22-48-10_go2_no_trs_20k_512,No TRS,244.77696,9.730434283879069,35.06493483543396
2026-07-31_22-48-10_go2_no_trs_20k_512,No TRS,245.02272,9.736893936196964,35.05927258491516
2026-07-31_22-48-10_go2_no_trs_20k_512,No TRS,245.26848,9.743326452308231,35.32954655647278
2026-07-31_22-48-10_go2_no_trs_20k_512,No TRS,245.51424,9.74994819243749,35.30293244361877
2026-07-31_22-48-10_go2_no_trs_20k_512,No TRS,245.747712,9.756062230732706,35.4106303691864
2026-08-01_11-09-46_go2_trs_m0p1_v0p05_w500_minv0_20k_512,TRS 0.10/0.05,2.4576,0.10599135584301418,2.8536444430798293
2026-08-01_11-09-46_go2_trs_m0p1_v0p05_w500_minv0_20k_512,TRS 0.10/0.05,2.70336,0.11627918793095483,3.946631337925792
2026-08-01_11-09-46_go2_trs_m0p1_v0p05_w500_minv0_20k_512,TRS 0.10/0.05,2.94912,0.12605877094798618,5.377473284527659
2026-08-01_11-09-46_go2_trs_m0p1_v0p05_w500_minv0_20k_512,TRS 0.10/0.05,3.19488,0.13573986265394422,6.654538609907031
2026-08-01_11-09-46_go2_trs_m0p1_v0p05_w500_minv0_20k_512,TRS 0.10/0.05,3.44064,0.1457279615269767,7.452941167354584
2026-08-01_11-09-46_go2_trs_m0p1_v0p05_w500_minv0_20k_512,TRS 0.10/0.05,3.6864,0.1552624241511027,8.164088084697724
2026-08-01_11-09-46_go2_trs_m0p1_v0p05_w500_minv0_20k_512,TRS 0.10/0.05,3.93216,0.164714558256997,9.028128252029418
2026-08-01_11-09-46_go2_trs_m0p1_v0p05_w500_minv0_20k_512,TRS 0.10/0.05,4.17792,0.1748429532845815,10.017929153442383
2026-08-01_11-09-46_go2_trs_m0p1_v0p05_w500_minv0_20k_512,TRS 0.10/0.05,4.42368,0.18452666653527153,11.075439069271088
2026-08-01_11-09-46_go2_trs_m0p1_v0p05_w500_minv0_20k_512,TRS 0.10/0.05,4.66944,0.19392043193181355,11.937140910625457
2026-08-01_11-09-46_go2_trs_m0p1_v0p05_w500_minv0_20k_512,TRS 0.10/0.05,4.9152,0.20410108851061928,12.727040169239045
2026-08-01_11-09-46_go2_trs_m0p1_v0p05_w500_minv0_20k_512,TRS 0.10/0.05,5.16096,0.2138213562965393,13.760557827949524
2026-08-01_11-09-46_go2_trs_m0p1_v0p05_w500_minv0_20k_512,TRS 0.10/0.05,5.40672,0.22327158133188885,14.390846586227417
2026-08-01_11-09-46_go2_trs_m0p1_v0p05_w500_minv0_20k_512,TRS 0.10/0.05,5.65248,0.23337035801675585,15.12448133945465
2026-08-01_11-09-46_go2_trs_m0p1_v0p05_w500_minv0_20k_512,TRS 0.10/0.05,5.89824,0.24333761347664726,15.955813021659852
2026-08-01_11-09-46_go2_trs_m0p1_v0p05_w500_minv0_20k_512,TRS 0.10/0.05,6.144,0.2528922016090817,16.63413012981415
2026-08-01_11-09-46_go2_trs_m0p1_v0p05_w500_minv0_20k_512,TRS 0.10/0.05,6.38976,0.2632868379354477,17.13857569694519
2026-08-01_11-09-46_go2_trs_m0p1_v0p05_w500_minv0_20k_512,TRS 0.10/0.05,6.63552,0.27333030488755966,17.320852155685426
2026-08-01_11-09-46_go2_trs_m0p1_v0p05_w500_minv0_20k_512,TRS 0.10/0.05,6.88128,0.28333081463972726,17.388919830322266
2026-08-01_11-09-46_go2_trs_m0p1_v0p05_w500_minv0_20k_512,TRS 0.10/0.05,7.12704,0.29366510543558333,17.53823353767395
2026-08-01_11-09-46_go2_trs_m0p1_v0p05_w500_minv0_20k_512,TRS 0.10/0.05,7.3728,0.30370238264401755,17.579015688896177
2026-08-01_11-09-46_go2_trs_m0p1_v0p05_w500_minv0_20k_512,TRS 0.10/0.05,7.61856,0.3137006711297565,17.44435043334961
2026-08-01_11-09-46_go2_trs_m0p1_v0p05_w500_minv0_20k_512,TRS 0.10/0.05,7.86432,0.3240337868531545,17.296233439445494
2026-08-01_11-09-46_go2_trs_m0p1_v0p05_w500_minv0_20k_512,TRS 0.10/0.05,8.11008,0.3341240315304862,17.341297144889833
2026-08-01_11-09-46_go2_trs_m0p1_v0p05_w500_minv0_20k_512,TRS 0.10/0.05,8.35584,0.34421567327446406,17.165963492393495
2026-08-01_11-09-46_go2_trs_m0p1_v0p05_w500_minv0_20k_512,TRS 0.10/0.05,8.6016,0.35449028816488054,16.95662326335907
2026-08-01_11-09-46_go2_trs_m0p1_v0p05_w500_minv0_20k_512,TRS 0.10/0.05,8.84736,0.36483135713471304,16.866303811073305
2026-08-01_11-09-46_go2_trs_m0p1_v0p05_w500_minv0_20k_512,TRS 0.10/0.05,9.09312,0.37494512856006623,16.62787522315979
2026-08-01_11-09-46_go2_trs_m0p1_v0p05_w500_minv0_20k_512,TRS 0.10/0.05,9.33888,0.3851744082901213,16.318535957336426
2026-08-01_11-09-46_go2_trs_m0p1_v0p05_w500_minv0_20k_512,TRS 0.10/0.05,9.58464,0.3957432433631685,16.013034062385557
2026-08-01_11-09-46_go2_trs_m0p1_v0p05_w500_minv0_20k_512,TRS 0.10/0.05,9.8304,0.4058080004983478,15.597745819091797
2026-08-01_11-09-46_go2_trs_m0p1_v0p05_w500_minv0_20k_512,TRS 0.10/0.05,10.07616,0.4160493924220403,15.260318412780762
2026-08-01_11-09-46_go2_trs_m0p1_v0p05_w500_minv0_20k_512,TRS 0.10/0.05,10.32192,0.4265673030085034,15.116343669891357
2026-08-01_11-09-46_go2_trs_m0p1_v0p05_w500_minv0_20k_512,TRS 0.10/0.05,10.56768,0.4368020400736067,14.53056342124939
2026-08-01_11-09-46_go2_trs_m0p1_v0p05_w500_minv0_20k_512,TRS 0.10/0.05,10.81344,0.4470331659581926,14.24336196422577
2026-08-01_11-09-46_go2_trs_m0p1_v0p05_w500_minv0_20k_512,TRS 0.10/0.05,11.0592,0.4576464796728558,14.161580090522767
2026-08-01_11-09-46_go2_trs_m0p1_v0p05_w500_minv0_20k_512,TRS 0.10/0.05,11.30496,0.4680168851216634,13.710319647789001
2026-08-01_11-09-46_go2_trs_m0p1_v0p05_w500_minv0_20k_512,TRS 0.10/0.05,11.55072,0.47817564176188576,13.669449396133423
2026-08-01_11-09-46_go2_trs_m0p1_v0p05_w500_minv0_20k_512,TRS 0.10/0.05,11.79648,0.4886885273456574,13.648604764938355
2026-08-01_11-09-46_go2_trs_m0p1_v0p05_w500_minv0_20k_512,TRS 0.10/0.05,12.04224,0.4991053543488185,13.79303535938263
2026-08-01_11-09-46_go2_trs_m0p1_v0p05_w500_minv0_20k_512,TRS 0.10/0.05,12.288,0.509265068769455,13.689387731552124
2026-08-01_11-09-46_go2_trs_m0p1_v0p05_w500_minv0_20k_512,TRS 0.10/0.05,12.53376,0.5197214168972439,13.886434988975525
2026-08-01_11-09-46_go2_trs_m0p1_v0p05_w500_minv0_20k_512,TRS 0.10/0.05,12.77952,0.5300790463553534,13.590539960861205
2026-08-01_11-09-46_go2_trs_m0p1_v0p05_w500_minv0_20k_512,TRS 0.10/0.05,13.02528,0.5404907192124261,13.509768352508544
2026-08-01_11-09-46_go2_trs_m0p1_v0p05_w500_minv0_20k_512,TRS 0.10/0.05,13.27104,0.5507161861658096,13.524159808158874
2026-08-01_11-09-46_go2_trs_m0p1_v0p05_w500_minv0_20k_512,TRS 0.10/0.05,13.5168,0.5609938879145516,13.339069843292236
2026-08-01_11-09-46_go2_trs_m0p1_v0p05_w500_minv0_20k_512,TRS 0.10/0.05,13.76256,0.5712296217679977,13.512106471061706
2026-08-01_11-09-46_go2_trs_m0p1_v0p05_w500_minv0_20k_512,TRS 0.10/0.05,14.00832,0.581652545399136,13.426748094558716
2026-08-01_11-09-46_go2_trs_m0p1_v0p05_w500_minv0_20k_512,TRS 0.10/0.05,14.25408,0.5918935212161806,13.625928111076355
2026-08-01_11-09-46_go2_trs_m0p1_v0p05_w500_minv0_20k_512,TRS 0.10/0.05,14.49984,0.6022809447844824,13.514284038543702
2026-08-01_11-09-46_go2_trs_m0p1_v0p05_w500_minv0_20k_512,TRS 0.10/0.05,14.7456,0.6125432840320799,13.632015104293822
2026-08-01_11-09-46_go2_trs_m0p1_v0p05_w500_minv0_20k_512,TRS 0.10/0.05,14.99136,0.6228639810615115,13.612440695762634
2026-08-01_11-09-46_go2_trs_m0p1_v0p05_w500_minv0_20k_512,TRS 0.10/0.05,15.23712,0.6331770581007004,13.791528244018554
2026-08-01_11-09-46_go2_trs_m0p1_v0p05_w500_minv0_20k_512,TRS 0.10/0.05,15.48288,0.6435115461217032,13.958016061782837
2026-08-01_11-09-46_go2_trs_m0p1_v0p05_w500_minv0_20k_512,TRS 0.10/0.05,15.72864,0.653941885166698,13.894822382926941
2026-08-01_11-09-46_go2_trs_m0p1_v0p05_w500_minv0_20k_512,TRS 0.10/0.05,15.9744,0.6642350910769569,14.009780850410461
2026-08-01_11-09-46_go2_trs_m0p1_v0p05_w500_minv0_20k_512,TRS 0.10/0.05,16.22016,0.6745447200536728,13.94623372077942
2026-08-01_11-09-46_go2_trs_m0p1_v0p05_w500_minv0_20k_512,TRS 0.10/0.05,16.46592,0.684915921886762,13.924408159255982
2026-08-01_11-09-46_go2_trs_m0p1_v0p05_w500_minv0_20k_512,TRS 0.10/0.05,16.71168,0.6952215883466932,13.684176292419433
2026-08-01_11-09-46_go2_trs_m0p1_v0p05_w500_minv0_20k_512,TRS 0.10/0.05,16.95744,0.7059340106778674,13.614354958534241
2026-08-01_11-09-46_go2_trs_m0p1_v0p05_w500_minv0_20k_512,TRS 0.10/0.05,17.2032,0.7186464716328514,13.669617228507995
2026-08-01_11-09-46_go2_trs_m0p1_v0p05_w500_minv0_20k_512,TRS 0.10/0.05,17.44896,0.7308768289619022,13.676874523162843
2026-08-01_11-09-46_go2_trs_m0p1_v0p05_w500_minv0_20k_512,TRS 0.10/0.05,17.69472,0.7434592567549811,13.657139554023743
2026-08-01_11-09-46_go2_trs_m0p1_v0p05_w500_minv0_20k_512,TRS 0.10/0.05,17.94048,0.756291726231575,13.672672557830811
2026-08-01_11-09-46_go2_trs_m0p1_v0p05_w500_minv0_20k_512,TRS 0.10/0.05,18.18624,0.7689541075627009,13.78063310623169
2026-08-01_11-09-46_go2_trs_m0p1_v0p05_w500_minv0_20k_512,TRS 0.10/0.05,18.432,0.7825063212050332,13.728323879241943
2026-08-01_11-09-46_go2_trs_m0p1_v0p05_w500_minv0_20k_512,TRS 0.10/0.05,18.67776,0.7960157764620251,13.788309807777404
2026-08-01_11-09-46_go2_trs_m0p1_v0p05_w500_minv0_20k_512,TRS 0.10/0.05,18.92352,0.809291079375479,14.042268118858338
2026-08-01_11-09-46_go2_trs_m0p1_v0p05_w500_minv0_20k_512,TRS 0.10/0.05,19.16928,0.8222639997137917,14.03795772075653
2026-08-01_11-09-46_go2_trs_m0p1_v0p05_w500_minv0_20k_512,TRS 0.10/0.05,19.41504,0.8351453387075001,14.084328799247741
2026-08-01_11-09-46_go2_trs_m0p1_v0p05_w500_minv0_20k_512,TRS 0.10/0.05,19.6608,0.847707090444035,14.04300910949707
2026-08-01_11-09-46_go2_trs_m0p1_v0p05_w500_minv0_20k_512,TRS 0.10/0.05,19.90656,0.8602295909325282,13.988756370544433
2026-08-01_11-09-46_go2_trs_m0p1_v0p05_w500_minv0_20k_512,TRS 0.10/0.05,20.15232,0.8730132952663634,14.164704089164735
2026-08-01_11-09-46_go2_trs_m0p1_v0p05_w500_minv0_20k_512,TRS 0.10/0.05,20.39808,0.8863019006119834,14.12604519367218
2026-08-01_11-09-46_go2_trs_m0p1_v0p05_w500_minv0_20k_512,TRS 0.10/0.05,20.64384,0.8992154945267571,14.133956575393677
2026-08-01_11-09-46_go2_trs_m0p1_v0p05_w500_minv0_20k_512,TRS 0.10/0.05,20.8896,0.9125491660833359,14.203277096748351
2026-08-01_11-09-46_go2_trs_m0p1_v0p05_w500_minv0_20k_512,TRS 0.10/0.05,21.13536,0.9262962736686071,14.07282298564911
2026-08-01_11-09-46_go2_trs_m0p1_v0p05_w500_minv0_20k_512,TRS 0.10/0.05,21.38112,0.9398784077167511,13.74515260219574
2026-08-01_11-09-46_go2_trs_m0p1_v0p05_w500_minv0_20k_512,TRS 0.10/0.05,21.62688,0.952769964337349,13.886266069412232
2026-08-01_11-09-46_go2_trs_m0p1_v0p05_w500_minv0_20k_512,TRS 0.10/0.05,21.87264,0.965740841097302,13.95319704055786
2026-08-01_11-09-46_go2_trs_m0p1_v0p05_w500_minv0_20k_512,TRS 0.10/0.05,22.1184,0.9783930926852756,13.965451574325561
2026-08-01_11-09-46_go2_trs_m0p1_v0p05_w500_minv0_20k_512,TRS 0.10/0.05,22.36416,0.9908358297745387,14.089029159545898
2026-08-01_11-09-46_go2_trs_m0p1_v0p05_w500_minv0_20k_512,TRS 0.10/0.05,22.60992,1.0031581001811558,14.030673127174378
2026-08-01_11-09-46_go2_trs_m0p1_v0p05_w500_minv0_20k_512,TRS 0.10/0.05,22.85568,1.0161626114447913,14.404895205497741
2026-08-01_11-09-46_go2_trs_m0p1_v0p05_w500_minv0_20k_512,TRS 0.10/0.05,23.10144,1.0291291442182329,14.461479849815369
2026-08-01_11-09-46_go2_trs_m0p1_v0p05_w500_minv0_20k_512,TRS 0.10/0.05,23.3472,1.042256749868393,14.441218190193176
2026-08-01_11-09-46_go2_trs_m0p1_v0p05_w500_minv0_20k_512,TRS 0.10/0.05,23.59296,1.055718434320556,14.737370624542237
2026-08-01_11-09-46_go2_trs_m0p1_v0p05_w500_minv0_20k_512,TRS 0.10/0.05,23.83872,1.0692567982938554,15.194909234046936
2026-08-01_11-09-46_go2_trs_m0p1_v0p05_w500_minv0_20k_512,TRS 0.10/0.05,24.08448,1.0821307258473503,15.455233607292175
2026-08-01_11-09-46_go2_trs_m0p1_v0p05_w500_minv0_20k_512,TRS 0.10/0.05,24.33024,1.0948036273320516,15.800353798866272
2026-08-01_11-09-46_go2_trs_m0p1_v0p05_w500_minv0_20k_512,TRS 0.10/0.05,24.576,1.107486374311977,16.195851812362672
2026-08-01_11-09-46_go2_trs_m0p1_v0p05_w500_minv0_20k_512,TRS 0.10/0.05,24.82176,1.1199468945132363,16.385114278793335
2026-08-01_11-09-46_go2_trs_m0p1_v0p05_w500_minv0_20k_512,TRS 0.10/0.05,25.06752,1.132242132226626,16.405498046875
2026-08-01_11-09-46_go2_trs_m0p1_v0p05_w500_minv0_20k_512,TRS 0.10/0.05,25.31328,1.1448978423409992,16.45466297149658
2026-08-01_11-09-46_go2_trs_m0p1_v0p05_w500_minv0_20k_512,TRS 0.10/0.05,25.55904,1.1577932502826054,16.5708634185791
2026-08-01_11-09-46_go2_trs_m0p1_v0p05_w500_minv0_20k_512,TRS 0.10/0.05,25.8048,1.1707939489020243,16.78190787792206
2026-08-01_11-09-46_go2_trs_m0p1_v0p05_w500_minv0_20k_512,TRS 0.10/0.05,26.05056,1.1843644888533487,16.8108123254776
2026-08-01_11-09-46_go2_trs_m0p1_v0p05_w500_minv0_20k_512,TRS 0.10/0.05,26.29632,1.197990026805136,16.88647657394409
2026-08-01_11-09-46_go2_trs_m0p1_v0p05_w500_minv0_20k_512,TRS 0.10/0.05,26.54208,1.2114281477530797,16.905968222618103
2026-08-01_11-09-46_go2_trs_m0p1_v0p05_w500_minv0_20k_512,TRS 0.10/0.05,26.78784,1.224423080417845,16.710302853584288
2026-08-01_11-09-46_go2_trs_m0p1_v0p05_w500_minv0_20k_512,TRS 0.10/0.05,27.0336,1.2375130945444106,16.66628632068634
2026-08-01_11-09-46_go2_trs_m0p1_v0p05_w500_minv0_20k_512,TRS 0.10/0.05,27.27936,1.2506734214226405,16.68743392944336
2026-08-01_11-09-46_go2_trs_m0p1_v0p05_w500_minv0_20k_512,TRS 0.10/0.05,27.52512,1.263114401433203,16.87165969848633
2026-08-01_11-09-46_go2_trs_m0p1_v0p05_w500_minv0_20k_512,TRS 0.10/0.05,27.77088,1.2758944402138392,16.80577188014984
2026-08-01_11-09-46_go2_trs_m0p1_v0p05_w500_minv0_20k_512,TRS 0.10/0.05,28.01664,1.289029958513048,16.793528208732607
2026-08-01_11-09-46_go2_trs_m0p1_v0p05_w500_minv0_20k_512,TRS 0.10/0.05,28.2624,1.3020102052556144,16.76028450012207
2026-08-01_11-09-46_go2_trs_m0p1_v0p05_w500_minv0_20k_512,TRS 0.10/0.05,28.50816,1.3157981408966912,16.840685076713562
2026-08-01_11-09-46_go2_trs_m0p1_v0p05_w500_minv0_20k_512,TRS 0.10/0.05,28.75392,1.3297242826223374,16.717629942893982
2026-08-01_11-09-46_go2_trs_m0p1_v0p05_w500_minv0_20k_512,TRS 0.10/0.05,28.99968,1.342984658214781,16.68160216331482
2026-08-01_11-09-46_go2_trs_m0p1_v0p05_w500_minv0_20k_512,TRS 0.10/0.05,29.24544,1.3559490873416264,16.841533260345457
2026-08-01_11-09-46_go2_trs_m0p1_v0p05_w500_minv0_20k_512,TRS 0.10/0.05,29.4912,1.3687723463111454,16.896766715049743
2026-08-01_11-09-46_go2_trs_m0p1_v0p05_w500_minv0_20k_512,TRS 0.10/0.05,29.73696,1.3814466149277158,16.883907227516175
2026-08-01_11-09-46_go2_trs_m0p1_v0p05_w500_minv0_20k_512,TRS 0.10/0.05,29.98272,1.3939192773236169,16.978958392143248
2026-08-01_11-09-46_go2_trs_m0p1_v0p05_w500_minv0_20k_512,TRS 0.10/0.05,30.22848,1.4066572389337753,17.123671584129333
2026-08-01_11-09-46_go2_trs_m0p1_v0p05_w500_minv0_20k_512,TRS 0.10/0.05,30.47424,1.419819718003273,17.26443295478821
2026-08-01_11-09-46_go2_trs_m0p1_v0p05_w500_minv0_20k_512,TRS 0.10/0.05,30.72,1.4328459558884303,17.3978653049469
2026-08-01_11-09-46_go2_trs_m0p1_v0p05_w500_minv0_20k_512,TRS 0.10/0.05,30.96576,1.4463034282128016,17.563395795822142
2026-08-01_11-09-46_go2_trs_m0p1_v0p05_w500_minv0_20k_512,TRS 0.10/0.05,31.21152,1.459905018210411,17.61583140850067
2026-08-01_11-09-46_go2_trs_m0p1_v0p05_w500_minv0_20k_512,TRS 0.10/0.05,31.45728,1.4732867115736008,17.64569182872772
2026-08-01_11-09-46_go2_trs_m0p1_v0p05_w500_minv0_20k_512,TRS 0.10/0.05,31.70304,1.486075566543473,17.712302193641662
2026-08-01_11-09-46_go2_trs_m0p1_v0p05_w500_minv0_20k_512,TRS 0.10/0.05,31.9488,1.498999616238806,17.643368883132936
2026-08-01_11-09-46_go2_trs_m0p1_v0p05_w500_minv0_20k_512,TRS 0.10/0.05,32.19456,1.511629183822208,17.602478466033936
2026-08-01_11-09-46_go2_trs_m0p1_v0p05_w500_minv0_20k_512,TRS 0.10/0.05,32.44032,1.5240644759602018,17.553995575904846
2026-08-01_11-09-46_go2_trs_m0p1_v0p05_w500_minv0_20k_512,TRS 0.10/0.05,32.68608,1.5367158227496678,17.513428077697753
2026-08-01_11-09-46_go2_trs_m0p1_v0p05_w500_minv0_20k_512,TRS 0.10/0.05,32.93184,1.5497864105966357,17.356590614318847
2026-08-01_11-09-46_go2_trs_m0p1_v0p05_w500_minv0_20k_512,TRS 0.10/0.05,33.1776,1.562754205663999,17.333807945251465
2026-08-01_11-09-46_go2_trs_m0p1_v0p05_w500_minv0_20k_512,TRS 0.10/0.05,33.42336,1.575953363113933,17.37292872428894
2026-08-01_11-09-46_go2_trs_m0p1_v0p05_w500_minv0_20k_512,TRS 0.10/0.05,33.66912,1.5896240295966466,17.635271272659303
2026-08-01_11-09-46_go2_trs_m0p1_v0p05_w500_minv0_20k_512,TRS 0.10/0.05,33.91488,1.6032530334260728,17.80965777397156
2026-08-01_11-09-46_go2_trs_m0p1_v0p05_w500_minv0_20k_512,TRS 0.10/0.05,34.16064,1.6161217522621154,17.773318581581115
2026-08-01_11-09-46_go2_trs_m0p1_v0p05_w500_minv0_20k_512,TRS 0.10/0.05,34.4064,1.6289310944080353,18.086654553413393
2026-08-01_11-09-46_go2_trs_m0p1_v0p05_w500_minv0_20k_512,TRS 0.10/0.05,34.65216,1.641874428457684,18.467730703353883
2026-08-01_11-09-46_go2_trs_m0p1_v0p05_w500_minv0_20k_512,TRS 0.10/0.05,34.89792,1.6543197574880388,18.609905648231507
2026-08-01_11-09-46_go2_trs_m0p1_v0p05_w500_minv0_20k_512,TRS 0.10/0.05,35.14368,1.6667821000681984,18.793162412643433
2026-08-01_11-09-46_go2_trs_m0p1_v0p05_w500_minv0_20k_512,TRS 0.10/0.05,35.38944,1.6794862010081608,19.109373908042908
2026-08-01_11-09-46_go2_trs_m0p1_v0p05_w500_minv0_20k_512,TRS 0.10/0.05,35.6352,1.6924441385269164,19.397918229103087
2026-08-01_11-09-46_go2_trs_m0p1_v0p05_w500_minv0_20k_512,TRS 0.10/0.05,35.88096,1.706076522535748,19.395918478965758
2026-08-01_11-09-46_go2_trs_m0p1_v0p05_w500_minv0_20k_512,TRS 0.10/0.05,36.12672,1.7194022323687872,19.393859419822693
2026-08-01_11-09-46_go2_trs_m0p1_v0p05_w500_minv0_20k_512,TRS 0.10/0.05,36.37248,1.7325757407479816,19.4441450548172
2026-08-01_11-09-46_go2_trs_m0p1_v0p05_w500_minv0_20k_512,TRS 0.10/0.05,36.61824,1.7456415827406777,19.750515422821046
2026-08-01_11-09-46_go2_trs_m0p1_v0p05_w500_minv0_20k_512,TRS 0.10/0.05,36.864,1.7561070438226063,19.90539825439453
2026-08-01_11-09-46_go2_trs_m0p1_v0p05_w500_minv0_20k_512,TRS 0.10/0.05,37.10976,1.7665539813041686,19.799190702438356
2026-08-01_11-09-46_go2_trs_m0p1_v0p05_w500_minv0_20k_512,TRS 0.10/0.05,37.35552,1.777028387652503,19.953339920043945
2026-08-01_11-09-46_go2_trs_m0p1_v0p05_w500_minv0_20k_512,TRS 0.10/0.05,37.60128,1.787472005089124,19.850121307373048
2026-08-01_11-09-46_go2_trs_m0p1_v0p05_w500_minv0_20k_512,TRS 0.10/0.05,37.84704,1.7979058447149066,19.85100703239441
2026-08-01_11-09-46_go2_trs_m0p1_v0p05_w500_minv0_20k_512,TRS 0.10/0.05,38.0928,1.808386538558536,19.843522186279298
2026-08-01_11-09-46_go2_trs_m0p1_v0p05_w500_minv0_20k_512,TRS 0.10/0.05,38.33856,1.8186743956804277,19.96363871574402
2026-08-01_11-09-46_go2_trs_m0p1_v0p05_w500_minv0_20k_512,TRS 0.10/0.05,38.58432,1.8291074287229114,20.18365310668945
2026-08-01_11-09-46_go2_trs_m0p1_v0p05_w500_minv0_20k_512,TRS 0.10/0.05,38.83008,1.8395529035727183,20.347147159576416
2026-08-01_11-09-46_go2_trs_m0p1_v0p05_w500_minv0_20k_512,TRS 0.10/0.05,39.07584,1.849874001344045,20.227159910202026
2026-08-01_11-09-46_go2_trs_m0p1_v0p05_w500_minv0_20k_512,TRS 0.10/0.05,39.3216,1.8602853249178992,20.177961568832398
2026-08-01_11-09-46_go2_trs_m0p1_v0p05_w500_minv0_20k_512,TRS 0.10/0.05,39.56736,1.8706608763005999,20.46355046272278
2026-08-01_11-09-46_go2_trs_m0p1_v0p05_w500_minv0_20k_512,TRS 0.10/0.05,39.81312,1.8811686181359821,20.414891662597658
2026-08-01_11-09-46_go2_trs_m0p1_v0p05_w500_minv0_20k_512,TRS 0.10/0.05,40.05888,1.8914192318254046,20.741113567352294
2026-08-01_11-09-46_go2_trs_m0p1_v0p05_w500_minv0_20k_512,TRS 0.10/0.05,40.30464,1.9018884055482017,20.98817678451538
2026-08-01_11-09-46_go2_trs_m0p1_v0p05_w500_minv0_20k_512,TRS 0.10/0.05,40.5504,1.9124156387646993,21.15759078025818
2026-08-01_11-09-46_go2_trs_m0p1_v0p05_w500_minv0_20k_512,TRS 0.10/0.05,40.79616,1.9241622163189782,21.30000340461731
2026-08-01_11-09-46_go2_trs_m0p1_v0p05_w500_minv0_20k_512,TRS 0.10/0.05,41.04192,1.9358427919944128,21.295345487594606
2026-08-01_11-09-46_go2_trs_m0p1_v0p05_w500_minv0_20k_512,TRS 0.10/0.05,41.28768,1.9464047557115556,21.438239412307738
2026-08-01_11-09-46_go2_trs_m0p1_v0p05_w500_minv0_20k_512,TRS 0.10/0.05,41.53344,1.956676972442203,21.679543771743774
2026-08-01_11-09-46_go2_trs_m0p1_v0p05_w500_minv0_20k_512,TRS 0.10/0.05,41.7792,1.966954933669832,21.88535241127014
2026-08-01_11-09-46_go2_trs_m0p1_v0p05_w500_minv0_20k_512,TRS 0.10/0.05,42.02496,1.9773133083846834,21.931786613464354
2026-08-01_11-09-46_go2_trs_m0p1_v0p05_w500_minv0_20k_512,TRS 0.10/0.05,42.27072,1.987701774901814,22.216155710220338
2026-08-01_11-09-46_go2_trs_m0p1_v0p05_w500_minv0_20k_512,TRS 0.10/0.05,42.51648,1.9980378312534757,22.141579780578613
2026-08-01_11-09-46_go2_trs_m0p1_v0p05_w500_minv0_20k_512,TRS 0.10/0.05,42.76224,2.00838341222869,22.195988721847534
2026-08-01_11-09-46_go2_trs_m0p1_v0p05_w500_minv0_20k_512,TRS 0.10/0.05,43.008,2.0187531396415497,22.09086121559143
2026-08-01_11-09-46_go2_trs_m0p1_v0p05_w500_minv0_20k_512,TRS 0.10/0.05,43.25376,2.0291624224848217,22.129464387893677
2026-08-01_11-09-46_go2_trs_m0p1_v0p05_w500_minv0_20k_512,TRS 0.10/0.05,43.49952,2.039502527780003,22.108723487854004
2026-08-01_11-09-46_go2_trs_m0p1_v0p05_w500_minv0_20k_512,TRS 0.10/0.05,43.74528,2.049855710731612,22.101773233413695
2026-08-01_11-09-46_go2_trs_m0p1_v0p05_w500_minv0_20k_512,TRS 0.10/0.05,43.99104,2.0603769715627034,22.044178743362426
2026-08-01_11-09-46_go2_trs_m0p1_v0p05_w500_minv0_20k_512,TRS 0.10/0.05,44.2368,2.0707320193449656,22.055248107910156
2026-08-01_11-09-46_go2_trs_m0p1_v0p05_w500_minv0_20k_512,TRS 0.10/0.05,44.48256,2.081049602429072,22.05099754333496
2026-08-01_11-09-46_go2_trs_m0p1_v0p05_w500_minv0_20k_512,TRS 0.10/0.05,44.72832,2.0914651419056787,22.072203855514527
2026-08-01_11-09-46_go2_trs_m0p1_v0p05_w500_minv0_20k_512,TRS 0.10/0.05,44.97408,2.1017659294605253,22.43053557395935
2026-08-01_11-09-46_go2_trs_m0p1_v0p05_w500_minv0_20k_512,TRS 0.10/0.05,45.21984,2.112017769349946,22.47050765991211
2026-08-01_11-09-46_go2_trs_m0p1_v0p05_w500_minv0_20k_512,TRS 0.10/0.05,45.4656,2.1222503762774996,22.671889200210572
2026-08-01_11-09-46_go2_trs_m0p1_v0p05_w500_minv0_20k_512,TRS 0.10/0.05,45.71136,2.1326537330945334,22.784471216201784
2026-08-01_11-09-46_go2_trs_m0p1_v0p05_w500_minv0_20k_512,TRS 0.10/0.05,45.95712,2.142848592599233,23.126453371047972
2026-08-01_11-09-46_go2_trs_m0p1_v0p05_w500_minv0_20k_512,TRS 0.10/0.05,46.20288,2.153139692346255,23.153319578170777
2026-08-01_11-09-46_go2_trs_m0p1_v0p05_w500_minv0_20k_512,TRS 0.10/0.05,46.44864,2.163410547375679,23.45021872520447
2026-08-01_11-09-46_go2_trs_m0p1_v0p05_w500_minv0_20k_512,TRS 0.10/0.05,46.6944,2.173728648159239,23.482607431411743
2026-08-01_11-09-46_go2_trs_m0p1_v0p05_w500_minv0_20k_512,TRS 0.10/0.05,46.94016,2.184032220641772,23.715546255111693
2026-08-01_11-09-46_go2_trs_m0p1_v0p05_w500_minv0_20k_512,TRS 0.10/0.05,47.18592,2.194339846968651,23.725916624069214
2026-08-01_11-09-46_go2_trs_m0p1_v0p05_w500_minv0_20k_512,TRS 0.10/0.05,47.43168,2.204639044735167,23.697832803726197
2026-08-01_11-09-46_go2_trs_m0p1_v0p05_w500_minv0_20k_512,TRS 0.10/0.05,47.67744,2.2150279914008246,23.946469144821165
2026-08-01_11-09-46_go2_trs_m0p1_v0p05_w500_minv0_20k_512,TRS 0.10/0.05,47.9232,2.2254245314995447,24.107990884780882
2026-08-01_11-09-46_go2_trs_m0p1_v0p05_w500_minv0_20k_512,TRS 0.10/0.05,48.16896,2.2357561317417356,24.29582142829895
2026-08-01_11-09-46_go2_trs_m0p1_v0p05_w500_minv0_20k_512,TRS 0.10/0.05,48.41472,2.246110393471188,24.187847871780395
2026-08-01_11-09-46_go2_trs_m0p1_v0p05_w500_minv0_20k_512,TRS 0.10/0.05,48.66048,2.2563266801834105,24.32615195274353
2026-08-01_11-09-46_go2_trs_m0p1_v0p05_w500_minv0_20k_512,TRS 0.10/0.05,48.90624,2.266512127386199,24.31818099975586
2026-08-01_11-09-46_go2_trs_m0p1_v0p05_w500_minv0_20k_512,TRS 0.10/0.05,49.152,2.276683838897281,24.48379146575928
2026-08-01_11-09-46_go2_trs_m0p1_v0p05_w500_minv0_20k_512,TRS 0.10/0.05,49.39776,2.2869020209709805,24.547750692367554
2026-08-01_11-09-46_go2_trs_m0p1_v0p05_w500_minv0_20k_512,TRS 0.10/0.05,49.64352,2.297099374797609,24.78604242324829
2026-08-01_11-09-46_go2_trs_m0p1_v0p05_w500_minv0_20k_512,TRS 0.10/0.05,49.88928,2.3072754752635958,24.80616100311279
2026-08-01_11-09-46_go2_trs_m0p1_v0p05_w500_minv0_20k_512,TRS 0.10/0.05,50.13504,2.3175600453217826,24.73012484550476
2026-08-01_11-09-46_go2_trs_m0p1_v0p05_w500_minv0_20k_512,TRS 0.10/0.05,50.3808,2.3277404312292735,24.890847234725953
2026-08-01_11-09-46_go2_trs_m0p1_v0p05_w500_minv0_20k_512,TRS 0.10/0.05,50.62656,2.33799577249421,24.932322931289672
2026-08-01_11-09-46_go2_trs_m0p1_v0p05_w500_minv0_20k_512,TRS 0.10/0.05,50.87232,2.348294935292668,25.16315734863281
2026-08-01_11-09-46_go2_trs_m0p1_v0p05_w500_minv0_20k_512,TRS 0.10/0.05,51.11808,2.3585133924749164,25.225703372955323
2026-08-01_11-09-46_go2_trs_m0p1_v0p05_w500_minv0_20k_512,TRS 0.10/0.05,51.36384,2.368766054643525,25.318742723464965
2026-08-01_11-09-46_go2_trs_m0p1_v0p05_w500_minv0_20k_512,TRS 0.10/0.05,51.6096,2.378892013364368,25.300102729797363
2026-08-01_11-09-46_go2_trs_m0p1_v0p05_w500_minv0_20k_512,TRS 0.10/0.05,51.85536,2.389111995763249,25.261632928848268
2026-08-01_11-09-46_go2_trs_m0p1_v0p05_w500_minv0_20k_512,TRS 0.10/0.05,52.10112,2.399298474987348,25.282312316894533
2026-08-01_11-09-46_go2_trs_m0p1_v0p05_w500_minv0_20k_512,TRS 0.10/0.05,52.34688,2.4095758258634143,25.175585622787477
2026-08-01_11-09-46_go2_trs_m0p1_v0p05_w500_minv0_20k_512,TRS 0.10/0.05,52.59264,2.4197793850633835,25.094120054244996
2026-08-01_11-09-46_go2_trs_m0p1_v0p05_w500_minv0_20k_512,TRS 0.10/0.05,52.8384,2.42993989235825,24.787952604293825
2026-08-01_11-09-46_go2_trs_m0p1_v0p05_w500_minv0_20k_512,TRS 0.10/0.05,53.08416,2.4400957149267195,24.650767002105713
2026-08-01_11-09-46_go2_trs_m0p1_v0p05_w500_minv0_20k_512,TRS 0.10/0.05,53.32992,2.4502306934197744,24.49863796234131
2026-08-01_11-09-46_go2_trs_m0p1_v0p05_w500_minv0_20k_512,TRS 0.10/0.05,53.57568,2.4604029206434888,24.557322559356688
2026-08-01_11-09-46_go2_trs_m0p1_v0p05_w500_minv0_20k_512,TRS 0.10/0.05,53.82144,2.470596496462822,24.554651136398316
2026-08-01_11-09-46_go2_trs_m0p1_v0p05_w500_minv0_20k_512,TRS 0.10/0.05,54.0672,2.480653652879927,24.65168073654175
2026-08-01_11-09-46_go2_trs_m0p1_v0p05_w500_minv0_20k_512,TRS 0.10/0.05,54.31296,2.4908716581927406,24.59137848854065
2026-08-01_11-09-46_go2_trs_m0p1_v0p05_w500_minv0_20k_512,TRS 0.10/0.05,54.55872,2.5010181745555666,24.580857706069946
2026-08-01_11-09-46_go2_trs_m0p1_v0p05_w500_minv0_20k_512,TRS 0.10/0.05,54.80448,2.511160988410314,24.904087753295897
2026-08-01_11-09-46_go2_trs_m0p1_v0p05_w500_minv0_20k_512,TRS 0.10/0.05,55.05024,2.5213712176349428,24.896503849029543
2026-08-01_11-09-46_go2_trs_m0p1_v0p05_w500_minv0_20k_512,TRS 0.10/0.05,55.296,2.5315439823600983,25.075785808563232
2026-08-01_11-09-46_go2_trs_m0p1_v0p05_w500_minv0_20k_512,TRS 0.10/0.05,55.54176,2.5418025583691066,25.196744480133056
2026-08-01_11-09-46_go2_trs_m0p1_v0p05_w500_minv0_20k_512,TRS 0.10/0.05,55.78752,2.552017322646247,25.08488628387451
2026-08-01_11-09-46_go2_trs_m0p1_v0p05_w500_minv0_20k_512,TRS 0.10/0.05,56.03328,2.5622089606523515,25.004771127700806
2026-08-01_11-09-46_go2_trs_m0p1_v0p05_w500_minv0_20k_512,TRS 0.10/0.05,56.27904,2.5724217376444076,25.023965730667115
2026-08-01_11-09-46_go2_trs_m0p1_v0p05_w500_minv0_20k_512,TRS 0.10/0.05,56.5248,2.582664223379559,24.896020917892457
2026-08-01_11-09-46_go2_trs_m0p1_v0p05_w500_minv0_20k_512,TRS 0.10/0.05,56.77056,2.5928725264469783,24.89654713630676
2026-08-01_11-09-46_go2_trs_m0p1_v0p05_w500_minv0_20k_512,TRS 0.10/0.05,57.01632,2.6030985152721406,25.007792987823485
2026-08-01_11-09-46_go2_trs_m0p1_v0p05_w500_minv0_20k_512,TRS 0.10/0.05,57.26208,2.6132248548004364,24.940020275115966
2026-08-01_11-09-46_go2_trs_m0p1_v0p05_w500_minv0_20k_512,TRS 0.10/0.05,57.50784,2.6235945465829635,25.19567808151245
2026-08-01_11-09-46_go2_trs_m0p1_v0p05_w500_minv0_20k_512,TRS 0.10/0.05,57.7536,2.6337879990206825,25.382438135147094
2026-08-01_11-09-46_go2_trs_m0p1_v0p05_w500_minv0_20k_512,TRS 0.10/0.05,57.99936,2.6440646849738227,25.47449833869934
2026-08-01_11-09-46_go2_trs_m0p1_v0p05_w500_minv0_20k_512,TRS 0.10/0.05,58.24512,2.6541513593329324,25.795822038650513
2026-08-01_11-09-46_go2_trs_m0p1_v0p05_w500_minv0_20k_512,TRS 0.10/0.05,58.49088,2.664346664680375,26.02530011177063
2026-08-01_11-09-46_go2_trs_m0p1_v0p05_w500_minv0_20k_512,TRS 0.10/0.05,58.73664,2.674646814995342,26.137574224472047
2026-08-01_11-09-46_go2_trs_m0p1_v0p05_w500_minv0_20k_512,TRS 0.10/0.05,58.9824,2.684734847015805,26.344826498031615
2026-08-01_11-09-46_go2_trs_m0p1_v0p05_w500_minv0_20k_512,TRS 0.10/0.05,59.22816,2.694910192622079,26.42684280395508
2026-08-01_11-09-46_go2_trs_m0p1_v0p05_w500_minv0_20k_512,TRS 0.10/0.05,59.47392,2.7052264443371032,26.369927577972412
2026-08-01_11-09-46_go2_trs_m0p1_v0p05_w500_minv0_20k_512,TRS 0.10/0.05,59.71968,2.7153807218207255,26.24967031478882
2026-08-01_11-09-46_go2_trs_m0p1_v0p05_w500_minv0_20k_512,TRS 0.10/0.05,59.96544,2.7255875070889792,26.05063033103943
2026-08-01_11-09-46_go2_trs_m0p1_v0p05_w500_minv0_20k_512,TRS 0.10/0.05,60.2112,2.735822382503086,26.107473726272584
2026-08-01_11-09-46_go2_trs_m0p1_v0p05_w500_minv0_20k_512,TRS 0.10/0.05,60.45696,2.7459952906767526,25.93802975654602
2026-08-01_11-09-46_go2_trs_m0p1_v0p05_w500_minv0_20k_512,TRS 0.10/0.05,60.70272,2.756191441151831,25.752622089385987
2026-08-01_11-09-46_go2_trs_m0p1_v0p05_w500_minv0_20k_512,TRS 0.10/0.05,60.94848,2.7664740202162,25.51055000305176
2026-08-01_11-09-46_go2_trs_m0p1_v0p05_w500_minv0_20k_512,TRS 0.10/0.05,61.19424,2.7766101815965443,25.35500062942505
2026-08-01_11-09-46_go2_trs_m0p1_v0p05_w500_minv0_20k_512,TRS 0.10/0.05,61.44,2.7866666265328726,25.471390895843506
2026-08-01_11-09-46_go2_trs_m0p1_v0p05_w500_minv0_20k_512,TRS 0.10/0.05,61.68576,2.7967025934987597,25.676761140823363
2026-08-01_11-09-46_go2_trs_m0p1_v0p05_w500_minv0_20k_512,TRS 0.10/0.05,61.93152,2.806908198926184,25.740216579437256
2026-08-01_11-09-46_go2_trs_m0p1_v0p05_w500_minv0_20k_512,TRS 0.10/0.05,62.17728,2.8170910253127417,25.853659715652466
2026-08-01_11-09-46_go2_trs_m0p1_v0p05_w500_minv0_20k_512,TRS 0.10/0.05,62.42304,2.8270715462499196,25.997510471343993
2026-08-01_11-09-46_go2_trs_m0p1_v0p05_w500_minv0_20k_512,TRS 0.10/0.05,62.6688,2.837168535788854,26.01353472709656
2026-08-01_11-09-46_go2_trs_m0p1_v0p05_w500_minv0_20k_512,TRS 0.10/0.05,62.91456,2.847359918355942,26.29638150215149
2026-08-01_11-09-46_go2_trs_m0p1_v0p05_w500_minv0_20k_512,TRS 0.10/0.05,63.16032,2.857404856748051,26.622028942108155
2026-08-01_11-09-46_go2_trs_m0p1_v0p05_w500_minv0_20k_512,TRS 0.10/0.05,63.40608,2.867497052086724,26.901641883850097
2026-08-01_11-09-46_go2_trs_m0p1_v0p05_w500_minv0_20k_512,TRS 0.10/0.05,63.65184,2.877794374028842,27.017715911865235
2026-08-01_11-09-46_go2_trs_m0p1_v0p05_w500_minv0_20k_512,TRS 0.10/0.05,63.8976,2.887935805188285,27.001678075790405
2026-08-01_11-09-46_go2_trs_m0p1_v0p05_w500_minv0_20k_512,TRS 0.10/0.05,64.14336,2.8982772664229075,26.992468976974486
2026-08-01_11-09-46_go2_trs_m0p1_v0p05_w500_minv0_20k_512,TRS 0.10/0.05,64.38912,2.9084106922149657,26.9986291885376
2026-08-01_11-09-46_go2_trs_m0p1_v0p05_w500_minv0_20k_512,TRS 0.10/0.05,64.63488,2.918277046746678,27.175489168167115
2026-08-01_11-09-46_go2_trs_m0p1_v0p05_w500_minv0_20k_512,TRS 0.10/0.05,64.88064,2.928266416920556,27.423128719329835
2026-08-01_11-09-46_go2_trs_m0p1_v0p05_w500_minv0_20k_512,TRS 0.10/0.05,65.1264,2.938243605428272,27.53140847206116
2026-08-01_11-09-46_go2_trs_m0p1_v0p05_w500_minv0_20k_512,TRS 0.10/0.05,65.37216,2.9482725042766993,27.481347179412843
2026-08-01_11-09-46_go2_trs_m0p1_v0p05_w500_minv0_20k_512,TRS 0.10/0.05,65.61792,2.95814964612325,27.50107455253601
2026-08-01_11-09-46_go2_trs_m0p1_v0p05_w500_minv0_20k_512,TRS 0.10/0.05,65.86368,2.9681119500928457,27.6574600982666
2026-08-01_11-09-46_go2_trs_m0p1_v0p05_w500_minv0_20k_512,TRS 0.10/0.05,66.10944,2.9781109210517673,27.971047496795656
2026-08-01_11-09-46_go2_trs_m0p1_v0p05_w500_minv0_20k_512,TRS 0.10/0.05,66.3552,2.9881658418973287,28.10380970954895
2026-08-01_11-09-46_go2_trs_m0p1_v0p05_w500_minv0_20k_512,TRS 0.10/0.05,66.60096,2.9981708647145164,28.199037647247316
2026-08-01_11-09-46_go2_trs_m0p1_v0p05_w500_minv0_20k_512,TRS 0.10/0.05,66.84672,3.0082525110907024,28.367992029190063
2026-08-01_11-09-46_go2_trs_m0p1_v0p05_w500_minv0_20k_512,TRS 0.10/0.05,67.09248,3.0185196952025097,28.376195945739745
2026-08-01_11-09-46_go2_trs_m0p1_v0p05_w500_minv0_20k_512,TRS 0.10/0.05,67.33824,3.0287060117059283,28.38468804359436
2026-08-01_11-09-46_go2_trs_m0p1_v0p05_w500_minv0_20k_512,TRS 0.10/0.05,67.584,3.0386993093623054,28.629843912124635
2026-08-01_11-09-46_go2_trs_m0p1_v0p05_w500_minv0_20k_512,TRS 0.10/0.05,67.82976,3.048665442665418,28.67539824485779
2026-08-01_11-09-46_go2_trs_m0p1_v0p05_w500_minv0_20k_512,TRS 0.10/0.05,68.07552,3.0586214058266745,28.836812047958375
2026-08-01_11-09-46_go2_trs_m0p1_v0p05_w500_minv0_20k_512,TRS 0.10/0.05,68.32128,3.0685316024886236,28.922223567962646
2026-08-01_11-09-46_go2_trs_m0p1_v0p05_w500_minv0_20k_512,TRS 0.10/0.05,68.56704,3.0783863880899216,28.878246059417723
2026-08-01_11-09-46_go2_trs_m0p1_v0p05_w500_minv0_20k_512,TRS 0.10/0.05,68.8128,3.088524470527967,28.82175870895386
2026-08-01_11-09-46_go2_trs_m0p1_v0p05_w500_minv0_20k_512,TRS 0.10/0.05,69.05856,3.098549437456661,28.814302320480348
2026-08-01_11-09-46_go2_trs_m0p1_v0p05_w500_minv0_20k_512,TRS 0.10/0.05,69.30432,3.1085695213079454,28.784214744567873
2026-08-01_11-09-46_go2_trs_m0p1_v0p05_w500_minv0_20k_512,TRS 0.10/0.05,69.55008,3.118657025827302,28.82844055175781
2026-08-01_11-09-46_go2_trs_m0p1_v0p05_w500_minv0_20k_512,TRS 0.10/0.05,69.79584,3.128789576424493,28.958933734893797
2026-08-01_11-09-46_go2_trs_m0p1_v0p05_w500_minv0_20k_512,TRS 0.10/0.05,70.0416,3.1388474012083476,28.789847240447997
2026-08-01_11-09-46_go2_trs_m0p1_v0p05_w500_minv0_20k_512,TRS 0.10/0.05,70.28736,3.148918938305643,28.96772433280945
2026-08-01_11-09-46_go2_trs_m0p1_v0p05_w500_minv0_20k_512,TRS 0.10/0.05,70.53312,3.158947977026304,29.025724277496337
2026-08-01_11-09-46_go2_trs_m0p1_v0p05_w500_minv0_20k_512,TRS 0.10/0.05,70.77888,3.1689796459012562,29.060163469314574
2026-08-01_11-09-46_go2_trs_m0p1_v0p05_w500_minv0_20k_512,TRS 0.10/0.05,71.02464,3.179048556023174,29.03109285354614
2026-08-01_11-09-46_go2_trs_m0p1_v0p05_w500_minv0_20k_512,TRS 0.10/0.05,71.2704,3.1890169541041056,29.10194324493408
2026-08-01_11-09-46_go2_trs_m0p1_v0p05_w500_minv0_20k_512,TRS 0.10/0.05,71.51616,3.1990441738234625,29.296847429275513
2026-08-01_11-09-46_go2_trs_m0p1_v0p05_w500_minv0_20k_512,TRS 0.10/0.05,71.76192,3.2090052523877888,29.553100175857544
2026-08-01_11-09-46_go2_trs_m0p1_v0p05_w500_minv0_20k_512,TRS 0.10/0.05,72.00768,3.218907686140802,29.792299547195434
2026-08-01_11-09-46_go2_trs_m0p1_v0p05_w500_minv0_20k_512,TRS 0.10/0.05,72.25344,3.2288937951458827,29.69562996864319
2026-08-01_11-09-46_go2_trs_m0p1_v0p05_w500_minv0_20k_512,TRS 0.10/0.05,72.4992,3.238999840683407,29.730811223983764
2026-08-01_11-09-46_go2_trs_m0p1_v0p05_w500_minv0_20k_512,TRS 0.10/0.05,72.74496,3.2493432046969732,29.917991991043092
2026-08-01_11-09-46_go2_trs_m0p1_v0p05_w500_minv0_20k_512,TRS 0.10/0.05,72.99072,3.259423132141431,29.81046265602112
2026-08-01_11-09-46_go2_trs_m0p1_v0p05_w500_minv0_20k_512,TRS 0.10/0.05,73.23648,3.269541787306468,29.7621026134491
2026-08-01_11-09-46_go2_trs_m0p1_v0p05_w500_minv0_20k_512,TRS 0.10/0.05,73.48224,3.2797004624207813,29.79296745300293
2026-08-01_11-09-46_go2_trs_m0p1_v0p05_w500_minv0_20k_512,TRS 0.10/0.05,73.728,3.2897768721315597,29.77211332321167
2026-08-01_11-09-46_go2_trs_m0p1_v0p05_w500_minv0_20k_512,TRS 0.10/0.05,73.97376,3.299850693013933,29.849188470840453
2026-08-01_11-09-46_go2_trs_m0p1_v0p05_w500_minv0_20k_512,TRS 0.10/0.05,74.21952,3.3099577522940105,29.898070163726807
2026-08-01_11-09-46_go2_trs_m0p1_v0p05_w500_minv0_20k_512,TRS 0.10/0.05,74.46528,3.320095552868313,29.83516104698181
2026-08-01_11-09-46_go2_trs_m0p1_v0p05_w500_minv0_20k_512,TRS 0.10/0.05,74.71104,3.3302232664161258,29.88459969520569
2026-08-01_11-09-46_go2_trs_m0p1_v0p05_w500_minv0_20k_512,TRS 0.10/0.05,74.9568,3.3402140478955373,29.95877508163452
2026-08-01_11-09-46_go2_trs_m0p1_v0p05_w500_minv0_20k_512,TRS 0.10/0.05,75.20256,3.3502568272087307,29.81841100692749
2026-08-01_11-09-46_go2_trs_m0p1_v0p05_w500_minv0_20k_512,TRS 0.10/0.05,75.44832,3.3603283776839574,29.74317837715149
2026-08-01_11-09-46_go2_trs_m0p1_v0p05_w500_minv0_20k_512,TRS 0.10/0.05,75.69408,3.3703445353772907,29.734453525543213
2026-08-01_11-09-46_go2_trs_m0p1_v0p05_w500_minv0_20k_512,TRS 0.10/0.05,75.93984,3.380423319604662,29.888800621032715
2026-08-01_11-09-46_go2_trs_m0p1_v0p05_w500_minv0_20k_512,TRS 0.10/0.05,76.1856,3.3904916352033614,29.88524606704712
2026-08-01_11-09-46_go2_trs_m0p1_v0p05_w500_minv0_20k_512,TRS 0.10/0.05,76.43136,3.400513763493962,29.75246829032898
2026-08-01_11-09-46_go2_trs_m0p1_v0p05_w500_minv0_20k_512,TRS 0.10/0.05,76.67712,3.4105444369713465,29.70792398452759
2026-08-01_11-09-46_go2_trs_m0p1_v0p05_w500_minv0_20k_512,TRS 0.10/0.05,76.92288,3.4206451085540985,29.818462104797362
2026-08-01_11-09-46_go2_trs_m0p1_v0p05_w500_minv0_20k_512,TRS 0.10/0.05,77.16864,3.430621130135324,29.8631387424469
2026-08-01_11-09-46_go2_trs_m0p1_v0p05_w500_minv0_20k_512,TRS 0.10/0.05,77.4144,3.4406313355763753,29.762985010147094
2026-08-01_11-09-46_go2_trs_m0p1_v0p05_w500_minv0_20k_512,TRS 0.10/0.05,77.66016,3.450749674770567,29.928062534332277
2026-08-01_11-09-46_go2_trs_m0p1_v0p05_w500_minv0_20k_512,TRS 0.10/0.05,77.90592,3.4609186083740657,30.068162202835083
2026-08-01_11-09-46_go2_trs_m0p1_v0p05_w500_minv0_20k_512,TRS 0.10/0.05,78.15168,3.470875014066696,30.132665481567383
2026-08-01_11-09-46_go2_trs_m0p1_v0p05_w500_minv0_20k_512,TRS 0.10/0.05,78.39744,3.4809859661923515,29.911557970046996
2026-08-01_11-09-46_go2_trs_m0p1_v0p05_w500_minv0_20k_512,TRS 0.10/0.05,78.6432,3.491075200703409,29.965133953094483
2026-08-01_11-09-46_go2_trs_m0p1_v0p05_w500_minv0_20k_512,TRS 0.10/0.05,78.88896,3.5010355647404987,29.850501708984375
2026-08-01_11-09-46_go2_trs_m0p1_v0p05_w500_minv0_20k_512,TRS 0.10/0.05,79.13472,3.5111011613077587,29.86630072593689
2026-08-01_11-09-46_go2_trs_m0p1_v0p05_w500_minv0_20k_512,TRS 0.10/0.05,79.38048,3.5211844427055783,29.804880142211914
2026-08-01_11-09-46_go2_trs_m0p1_v0p05_w500_minv0_20k_512,TRS 0.10/0.05,79.62624,3.5311285263962215,29.73915036201477
2026-08-01_11-09-46_go2_trs_m0p1_v0p05_w500_minv0_20k_512,TRS 0.10/0.05,79.872,3.5412302184767195,30.000089778900147
2026-08-01_11-09-46_go2_trs_m0p1_v0p05_w500_minv0_20k_512,TRS 0.10/0.05,80.11776,3.551311825911204,29.979249553680418
2026-08-01_11-09-46_go2_trs_m0p1_v0p05_w500_minv0_20k_512,TRS 0.10/0.05,80.36352,3.5613376306825213,30.007355098724364
2026-08-01_11-09-46_go2_trs_m0p1_v0p05_w500_minv0_20k_512,TRS 0.10/0.05,80.60928,3.57125445107619,30.115245246887206
2026-08-01_11-09-46_go2_trs_m0p1_v0p05_w500_minv0_20k_512,TRS 0.10/0.05,80.85504,3.581221415069368,30.444810914993287
2026-08-01_11-09-46_go2_trs_m0p1_v0p05_w500_minv0_20k_512,TRS 0.10/0.05,81.1008,3.5912011034621134,30.57515381813049
2026-08-01_11-09-46_go2_trs_m0p1_v0p05_w500_minv0_20k_512,TRS 0.10/0.05,81.34656,3.601084835065736,30.65946524620056
2026-08-01_11-09-46_go2_trs_m0p1_v0p05_w500_minv0_20k_512,TRS 0.10/0.05,81.59232,3.611049518585205,30.647230091094972
2026-08-01_11-09-46_go2_trs_m0p1_v0p05_w500_minv0_20k_512,TRS 0.10/0.05,81.83808,3.6210059434175492,30.64872995376587
2026-08-01_11-09-46_go2_trs_m0p1_v0p05_w500_minv0_20k_512,TRS 0.10/0.05,82.08384,3.630923332704438,30.88842360496521
2026-08-01_11-09-46_go2_trs_m0p1_v0p05_w500_minv0_20k_512,TRS 0.10/0.05,82.3296,3.6409571233060625,30.83455499649048
2026-08-01_11-09-46_go2_trs_m0p1_v0p05_w500_minv0_20k_512,TRS 0.10/0.05,82.57536,3.651111082898246,30.871398983001708
2026-08-01_11-09-46_go2_trs_m0p1_v0p05_w500_minv0_20k_512,TRS 0.10/0.05,82.82112,3.661072227160136,30.857927083969116
2026-08-01_11-09-46_go2_trs_m0p1_v0p05_w500_minv0_20k_512,TRS 0.10/0.05,83.06688,3.6709809036387337,30.786757249832153
2026-08-01_11-09-46_go2_trs_m0p1_v0p05_w500_minv0_20k_512,TRS 0.10/0.05,83.31264,3.680992480715116,30.631955909729005
2026-08-01_11-09-46_go2_trs_m0p1_v0p05_w500_minv0_20k_512,TRS 0.10/0.05,83.5584,3.6910775159464944,30.65645471572876
2026-08-01_11-09-46_go2_trs_m0p1_v0p05_w500_minv0_20k_512,TRS 0.10/0.05,83.80416,3.7009905970096586,30.759184312820434
2026-08-01_11-09-46_go2_trs_m0p1_v0p05_w500_minv0_20k_512,TRS 0.10/0.05,84.04992,3.7110830112960604,30.862416286468505
2026-08-01_11-09-46_go2_trs_m0p1_v0p05_w500_minv0_20k_512,TRS 0.10/0.05,84.29568,3.7209809166855283,30.953131103515624
2026-08-01_11-09-46_go2_trs_m0p1_v0p05_w500_minv0_20k_512,TRS 0.10/0.05,84.54144,3.7307738440566593,31.019426794052123
2026-08-01_11-09-46_go2_trs_m0p1_v0p05_w500_minv0_20k_512,TRS 0.10/0.05,84.7872,3.740638424224324,31.06941714286804
2026-08-01_11-09-46_go2_trs_m0p1_v0p05_w500_minv0_20k_512,TRS 0.10/0.05,85.03296,3.750491185651885,31.178914947509767
2026-08-01_11-09-46_go2_trs_m0p1_v0p05_w500_minv0_20k_512,TRS 0.10/0.05,85.27872,3.760350720551279,31.08476149559021
2026-08-01_11-09-46_go2_trs_m0p1_v0p05_w500_minv0_20k_512,TRS 0.10/0.05,85.52448,3.770237755113178,31.202086124420166
2026-08-01_11-09-46_go2_trs_m0p1_v0p05_w500_minv0_20k_512,TRS 0.10/0.05,85.77024,3.780269893474049,31.16753038406372
2026-08-01_11-09-46_go2_trs_m0p1_v0p05_w500_minv0_20k_512,TRS 0.10/0.05,86.016,3.790240517059962,31.158109664916992
2026-08-01_11-09-46_go2_trs_m0p1_v0p05_w500_minv0_20k_512,TRS 0.10/0.05,86.26176,3.8002241980367235,31.137770776748656
2026-08-01_11-09-46_go2_trs_m0p1_v0p05_w500_minv0_20k_512,TRS 0.10/0.05,86.50752,3.8102502182457183,31.06943886756897
2026-08-01_11-09-46_go2_trs_m0p1_v0p05_w500_minv0_20k_512,TRS 0.10/0.05,86.75328,3.8202198055055407,30.996844635009765
2026-08-01_11-09-46_go2_trs_m0p1_v0p05_w500_minv0_20k_512,TRS 0.10/0.05,86.99904,3.8303851313723456,30.903306627273558
2026-08-01_11-09-46_go2_trs_m0p1_v0p05_w500_minv0_20k_512,TRS 0.10/0.05,87.2448,3.8404728732506435,30.882001514434815
2026-08-01_11-09-46_go2_trs_m0p1_v0p05_w500_minv0_20k_512,TRS 0.10/0.05,87.49056,3.850422364340888,30.61871195793152
2026-08-01_11-09-46_go2_trs_m0p1_v0p05_w500_minv0_20k_512,TRS 0.10/0.05,87.73632,3.8603608955939612,30.756555013656616
2026-08-01_11-09-46_go2_trs_m0p1_v0p05_w500_minv0_20k_512,TRS 0.10/0.05,87.98208,3.8703160458803176,30.76720802307129
2026-08-01_11-09-46_go2_trs_m0p1_v0p05_w500_minv0_20k_512,TRS 0.10/0.05,88.22784,3.8802536112732358,30.82939929008484
2026-08-01_11-09-46_go2_trs_m0p1_v0p05_w500_minv0_20k_512,TRS 0.10/0.05,88.4736,3.890090228716532,30.667246370315553
2026-08-01_11-09-46_go2_trs_m0p1_v0p05_w500_minv0_20k_512,TRS 0.10/0.05,88.71936,3.9000471374723644,30.7507204246521
2026-08-01_11-09-46_go2_trs_m0p1_v0p05_w500_minv0_20k_512,TRS 0.10/0.05,88.96512,3.909969255261951,30.90901921272278
2026-08-01_11-09-46_go2_trs_m0p1_v0p05_w500_minv0_20k_512,TRS 0.10/0.05,89.21088,3.919869118200408,31.15082206726074
2026-08-01_11-09-46_go2_trs_m0p1_v0p05_w500_minv0_20k_512,TRS 0.10/0.05,89.45664,3.929821674956216,31.253245763778686
2026-08-01_11-09-46_go2_trs_m0p1_v0p05_w500_minv0_20k_512,TRS 0.10/0.05,89.7024,3.939811203347312,31.31798791885376
2026-08-01_11-09-46_go2_trs_m0p1_v0p05_w500_minv0_20k_512,TRS 0.10/0.05,89.94816,3.949742398129569,31.58618884086609
2026-08-01_11-09-46_go2_trs_m0p1_v0p05_w500_minv0_20k_512,TRS 0.10/0.05,90.19392,3.959618642727534,31.70882683753967
2026-08-01_11-09-46_go2_trs_m0p1_v0p05_w500_minv0_20k_512,TRS 0.10/0.05,90.43968,3.9695583942863677,31.857050752639772
2026-08-01_11-09-46_go2_trs_m0p1_v0p05_w500_minv0_20k_512,TRS 0.10/0.05,90.68544,3.979363783068127,32.068177680969235
2026-08-01_11-09-46_go2_trs_m0p1_v0p05_w500_minv0_20k_512,TRS 0.10/0.05,90.9312,3.9893527160088222,32.355844478607175
2026-08-01_11-09-46_go2_trs_m0p1_v0p05_w500_minv0_20k_512,TRS 0.10/0.05,91.17696,3.9991463871134654,32.531301746368406
2026-08-01_11-09-46_go2_trs_m0p1_v0p05_w500_minv0_20k_512,TRS 0.10/0.05,91.42272,4.008901387585534,32.5864058971405
2026-08-01_11-09-46_go2_trs_m0p1_v0p05_w500_minv0_20k_512,TRS 0.10/0.05,91.66848,4.018696877757709,32.469875526428225
2026-08-01_11-09-46_go2_trs_m0p1_v0p05_w500_minv0_20k_512,TRS 0.10/0.05,91.91424,4.02854352315267,32.52934321403504
2026-08-01_11-09-46_go2_trs_m0p1_v0p05_w500_minv0_20k_512,TRS 0.10/0.05,92.16,4.038357406192356,32.72287554740906
2026-08-01_11-09-46_go2_trs_m0p1_v0p05_w500_minv0_20k_512,TRS 0.10/0.05,92.40576,4.048366406493717,32.82303019523621
2026-08-01_11-09-46_go2_trs_m0p1_v0p05_w500_minv0_20k_512,TRS 0.10/0.05,92.65152,4.058286059829924,32.75096893310547
2026-08-01_11-09-46_go2_trs_m0p1_v0p05_w500_minv0_20k_512,TRS 0.10/0.05,92.89728,4.068236261937353,32.70710062026978
2026-08-01_11-09-46_go2_trs_m0p1_v0p05_w500_minv0_20k_512,TRS 0.10/0.05,93.14304,4.078145329753558,32.734259033203124
2026-08-01_11-09-46_go2_trs_m0p1_v0p05_w500_minv0_20k_512,TRS 0.10/0.05,93.3888,4.088037995497386,32.845301904678344
2026-08-01_11-09-46_go2_trs_m0p1_v0p05_w500_minv0_20k_512,TRS 0.10/0.05,93.63456,4.098034175104565,32.82713925361633
2026-08-01_11-09-46_go2_trs_m0p1_v0p05_w500_minv0_20k_512,TRS 0.10/0.05,93.88032,4.108031274676323,32.816119556427005
2026-08-01_11-09-46_go2_trs_m0p1_v0p05_w500_minv0_20k_512,TRS 0.10/0.05,94.12608,4.117892433934742,32.90201212882996
2026-08-01_11-09-46_go2_trs_m0p1_v0p05_w500_minv0_20k_512,TRS 0.10/0.05,94.37184,4.1277592240439525,32.839567232131955
2026-08-01_11-09-46_go2_trs_m0p1_v0p05_w500_minv0_20k_512,TRS 0.10/0.05,94.6176,4.137625033126937,32.765885229110715
2026-08-01_11-09-46_go2_trs_m0p1_v0p05_w500_minv0_20k_512,TRS 0.10/0.05,94.86336,4.147524420022965,32.641039295196535
2026-08-01_11-09-46_go2_trs_m0p1_v0p05_w500_minv0_20k_512,TRS 0.10/0.05,95.10912,4.15753461168872,32.8436462020874
2026-08-01_11-09-46_go2_trs_m0p1_v0p05_w500_minv0_20k_512,TRS 0.10/0.05,95.35488,4.167340548700756,32.76787749290466
2026-08-01_11-09-46_go2_trs_m0p1_v0p05_w500_minv0_20k_512,TRS 0.10/0.05,95.60064,4.177239771485329,32.66900398254395
2026-08-01_11-09-46_go2_trs_m0p1_v0p05_w500_minv0_20k_512,TRS 0.10/0.05,95.8464,4.18722907476955,32.42956551551819
2026-08-01_11-09-46_go2_trs_m0p1_v0p05_w500_minv0_20k_512,TRS 0.10/0.05,96.09216,4.197124760945638,32.43099864006042
2026-08-01_11-09-46_go2_trs_m0p1_v0p05_w500_minv0_20k_512,TRS 0.10/0.05,96.33792,4.207074205411805,32.28980927467346
2026-08-01_11-09-46_go2_trs_m0p1_v0p05_w500_minv0_20k_512,TRS 0.10/0.05,96.58368,4.217072905368275,32.21121603012085
2026-08-01_11-09-46_go2_trs_m0p1_v0p05_w500_minv0_20k_512,TRS 0.10/0.05,96.82944,4.227015998363495,32.340699634552
2026-08-01_11-09-46_go2_trs_m0p1_v0p05_w500_minv0_20k_512,TRS 0.10/0.05,97.0752,4.237003789146741,32.21232628822327
2026-08-01_11-09-46_go2_trs_m0p1_v0p05_w500_minv0_20k_512,TRS 0.10/0.05,97.32096,4.246909086108207,32.41488799095154
2026-08-01_11-09-46_go2_trs_m0p1_v0p05_w500_minv0_20k_512,TRS 0.10/0.05,97.56672,4.256728393501706,32.588610906600955
2026-08-01_11-09-46_go2_trs_m0p1_v0p05_w500_minv0_20k_512,TRS 0.10/0.05,97.81248,4.266832948724429,32.70913601875305
2026-08-01_11-09-46_go2_trs_m0p1_v0p05_w500_minv0_20k_512,TRS 0.10/0.05,98.05824,4.27676200416353,32.736915845870975
2026-08-01_11-09-46_go2_trs_m0p1_v0p05_w500_minv0_20k_512,TRS 0.10/0.05,98.304,4.286666193273333,32.81462105751038
2026-08-01_11-09-46_go2_trs_m0p1_v0p05_w500_minv0_20k_512,TRS 0.10/0.05,98.54976,4.2966243438588245,32.82186272621155
2026-08-01_11-09-46_go2_trs_m0p1_v0p05_w500_minv0_20k_512,TRS 0.10/0.05,98.79552,4.306501660346985,32.8405686378479
2026-08-01_11-09-46_go2_trs_m0p1_v0p05_w500_minv0_20k_512,TRS 0.10/0.05,99.04128,4.316444953083992,32.87785655021668
2026-08-01_11-09-46_go2_trs_m0p1_v0p05_w500_minv0_20k_512,TRS 0.10/0.05,99.28704,4.326487604644563,32.76159639358521
2026-08-01_11-09-46_go2_trs_m0p1_v0p05_w500_minv0_20k_512,TRS 0.10/0.05,99.5328,4.336525881820255,32.7634321975708
2026-08-01_11-09-46_go2_trs_m0p1_v0p05_w500_minv0_20k_512,TRS 0.10/0.05,99.77856,4.346494184997347,32.72928477287292
2026-08-01_11-09-46_go2_trs_m0p1_v0p05_w500_minv0_20k_512,TRS 0.10/0.05,100.02432,4.356525293654865,32.498904371261595
2026-08-01_11-09-46_go2_trs_m0p1_v0p05_w500_minv0_20k_512,TRS 0.10/0.05,100.27008,4.3666220659679835,32.471933698654176
2026-08-01_11-09-46_go2_trs_m0p1_v0p05_w500_minv0_20k_512,TRS 0.10/0.05,100.51584,4.376609574158986,32.377989025115966
2026-08-01_11-09-46_go2_trs_m0p1_v0p05_w500_minv0_20k_512,TRS 0.10/0.05,100.7616,4.386447657545408,32.563928556442264
2026-08-01_11-09-46_go2_trs_m0p1_v0p05_w500_minv0_20k_512,TRS 0.10/0.05,101.00736,4.396241124868393,32.683237867355345
2026-08-01_11-09-46_go2_trs_m0p1_v0p05_w500_minv0_20k_512,TRS 0.10/0.05,101.25312,4.406202604969343,32.87026246070862
2026-08-01_11-09-46_go2_trs_m0p1_v0p05_w500_minv0_20k_512,TRS 0.10/0.05,101.49888,4.416066564321518,33.00667071342468
2026-08-01_11-09-46_go2_trs_m0p1_v0p05_w500_minv0_20k_512,TRS 0.10/0.05,101.74464,4.425937198400497,33.10371335983277
2026-08-01_11-09-46_go2_trs_m0p1_v0p05_w500_minv0_20k_512,TRS 0.10/0.05,101.9904,4.435873894294103,33.15659856796265
2026-08-01_11-09-46_go2_trs_m0p1_v0p05_w500_minv0_20k_512,TRS 0.10/0.05,102.23616,4.445761148466004,33.138327779769895
2026-08-01_11-09-46_go2_trs_m0p1_v0p05_w500_minv0_20k_512,TRS 0.10/0.05,102.48192,4.455734416908688,33.27614287376404
2026-08-01_11-09-46_go2_trs_m0p1_v0p05_w500_minv0_20k_512,TRS 0.10/0.05,102.72768,4.465622138712141,33.34523475646973
2026-08-01_11-09-46_go2_trs_m0p1_v0p05_w500_minv0_20k_512,TRS 0.10/0.05,102.97344,4.475581548743778,33.60866467475891
2026-08-01_11-09-46_go2_trs_m0p1_v0p05_w500_minv0_20k_512,TRS 0.10/0.05,103.2192,4.485551785892911,33.6015197467804
2026-08-01_11-09-46_go2_trs_m0p1_v0p05_w500_minv0_20k_512,TRS 0.10/0.05,103.46496,4.495591511660152,33.49323482513428
2026-08-01_11-09-46_go2_trs_m0p1_v0p05_w500_minv0_20k_512,TRS 0.10/0.05,103.71072,4.505525318715307,33.265837812423705
2026-08-01_11-09-46_go2_trs_m0p1_v0p05_w500_minv0_20k_512,TRS 0.10/0.05,103.95648,4.515573835836516,33.14726976394653
2026-08-01_11-09-46_go2_trs_m0p1_v0p05_w500_minv0_20k_512,TRS 0.10/0.05,104.20224,4.525466735694144,33.206186809539794
2026-08-01_11-09-46_go2_trs_m0p1_v0p05_w500_minv0_20k_512,TRS 0.10/0.05,104.448,4.535296679867638,33.29730952262879
2026-08-01_11-09-46_go2_trs_m0p1_v0p05_w500_minv0_20k_512,TRS 0.10/0.05,104.69376,4.545298193030887,33.24072978019714
2026-08-01_11-09-46_go2_trs_m0p1_v0p05_w500_minv0_20k_512,TRS 0.10/0.05,104.93952,4.55535054465135,33.29215569496155
2026-08-01_11-09-46_go2_trs_m0p1_v0p05_w500_minv0_20k_512,TRS 0.10/0.05,105.18528,4.565279650886853,33.294088678359984
2026-08-01_11-09-46_go2_trs_m0p1_v0p05_w500_minv0_20k_512,TRS 0.10/0.05,105.43104,4.575204769439168,33.276062898635864
2026-08-01_11-09-46_go2_trs_m0p1_v0p05_w500_minv0_20k_512,TRS 0.10/0.05,105.6768,4.585221174359321,33.265807447433474
2026-08-01_11-09-46_go2_trs_m0p1_v0p05_w500_minv0_20k_512,TRS 0.10/0.05,105.92256,4.595122735235426,33.38479681015015
2026-08-01_11-09-46_go2_trs_m0p1_v0p05_w500_minv0_20k_512,TRS 0.10/0.05,106.16832,4.605086036655638,33.59572047233581
2026-08-01_11-09-46_go2_trs_m0p1_v0p05_w500_minv0_20k_512,TRS 0.10/0.05,106.41408,4.614985145529111,33.702477054595946
2026-08-01_11-09-46_go2_trs_m0p1_v0p05_w500_minv0_20k_512,TRS 0.10/0.05,106.65984,4.624951444665591,33.654455032348636
2026-08-01_11-09-46_go2_trs_m0p1_v0p05_w500_minv0_20k_512,TRS 0.10/0.05,106.9056,4.634910757541657,33.59755721092224
2026-08-01_11-09-46_go2_trs_m0p1_v0p05_w500_minv0_20k_512,TRS 0.10/0.05,107.15136,4.644849653442701,33.74668763160705
2026-08-01_11-09-46_go2_trs_m0p1_v0p05_w500_minv0_20k_512,TRS 0.10/0.05,107.39712,4.65478373448054,33.61139179229736
2026-08-01_11-09-46_go2_trs_m0p1_v0p05_w500_minv0_20k_512,TRS 0.10/0.05,107.64288,4.664657251172596,33.775407810211185
2026-08-01_11-09-46_go2_trs_m0p1_v0p05_w500_minv0_20k_512,TRS 0.10/0.05,107.88864,4.674591917726729,33.739126720428466
2026-08-01_11-09-46_go2_trs_m0p1_v0p05_w500_minv0_20k_512,TRS 0.10/0.05,108.1344,4.684522382087177,33.66704746246338
2026-08-01_11-09-46_go2_trs_m0p1_v0p05_w500_minv0_20k_512,TRS 0.10/0.05,108.38016,4.694413320422172,33.595147399902345
2026-08-01_11-09-46_go2_trs_m0p1_v0p05_w500_minv0_20k_512,TRS 0.10/0.05,108.62592,4.704480304784245,33.49247444152832
2026-08-01_11-09-46_go2_trs_m0p1_v0p05_w500_minv0_20k_512,TRS 0.10/0.05,108.87168,4.714414549801084,33.43777223587036
2026-08-01_11-09-46_go2_trs_m0p1_v0p05_w500_minv0_20k_512,TRS 0.10/0.05,109.11744,4.724225204057164,33.491762981414794
2026-08-01_11-09-46_go2_trs_m0p1_v0p05_w500_minv0_20k_512,TRS 0.10/0.05,109.3632,4.734221167431937,33.712576475143436
2026-08-01_11-09-46_go2_trs_m0p1_v0p05_w500_minv0_20k_512,TRS 0.10/0.05,109.60896,4.74410778231091,33.629840269088746
2026-08-01_11-09-46_go2_trs_m0p1_v0p05_w500_minv0_20k_512,TRS 0.10/0.05,109.85472,4.754070203635428,33.7409436416626
2026-08-01_11-09-46_go2_trs_m0p1_v0p05_w500_minv0_20k_512,TRS 0.10/0.05,110.10048,4.7642666671011185,33.576363754272464
2026-08-01_11-09-46_go2_trs_m0p1_v0p05_w500_minv0_20k_512,TRS 0.10/0.05,110.34624,4.774487444692188,33.63686073303223
2026-08-01_11-09-46_go2_trs_m0p1_v0p05_w500_minv0_20k_512,TRS 0.10/0.05,110.592,4.784444283975495,33.79030000686645
2026-08-01_11-09-46_go2_trs_m0p1_v0p05_w500_minv0_20k_512,TRS 0.10/0.05,110.83776,4.794470425777965,33.90256299972534
2026-08-01_11-09-46_go2_trs_m0p1_v0p05_w500_minv0_20k_512,TRS 0.10/0.05,111.08352,4.805541771981451,34.1343044090271
2026-08-01_11-09-46_go2_trs_m0p1_v0p05_w500_minv0_20k_512,TRS 0.10/0.05,111.32928,4.818085354699029,34.133983249664304
2026-08-01_11-09-46_go2_trs_m0p1_v0p05_w500_minv0_20k_512,TRS 0.10/0.05,111.57504,4.830733668936624,34.167815399169925
2026-08-01_11-09-46_go2_trs_m0p1_v0p05_w500_minv0_20k_512,TRS 0.10/0.05,111.8208,4.843042455448044,34.048111057281496
2026-08-01_11-09-46_go2_trs_m0p1_v0p05_w500_minv0_20k_512,TRS 0.10/0.05,112.06656,4.854976498749521,34.038642692565915
2026-08-01_11-09-46_go2_trs_m0p1_v0p05_w500_minv0_20k_512,TRS 0.10/0.05,112.31232,4.866978536711799,33.96469814300537
2026-08-01_11-09-46_go2_trs_m0p1_v0p05_w500_minv0_20k_512,TRS 0.10/0.05,112.55808,4.8793251358800465,33.987877197265625
2026-08-01_11-09-46_go2_trs_m0p1_v0p05_w500_minv0_20k_512,TRS 0.10/0.05,112.80384,4.891985625425974,34.067232360839846
2026-08-01_11-09-46_go2_trs_m0p1_v0p05_w500_minv0_20k_512,TRS 0.10/0.05,113.0496,4.904593065314823,34.038746166229245
2026-08-01_11-09-46_go2_trs_m0p1_v0p05_w500_minv0_20k_512,TRS 0.10/0.05,113.29536,4.917094681925244,34.052917289733884
2026-08-01_11-09-46_go2_trs_m0p1_v0p05_w500_minv0_20k_512,TRS 0.10/0.05,113.54112,4.930590747065014,33.88860330581665
2026-08-01_11-09-46_go2_trs_m0p1_v0p05_w500_minv0_20k_512,TRS 0.10/0.05,113.78688,4.944004861646229,33.894910678863525
2026-08-01_11-09-46_go2_trs_m0p1_v0p05_w500_minv0_20k_512,TRS 0.10/0.05,114.03264,4.957284260458416,33.88466379165649
2026-08-01_11-09-46_go2_trs_m0p1_v0p05_w500_minv0_20k_512,TRS 0.10/0.05,114.2784,4.970505605273776,33.801362438201906
2026-08-01_11-09-46_go2_trs_m0p1_v0p05_w500_minv0_20k_512,TRS 0.10/0.05,114.52416,4.983211088710361,33.79097246170044
2026-08-01_11-09-46_go2_trs_m0p1_v0p05_w500_minv0_20k_512,TRS 0.10/0.05,114.76992,4.99600562552611,33.759150981903076
2026-08-01_11-09-46_go2_trs_m0p1_v0p05_w500_minv0_20k_512,TRS 0.10/0.05,115.01568,5.009124009542995,33.765462703704834
2026-08-01_11-09-46_go2_trs_m0p1_v0p05_w500_minv0_20k_512,TRS 0.10/0.05,115.26144,5.022358862294091,33.6873703956604
2026-08-01_11-09-46_go2_trs_m0p1_v0p05_w500_minv0_20k_512,TRS 0.10/0.05,115.5072,5.035169405606058,33.776696395874026
2026-08-01_11-09-46_go2_trs_m0p1_v0p05_w500_minv0_20k_512,TRS 0.10/0.05,115.75296,5.0488076232539285,33.66989144325257
2026-08-01_11-09-46_go2_trs_m0p1_v0p05_w500_minv0_20k_512,TRS 0.10/0.05,115.99872,5.062214978933334,33.854271211624145
2026-08-01_11-09-46_go2_trs_m0p1_v0p05_w500_minv0_20k_512,TRS 0.10/0.05,116.24448,5.075657308234109,33.86274928092956
2026-08-01_11-09-46_go2_trs_m0p1_v0p05_w500_minv0_20k_512,TRS 0.10/0.05,116.49024,5.0889658850431445,33.96924036979675
2026-08-01_11-09-46_go2_trs_m0p1_v0p05_w500_minv0_20k_512,TRS 0.10/0.05,116.736,5.102300064961115,34.070039129257204
2026-08-01_11-09-46_go2_trs_m0p1_v0p05_w500_minv0_20k_512,TRS 0.10/0.05,116.98176,5.115186083184348,34.22063994407654
2026-08-01_11-09-46_go2_trs_m0p1_v0p05_w500_minv0_20k_512,TRS 0.10/0.05,117.22752,5.127910000681877,34.35436335563659
2026-08-01_11-09-46_go2_trs_m0p1_v0p05_w500_minv0_20k_512,TRS 0.10/0.05,117.47328,5.14071186085542,34.36603035926819
2026-08-01_11-09-46_go2_trs_m0p1_v0p05_w500_minv0_20k_512,TRS 0.10/0.05,117.71904,5.1541717773675915,34.38572905540466
2026-08-01_11-09-46_go2_trs_m0p1_v0p05_w500_minv0_20k_512,TRS 0.10/0.05,117.9648,5.167584520114793,34.376701517105104
2026-08-01_11-09-46_go2_trs_m0p1_v0p05_w500_minv0_20k_512,TRS 0.10/0.05,118.21056,5.180350942810376,34.34324083328247
2026-08-01_11-09-46_go2_trs_m0p1_v0p05_w500_minv0_20k_512,TRS 0.10/0.05,118.45632,5.193744801282882,34.36541570663452
2026-08-01_11-09-46_go2_trs_m0p1_v0p05_w500_minv0_20k_512,TRS 0.10/0.05,118.70208,5.207103132738007,34.595163898468016
2026-08-01_11-09-46_go2_trs_m0p1_v0p05_w500_minv0_20k_512,TRS 0.10/0.05,118.94784,5.220291141668955,34.51336622238159
2026-08-01_11-09-46_go2_trs_m0p1_v0p05_w500_minv0_20k_512,TRS 0.10/0.05,119.1936,5.233541634413931,34.382063484191896
2026-08-01_11-09-46_go2_trs_m0p1_v0p05_w500_minv0_20k_512,TRS 0.10/0.05,119.43936,5.246069750256009,34.32932527542114
2026-08-01_11-09-46_go2_trs_m0p1_v0p05_w500_minv0_20k_512,TRS 0.10/0.05,119.68512,5.258653879165649,34.42509098052979
2026-08-01_11-09-46_go2_trs_m0p1_v0p05_w500_minv0_20k_512,TRS 0.10/0.05,119.93088,5.271466556390126,34.32791788101196
2026-08-01_11-09-46_go2_trs_m0p1_v0p05_w500_minv0_20k_512,TRS 0.10/0.05,120.17664,5.284798501928647,34.359727745056155
2026-08-01_11-09-46_go2_trs_m0p1_v0p05_w500_minv0_20k_512,TRS 0.10/0.05,120.4224,5.298173800839318,34.38459318161011
2026-08-01_11-09-46_go2_trs_m0p1_v0p05_w500_minv0_20k_512,TRS 0.10/0.05,120.66816,5.311637918154399,34.507022304534914
2026-08-01_11-09-46_go2_trs_m0p1_v0p05_w500_minv0_20k_512,TRS 0.10/0.05,120.91392,5.324778420527776,34.370854148864744
2026-08-01_11-09-46_go2_trs_m0p1_v0p05_w500_minv0_20k_512,TRS 0.10/0.05,121.15968,5.337560193273756,34.242754440307614
2026-08-01_11-09-46_go2_trs_m0p1_v0p05_w500_minv0_20k_512,TRS 0.10/0.05,121.40544,5.3501109184821445,34.22952081680298
2026-08-01_11-09-46_go2_trs_m0p1_v0p05_w500_minv0_20k_512,TRS 0.10/0.05,121.6512,5.362628326879607,34.343765869140626
2026-08-01_11-09-46_go2_trs_m0p1_v0p05_w500_minv0_20k_512,TRS 0.10/0.05,121.89696,5.374899066355494,34.357543830871585
2026-08-01_11-09-46_go2_trs_m0p1_v0p05_w500_minv0_20k_512,TRS 0.10/0.05,122.14272,5.3867705908748835,34.219107189178466
2026-08-01_11-09-46_go2_trs_m0p1_v0p05_w500_minv0_20k_512,TRS 0.10/0.05,122.38848,5.39873723520173,34.40448003768921
2026-08-01_11-09-46_go2_trs_m0p1_v0p05_w500_minv0_20k_512,TRS 0.10/0.05,122.63424,5.411198666360643,34.466784420013425
2026-08-01_11-09-46_go2_trs_m0p1_v0p05_w500_minv0_20k_512,TRS 0.10/0.05,122.88,5.42385407699479,34.50547529220581
2026-08-01_11-09-46_go2_trs_m0p1_v0p05_w500_minv0_20k_512,TRS 0.10/0.05,123.12576,5.436704694496261,34.59743766784668
2026-08-01_11-09-46_go2_trs_m0p1_v0p05_w500_minv0_20k_512,TRS 0.10/0.05,123.37152,5.44921527504921,34.76054147720337
2026-08-01_11-09-46_go2_trs_m0p1_v0p05_w500_minv0_20k_512,TRS 0.10/0.05,123.61728,5.461598881151941,34.67803094863891
2026-08-01_11-09-46_go2_trs_m0p1_v0p05_w500_minv0_20k_512,TRS 0.10/0.05,123.86304,5.474353268345197,34.762620754241944
2026-08-01_11-09-46_go2_trs_m0p1_v0p05_w500_minv0_20k_512,TRS 0.10/0.05,124.1088,5.486918959021568,34.80927356719971
2026-08-01_11-09-46_go2_trs_m0p1_v0p05_w500_minv0_20k_512,TRS 0.10/0.05,124.35456,5.499224383036296,34.77374471664429
2026-08-01_11-09-46_go2_trs_m0p1_v0p05_w500_minv0_20k_512,TRS 0.10/0.05,124.60032,5.511405692100525,34.86671524047851
2026-08-01_11-09-46_go2_trs_m0p1_v0p05_w500_minv0_20k_512,TRS 0.10/0.05,124.84608,5.523355967932277,34.928010597229004
2026-08-01_11-09-46_go2_trs_m0p1_v0p05_w500_minv0_20k_512,TRS 0.10/0.05,125.09184,5.535338887572289,34.76235609054565
2026-08-01_11-09-46_go2_trs_m0p1_v0p05_w500_minv0_20k_512,TRS 0.10/0.05,125.3376,5.547900708119075,34.61641389846802
2026-08-01_11-09-46_go2_trs_m0p1_v0p05_w500_minv0_20k_512,TRS 0.10/0.05,125.58336,5.560497421092458,34.578924331665036
2026-08-01_11-09-46_go2_trs_m0p1_v0p05_w500_minv0_20k_512,TRS 0.10/0.05,125.82912,5.573296253813638,34.496223812103274
2026-08-01_11-09-46_go2_trs_m0p1_v0p05_w500_minv0_20k_512,TRS 0.10/0.05,126.07488,5.586004786623849,34.59669942855835
2026-08-01_11-09-46_go2_trs_m0p1_v0p05_w500_minv0_20k_512,TRS 0.10/0.05,126.32064,5.598774894277255,34.513499660491945
2026-08-01_11-09-46_go2_trs_m0p1_v0p05_w500_minv0_20k_512,TRS 0.10/0.05,126.5664,5.611402323974503,34.62247480392456
2026-08-01_11-09-46_go2_trs_m0p1_v0p05_w500_minv0_20k_512,TRS 0.10/0.05,126.81216,5.624149977432357,34.6769183921814
2026-08-01_11-09-46_go2_trs_m0p1_v0p05_w500_minv0_20k_512,TRS 0.10/0.05,127.05792,5.636678189370367,34.47618980407715
2026-08-01_11-09-46_go2_trs_m0p1_v0p05_w500_minv0_20k_512,TRS 0.10/0.05,127.30368,5.64885347187519,34.2700959777832
2026-08-01_11-09-46_go2_trs_m0p1_v0p05_w500_minv0_20k_512,TRS 0.10/0.05,127.54944,5.660697671837277,34.31587562561035
2026-08-01_11-09-46_go2_trs_m0p1_v0p05_w500_minv0_20k_512,TRS 0.10/0.05,127.7952,5.67295392566257,34.340818824768064
2026-08-01_11-09-46_go2_trs_m0p1_v0p05_w500_minv0_20k_512,TRS 0.10/0.05,128.04096,5.685664901402261,34.306726417541505
2026-08-01_11-09-46_go2_trs_m0p1_v0p05_w500_minv0_20k_512,TRS 0.10/0.05,128.28672,5.698187333345413,34.19785117149353
2026-08-01_11-09-46_go2_trs_m0p1_v0p05_w500_minv0_20k_512,TRS 0.10/0.05,128.53248,5.7109667974710465,34.145600118637084
2026-08-01_11-09-46_go2_trs_m0p1_v0p05_w500_minv0_20k_512,TRS 0.10/0.05,128.77824,5.723680246935951,34.164078359603884
2026-08-01_11-09-46_go2_trs_m0p1_v0p05_w500_minv0_20k_512,TRS 0.10/0.05,129.024,5.736791918741332,33.96503767967224
2026-08-01_11-09-46_go2_trs_m0p1_v0p05_w500_minv0_20k_512,TRS 0.10/0.05,129.26976,5.749602379202843,33.97022837638855
2026-08-01_11-09-46_go2_trs_m0p1_v0p05_w500_minv0_20k_512,TRS 0.10/0.05,129.51552,5.762404751777649,34.2343839931488
2026-08-01_11-09-46_go2_trs_m0p1_v0p05_w500_minv0_20k_512,TRS 0.10/0.05,129.76128,5.775032261278894,34.326722135543825
2026-08-01_11-09-46_go2_trs_m0p1_v0p05_w500_minv0_20k_512,TRS 0.10/0.05,130.00704,5.787731923394733,34.30612813949585
2026-08-01_11-09-46_go2_trs_m0p1_v0p05_w500_minv0_20k_512,TRS 0.10/0.05,130.2528,5.800445684525702,34.39721000671387
2026-08-01_11-09-46_go2_trs_m0p1_v0p05_w500_minv0_20k_512,TRS 0.10/0.05,130.49856,5.813704109324349,34.33730785369873
2026-08-01_11-09-46_go2_trs_m0p1_v0p05_w500_minv0_20k_512,TRS 0.10/0.05,130.74432,5.827199978695975,34.46028811454773
2026-08-01_11-09-46_go2_trs_m0p1_v0p05_w500_minv0_20k_512,TRS 0.10/0.05,130.99008,5.840522807108031,34.62067337989807
2026-08-01_11-09-46_go2_trs_m0p1_v0p05_w500_minv0_20k_512,TRS 0.10/0.05,131.23584,5.853874357806312,34.7962238407135
2026-08-01_11-09-46_go2_trs_m0p1_v0p05_w500_minv0_20k_512,TRS 0.10/0.05,131.4816,5.867498073710336,35.036431283950805
2026-08-01_11-09-46_go2_trs_m0p1_v0p05_w500_minv0_20k_512,TRS 0.10/0.05,131.72736,5.8807394642300075,35.08665839195251
2026-08-01_11-09-46_go2_trs_m0p1_v0p05_w500_minv0_20k_512,TRS 0.10/0.05,131.97312,5.893878838155005,34.94795483589172
2026-08-01_11-09-46_go2_trs_m0p1_v0p05_w500_minv0_20k_512,TRS 0.10/0.05,132.21888,5.9070189144214,35.071946992874146
2026-08-01_11-09-46_go2_trs_m0p1_v0p05_w500_minv0_20k_512,TRS 0.10/0.05,132.46464,5.919705466892984,35.167145805358885
2026-08-01_11-09-46_go2_trs_m0p1_v0p05_w500_minv0_20k_512,TRS 0.10/0.05,132.7104,5.932394180562761,35.21820510864258
2026-08-01_11-09-46_go2_trs_m0p1_v0p05_w500_minv0_20k_512,TRS 0.10/0.05,132.95616,5.945447951157888,35.246517238616946
2026-08-01_11-09-46_go2_trs_m0p1_v0p05_w500_minv0_20k_512,TRS 0.10/0.05,133.20192,5.958709885941611,35.270504798889164
2026-08-01_11-09-46_go2_trs_m0p1_v0p05_w500_minv0_20k_512,TRS 0.10/0.05,133.44768,5.972111295859019,35.09055856704712
2026-08-01_11-09-46_go2_trs_m0p1_v0p05_w500_minv0_20k_512,TRS 0.10/0.05,133.69344,5.985434681706958,34.966318702697755
2026-08-01_11-09-46_go2_trs_m0p1_v0p05_w500_minv0_20k_512,TRS 0.10/0.05,133.9392,5.998852165341377,34.88175090789795
2026-08-01_11-09-46_go2_trs_m0p1_v0p05_w500_minv0_20k_512,TRS 0.10/0.05,134.18496,6.012263704472118,34.818861389160155
2026-08-01_11-09-46_go2_trs_m0p1_v0p05_w500_minv0_20k_512,TRS 0.10/0.05,134.43072,6.025663557317522,34.82618207931519
2026-08-01_11-09-46_go2_trs_m0p1_v0p05_w500_minv0_20k_512,TRS 0.10/0.05,134.67648,6.038805622259776,34.58953550338745
2026-08-01_11-09-46_go2_trs_m0p1_v0p05_w500_minv0_20k_512,TRS 0.10/0.05,134.92224,6.051269203093317,34.5902642250061
2026-08-01_11-09-46_go2_trs_m0p1_v0p05_w500_minv0_20k_512,TRS 0.10/0.05,135.168,6.063863071401914,34.55932415008545
2026-08-01_11-09-46_go2_trs_m0p1_v0p05_w500_minv0_20k_512,TRS 0.10/0.05,135.41376,6.076845855911572,34.55779638290405
2026-08-01_11-09-46_go2_trs_m0p1_v0p05_w500_minv0_20k_512,TRS 0.10/0.05,135.65952,6.090045399136013,34.49726593017578
2026-08-01_11-09-46_go2_trs_m0p1_v0p05_w500_minv0_20k_512,TRS 0.10/0.05,135.90528,6.103340806365013,34.560507946014404
2026-08-01_11-09-46_go2_trs_m0p1_v0p05_w500_minv0_20k_512,TRS 0.10/0.05,136.15104,6.116777826282713,34.496432819366454
2026-08-01_11-09-46_go2_trs_m0p1_v0p05_w500_minv0_20k_512,TRS 0.10/0.05,136.3968,6.130140007999208,34.45289239883423
2026-08-01_11-09-46_go2_trs_m0p1_v0p05_w500_minv0_20k_512,TRS 0.10/0.05,136.64256,6.1433756389882825,34.437134895324704
2026-08-01_11-09-46_go2_trs_m0p1_v0p05_w500_minv0_20k_512,TRS 0.10/0.05,136.88832,6.156456017957793,34.40091087341309
2026-08-01_11-09-46_go2_trs_m0p1_v0p05_w500_minv0_20k_512,TRS 0.10/0.05,137.13408,6.169592681129774,34.435847492218016
2026-08-01_11-09-46_go2_trs_m0p1_v0p05_w500_minv0_20k_512,TRS 0.10/0.05,137.37984,6.1823482449849445,34.49660797119141
2026-08-01_11-09-46_go2_trs_m0p1_v0p05_w500_minv0_20k_512,TRS 0.10/0.05,137.6256,6.195031560460726,34.46181455612182
2026-08-01_11-09-46_go2_trs_m0p1_v0p05_w500_minv0_20k_512,TRS 0.10/0.05,137.87136,6.207943772210015,34.45668224334717
2026-08-01_11-09-46_go2_trs_m0p1_v0p05_w500_minv0_20k_512,TRS 0.10/0.05,138.11712,6.221247925427225,34.5553102684021
2026-08-01_11-09-46_go2_trs_m0p1_v0p05_w500_minv0_20k_512,TRS 0.10/0.05,138.36288,6.2345140404833685,34.63226430892944
2026-08-01_11-09-46_go2_trs_m0p1_v0p05_w500_minv0_20k_512,TRS 0.10/0.05,138.60864,6.247370031674703,34.7933669090271
2026-08-01_11-09-46_go2_trs_m0p1_v0p05_w500_minv0_20k_512,TRS 0.10/0.05,138.8544,6.260687397784657,34.88026441574097
2026-08-01_11-09-46_go2_trs_m0p1_v0p05_w500_minv0_20k_512,TRS 0.10/0.05,139.10016,6.274037976927228,34.95957609176636
2026-08-01_11-09-46_go2_trs_m0p1_v0p05_w500_minv0_20k_512,TRS 0.10/0.05,139.34592,6.287242848608229,35.071421699523924
2026-08-01_11-09-46_go2_trs_m0p1_v0p05_w500_minv0_20k_512,TRS 0.10/0.05,139.59168,6.2995081571075655,35.26318914413452
2026-08-01_11-09-46_go2_trs_m0p1_v0p05_w500_minv0_20k_512,TRS 0.10/0.05,139.83744,6.31210526532597,35.32833532333374
2026-08-01_11-09-46_go2_trs_m0p1_v0p05_w500_minv0_20k_512,TRS 0.10/0.05,140.0832,6.324876616067357,35.30623723983765
2026-08-01_11-09-46_go2_trs_m0p1_v0p05_w500_minv0_20k_512,TRS 0.10/0.05,140.32896,6.337572482890553,35.434795188903806
2026-08-01_11-09-46_go2_trs_m0p1_v0p05_w500_minv0_20k_512,TRS 0.10/0.05,140.57472,6.3508458142148125,35.43594301223755
2026-08-01_11-09-46_go2_trs_m0p1_v0p05_w500_minv0_20k_512,TRS 0.10/0.05,140.82048,6.36356958799892,35.48738468170166
2026-08-01_11-09-46_go2_trs_m0p1_v0p05_w500_minv0_20k_512,TRS 0.10/0.05,141.06624,6.376859877374437,35.53433185577393
2026-08-01_11-09-46_go2_trs_m0p1_v0p05_w500_minv0_20k_512,TRS 0.10/0.05,141.312,6.3900757006141875,35.54195760726929
2026-08-01_11-09-46_go2_trs_m0p1_v0p05_w500_minv0_20k_512,TRS 0.10/0.05,141.55776,6.403397530052397,35.584782409667966
2026-08-01_11-09-46_go2_trs_m0p1_v0p05_w500_minv0_20k_512,TRS 0.10/0.05,141.80352,6.416594135297669,35.67065938949585
2026-08-01_11-09-46_go2_trs_m0p1_v0p05_w500_minv0_20k_512,TRS 0.10/0.05,142.04928,6.429687057799764,35.58708223342896
2026-08-01_11-09-46_go2_trs_m0p1_v0p05_w500_minv0_20k_512,TRS 0.10/0.05,142.29504,6.442616550127665,35.55777091979981
2026-08-01_11-09-46_go2_trs_m0p1_v0p05_w500_minv0_20k_512,TRS 0.10/0.05,142.5408,6.455199059579107,35.6625435256958
2026-08-01_11-09-46_go2_trs_m0p1_v0p05_w500_minv0_20k_512,TRS 0.10/0.05,142.78656,6.4677681650718055,35.56504438400268
2026-08-01_11-09-46_go2_trs_m0p1_v0p05_w500_minv0_20k_512,TRS 0.10/0.05,143.03232,6.480913389722506,35.66008131027222
2026-08-01_11-09-46_go2_trs_m0p1_v0p05_w500_minv0_20k_512,TRS 0.10/0.05,143.27808,6.494229336778323,35.70103021621704
2026-08-01_11-09-46_go2_trs_m0p1_v0p05_w500_minv0_20k_512,TRS 0.10/0.05,143.52384,6.507592503892051,35.42784490585327
2026-08-01_11-09-46_go2_trs_m0p1_v0p05_w500_minv0_20k_512,TRS 0.10/0.05,143.7696,6.520957449343469,35.40851354598999
2026-08-01_11-09-46_go2_trs_m0p1_v0p05_w500_minv0_20k_512,TRS 0.10/0.05,144.01536,6.534387908842828,35.33275588989258
2026-08-01_11-09-46_go2_trs_m0p1_v0p05_w500_minv0_20k_512,TRS 0.10/0.05,144.26112,6.547471606863869,35.23715801239014
2026-08-01_11-09-46_go2_trs_m0p1_v0p05_w500_minv0_20k_512,TRS 0.10/0.05,144.50688,6.560546915001339,35.34251413345337
2026-08-01_11-09-46_go2_trs_m0p1_v0p05_w500_minv0_20k_512,TRS 0.10/0.05,144.75264,6.573585299253463,35.37450622558594
2026-08-01_11-09-46_go2_trs_m0p1_v0p05_w500_minv0_20k_512,TRS 0.10/0.05,144.9984,6.58628136879868,35.513665466308595
2026-08-01_11-09-46_go2_trs_m0p1_v0p05_w500_minv0_20k_512,TRS 0.10/0.05,145.24416,6.598954795466529,35.52380498886109
2026-08-01_11-09-46_go2_trs_m0p1_v0p05_w500_minv0_20k_512,TRS 0.10/0.05,145.48992,6.612103525665071,35.46247802734375
2026-08-01_11-09-46_go2_trs_m0p1_v0p05_w500_minv0_20k_512,TRS 0.10/0.05,145.73568,6.625273167822096,35.37885547637939
2026-08-01_11-09-46_go2_trs_m0p1_v0p05_w500_minv0_20k_512,TRS 0.10/0.05,145.98144,6.638706586692068,35.44901132583618
2026-08-01_11-09-46_go2_trs_m0p1_v0p05_w500_minv0_20k_512,TRS 0.10/0.05,146.2272,6.652016517586178,35.46430665969849
2026-08-01_11-09-46_go2_trs_m0p1_v0p05_w500_minv0_20k_512,TRS 0.10/0.05,146.47296,6.665417778160837,35.5491429901123
2026-08-01_11-09-46_go2_trs_m0p1_v0p05_w500_minv0_20k_512,TRS 0.10/0.05,146.71872,6.678563181824154,35.568426322937015
2026-08-01_11-09-46_go2_trs_m0p1_v0p05_w500_minv0_20k_512,TRS 0.10/0.05,146.96448,6.691712876492076,35.63296995162964
2026-08-01_11-09-46_go2_trs_m0p1_v0p05_w500_minv0_20k_512,TRS 0.10/0.05,147.21024,6.704875402980381,35.626243381500245
2026-08-01_11-09-46_go2_trs_m0p1_v0p05_w500_minv0_20k_512,TRS 0.10/0.05,147.456,6.717594210041894,35.39838855743408
2026-08-01_11-09-46_go2_trs_m0p1_v0p05_w500_minv0_20k_512,TRS 0.10/0.05,147.70176,6.7303521412611005,35.391515254974365
2026-08-01_11-09-46_go2_trs_m0p1_v0p05_w500_minv0_20k_512,TRS 0.10/0.05,147.94752,6.743297637436125,35.33148370742798
2026-08-01_11-09-46_go2_trs_m0p1_v0p05_w500_minv0_20k_512,TRS 0.10/0.05,148.19328,6.756394283970197,35.278372344970705
2026-08-01_11-09-46_go2_trs_m0p1_v0p05_w500_minv0_20k_512,TRS 0.10/0.05,148.43904,6.769555537104607,35.44056175231933
2026-08-01_11-09-46_go2_trs_m0p1_v0p05_w500_minv0_20k_512,TRS 0.10/0.05,148.6848,6.782866077091959,35.43040416717529
2026-08-01_11-09-46_go2_trs_m0p1_v0p05_w500_minv0_20k_512,TRS 0.10/0.05,148.93056,6.796230717632506,35.46630437850952
2026-08-01_11-09-46_go2_trs_m0p1_v0p05_w500_minv0_20k_512,TRS 0.10/0.05,149.17632,6.80948520620664,35.50924730300903
2026-08-01_11-09-46_go2_trs_m0p1_v0p05_w500_minv0_20k_512,TRS 0.10/0.05,149.42208,6.822599983149105,35.539970779418944
2026-08-01_11-09-46_go2_trs_m0p1_v0p05_w500_minv0_20k_512,TRS 0.10/0.05,149.66784,6.835722113450368,35.50438333511352
2026-08-01_11-09-46_go2_trs_m0p1_v0p05_w500_minv0_20k_512,TRS 0.10/0.05,149.9136,6.848327871097458,35.63098585128784
2026-08-01_11-09-46_go2_trs_m0p1_v0p05_w500_minv0_20k_512,TRS 0.10/0.05,150.15936,6.860956544213825,35.63715913772583
2026-08-01_11-09-46_go2_trs_m0p1_v0p05_w500_minv0_20k_512,TRS 0.10/0.05,150.40512,6.873689220746358,35.630007362365724
2026-08-01_11-09-46_go2_trs_m0p1_v0p05_w500_minv0_20k_512,TRS 0.10/0.05,150.65088,6.886855710877312,35.68099308013916
2026-08-01_11-09-46_go2_trs_m0p1_v0p05_w500_minv0_20k_512,TRS 0.10/0.05,150.89664,6.900130187471707,35.68788148880005
2026-08-01_11-09-46_go2_trs_m0p1_v0p05_w500_minv0_20k_512,TRS 0.10/0.05,151.1424,6.913174738950199,35.71931037902832
2026-08-01_11-09-46_go2_trs_m0p1_v0p05_w500_minv0_20k_512,TRS 0.10/0.05,151.38816,6.92623733262221,35.67776294708252
2026-08-01_11-09-46_go2_trs_m0p1_v0p05_w500_minv0_20k_512,TRS 0.10/0.05,151.63392,6.939341516428524,35.66611524581909
2026-08-01_11-09-46_go2_trs_m0p1_v0p05_w500_minv0_20k_512,TRS 0.10/0.05,151.87968,6.952235441009203,35.487374515533446
2026-08-01_11-09-46_go2_trs_m0p1_v0p05_w500_minv0_20k_512,TRS 0.10/0.05,152.12544,6.965205639998118,35.38754108428955
2026-08-01_11-09-46_go2_trs_m0p1_v0p05_w500_minv0_20k_512,TRS 0.10/0.05,152.3712,6.9780219787359234,35.26921607971192
2026-08-01_11-09-46_go2_trs_m0p1_v0p05_w500_minv0_20k_512,TRS 0.10/0.05,152.61696,6.990607476366891,35.391721363067624
2026-08-01_11-09-46_go2_trs_m0p1_v0p05_w500_minv0_20k_512,TRS 0.10/0.05,152.86272,7.003222518232134,35.4747412109375
2026-08-01_11-09-46_go2_trs_m0p1_v0p05_w500_minv0_20k_512,TRS 0.10/0.05,153.10848,7.016521424916055,35.43086591720581
2026-08-01_11-09-46_go2_trs_m0p1_v0p05_w500_minv0_20k_512,TRS 0.10/0.05,153.35424,7.029722150299285,35.29264867782593
2026-08-01_11-09-46_go2_trs_m0p1_v0p05_w500_minv0_20k_512,TRS 0.10/0.05,153.6,7.0429119051827325,35.198184127807615
2026-08-01_11-09-46_go2_trs_m0p1_v0p05_w500_minv0_20k_512,TRS 0.10/0.05,153.84576,7.056106071935759,35.058337364196774
2026-08-01_11-09-46_go2_trs_m0p1_v0p05_w500_minv0_20k_512,TRS 0.10/0.05,154.09152,7.069279389381409,34.92737771987915
2026-08-01_11-09-46_go2_trs_m0p1_v0p05_w500_minv0_20k_512,TRS 0.10/0.05,154.33728,7.082241494059563,34.8628716468811
2026-08-01_11-09-46_go2_trs_m0p1_v0p05_w500_minv0_20k_512,TRS 0.10/0.05,154.58304,7.09539161629147,34.94687572479248
2026-08-01_11-09-46_go2_trs_m0p1_v0p05_w500_minv0_20k_512,TRS 0.10/0.05,154.8288,7.108295007215606,35.011892566680906
2026-08-01_11-09-46_go2_trs_m0p1_v0p05_w500_minv0_20k_512,TRS 0.10/0.05,155.07456,7.120857987933689,34.91503564834595
2026-08-01_11-09-46_go2_trs_m0p1_v0p05_w500_minv0_20k_512,TRS 0.10/0.05,155.32032,7.1333302088578545,35.00696882247925
2026-08-01_11-09-46_go2_trs_m0p1_v0p05_w500_minv0_20k_512,TRS 0.10/0.05,155.56608,7.146379494667054,35.14893856048584
2026-08-01_11-09-46_go2_trs_m0p1_v0p05_w500_minv0_20k_512,TRS 0.10/0.05,155.81184,7.159581880370776,35.29629011154175
2026-08-01_11-09-46_go2_trs_m0p1_v0p05_w500_minv0_20k_512,TRS 0.10/0.05,156.0576,7.172785151402156,35.281306419372555
2026-08-01_11-09-46_go2_trs_m0p1_v0p05_w500_minv0_20k_512,TRS 0.10/0.05,156.30336,7.186200023227268,35.50811330795288
2026-08-01_11-09-46_go2_trs_m0p1_v0p05_w500_minv0_20k_512,TRS 0.10/0.05,156.54912,7.199526608652539,35.76175807952881
2026-08-01_11-09-46_go2_trs_m0p1_v0p05_w500_minv0_20k_512,TRS 0.10/0.05,156.79488,7.212656088338958,35.95791114807129
2026-08-01_11-09-46_go2_trs_m0p1_v0p05_w500_minv0_20k_512,TRS 0.10/0.05,157.04064,7.225720901555485,36.06607402801514
2026-08-01_11-09-46_go2_trs_m0p1_v0p05_w500_minv0_20k_512,TRS 0.10/0.05,157.2864,7.238755032552613,35.99071601867676
2026-08-01_11-09-46_go2_trs_m0p1_v0p05_w500_minv0_20k_512,TRS 0.10/0.05,157.53216,7.251044656236966,36.017122707366944
2026-08-01_11-09-46_go2_trs_m0p1_v0p05_w500_minv0_20k_512,TRS 0.10/0.05,157.77792,7.263696255551444,35.87071584701538
2026-08-01_11-09-46_go2_trs_m0p1_v0p05_w500_minv0_20k_512,TRS 0.10/0.05,158.02368,7.276596028208733,35.95137954711914
2026-08-01_11-09-46_go2_trs_m0p1_v0p05_w500_minv0_20k_512,TRS 0.10/0.05,158.26944,7.290162981086307,35.860173587799075
2026-08-01_11-09-46_go2_trs_m0p1_v0p05_w500_minv0_20k_512,TRS 0.10/0.05,158.5152,7.303577918741438,35.96063310623169
2026-08-01_11-09-46_go2_trs_m0p1_v0p05_w500_minv0_20k_512,TRS 0.10/0.05,158.76096,7.316650627586577,35.93718532562256
2026-08-01_11-09-46_go2_trs_m0p1_v0p05_w500_minv0_20k_512,TRS 0.10/0.05,159.00672,7.329943875802888,35.84496685028076
2026-08-01_11-09-46_go2_trs_m0p1_v0p05_w500_minv0_20k_512,TRS 0.10/0.05,159.25248,7.343201263282034,35.80338079452515
2026-08-01_11-09-46_go2_trs_m0p1_v0p05_w500_minv0_20k_512,TRS 0.10/0.05,159.49824,7.356238907575607,35.67310703277588
2026-08-01_11-09-46_go2_trs_m0p1_v0p05_w500_minv0_20k_512,TRS 0.10/0.05,159.744,7.369521823591656,35.81306381225586
2026-08-01_11-09-46_go2_trs_m0p1_v0p05_w500_minv0_20k_512,TRS 0.10/0.05,159.98976,7.382330395181974,35.93111507415772
2026-08-01_11-09-46_go2_trs_m0p1_v0p05_w500_minv0_20k_512,TRS 0.10/0.05,160.23552,7.394924357268545,36.01735897064209
2026-08-01_11-09-46_go2_trs_m0p1_v0p05_w500_minv0_20k_512,TRS 0.10/0.05,160.48128,7.407677107055982,35.92490930557251
2026-08-01_11-09-46_go2_trs_m0p1_v0p05_w500_minv0_20k_512,TRS 0.10/0.05,160.72704,7.42099487039778,36.04398941040039
2026-08-01_11-09-46_go2_trs_m0p1_v0p05_w500_minv0_20k_512,TRS 0.10/0.05,160.9728,7.434373267359204,36.04518968582153
2026-08-01_11-09-46_go2_trs_m0p1_v0p05_w500_minv0_20k_512,TRS 0.10/0.05,161.21856,7.447692687643899,35.933608322143556
2026-08-01_11-09-46_go2_trs_m0p1_v0p05_w500_minv0_20k_512,TRS 0.10/0.05,161.46432,7.460927075412538,35.952175788879394
2026-08-01_11-09-46_go2_trs_m0p1_v0p05_w500_minv0_20k_512,TRS 0.10/0.05,161.71008,7.4743347402413685,36.04937406539917
2026-08-01_11-09-46_go2_trs_m0p1_v0p05_w500_minv0_20k_512,TRS 0.10/0.05,161.95584,7.487444779607984,36.1883065032959
2026-08-01_11-09-46_go2_trs_m0p1_v0p05_w500_minv0_20k_512,TRS 0.10/0.05,162.2016,7.500734417968326,36.153176403045656
2026-08-01_11-09-46_go2_trs_m0p1_v0p05_w500_minv0_20k_512,TRS 0.10/0.05,162.44736,7.513565036389563,36.14117883682251
2026-08-01_11-09-46_go2_trs_m0p1_v0p05_w500_minv0_20k_512,TRS 0.10/0.05,162.69312,7.526266130606333,36.205666847229004
2026-08-01_11-09-46_go2_trs_m0p1_v0p05_w500_minv0_20k_512,TRS 0.10/0.05,162.93888,7.539052002694872,36.26971250534058
2026-08-01_11-09-46_go2_trs_m0p1_v0p05_w500_minv0_20k_512,TRS 0.10/0.05,163.18464,7.552567127876811,36.229147319793704
2026-08-01_11-09-46_go2_trs_m0p1_v0p05_w500_minv0_20k_512,TRS 0.10/0.05,163.4304,7.565806755754683,36.2716201210022
2026-08-01_11-09-46_go2_trs_m0p1_v0p05_w500_minv0_20k_512,TRS 0.10/0.05,163.67616,7.579097112615903,36.386178207397464
2026-08-01_11-09-46_go2_trs_m0p1_v0p05_w500_minv0_20k_512,TRS 0.10/0.05,163.92192,7.592298729419708,36.541646003723145
2026-08-01_11-09-46_go2_trs_m0p1_v0p05_w500_minv0_20k_512,TRS 0.10/0.05,164.16768,7.60551357169946,36.54718250274658
2026-08-01_11-09-46_go2_trs_m0p1_v0p05_w500_minv0_20k_512,TRS 0.10/0.05,164.41344,7.6187476774719025,36.48006879806518
2026-08-01_11-09-46_go2_trs_m0p1_v0p05_w500_minv0_20k_512,TRS 0.10/0.05,164.6592,7.631983770065838,36.56079317092895
2026-08-01_11-09-46_go2_trs_m0p1_v0p05_w500_minv0_20k_512,TRS 0.10/0.05,164.90496,7.644766626291805,36.584574966430665
2026-08-01_11-09-46_go2_trs_m0p1_v0p05_w500_minv0_20k_512,TRS 0.10/0.05,165.15072,7.657414731317096,36.517587909698484
2026-08-01_11-09-46_go2_trs_m0p1_v0p05_w500_minv0_20k_512,TRS 0.10/0.05,165.39648,7.670095190207164,36.37744565963745
2026-08-01_11-09-46_go2_trs_m0p1_v0p05_w500_minv0_20k_512,TRS 0.10/0.05,165.64224,7.683425811992751,36.35546850204468
2026-08-01_11-09-46_go2_trs_m0p1_v0p05_w500_minv0_20k_512,TRS 0.10/0.05,165.888,7.6967565630541905,36.29012607574463
2026-08-01_11-09-46_go2_trs_m0p1_v0p05_w500_minv0_20k_512,TRS 0.10/0.05,166.13376,7.7100666111045415,36.02970483779907
2026-08-01_11-09-46_go2_trs_m0p1_v0p05_w500_minv0_20k_512,TRS 0.10/0.05,166.37952,7.72343124601576,35.879936084747314
2026-08-01_11-09-46_go2_trs_m0p1_v0p05_w500_minv0_20k_512,TRS 0.10/0.05,166.62528,7.736974293059773,35.743219661712644
2026-08-01_11-09-46_go2_trs_m0p1_v0p05_w500_minv0_20k_512,TRS 0.10/0.05,166.87104,7.749831752048598,35.75480478286743
2026-08-01_11-09-46_go2_trs_m0p1_v0p05_w500_minv0_20k_512,TRS 0.10/0.05,167.1168,7.76309573981497,35.71005228042603
2026-08-01_11-09-46_go2_trs_m0p1_v0p05_w500_minv0_20k_512,TRS 0.10/0.05,167.36256,7.776086575521363,35.47654556274414
2026-08-01_11-09-46_go2_trs_m0p1_v0p05_w500_minv0_20k_512,TRS 0.10/0.05,167.60832,7.788779896563954,35.40002355575562
2026-08-01_11-09-46_go2_trs_m0p1_v0p05_w500_minv0_20k_512,TRS 0.10/0.05,167.85408,7.801454636851947,35.344357624053956
2026-08-01_11-09-46_go2_trs_m0p1_v0p05_w500_minv0_20k_512,TRS 0.10/0.05,168.09984,7.81465445432398,35.33292762756348
2026-08-01_11-09-46_go2_trs_m0p1_v0p05_w500_minv0_20k_512,TRS 0.10/0.05,168.3456,7.82792063554128,35.33905925750732
2026-08-01_11-09-46_go2_trs_m0p1_v0p05_w500_minv0_20k_512,TRS 0.10/0.05,168.59136,7.841132205327352,35.66232368469238
2026-08-01_11-09-46_go2_trs_m0p1_v0p05_w500_minv0_20k_512,TRS 0.10/0.05,168.83712,7.8546548996369046,35.76435300827026
2026-08-01_11-09-46_go2_trs_m0p1_v0p05_w500_minv0_20k_512,TRS 0.10/0.05,169.08288,7.867979131539663,35.838879375457765
2026-08-01_11-09-46_go2_trs_m0p1_v0p05_w500_minv0_20k_512,TRS 0.10/0.05,169.32864,7.881269244088067,35.87066415786743
2026-08-01_11-09-46_go2_trs_m0p1_v0p05_w500_minv0_20k_512,TRS 0.10/0.05,169.5744,7.894586350123087,35.79174196243286
2026-08-01_11-09-46_go2_trs_m0p1_v0p05_w500_minv0_20k_512,TRS 0.10/0.05,169.82016,7.907583864728609,35.827041988372805
2026-08-01_11-09-46_go2_trs_m0p1_v0p05_w500_minv0_20k_512,TRS 0.10/0.05,170.06592,7.920313178565767,35.86937355041504
2026-08-01_11-09-46_go2_trs_m0p1_v0p05_w500_minv0_20k_512,TRS 0.10/0.05,170.31168,7.933044979506069,36.02954879760742
2026-08-01_11-09-46_go2_trs_m0p1_v0p05_w500_minv0_20k_512,TRS 0.10/0.05,170.55744,7.946241648859448,36.1390443611145
2026-08-01_11-09-46_go2_trs_m0p1_v0p05_w500_minv0_20k_512,TRS 0.10/0.05,170.8032,7.959758590857188,36.165747013092044
2026-08-01_11-09-46_go2_trs_m0p1_v0p05_w500_minv0_20k_512,TRS 0.10/0.05,171.04896,7.973149119880464,36.03199481964111
2026-08-01_11-09-46_go2_trs_m0p1_v0p05_w500_minv0_20k_512,TRS 0.10/0.05,171.29472,7.986456497179137,35.88108098983765
2026-08-01_11-09-46_go2_trs_m0p1_v0p05_w500_minv0_20k_512,TRS 0.10/0.05,171.54048,7.999886981911129,35.8139115524292
2026-08-01_11-09-46_go2_trs_m0p1_v0p05_w500_minv0_20k_512,TRS 0.10/0.05,171.78624,8.013184523450004,35.74357053756714
2026-08-01_11-09-46_go2_trs_m0p1_v0p05_w500_minv0_20k_512,TRS 0.10/0.05,172.032,8.026453136338128,35.79574291229248
2026-08-01_11-09-46_go2_trs_m0p1_v0p05_w500_minv0_20k_512,TRS 0.10/0.05,172.27776,8.039081601235601,36.00215955734253
2026-08-01_11-09-46_go2_trs_m0p1_v0p05_w500_minv0_20k_512,TRS 0.10/0.05,172.52352,8.051773623625438,36.015384426116945
2026-08-01_11-09-46_go2_trs_m0p1_v0p05_w500_minv0_20k_512,TRS 0.10/0.05,172.76928,8.064353752268685,35.930832843780514
2026-08-01_11-09-46_go2_trs_m0p1_v0p05_w500_minv0_20k_512,TRS 0.10/0.05,173.01504,8.077314352326923,35.8957488822937
2026-08-01_11-09-46_go2_trs_m0p1_v0p05_w500_minv0_20k_512,TRS 0.10/0.05,173.2608,8.090737490587765,35.94917940139771
2026-08-01_11-09-46_go2_trs_m0p1_v0p05_w500_minv0_20k_512,TRS 0.10/0.05,173.50656,8.104260641137758,36.00395078659058
2026-08-01_11-09-46_go2_trs_m0p1_v0p05_w500_minv0_20k_512,TRS 0.10/0.05,173.75232,8.117774548663034,36.111163806915286
2026-08-01_11-09-46_go2_trs_m0p1_v0p05_w500_minv0_20k_512,TRS 0.10/0.05,173.99808,8.131316104266379,36.13872060775757
2026-08-01_11-09-46_go2_trs_m0p1_v0p05_w500_minv0_20k_512,TRS 0.10/0.05,174.24384,8.144616116484006,36.080147171020506
2026-08-01_11-09-46_go2_trs_m0p1_v0p05_w500_minv0_20k_512,TRS 0.10/0.05,174.4896,8.157798652052879,36.11210512161255
2026-08-01_11-09-46_go2_trs_m0p1_v0p05_w500_minv0_20k_512,TRS 0.10/0.05,174.73536,8.171021596193313,36.092512702941896
2026-08-01_11-09-46_go2_trs_m0p1_v0p05_w500_minv0_20k_512,TRS 0.10/0.05,174.98112,8.18370391342375,36.0795673751831
2026-08-01_11-09-46_go2_trs_m0p1_v0p05_w500_minv0_20k_512,TRS 0.10/0.05,175.22688,8.196368132763439,36.000670204162596
2026-08-01_11-09-46_go2_trs_m0p1_v0p05_w500_minv0_20k_512,TRS 0.10/0.05,175.47264,8.209338830047184,35.94478437423706
2026-08-01_11-09-46_go2_trs_m0p1_v0p05_w500_minv0_20k_512,TRS 0.10/0.05,175.7184,8.22263250430425,35.812194938659665
2026-08-01_11-09-46_go2_trs_m0p1_v0p05_w500_minv0_20k_512,TRS 0.10/0.05,175.96416,8.235875600311491,35.80734035491943
2026-08-01_11-09-46_go2_trs_m0p1_v0p05_w500_minv0_20k_512,TRS 0.10/0.05,176.20992,8.249284507566028,35.820024757385255
2026-08-01_11-09-46_go2_trs_m0p1_v0p05_w500_minv0_20k_512,TRS 0.10/0.05,176.45568,8.262861294481489,35.869835472106935
2026-08-01_11-09-46_go2_trs_m0p1_v0p05_w500_minv0_20k_512,TRS 0.10/0.05,176.70144,8.275804648796717,35.95538717269898
2026-08-01_11-09-46_go2_trs_m0p1_v0p05_w500_minv0_20k_512,TRS 0.10/0.05,176.9472,8.288567091292805,35.85178485870361
2026-08-01_11-09-46_go2_trs_m0p1_v0p05_w500_minv0_20k_512,TRS 0.10/0.05,177.19296,8.301797254151769,35.826482181549075
2026-08-01_11-09-46_go2_trs_m0p1_v0p05_w500_minv0_20k_512,TRS 0.10/0.05,177.43872,8.314528937538466,35.76112941741943
2026-08-01_11-09-46_go2_trs_m0p1_v0p05_w500_minv0_20k_512,TRS 0.10/0.05,177.68448,8.327133004334238,35.912034358978275
2026-08-01_11-09-46_go2_trs_m0p1_v0p05_w500_minv0_20k_512,TRS 0.10/0.05,177.93024,8.340031066470676,36.0712467956543
2026-08-01_11-09-46_go2_trs_m0p1_v0p05_w500_minv0_20k_512,TRS 0.10/0.05,178.176,8.353183557987213,36.1719525718689
2026-08-01_11-09-46_go2_trs_m0p1_v0p05_w500_minv0_20k_512,TRS 0.10/0.05,178.42176,8.366461497147878,36.193972225189206
2026-08-01_11-09-46_go2_trs_m0p1_v0p05_w500_minv0_20k_512,TRS 0.10/0.05,178.66752,8.379740020831425,36.26868507385254
2026-08-01_11-09-46_go2_trs_m0p1_v0p05_w500_minv0_20k_512,TRS 0.10/0.05,178.91328,8.393326404359605,36.30747144699097
2026-08-01_11-09-46_go2_trs_m0p1_v0p05_w500_minv0_20k_512,TRS 0.10/0.05,179.15904,8.406829627553622,36.349978332519534
2026-08-01_11-09-46_go2_trs_m0p1_v0p05_w500_minv0_20k_512,TRS 0.10/0.05,179.4048,8.420091792742411,36.41638208389282
2026-08-01_11-09-46_go2_trs_m0p1_v0p05_w500_minv0_20k_512,TRS 0.10/0.05,179.65056,8.433287562198108,36.48465896606445
2026-08-01_11-09-46_go2_trs_m0p1_v0p05_w500_minv0_20k_512,TRS 0.10/0.05,179.89632,8.446121480928527,36.54819664001465
2026-08-01_11-09-46_go2_trs_m0p1_v0p05_w500_minv0_20k_512,TRS 0.10/0.05,180.14208,8.458766499890222,36.530095443725585
2026-08-01_11-09-46_go2_trs_m0p1_v0p05_w500_minv0_20k_512,TRS 0.10/0.05,180.38784,8.47143642908997,36.48917184829712
2026-08-01_11-09-46_go2_trs_m0p1_v0p05_w500_minv0_20k_512,TRS 0.10/0.05,180.6336,8.484604240920808,36.45983980178833
2026-08-01_11-09-46_go2_trs_m0p1_v0p05_w500_minv0_20k_512,TRS 0.10/0.05,180.87936,8.4979792791605,36.55790237426758
2026-08-01_11-09-46_go2_trs_m0p1_v0p05_w500_minv0_20k_512,TRS 0.10/0.05,181.12512,8.511495158274968,36.41467836380005
2026-08-01_11-09-46_go2_trs_m0p1_v0p05_w500_minv0_20k_512,TRS 0.10/0.05,181.37088,8.524980289472474,36.39387849807739
2026-08-01_11-09-46_go2_trs_m0p1_v0p05_w500_minv0_20k_512,TRS 0.10/0.05,181.61664,8.538331697914336,36.44105701446533
2026-08-01_11-09-46_go2_trs_m0p1_v0p05_w500_minv0_20k_512,TRS 0.10/0.05,181.8624,8.55151107357608,36.538033180236816
2026-08-01_11-09-46_go2_trs_m0p1_v0p05_w500_minv0_20k_512,TRS 0.10/0.05,182.10816,8.564685019784504,36.49985967636108
2026-08-01_11-09-46_go2_trs_m0p1_v0p05_w500_minv0_20k_512,TRS 0.10/0.05,182.35392,8.577597991161877,36.58195970535278
2026-08-01_11-09-46_go2_trs_m0p1_v0p05_w500_minv0_20k_512,TRS 0.10/0.05,182.59968,8.590028314590453,36.71991811752319
2026-08-01_11-09-46_go2_trs_m0p1_v0p05_w500_minv0_20k_512,TRS 0.10/0.05,182.84544,8.602534976071782,36.5883642578125
2026-08-01_11-09-46_go2_trs_m0p1_v0p05_w500_minv0_20k_512,TRS 0.10/0.05,183.0912,8.615304590662321,36.62853395462036
2026-08-01_11-09-46_go2_trs_m0p1_v0p05_w500_minv0_20k_512,TRS 0.10/0.05,183.33696,8.627741452058157,36.57495985031128
2026-08-01_11-09-46_go2_trs_m0p1_v0p05_w500_minv0_20k_512,TRS 0.10/0.05,183.58272,8.641006723178757,36.75062133789063
2026-08-01_11-09-46_go2_trs_m0p1_v0p05_w500_minv0_20k_512,TRS 0.10/0.05,183.82848,8.65426872279909,36.783369140625
2026-08-01_11-09-46_go2_trs_m0p1_v0p05_w500_minv0_20k_512,TRS 0.10/0.05,184.07424,8.66756122244729,36.76732297897339
2026-08-01_11-09-46_go2_trs_m0p1_v0p05_w500_minv0_20k_512,TRS 0.10/0.05,184.32,8.680646273096402,36.70717475891113
2026-08-01_11-09-46_go2_trs_m0p1_v0p05_w500_minv0_20k_512,TRS 0.10/0.05,184.56576,8.6937595641613,36.703782920837405
2026-08-01_11-09-46_go2_trs_m0p1_v0p05_w500_minv0_20k_512,TRS 0.10/0.05,184.81152,8.706661000185543,36.85914884567261
2026-08-01_11-09-46_go2_trs_m0p1_v0p05_w500_minv0_20k_512,TRS 0.10/0.05,185.05728,8.719209817449252,36.81197532653809
2026-08-01_11-09-46_go2_trs_m0p1_v0p05_w500_minv0_20k_512,TRS 0.10/0.05,185.30304,8.731241219507323,36.984905910491946
2026-08-01_11-09-46_go2_trs_m0p1_v0p05_w500_minv0_20k_512,TRS 0.10/0.05,185.5488,8.74401095006201,36.96853101730347
2026-08-01_11-09-46_go2_trs_m0p1_v0p05_w500_minv0_20k_512,TRS 0.10/0.05,185.79456,8.757302130593194,37.025076637268064
2026-08-01_11-09-46_go2_trs_m0p1_v0p05_w500_minv0_20k_512,TRS 0.10/0.05,186.04032,8.770644376940197,36.76585803985596
2026-08-01_11-09-46_go2_trs_m0p1_v0p05_w500_minv0_20k_512,TRS 0.10/0.05,186.28608,8.78398382027944,36.74060075759888
2026-08-01_11-09-46_go2_trs_m0p1_v0p05_w500_minv0_20k_512,TRS 0.10/0.05,186.53184,8.797370271285375,36.76600996017456
2026-08-01_11-09-46_go2_trs_m0p1_v0p05_w500_minv0_20k_512,TRS 0.10/0.05,186.7776,8.810582671430376,36.858129787445066
2026-08-01_11-09-46_go2_trs_m0p1_v0p05_w500_minv0_20k_512,TRS 0.10/0.05,187.02336,8.82367792752054,36.988695774078366
2026-08-01_11-09-46_go2_trs_m0p1_v0p05_w500_minv0_20k_512,TRS 0.10/0.05,187.26912,8.83687362253666,36.801754779815674
2026-08-01_11-09-46_go2_trs_m0p1_v0p05_w500_minv0_20k_512,TRS 0.10/0.05,187.51488,8.849445202151934,36.67881433486939
2026-08-01_11-09-46_go2_trs_m0p1_v0p05_w500_minv0_20k_512,TRS 0.10/0.05,187.76064,8.861782383786307,36.63055812835693
2026-08-01_11-09-46_go2_trs_m0p1_v0p05_w500_minv0_20k_512,TRS 0.10/0.05,188.0064,8.873639876908726,36.72858985900879
2026-08-01_11-09-46_go2_trs_m0p1_v0p05_w500_minv0_20k_512,TRS 0.10/0.05,188.25216,8.887023521463076,36.63757555007935
2026-08-01_11-09-46_go2_trs_m0p1_v0p05_w500_minv0_20k_512,TRS 0.10/0.05,188.49792,8.900120701326264,36.78563737869263
2026-08-01_11-09-46_go2_trs_m0p1_v0p05_w500_minv0_20k_512,TRS 0.10/0.05,188.74368,8.913539712693956,36.81412258148193
2026-08-01_11-09-46_go2_trs_m0p1_v0p05_w500_minv0_20k_512,TRS 0.10/0.05,188.98944,8.926836391091348,36.81119050979614
2026-08-01_11-09-46_go2_trs_m0p1_v0p05_w500_minv0_20k_512,TRS 0.10/0.05,189.2352,8.940219573312335,36.73708625793457
2026-08-01_11-09-46_go2_trs_m0p1_v0p05_w500_minv0_20k_512,TRS 0.10/0.05,189.48096,8.953378252122137,36.60345712661743
2026-08-01_11-09-46_go2_trs_m0p1_v0p05_w500_minv0_20k_512,TRS 0.10/0.05,189.72672,8.966781899333,36.55066106796264
2026-08-01_11-09-46_go2_trs_m0p1_v0p05_w500_minv0_20k_512,TRS 0.10/0.05,189.97248,8.979757265117433,36.57218021392822
2026-08-01_11-09-46_go2_trs_m0p1_v0p05_w500_minv0_20k_512,TRS 0.10/0.05,190.21824,8.992376525004705,36.57849460601807
2026-08-01_11-09-46_go2_trs_m0p1_v0p05_w500_minv0_20k_512,TRS 0.10/0.05,190.464,9.004576103753514,36.498476123809816
2026-08-01_11-09-46_go2_trs_m0p1_v0p05_w500_minv0_20k_512,TRS 0.10/0.05,190.70976,9.017559370199839,36.47855094909668
2026-08-01_11-09-46_go2_trs_m0p1_v0p05_w500_minv0_20k_512,TRS 0.10/0.05,190.95552,9.031108236842686,36.33325529098511
2026-08-01_11-09-46_go2_trs_m0p1_v0p05_w500_minv0_20k_512,TRS 0.10/0.05,191.20128,9.044766683512265,36.23174289703369
2026-08-01_11-09-46_go2_trs_m0p1_v0p05_w500_minv0_20k_512,TRS 0.10/0.05,191.44704,9.058272744814555,36.195366840362546
2026-08-01_11-09-46_go2_trs_m0p1_v0p05_w500_minv0_20k_512,TRS 0.10/0.05,191.6928,9.071653834581376,36.18642309188843
2026-08-01_11-09-46_go2_trs_m0p1_v0p05_w500_minv0_20k_512,TRS 0.10/0.05,191.93856,9.084816402130656,36.15820682525635
2026-08-01_11-09-46_go2_trs_m0p1_v0p05_w500_minv0_20k_512,TRS 0.10/0.05,192.18432,9.098035084737672,36.31293964385986
2026-08-01_11-09-46_go2_trs_m0p1_v0p05_w500_minv0_20k_512,TRS 0.10/0.05,192.43008,9.110698662069108,36.3592214012146
2026-08-01_11-09-46_go2_trs_m0p1_v0p05_w500_minv0_20k_512,TRS 0.10/0.05,192.67584,9.12330127524005,36.38654644012451
2026-08-01_11-09-46_go2_trs_m0p1_v0p05_w500_minv0_20k_512,TRS 0.10/0.05,192.9216,9.135954290297295,36.483287487030026
2026-08-01_11-09-46_go2_trs_m0p1_v0p05_w500_minv0_20k_512,TRS 0.10/0.05,193.16736,9.149602263238695,36.594893856048586
2026-08-01_11-09-46_go2_trs_m0p1_v0p05_w500_minv0_20k_512,TRS 0.10/0.05,193.41312,9.16319429271751,36.89933204650879
2026-08-01_11-09-46_go2_trs_m0p1_v0p05_w500_minv0_20k_512,TRS 0.10/0.05,193.65888,9.17684682124191,36.997041110992434
2026-08-01_11-09-46_go2_trs_m0p1_v0p05_w500_minv0_20k_512,TRS 0.10/0.05,193.90464,9.190332723061244,37.14867563247681
2026-08-01_11-09-46_go2_trs_m0p1_v0p05_w500_minv0_20k_512,TRS 0.10/0.05,194.1504,9.203629443314341,37.248909130096436
2026-08-01_11-09-46_go2_trs_m0p1_v0p05_w500_minv0_20k_512,TRS 0.10/0.05,194.39616,9.216758651137352,37.242339820861815
2026-08-01_11-09-46_go2_trs_m0p1_v0p05_w500_minv0_20k_512,TRS 0.10/0.05,194.64192,9.230044215917587,37.110810890197754
2026-08-01_11-09-46_go2_trs_m0p1_v0p05_w500_minv0_20k_512,TRS 0.10/0.05,194.88768,9.242524674402343,37.058404712677
2026-08-01_11-09-46_go2_trs_m0p1_v0p05_w500_minv0_20k_512,TRS 0.10/0.05,195.13344,9.254038009047509,37.05001262664795
2026-08-01_11-09-46_go2_trs_m0p1_v0p05_w500_minv0_20k_512,TRS 0.10/0.05,195.3792,9.266628721091482,37.078823528289796
2026-08-01_11-09-46_go2_trs_m0p1_v0p05_w500_minv0_20k_512,TRS 0.10/0.05,195.62496,9.280066098305914,37.06007669448852
2026-08-01_11-09-46_go2_trs_m0p1_v0p05_w500_minv0_20k_512,TRS 0.10/0.05,195.87072,9.293736569815211,36.83321725845337
2026-08-01_11-09-46_go2_trs_m0p1_v0p05_w500_minv0_20k_512,TRS 0.10/0.05,196.11648,9.307336961958143,36.7789115524292
2026-08-01_11-09-46_go2_trs_m0p1_v0p05_w500_minv0_20k_512,TRS 0.10/0.05,196.36224,9.320619420939021,36.65249225616455
2026-08-01_11-09-46_go2_trs_m0p1_v0p05_w500_minv0_20k_512,TRS 0.10/0.05,196.608,9.334105882313516,36.57924856185913
2026-08-01_11-09-46_go2_trs_m0p1_v0p05_w500_minv0_20k_512,TRS 0.10/0.05,196.85376,9.34670345922311,36.737000694274904
2026-08-01_11-09-46_go2_trs_m0p1_v0p05_w500_minv0_20k_512,TRS 0.10/0.05,197.09952,9.359933472938009,36.711587810516356
2026-08-01_11-09-46_go2_trs_m0p1_v0p05_w500_minv0_20k_512,TRS 0.10/0.05,197.34528,9.372939721743267,36.857149143219
2026-08-01_11-09-46_go2_trs_m0p1_v0p05_w500_minv0_20k_512,TRS 0.10/0.05,197.59104,9.3854515649875,36.917778186798095
2026-08-01_11-09-46_go2_trs_m0p1_v0p05_w500_minv0_20k_512,TRS 0.10/0.05,197.8368,9.397938698000377,36.901453514099124
2026-08-01_11-09-46_go2_trs_m0p1_v0p05_w500_minv0_20k_512,TRS 0.10/0.05,198.08256,9.411216776503457,36.85449125289917
2026-08-01_11-09-46_go2_trs_m0p1_v0p05_w500_minv0_20k_512,TRS 0.10/0.05,198.32832,9.424899984465705,36.85734268188477
2026-08-01_11-09-46_go2_trs_m0p1_v0p05_w500_minv0_20k_512,TRS 0.10/0.05,198.57408,9.438605494300525,36.807116470336915
2026-08-01_11-09-46_go2_trs_m0p1_v0p05_w500_minv0_20k_512,TRS 0.10/0.05,198.81984,9.452019297016992,36.795764465332034
2026-08-01_11-09-46_go2_trs_m0p1_v0p05_w500_minv0_20k_512,TRS 0.10/0.05,199.0656,9.465526340140237,36.83477966308594
2026-08-01_11-09-46_go2_trs_m0p1_v0p05_w500_minv0_20k_512,TRS 0.10/0.05,199.31136,9.4788365379307,36.838542766571045
2026-08-01_11-09-46_go2_trs_m0p1_v0p05_w500_minv0_20k_512,TRS 0.10/0.05,199.55712,9.49210559990671,36.96103366851807
2026-08-01_11-09-46_go2_trs_m0p1_v0p05_w500_minv0_20k_512,TRS 0.10/0.05,199.80288,9.505158835318353,37.036403026580814
2026-08-01_11-09-46_go2_trs_m0p1_v0p05_w500_minv0_20k_512,TRS 0.10/0.05,200.04864,9.517625006503529,37.01324516296387
2026-08-01_11-09-46_go2_trs_m0p1_v0p05_w500_minv0_20k_512,TRS 0.10/0.05,200.2944,9.52925705048773,36.99329895019531
2026-08-01_11-09-46_go2_trs_m0p1_v0p05_w500_minv0_20k_512,TRS 0.10/0.05,200.54016,9.541953118509717,37.10580955505371
2026-08-01_11-09-46_go2_trs_m0p1_v0p05_w500_minv0_20k_512,TRS 0.10/0.05,200.78592,9.554848631885317,37.18336660385132
2026-08-01_11-09-46_go2_trs_m0p1_v0p05_w500_minv0_20k_512,TRS 0.10/0.05,201.03168,9.56769524368975,37.31729705810547
2026-08-01_11-09-46_go2_trs_m0p1_v0p05_w500_minv0_20k_512,TRS 0.10/0.05,201.27744,9.580590303672684,37.437006664276126
2026-08-01_11-09-46_go2_trs_m0p1_v0p05_w500_minv0_20k_512,TRS 0.10/0.05,201.5232,9.593359850843747,37.58381196975708
2026-08-01_11-09-46_go2_trs_m0p1_v0p05_w500_minv0_20k_512,TRS 0.10/0.05,201.76896,9.605898250142733,37.44241926193237
2026-08-01_11-09-46_go2_trs_m0p1_v0p05_w500_minv0_20k_512,TRS 0.10/0.05,202.01472,9.618636074993345,37.47425048828125
2026-08-01_11-09-46_go2_trs_m0p1_v0p05_w500_minv0_20k_512,TRS 0.10/0.05,202.26048,9.63099360399776,37.429760913848874
2026-08-01_11-09-46_go2_trs_m0p1_v0p05_w500_minv0_20k_512,TRS 0.10/0.05,202.50624,9.64297047694524,37.375798320770265
2026-08-01_11-09-46_go2_trs_m0p1_v0p05_w500_minv0_20k_512,TRS 0.10/0.05,202.752,9.654323485559887,37.32235067367554
2026-08-01_11-09-46_go2_trs_m0p1_v0p05_w500_minv0_20k_512,TRS 0.10/0.05,202.99776,9.66606504427062,37.28211496353149
2026-08-01_11-09-46_go2_trs_m0p1_v0p05_w500_minv0_20k_512,TRS 0.10/0.05,203.24352,9.678228349222078,37.3816806602478
2026-08-01_11-09-46_go2_trs_m0p1_v0p05_w500_minv0_20k_512,TRS 0.10/0.05,203.48928,9.691013997528287,37.28014671325683
2026-08-01_11-09-46_go2_trs_m0p1_v0p05_w500_minv0_20k_512,TRS 0.10/0.05,203.73504,9.704202050632901,37.1286888885498
2026-08-01_11-09-46_go2_trs_m0p1_v0p05_w500_minv0_20k_512,TRS 0.10/0.05,203.9808,9.716824515064557,36.90663108825684
2026-08-01_11-09-46_go2_trs_m0p1_v0p05_w500_minv0_20k_512,TRS 0.10/0.05,204.22656,9.729415458109644,36.77546476364136
2026-08-01_11-09-46_go2_trs_m0p1_v0p05_w500_minv0_20k_512,TRS 0.10/0.05,204.47232,9.741898670328988,36.68592742919922
2026-08-01_11-09-46_go2_trs_m0p1_v0p05_w500_minv0_20k_512,TRS 0.10/0.05,204.71808,9.754340998265478,36.65353242874146
2026-08-01_11-09-46_go2_trs_m0p1_v0p05_w500_minv0_20k_512,TRS 0.10/0.05,204.96384,9.766734575496779,36.58463010787964
2026-08-01_11-09-46_go2_trs_m0p1_v0p05_w500_minv0_20k_512,TRS 0.10/0.05,205.2096,9.778672846754391,36.69243459701538
2026-08-01_11-09-46_go2_trs_m0p1_v0p05_w500_minv0_20k_512,TRS 0.10/0.05,205.45536,9.790374188224474,36.558983917236326
2026-08-01_11-09-46_go2_trs_m0p1_v0p05_w500_minv0_20k_512,TRS 0.10/0.05,205.70112,9.802029664185312,36.396454181671146
2026-08-01_11-09-46_go2_trs_m0p1_v0p05_w500_minv0_20k_512,TRS 0.10/0.05,205.94688,9.81466337747044,36.313674983978274
2026-08-01_11-09-46_go2_trs_m0p1_v0p05_w500_minv0_20k_512,TRS 0.10/0.05,206.19264,9.827354581024911,36.29470973968506
2026-08-01_11-09-46_go2_trs_m0p1_v0p05_w500_minv0_20k_512,TRS 0.10/0.05,206.4384,9.839987646076414,36.38426504135132
2026-08-01_11-09-46_go2_trs_m0p1_v0p05_w500_minv0_20k_512,TRS 0.10/0.05,206.68416,9.852570141222742,36.578382377624514
2026-08-01_11-09-46_go2_trs_m0p1_v0p05_w500_minv0_20k_512,TRS 0.10/0.05,206.92992,9.86549416495694,36.734016265869144
2026-08-01_11-09-46_go2_trs_m0p1_v0p05_w500_minv0_20k_512,TRS 0.10/0.05,207.17568,9.878399159179793,36.56892475128174
2026-08-01_11-09-46_go2_trs_m0p1_v0p05_w500_minv0_20k_512,TRS 0.10/0.05,207.42144,9.890625389880604,36.58185306549072
2026-08-01_11-09-46_go2_trs_m0p1_v0p05_w500_minv0_20k_512,TRS 0.10/0.05,207.6672,9.903033511307504,36.45902992248535
2026-08-01_11-09-46_go2_trs_m0p1_v0p05_w500_minv0_20k_512,TRS 0.10/0.05,207.91296,9.914711092511812,36.58158136367798
2026-08-01_11-09-46_go2_trs_m0p1_v0p05_w500_minv0_20k_512,TRS 0.10/0.05,208.15872,9.926598731411827,36.58956949234009
2026-08-01_11-09-46_go2_trs_m0p1_v0p05_w500_minv0_20k_512,TRS 0.10/0.05,208.40448,9.93839092804326,36.76253114700317
2026-08-01_11-09-46_go2_trs_m0p1_v0p05_w500_minv0_20k_512,TRS 0.10/0.05,208.65024,9.950932805273268,36.807073230743406
2026-08-01_11-09-46_go2_trs_m0p1_v0p05_w500_minv0_20k_512,TRS 0.10/0.05,208.896,9.963649738430977,36.60147205352783
2026-08-01_11-09-46_go2_trs_m0p1_v0p05_w500_minv0_20k_512,TRS 0.10/0.05,209.14176,9.976189102662934,36.539405822753906
2026-08-01_11-09-46_go2_trs_m0p1_v0p05_w500_minv0_20k_512,TRS 0.10/0.05,209.38752,9.988516078988711,36.385282554626464
2026-08-01_11-09-46_go2_trs_m0p1_v0p05_w500_minv0_20k_512,TRS 0.10/0.05,209.63328,10.000913502375285,36.27892650604248
2026-08-01_11-09-46_go2_trs_m0p1_v0p05_w500_minv0_20k_512,TRS 0.10/0.05,209.87904,10.013159710433747,36.256269721984864
2026-08-01_11-09-46_go2_trs_m0p1_v0p05_w500_minv0_20k_512,TRS 0.10/0.05,210.1248,10.025448262823952,36.20940528869629
2026-08-01_11-09-46_go2_trs_m0p1_v0p05_w500_minv0_20k_512,TRS 0.10/0.05,210.37056,10.037566200892131,35.998110675811766
2026-08-01_11-09-46_go2_trs_m0p1_v0p05_w500_minv0_20k_512,TRS 0.10/0.05,210.61632,10.048353502021895,35.9393904876709
2026-08-01_11-09-46_go2_trs_m0p1_v0p05_w500_minv0_20k_512,TRS 0.10/0.05,210.86208,10.058006987836626,35.98835443496704
2026-08-01_11-09-46_go2_trs_m0p1_v0p05_w500_minv0_20k_512,TRS 0.10/0.05,211.10784,10.06770180463791,36.08267286300659
2026-08-01_11-09-46_go2_trs_m0p1_v0p05_w500_minv0_20k_512,TRS 0.10/0.05,211.3536,10.077352806992002,36.23348403930664
2026-08-01_11-09-46_go2_trs_m0p1_v0p05_w500_minv0_20k_512,TRS 0.10/0.05,211.59936,10.087217604517937,36.25513366699219
2026-08-01_11-09-46_go2_trs_m0p1_v0p05_w500_minv0_20k_512,TRS 0.10/0.05,211.84512,10.097041351265377,36.42120807647705
2026-08-01_11-09-46_go2_trs_m0p1_v0p05_w500_minv0_20k_512,TRS 0.10/0.05,212.09088,10.10680570145448,36.67262498855591
2026-08-01_11-09-46_go2_trs_m0p1_v0p05_w500_minv0_20k_512,TRS 0.10/0.05,212.33664,10.116414931019147,36.764316387176514
2026-08-01_11-09-46_go2_trs_m0p1_v0p05_w500_minv0_20k_512,TRS 0.10/0.05,212.5824,10.126129949424001,36.92040803909302
2026-08-01_11-09-46_go2_trs_m0p1_v0p05_w500_minv0_20k_512,TRS 0.10/0.05,212.82816,10.135733381443554,37.166421298980715
2026-08-01_11-09-46_go2_trs_m0p1_v0p05_w500_minv0_20k_512,TRS 0.10/0.05,213.07392,10.14533830192354,37.16279067993164
2026-08-01_11-09-46_go2_trs_m0p1_v0p05_w500_minv0_20k_512,TRS 0.10/0.05,213.31968,10.154869301848942,37.03835542678833
2026-08-01_11-09-46_go2_trs_m0p1_v0p05_w500_minv0_20k_512,TRS 0.10/0.05,213.56544,10.164518505533536,37.09378164291382
2026-08-01_11-09-46_go2_trs_m0p1_v0p05_w500_minv0_20k_512,TRS 0.10/0.05,213.8112,10.174388137261072,37.203100242614745
2026-08-01_11-09-46_go2_trs_m0p1_v0p05_w500_minv0_20k_512,TRS 0.10/0.05,214.05696,10.184044531716241,37.201729164123535
2026-08-01_11-09-46_go2_trs_m0p1_v0p05_w500_minv0_20k_512,TRS 0.10/0.05,214.30272,10.193690334889624,37.10995531082153
2026-08-01_11-09-46_go2_trs_m0p1_v0p05_w500_minv0_20k_512,TRS 0.10/0.05,214.54848,10.203389178315799,37.099321689605716
2026-08-01_11-09-46_go2_trs_m0p1_v0p05_w500_minv0_20k_512,TRS 0.10/0.05,214.79424,10.212983292010096,37.254932708740235
2026-08-01_11-09-46_go2_trs_m0p1_v0p05_w500_minv0_20k_512,TRS 0.10/0.05,215.04,10.22280112862587,37.1464927482605
2026-08-01_11-09-46_go2_trs_m0p1_v0p05_w500_minv0_20k_512,TRS 0.10/0.05,215.28576,10.232513704432382,36.958692474365236
2026-08-01_11-09-46_go2_trs_m0p1_v0p05_w500_minv0_20k_512,TRS 0.10/0.05,215.53152,10.242341669797897,37.13979696273804
2026-08-01_11-09-46_go2_trs_m0p1_v0p05_w500_minv0_20k_512,TRS 0.10/0.05,215.77728,10.252811223003599,37.23721290588379
2026-08-01_11-09-46_go2_trs_m0p1_v0p05_w500_minv0_20k_512,TRS 0.10/0.05,216.02304,10.263224274648561,37.18441785812378
2026-08-01_11-09-46_go2_trs_m0p1_v0p05_w500_minv0_20k_512,TRS 0.10/0.05,216.2688,10.272816351387236,37.216469535827635
2026-08-01_11-09-46_go2_trs_m0p1_v0p05_w500_minv0_20k_512,TRS 0.10/0.05,216.51456,10.282441340883572,37.2074853515625
2026-08-01_11-09-46_go2_trs_m0p1_v0p05_w500_minv0_20k_512,TRS 0.10/0.05,216.76032,10.292096576359537,37.18127950668335
2026-08-01_11-09-46_go2_trs_m0p1_v0p05_w500_minv0_20k_512,TRS 0.10/0.05,217.00608,10.301677960753441,37.1863775062561
2026-08-01_11-09-46_go2_trs_m0p1_v0p05_w500_minv0_20k_512,TRS 0.10/0.05,217.25184,10.311356877088548,37.01191104888916
2026-08-01_11-09-46_go2_trs_m0p1_v0p05_w500_minv0_20k_512,TRS 0.10/0.05,217.4976,10.320895993974474,37.02039405822754
2026-08-01_11-09-46_go2_trs_m0p1_v0p05_w500_minv0_20k_512,TRS 0.10/0.05,217.74336,10.330570802489916,37.10435991287231
2026-08-01_11-09-46_go2_trs_m0p1_v0p05_w500_minv0_20k_512,TRS 0.10/0.05,217.98912,10.340255853335062,37.018815155029294
2026-08-01_11-09-46_go2_trs_m0p1_v0p05_w500_minv0_20k_512,TRS 0.10/0.05,218.23488,10.34994201891952,36.91017618179321
2026-08-01_11-09-46_go2_trs_m0p1_v0p05_w500_minv0_20k_512,TRS 0.10/0.05,218.48064,10.359524757795864,36.79792306900024
2026-08-01_11-09-46_go2_trs_m0p1_v0p05_w500_minv0_20k_512,TRS 0.10/0.05,218.7264,10.369206384420394,36.56984266281128
2026-08-01_11-09-46_go2_trs_m0p1_v0p05_w500_minv0_20k_512,TRS 0.10/0.05,218.97216,10.378872313168314,36.413788871765135
2026-08-01_11-09-46_go2_trs_m0p1_v0p05_w500_minv0_20k_512,TRS 0.10/0.05,219.21792,10.388402414388127,36.36158351898193
2026-08-01_11-09-46_go2_trs_m0p1_v0p05_w500_minv0_20k_512,TRS 0.10/0.05,219.46368,10.39800295472145,36.3068811416626
2026-08-01_11-09-46_go2_trs_m0p1_v0p05_w500_minv0_20k_512,TRS 0.10/0.05,219.70944,10.407559838294983,36.30822759628296
2026-08-01_11-09-46_go2_trs_m0p1_v0p05_w500_minv0_20k_512,TRS 0.10/0.05,219.9552,10.417182823419571,36.20635202407837
2026-08-01_11-09-46_go2_trs_m0p1_v0p05_w500_minv0_20k_512,TRS 0.10/0.05,220.20096,10.426723619765706,36.12973052978516
2026-08-01_11-09-46_go2_trs_m0p1_v0p05_w500_minv0_20k_512,TRS 0.10/0.05,220.44672,10.436242013772329,36.203687553405764
2026-08-01_11-09-46_go2_trs_m0p1_v0p05_w500_minv0_20k_512,TRS 0.10/0.05,220.69248,10.445756645931137,36.335339393615726
2026-08-01_11-09-46_go2_trs_m0p1_v0p05_w500_minv0_20k_512,TRS 0.10/0.05,220.93824,10.455322759681279,36.269301357269285
2026-08-01_11-09-46_go2_trs_m0p1_v0p05_w500_minv0_20k_512,TRS 0.10/0.05,221.184,10.465030116968684,36.26651935577392
2026-08-01_11-09-46_go2_trs_m0p1_v0p05_w500_minv0_20k_512,TRS 0.10/0.05,221.42976,10.474513601726956,36.437608585357665
2026-08-01_11-09-46_go2_trs_m0p1_v0p05_w500_minv0_20k_512,TRS 0.10/0.05,221.67552,10.483952045109536,36.4429965209961
2026-08-01_11-09-46_go2_trs_m0p1_v0p05_w500_minv0_20k_512,TRS 0.10/0.05,221.92128,10.49358948290348,36.492236042022704
2026-08-01_11-09-46_go2_trs_m0p1_v0p05_w500_minv0_20k_512,TRS 0.10/0.05,222.16704,10.503100311557452,36.42023044586182
2026-08-01_11-09-46_go2_trs_m0p1_v0p05_w500_minv0_20k_512,TRS 0.10/0.05,222.4128,10.512540411220657,36.5761834526062
2026-08-01_11-09-46_go2_trs_m0p1_v0p05_w500_minv0_20k_512,TRS 0.10/0.05,222.65856,10.522109487056731,36.693888397216796
2026-08-01_11-09-46_go2_trs_m0p1_v0p05_w500_minv0_20k_512,TRS 0.10/0.05,222.90432,10.531639702452553,36.605062103271486
2026-08-01_11-09-46_go2_trs_m0p1_v0p05_w500_minv0_20k_512,TRS 0.10/0.05,223.15008,10.541198058128357,36.37317728042603
2026-08-01_11-09-46_go2_trs_m0p1_v0p05_w500_minv0_20k_512,TRS 0.10/0.05,223.39584,10.550678674181302,36.23590114593506
2026-08-01_11-09-46_go2_trs_m0p1_v0p05_w500_minv0_20k_512,TRS 0.10/0.05,223.6416,10.56020866519875,36.218107528686524
2026-08-01_11-09-46_go2_trs_m0p1_v0p05_w500_minv0_20k_512,TRS 0.10/0.05,223.88736,10.569616673058933,36.124967937469485
2026-08-01_11-09-46_go2_trs_m0p1_v0p05_w500_minv0_20k_512,TRS 0.10/0.05,224.13312,10.579090878433652,36.050956859588624
2026-08-01_11-09-46_go2_trs_m0p1_v0p05_w500_minv0_20k_512,TRS 0.10/0.05,224.37888,10.588712043629751,35.94015739440918
2026-08-01_11-09-46_go2_trs_m0p1_v0p05_w500_minv0_20k_512,TRS 0.10/0.05,224.62464,10.598194161521064,35.84305797576904
2026-08-01_11-09-46_go2_trs_m0p1_v0p05_w500_minv0_20k_512,TRS 0.10/0.05,224.8704,10.607596920993593,35.60741012573242
2026-08-01_11-09-46_go2_trs_m0p1_v0p05_w500_minv0_20k_512,TRS 0.10/0.05,225.11616,10.617031135029263,35.52139583587646
2026-08-01_11-09-46_go2_trs_m0p1_v0p05_w500_minv0_20k_512,TRS 0.10/0.05,225.36192,10.626644684539901,35.53929491043091
2026-08-01_11-09-46_go2_trs_m0p1_v0p05_w500_minv0_20k_512,TRS 0.10/0.05,225.60768,10.635887282821868,35.690489501953124
2026-08-01_11-09-46_go2_trs_m0p1_v0p05_w500_minv0_20k_512,TRS 0.10/0.05,225.85344,10.645337125990126,35.876884613037106
2026-08-01_11-09-46_go2_trs_m0p1_v0p05_w500_minv0_20k_512,TRS 0.10/0.05,226.0992,10.654691994455126,36.018456077575685
2026-08-01_11-09-46_go2_trs_m0p1_v0p05_w500_minv0_20k_512,TRS 0.10/0.05,226.34496,10.664000878665183,36.100671920776364
2026-08-01_11-09-46_go2_trs_m0p1_v0p05_w500_minv0_20k_512,TRS 0.10/0.05,226.59072,10.673445665571425,36.222742290496825
2026-08-01_11-09-46_go2_trs_m0p1_v0p05_w500_minv0_20k_512,TRS 0.10/0.05,226.83648,10.68283982137839,36.35608539581299
2026-08-01_11-09-46_go2_trs_m0p1_v0p05_w500_minv0_20k_512,TRS 0.10/0.05,227.08224,10.692271187636587,36.51529167175293
2026-08-01_11-09-46_go2_trs_m0p1_v0p05_w500_minv0_20k_512,TRS 0.10/0.05,227.328,10.701801616946856,36.63664855957031
2026-08-01_11-09-46_go2_trs_m0p1_v0p05_w500_minv0_20k_512,TRS 0.10/0.05,227.57376,10.711214536295996,36.66972700119018
2026-08-01_11-09-46_go2_trs_m0p1_v0p05_w500_minv0_20k_512,TRS 0.10/0.05,227.81952,10.720509132610427,36.68858337402344
2026-08-01_11-09-46_go2_trs_m0p1_v0p05_w500_minv0_20k_512,TRS 0.10/0.05,228.06528,10.729924984773,36.7184992980957
2026-08-01_11-09-46_go2_trs_m0p1_v0p05_w500_minv0_20k_512,TRS 0.10/0.05,228.31104,10.739259264071782,36.79919908523559
2026-08-01_11-09-46_go2_trs_m0p1_v0p05_w500_minv0_20k_512,TRS 0.10/0.05,228.5568,10.748653420143658,36.672151737213134
2026-08-01_11-09-46_go2_trs_m0p1_v0p05_w500_minv0_20k_512,TRS 0.10/0.05,228.80256,10.758140552772415,36.68811368942261
2026-08-01_11-09-46_go2_trs_m0p1_v0p05_w500_minv0_20k_512,TRS 0.10/0.05,229.04832,10.767818202111457,36.7642813873291
2026-08-01_11-09-46_go2_trs_m0p1_v0p05_w500_minv0_20k_512,TRS 0.10/0.05,229.29408,10.777112302117878,36.646505222320556
2026-08-01_11-09-46_go2_trs_m0p1_v0p05_w500_minv0_20k_512,TRS 0.10/0.05,229.53984,10.786444759302668,36.67844579696655
2026-08-01_11-09-46_go2_trs_m0p1_v0p05_w500_minv0_20k_512,TRS 0.10/0.05,229.7856,10.795779322650697,36.825111598968505
2026-08-01_11-09-46_go2_trs_m0p1_v0p05_w500_minv0_20k_512,TRS 0.10/0.05,230.03136,10.80514310101668,36.82019666671753
2026-08-01_11-09-46_go2_trs_m0p1_v0p05_w500_minv0_20k_512,TRS 0.10/0.05,230.27712,10.814415517648062,36.92577346801758
2026-08-01_11-09-46_go2_trs_m0p1_v0p05_w500_minv0_20k_512,TRS 0.10/0.05,230.52288,10.823859189285173,36.918462409973145
2026-08-01_11-09-46_go2_trs_m0p1_v0p05_w500_minv0_20k_512,TRS 0.10/0.05,230.76864,10.833162288003498,36.81851579666138
2026-08-01_11-09-46_go2_trs_m0p1_v0p05_w500_minv0_20k_512,TRS 0.10/0.05,231.0144,10.842484219008021,36.716252994537356
2026-08-01_11-09-46_go2_trs_m0p1_v0p05_w500_minv0_20k_512,TRS 0.10/0.05,231.26016,10.851900447077222,36.64704313278198
2026-08-01_11-09-46_go2_trs_m0p1_v0p05_w500_minv0_20k_512,TRS 0.10/0.05,231.50592,10.861395355529256,36.56761234283447
2026-08-01_11-09-46_go2_trs_m0p1_v0p05_w500_minv0_20k_512,TRS 0.10/0.05,231.75168,10.87071460571554,36.594717044830325
2026-08-01_11-09-46_go2_trs_m0p1_v0p05_w500_minv0_20k_512,TRS 0.10/0.05,231.99744,10.88013254808055,36.50760158538819
2026-08-01_11-09-46_go2_trs_m0p1_v0p05_w500_minv0_20k_512,TRS 0.10/0.05,232.2432,10.889497268067466,36.49870552062988
2026-08-01_11-09-46_go2_trs_m0p1_v0p05_w500_minv0_20k_512,TRS 0.10/0.05,232.48896,10.898948448300361,36.51410446166992
2026-08-01_11-09-46_go2_trs_m0p1_v0p05_w500_minv0_20k_512,TRS 0.10/0.05,232.73472,10.908341667652131,36.45208219528198
2026-08-01_11-09-46_go2_trs_m0p1_v0p05_w500_minv0_20k_512,TRS 0.10/0.05,232.98048,10.91768641822868,36.4278642654419
2026-08-01_11-09-46_go2_trs_m0p1_v0p05_w500_minv0_20k_512,TRS 0.10/0.05,233.22624,10.927008823619948,36.38879207611084
2026-08-01_11-09-46_go2_trs_m0p1_v0p05_w500_minv0_20k_512,TRS 0.10/0.05,233.472,10.936269680394068,36.60986820220947
2026-08-01_11-09-46_go2_trs_m0p1_v0p05_w500_minv0_20k_512,TRS 0.10/0.05,233.71776,10.945561575889588,36.680094966888426
2026-08-01_11-09-46_go2_trs_m0p1_v0p05_w500_minv0_20k_512,TRS 0.10/0.05,233.96352,10.954865375359853,36.66016410827637
2026-08-01_11-09-46_go2_trs_m0p1_v0p05_w500_minv0_20k_512,TRS 0.10/0.05,234.20928,10.964267403218482,36.780674877166746
2026-08-01_11-09-46_go2_trs_m0p1_v0p05_w500_minv0_20k_512,TRS 0.10/0.05,234.45504,10.973561485277282,36.80078016281128
2026-08-01_11-09-46_go2_trs_m0p1_v0p05_w500_minv0_20k_512,TRS 0.10/0.05,234.7008,10.982872650954459,36.799302864074704
2026-08-01_11-09-46_go2_trs_m0p1_v0p05_w500_minv0_20k_512,TRS 0.10/0.05,234.94656,10.992226723233859,36.81449426651001
2026-08-01_11-09-46_go2_trs_m0p1_v0p05_w500_minv0_20k_512,TRS 0.10/0.05,235.19232,11.001558866964446,36.81690546035767
2026-08-01_11-09-46_go2_trs_m0p1_v0p05_w500_minv0_20k_512,TRS 0.10/0.05,235.43808,11.010809036095937,36.84135864257812
2026-08-01_11-09-46_go2_trs_m0p1_v0p05_w500_minv0_20k_512,TRS 0.10/0.05,235.68384,11.02033310327265,37.00539030075073
2026-08-01_11-09-46_go2_trs_m0p1_v0p05_w500_minv0_20k_512,TRS 0.10/0.05,235.9296,11.029522543085946,37.10359943389893
2026-08-01_11-09-46_go2_trs_m0p1_v0p05_w500_minv0_20k_512,TRS 0.10/0.05,236.17536,11.0390927084287,37.09548299789429
2026-08-01_11-09-46_go2_trs_m0p1_v0p05_w500_minv0_20k_512,TRS 0.10/0.05,236.42112,11.048387272953986,37.109694175720215
2026-08-01_11-09-46_go2_trs_m0p1_v0p05_w500_minv0_20k_512,TRS 0.10/0.05,236.66688,11.0576850675212,36.927110004425046
2026-08-01_11-09-46_go2_trs_m0p1_v0p05_w500_minv0_20k_512,TRS 0.10/0.05,236.91264,11.066963897877269,36.941604385375975
2026-08-01_11-09-46_go2_trs_m0p1_v0p05_w500_minv0_20k_512,TRS 0.10/0.05,237.1584,11.07627120157083,36.917343063354494
2026-08-01_11-09-46_go2_trs_m0p1_v0p05_w500_minv0_20k_512,TRS 0.10/0.05,237.40416,11.085623128612836,36.847353591918946
2026-08-01_11-09-46_go2_trs_m0p1_v0p05_w500_minv0_20k_512,TRS 0.10/0.05,237.64992,11.094950979087088,36.75082227706909
2026-08-01_11-09-46_go2_trs_m0p1_v0p05_w500_minv0_20k_512,TRS 0.10/0.05,237.89568,11.104279053409895,36.740039596557615
2026-08-01_11-09-46_go2_trs_m0p1_v0p05_w500_minv0_20k_512,TRS 0.10/0.05,238.14144,11.113634151087867,36.740207500457764
2026-08-01_11-09-46_go2_trs_m0p1_v0p05_w500_minv0_20k_512,TRS 0.10/0.05,238.3872,11.122976160645486,36.67866508483887
2026-08-01_11-09-46_go2_trs_m0p1_v0p05_w500_minv0_20k_512,TRS 0.10/0.05,238.63296,11.131524784432518,36.74068702697754
2026-08-01_11-09-46_go2_trs_m0p1_v0p05_w500_minv0_20k_512,TRS 0.10/0.05,238.87872,11.139452642533515,36.767015285491944
2026-08-01_11-09-46_go2_trs_m0p1_v0p05_w500_minv0_20k_512,TRS 0.10/0.05,239.12448,11.149732243882285,36.95622291564941
2026-08-01_11-09-46_go2_trs_m0p1_v0p05_w500_minv0_20k_512,TRS 0.10/0.05,239.37024,11.160010845396254,37.09897029876709
2026-08-01_11-09-46_go2_trs_m0p1_v0p05_w500_minv0_20k_512,TRS 0.10/0.05,239.616,11.170341307984458,37.251522903442385
2026-08-01_11-09-46_go2_trs_m0p1_v0p05_w500_minv0_20k_512,TRS 0.10/0.05,239.86176,11.179417414267858,37.26214427947998
2026-08-01_11-09-46_go2_trs_m0p1_v0p05_w500_minv0_20k_512,TRS 0.10/0.05,240.10752,11.188283654782508,37.187508029937746
2026-08-01_11-09-46_go2_trs_m0p1_v0p05_w500_minv0_20k_512,TRS 0.10/0.05,240.35328,11.197297756605678,37.213868408203126
2026-08-01_11-09-46_go2_trs_m0p1_v0p05_w500_minv0_20k_512,TRS 0.10/0.05,240.59904,11.20633157114188,37.192334270477296
2026-08-01_11-09-46_go2_trs_m0p1_v0p05_w500_minv0_20k_512,TRS 0.10/0.05,240.8448,11.215357607073255,37.24698974609375
2026-08-01_11-09-46_go2_trs_m0p1_v0p05_w500_minv0_20k_512,TRS 0.10/0.05,241.09056,11.224115597870615,37.228000450134275
2026-08-01_11-09-46_go2_trs_m0p1_v0p05_w500_minv0_20k_512,TRS 0.10/0.05,241.33632,11.2331842266851,37.268668251037596
2026-08-01_11-09-46_go2_trs_m0p1_v0p05_w500_minv0_20k_512,TRS 0.10/0.05,241.58208,11.241960603131188,37.21143501281738
2026-08-01_11-09-46_go2_trs_m0p1_v0p05_w500_minv0_20k_512,TRS 0.10/0.05,241.82784,11.249839966098467,37.0223323059082
2026-08-01_11-09-46_go2_trs_m0p1_v0p05_w500_minv0_20k_512,TRS 0.10/0.05,242.0736,11.257841450307104,36.96123165130615
2026-08-01_11-09-46_go2_trs_m0p1_v0p05_w500_minv0_20k_512,TRS 0.10/0.05,242.31936,11.265944577323065,37.06906261444092
2026-08-01_11-09-46_go2_trs_m0p1_v0p05_w500_minv0_20k_512,TRS 0.10/0.05,242.56512,11.274969019558695,37.10799547195435
2026-08-01_11-09-46_go2_trs_m0p1_v0p05_w500_minv0_20k_512,TRS 0.10/0.05,242.81088,11.285031418336763,37.07380123138428
2026-08-01_11-09-46_go2_trs_m0p1_v0p05_w500_minv0_20k_512,TRS 0.10/0.05,243.05664,11.295335310763782,36.97794609069824
2026-08-01_11-09-46_go2_trs_m0p1_v0p05_w500_minv0_20k_512,TRS 0.10/0.05,243.3024,11.305027781195111,36.996757698059085
2026-08-01_11-09-46_go2_trs_m0p1_v0p05_w500_minv0_20k_512,TRS 0.10/0.05,243.54816,11.314131535689036,37.00457706451416
2026-08-01_11-09-46_go2_trs_m0p1_v0p05_w500_minv0_20k_512,TRS 0.10/0.05,243.79392,11.323289670414395,36.973583946228025
2026-08-01_11-09-46_go2_trs_m0p1_v0p05_w500_minv0_20k_512,TRS 0.10/0.05,244.03968,11.332313224673271,36.93123067855835
2026-08-01_11-09-46_go2_trs_m0p1_v0p05_w500_minv0_20k_512,TRS 0.10/0.05,244.28544,11.34135437409083,36.989883708953855
2026-08-01_11-09-46_go2_trs_m0p1_v0p05_w500_minv0_20k_512,TRS 0.10/0.05,244.5312,11.350359971059694,36.93230707168579
2026-08-01_11-09-46_go2_trs_m0p1_v0p05_w500_minv0_20k_512,TRS 0.10/0.05,244.77696,11.359416275090641,36.94517984390259
2026-08-01_11-09-46_go2_trs_m0p1_v0p05_w500_minv0_20k_512,TRS 0.10/0.05,245.02272,11.368615643183391,37.04727867126465
2026-08-01_11-09-46_go2_trs_m0p1_v0p05_w500_minv0_20k_512,TRS 0.10/0.05,245.26848,11.376928483711348,37.13672605514526
2026-08-01_11-09-46_go2_trs_m0p1_v0p05_w500_minv0_20k_512,TRS 0.10/0.05,245.51424,11.384883157412212,37.21763412475586
2026-08-01_11-09-46_go2_trs_m0p1_v0p05_w500_minv0_20k_512,TRS 0.10/0.05,245.747712,11.392588126526938,37.0474235534668
2026-07-31_22-48-38_go2_trs_m0p2_v0p1_w500_20k_512,TRS 0.20/0.10,2.4576,0.1032689975367652,2.8536444430798293
2026-07-31_22-48-38_go2_trs_m0p2_v0p1_w500_20k_512,TRS 0.20/0.10,2.70336,0.11339001311196222,3.946631337925792
2026-07-31_22-48-38_go2_trs_m0p2_v0p1_w500_20k_512,TRS 0.20/0.10,2.94912,0.12294331391652426,5.377473284527659
2026-07-31_22-48-38_go2_trs_m0p2_v0p1_w500_20k_512,TRS 0.20/0.10,3.19488,0.13229555984338123,6.654538609907031
2026-07-31_22-48-38_go2_trs_m0p2_v0p1_w500_20k_512,TRS 0.20/0.10,3.44064,0.14191742526160347,7.452941167354584
2026-07-31_22-48-38_go2_trs_m0p2_v0p1_w500_20k_512,TRS 0.20/0.10,3.6864,0.15111359775066377,8.164088084697724
2026-07-31_22-48-38_go2_trs_m0p2_v0p1_w500_20k_512,TRS 0.20/0.10,3.93216,0.16024000042014652,9.028128252029418
2026-07-31_22-48-38_go2_trs_m0p2_v0p1_w500_20k_512,TRS 0.20/0.10,4.17792,0.16995709081490834,10.017929153442383
2026-07-31_22-48-38_go2_trs_m0p2_v0p1_w500_20k_512,TRS 0.20/0.10,4.42368,0.1792422534359826,11.075439069271088
2026-07-31_22-48-38_go2_trs_m0p2_v0p1_w500_20k_512,TRS 0.20/0.10,4.66944,0.18835136241383021,11.937140910625457
2026-07-31_22-48-38_go2_trs_m0p2_v0p1_w500_20k_512,TRS 0.20/0.10,4.9152,0.19871895968914033,12.727040169239045
2026-07-31_22-48-38_go2_trs_m0p2_v0p1_w500_20k_512,TRS 0.20/0.10,5.16096,0.20839089923434786,13.760557827949524
2026-07-31_22-48-38_go2_trs_m0p2_v0p1_w500_20k_512,TRS 0.20/0.10,5.40672,0.21747204581896465,14.390846586227417
2026-07-31_22-48-38_go2_trs_m0p2_v0p1_w500_20k_512,TRS 0.20/0.10,5.65248,0.2275292213757833,15.12448133945465
2026-07-31_22-48-38_go2_trs_m0p2_v0p1_w500_20k_512,TRS 0.20/0.10,5.89824,0.23804563946194118,15.955813021659852
2026-07-31_22-48-38_go2_trs_m0p2_v0p1_w500_20k_512,TRS 0.20/0.10,6.144,0.24826751742098066,16.63413012981415
2026-07-31_22-48-38_go2_trs_m0p2_v0p1_w500_20k_512,TRS 0.20/0.10,6.38976,0.25870015852981143,17.05781376361847
2026-07-31_22-48-38_go2_trs_m0p2_v0p1_w500_20k_512,TRS 0.20/0.10,6.63552,0.2681993369261424,17.243400149345398
2026-07-31_22-48-38_go2_trs_m0p2_v0p1_w500_20k_512,TRS 0.20/0.10,6.88128,0.2776160873307122,17.383443694114685
2026-07-31_22-48-38_go2_trs_m0p2_v0p1_w500_20k_512,TRS 0.20/0.10,7.12704,0.2875274755557378,17.597703528404235
2026-07-31_22-48-38_go2_trs_m0p2_v0p1_w500_20k_512,TRS 0.20/0.10,7.3728,0.2972972751326031,17.737985849380493
2026-07-31_22-48-38_go2_trs_m0p2_v0p1_w500_20k_512,TRS 0.20/0.10,7.61856,0.3068550529082616,17.707121543884277
2026-07-31_22-48-38_go2_trs_m0p2_v0p1_w500_20k_512,TRS 0.20/0.10,7.86432,0.31677794178326923,17.749510602951048
2026-07-31_22-48-38_go2_trs_m0p2_v0p1_w500_20k_512,TRS 0.20/0.10,8.11008,0.3265541081296073,17.792132835388184
2026-07-31_22-48-38_go2_trs_m0p2_v0p1_w500_20k_512,TRS 0.20/0.10,8.35584,0.3360641770230399,17.680448422431947
2026-07-31_22-48-38_go2_trs_m0p2_v0p1_w500_20k_512,TRS 0.20/0.10,8.6016,0.34568052185906306,17.617065796852113
2026-07-31_22-48-38_go2_trs_m0p2_v0p1_w500_20k_512,TRS 0.20/0.10,8.84736,0.35556390504042307,17.722013144493104
2026-07-31_22-48-38_go2_trs_m0p2_v0p1_w500_20k_512,TRS 0.20/0.10,9.09312,0.3655637459622489,17.503257718086243
2026-07-31_22-48-38_go2_trs_m0p2_v0p1_w500_20k_512,TRS 0.20/0.10,9.33888,0.37492245263523527,17.308799571990967
2026-07-31_22-48-38_go2_trs_m0p2_v0p1_w500_20k_512,TRS 0.20/0.10,9.58464,0.3848098758856455,17.269155187606813
2026-07-31_22-48-38_go2_trs_m0p2_v0p1_w500_20k_512,TRS 0.20/0.10,9.8304,0.39440398150020173,17.065183300971984
2026-07-31_22-48-38_go2_trs_m0p2_v0p1_w500_20k_512,TRS 0.20/0.10,10.07616,0.40398440341154734,16.878734736442567
2026-07-31_22-48-38_go2_trs_m0p2_v0p1_w500_20k_512,TRS 0.20/0.10,10.32192,0.4141089364555147,16.721912260055543
2026-07-31_22-48-38_go2_trs_m0p2_v0p1_w500_20k_512,TRS 0.20/0.10,10.56768,0.4240076540576087,16.179534463882447
2026-07-31_22-48-38_go2_trs_m0p2_v0p1_w500_20k_512,TRS 0.20/0.10,10.81344,0.43381325900554657,15.734794216156006
2026-07-31_22-48-38_go2_trs_m0p2_v0p1_w500_20k_512,TRS 0.20/0.10,11.0592,0.44390245768758985,15.562004647254945
2026-07-31_22-48-38_go2_trs_m0p2_v0p1_w500_20k_512,TRS 0.20/0.10,11.30496,0.4537630605697632,15.178545212745666
2026-07-31_22-48-38_go2_trs_m0p2_v0p1_w500_20k_512,TRS 0.20/0.10,11.55072,0.46357632213168676,14.915603432655335
2026-07-31_22-48-38_go2_trs_m0p2_v0p1_w500_20k_512,TRS 0.20/0.10,11.79648,0.47362490601009793,14.888721361160279
2026-07-31_22-48-38_go2_trs_m0p2_v0p1_w500_20k_512,TRS 0.20/0.10,12.04224,0.4836229799191157,14.534305238723755
2026-07-31_22-48-38_go2_trs_m0p2_v0p1_w500_20k_512,TRS 0.20/0.10,12.288,0.4935442313220766,14.252890009880065
2026-07-31_22-48-38_go2_trs_m0p2_v0p1_w500_20k_512,TRS 0.20/0.10,12.53376,0.5034670882754856,14.132773804664613
2026-07-31_22-48-38_go2_trs_m0p2_v0p1_w500_20k_512,TRS 0.20/0.10,12.77952,0.5132400839196312,13.699773273468018
2026-07-31_22-48-38_go2_trs_m0p2_v0p1_w500_20k_512,TRS 0.20/0.10,13.02528,0.5230520518620809,13.885461926460266
2026-07-31_22-48-38_go2_trs_m0p2_v0p1_w500_20k_512,TRS 0.20/0.10,13.27104,0.5329233655002382,13.98136432647705
2026-07-31_22-48-38_go2_trs_m0p2_v0p1_w500_20k_512,TRS 0.20/0.10,13.5168,0.5426561374134488,13.814132943153382
2026-07-31_22-48-38_go2_trs_m0p2_v0p1_w500_20k_512,TRS 0.20/0.10,13.76256,0.5524454959895876,13.67836522579193
2026-07-31_22-48-38_go2_trs_m0p2_v0p1_w500_20k_512,TRS 0.20/0.10,14.00832,0.5623148759206136,13.994420485496521
2026-07-31_22-48-38_go2_trs_m0p2_v0p1_w500_20k_512,TRS 0.20/0.10,14.25408,0.5722227119074927,13.83735939025879
2026-07-31_22-48-38_go2_trs_m0p2_v0p1_w500_20k_512,TRS 0.20/0.10,14.49984,0.5819801395469242,13.772785267829896
2026-07-31_22-48-38_go2_trs_m0p2_v0p1_w500_20k_512,TRS 0.20/0.10,14.7456,0.5919076453977161,13.753439207077026
2026-07-31_22-48-38_go2_trs_m0p2_v0p1_w500_20k_512,TRS 0.20/0.10,14.99136,0.6016950626505746,13.905845708847046
2026-07-31_22-48-38_go2_trs_m0p2_v0p1_w500_20k_512,TRS 0.20/0.10,15.23712,0.611466828915808,14.038347811698914
2026-07-31_22-48-38_go2_trs_m0p2_v0p1_w500_20k_512,TRS 0.20/0.10,15.48288,0.6212442264291975,13.844756574630738
2026-07-31_22-48-38_go2_trs_m0p2_v0p1_w500_20k_512,TRS 0.20/0.10,15.72864,0.6310393995046616,13.839351239204406
2026-07-31_22-48-38_go2_trs_m0p2_v0p1_w500_20k_512,TRS 0.20/0.10,15.9744,0.6408484026458529,13.760870509147644
2026-07-31_22-48-38_go2_trs_m0p2_v0p1_w500_20k_512,TRS 0.20/0.10,16.22016,0.6506259965896607,13.857621912956239
2026-07-31_22-48-38_go2_trs_m0p2_v0p1_w500_20k_512,TRS 0.20/0.10,16.46592,0.6604089558786816,13.720034437179566
2026-07-31_22-48-38_go2_trs_m0p2_v0p1_w500_20k_512,TRS 0.20/0.10,16.71168,0.6703259952863058,13.609836916923523
2026-07-31_22-48-38_go2_trs_m0p2_v0p1_w500_20k_512,TRS 0.20/0.10,16.95744,0.6802352842357423,13.596433281898499
2026-07-31_22-48-38_go2_trs_m0p2_v0p1_w500_20k_512,TRS 0.20/0.10,17.2032,0.6899819556209776,13.724486656188965
2026-07-31_22-48-38_go2_trs_m0p2_v0p1_w500_20k_512,TRS 0.20/0.10,17.44896,0.6997262153360578,13.521579422950744
2026-07-31_22-48-38_go2_trs_m0p2_v0p1_w500_20k_512,TRS 0.20/0.10,17.69472,0.7094723825322257,13.65083607673645
2026-07-31_22-48-38_go2_trs_m0p2_v0p1_w500_20k_512,TRS 0.20/0.10,17.94048,0.7191997958554162,13.843770484924317
2026-07-31_22-48-38_go2_trs_m0p2_v0p1_w500_20k_512,TRS 0.20/0.10,18.18624,0.7290625922547447,13.786702136993409
2026-07-31_22-48-38_go2_trs_m0p2_v0p1_w500_20k_512,TRS 0.20/0.10,18.432,0.7388920101192262,13.782293715476989
2026-07-31_22-48-38_go2_trs_m0p2_v0p1_w500_20k_512,TRS 0.20/0.10,18.67776,0.7487598404619429,13.792775201797486
2026-07-31_22-48-38_go2_trs_m0p2_v0p1_w500_20k_512,TRS 0.20/0.10,18.92352,0.7587018857399622,13.813211669921875
2026-07-31_22-48-38_go2_trs_m0p2_v0p1_w500_20k_512,TRS 0.20/0.10,19.16928,0.7685341520441903,13.890839824676513
2026-07-31_22-48-38_go2_trs_m0p2_v0p1_w500_20k_512,TRS 0.20/0.10,19.41504,0.7782899992995792,13.983431601524353
2026-07-31_22-48-38_go2_trs_m0p2_v0p1_w500_20k_512,TRS 0.20/0.10,19.6608,0.7880477046304278,13.997257561683655
2026-07-31_22-48-38_go2_trs_m0p2_v0p1_w500_20k_512,TRS 0.20/0.10,19.90656,0.7978108252419366,14.090082149505616
2026-07-31_22-48-38_go2_trs_m0p2_v0p1_w500_20k_512,TRS 0.20/0.10,20.15232,0.8075820253954993,14.08382884979248
2026-07-31_22-48-38_go2_trs_m0p2_v0p1_w500_20k_512,TRS 0.20/0.10,20.39808,0.8173619099458058,14.099949140548706
2026-07-31_22-48-38_go2_trs_m0p2_v0p1_w500_20k_512,TRS 0.20/0.10,20.64384,0.8270851470364464,14.091838006973267
2026-07-31_22-48-38_go2_trs_m0p2_v0p1_w500_20k_512,TRS 0.20/0.10,20.8896,0.8369945745997959,14.058297300338745
2026-07-31_22-48-38_go2_trs_m0p2_v0p1_w500_20k_512,TRS 0.20/0.10,21.13536,0.8467484498686261,14.049043064117432
2026-07-31_22-48-38_go2_trs_m0p2_v0p1_w500_20k_512,TRS 0.20/0.10,21.38112,0.8564310106966231,14.015773458480835
2026-07-31_22-48-38_go2_trs_m0p2_v0p1_w500_20k_512,TRS 0.20/0.10,21.62688,0.8662403141789966,14.122007012367249
2026-07-31_22-48-38_go2_trs_m0p2_v0p1_w500_20k_512,TRS 0.20/0.10,21.87264,0.8760460676749547,14.13613404750824
2026-07-31_22-48-38_go2_trs_m0p2_v0p1_w500_20k_512,TRS 0.20/0.10,22.1184,0.8858390277624131,13.962602400779724
2026-07-31_22-48-38_go2_trs_m0p2_v0p1_w500_20k_512,TRS 0.20/0.10,22.36416,0.8957287613550822,13.771341209411622
2026-07-31_22-48-38_go2_trs_m0p2_v0p1_w500_20k_512,TRS 0.20/0.10,22.60992,0.9056112663613425,13.512357378005982
2026-07-31_22-48-38_go2_trs_m0p2_v0p1_w500_20k_512,TRS 0.20/0.10,22.85568,0.9154968428611755,13.212716269493104
2026-07-31_22-48-38_go2_trs_m0p2_v0p1_w500_20k_512,TRS 0.20/0.10,23.10144,0.9253370193640391,13.196114835739136
2026-07-31_22-48-38_go2_trs_m0p2_v0p1_w500_20k_512,TRS 0.20/0.10,23.3472,0.9351224268807306,13.332984137535096
2026-07-31_22-48-38_go2_trs_m0p2_v0p1_w500_20k_512,TRS 0.20/0.10,23.59296,0.9450418137841754,13.397320156097413
2026-07-31_22-48-38_go2_trs_m0p2_v0p1_w500_20k_512,TRS 0.20/0.10,23.83872,0.9548107086287605,13.486819047927856
2026-07-31_22-48-38_go2_trs_m0p2_v0p1_w500_20k_512,TRS 0.20/0.10,24.08448,0.9647502734926012,13.473666973114014
2026-07-31_22-48-38_go2_trs_m0p2_v0p1_w500_20k_512,TRS 0.20/0.10,24.33024,0.9747375424702962,13.498775663375854
2026-07-31_22-48-38_go2_trs_m0p2_v0p1_w500_20k_512,TRS 0.20/0.10,24.576,0.9846223047044542,13.52437044620514
2026-07-31_22-48-38_go2_trs_m0p2_v0p1_w500_20k_512,TRS 0.20/0.10,24.82176,0.9945295355055067,13.607248678207398
2026-07-31_22-48-38_go2_trs_m0p2_v0p1_w500_20k_512,TRS 0.20/0.10,25.06752,1.0043282925420338,13.907658400535583
2026-07-31_22-48-38_go2_trs_m0p2_v0p1_w500_20k_512,TRS 0.20/0.10,25.31328,1.0141843185822168,14.22810073375702
2026-07-31_22-48-38_go2_trs_m0p2_v0p1_w500_20k_512,TRS 0.20/0.10,25.55904,1.0240119600958295,14.340693807601928
2026-07-31_22-48-38_go2_trs_m0p2_v0p1_w500_20k_512,TRS 0.20/0.10,25.8048,1.0338909327321582,14.499051837921142
2026-07-31_22-48-38_go2_trs_m0p2_v0p1_w500_20k_512,TRS 0.20/0.10,26.05056,1.0437017458677291,14.49060754776001
2026-07-31_22-48-38_go2_trs_m0p2_v0p1_w500_20k_512,TRS 0.20/0.10,26.29632,1.053552388548851,14.555016193389893
2026-07-31_22-48-38_go2_trs_m0p2_v0p1_w500_20k_512,TRS 0.20/0.10,26.54208,1.0633189087443882,14.749934120178223
2026-07-31_22-48-38_go2_trs_m0p2_v0p1_w500_20k_512,TRS 0.20/0.10,26.78784,1.0732851960261662,14.888462748527527
2026-07-31_22-48-38_go2_trs_m0p2_v0p1_w500_20k_512,TRS 0.20/0.10,27.0336,1.0832402445210352,14.983573975563049
2026-07-31_22-48-38_go2_trs_m0p2_v0p1_w500_20k_512,TRS 0.20/0.10,27.27936,1.0930712048874962,15.058668689727783
2026-07-31_22-48-38_go2_trs_m0p2_v0p1_w500_20k_512,TRS 0.20/0.10,27.52512,1.102901656627655,15.05982696533203
2026-07-31_22-48-38_go2_trs_m0p2_v0p1_w500_20k_512,TRS 0.20/0.10,27.77088,1.112710205581453,15.176530337333679
2026-07-31_22-48-38_go2_trs_m0p2_v0p1_w500_20k_512,TRS 0.20/0.10,28.01664,1.1226451716158126,15.178938074111938
2026-07-31_22-48-38_go2_trs_m0p2_v0p1_w500_20k_512,TRS 0.20/0.10,28.2624,1.1324817984633975,15.223690814971924
2026-07-31_22-48-38_go2_trs_m0p2_v0p1_w500_20k_512,TRS 0.20/0.10,28.50816,1.1423042245043649,15.304940490722656
2026-07-31_22-48-38_go2_trs_m0p2_v0p1_w500_20k_512,TRS 0.20/0.10,28.75392,1.152246018714375,15.285031919479371
2026-07-31_22-48-38_go2_trs_m0p2_v0p1_w500_20k_512,TRS 0.20/0.10,28.99968,1.1620621144771577,15.093575925827027
2026-07-31_22-48-38_go2_trs_m0p2_v0p1_w500_20k_512,TRS 0.20/0.10,29.24544,1.1718694227933883,14.99641043663025
2026-07-31_22-48-38_go2_trs_m0p2_v0p1_w500_20k_512,TRS 0.20/0.10,29.4912,1.1816751184728411,15.203825407028198
2026-07-31_22-48-38_go2_trs_m0p2_v0p1_w500_20k_512,TRS 0.20/0.10,29.73696,1.1914258784717984,15.486849465370177
2026-07-31_22-48-38_go2_trs_m0p2_v0p1_w500_20k_512,TRS 0.20/0.10,29.98272,1.2012857372230954,15.599384903907776
2026-07-31_22-48-38_go2_trs_m0p2_v0p1_w500_20k_512,TRS 0.20/0.10,30.22848,1.2110629241996342,15.73301603794098
2026-07-31_22-48-38_go2_trs_m0p2_v0p1_w500_20k_512,TRS 0.20/0.10,30.47424,1.2208604309956232,15.882839136123657
2026-07-31_22-48-38_go2_trs_m0p2_v0p1_w500_20k_512,TRS 0.20/0.10,30.72,1.2306823085414038,15.833029556274415
2026-07-31_22-48-38_go2_trs_m0p2_v0p1_w500_20k_512,TRS 0.20/0.10,30.96576,1.240480512049463,15.890990920066834
2026-07-31_22-48-38_go2_trs_m0p2_v0p1_w500_20k_512,TRS 0.20/0.10,31.21152,1.2502824662791359,16.00437777996063
2026-07-31_22-48-38_go2_trs_m0p2_v0p1_w500_20k_512,TRS 0.20/0.10,31.45728,1.2601413176457088,16.270267119407652
2026-07-31_22-48-38_go2_trs_m0p2_v0p1_w500_20k_512,TRS 0.20/0.10,31.70304,1.2699977894624075,16.397584919929503
2026-07-31_22-48-38_go2_trs_m0p2_v0p1_w500_20k_512,TRS 0.20/0.10,31.9488,1.2797393268346786,16.347078018188476
2026-07-31_22-48-38_go2_trs_m0p2_v0p1_w500_20k_512,TRS 0.20/0.10,32.19456,1.2895175289445453,16.424921836853027
2026-07-31_22-48-38_go2_trs_m0p2_v0p1_w500_20k_512,TRS 0.20/0.10,32.44032,1.2993833835257425,16.606281628608702
2026-07-31_22-48-38_go2_trs_m0p2_v0p1_w500_20k_512,TRS 0.20/0.10,32.68608,1.3090643952290217,16.64096134662628
2026-07-31_22-48-38_go2_trs_m0p2_v0p1_w500_20k_512,TRS 0.20/0.10,32.93184,1.3188742303185992,16.89010458946228
2026-07-31_22-48-38_go2_trs_m0p2_v0p1_w500_20k_512,TRS 0.20/0.10,33.1776,1.3286785568793615,17.185816679000855
2026-07-31_22-48-38_go2_trs_m0p2_v0p1_w500_20k_512,TRS 0.20/0.10,33.42336,1.3385695758793088,17.379456763267516
2026-07-31_22-48-38_go2_trs_m0p2_v0p1_w500_20k_512,TRS 0.20/0.10,33.66912,1.348293079137802,17.67241840362549
2026-07-31_22-48-38_go2_trs_m0p2_v0p1_w500_20k_512,TRS 0.20/0.10,33.91488,1.3581833857297898,17.72924189090729
2026-07-31_22-48-38_go2_trs_m0p2_v0p1_w500_20k_512,TRS 0.20/0.10,34.16064,1.3679919820361668,17.971097660064697
2026-07-31_22-48-38_go2_trs_m0p2_v0p1_w500_20k_512,TRS 0.20/0.10,34.4064,1.3777778530783122,18.06638295650482
2026-07-31_22-48-38_go2_trs_m0p2_v0p1_w500_20k_512,TRS 0.20/0.10,34.65216,1.3874924694167243,17.97780851840973
2026-07-31_22-48-38_go2_trs_m0p2_v0p1_w500_20k_512,TRS 0.20/0.10,34.89792,1.3974032109313541,17.855848093032836
2026-07-31_22-48-38_go2_trs_m0p2_v0p1_w500_20k_512,TRS 0.20/0.10,35.14368,1.4071520098050436,17.74177487373352
2026-07-31_22-48-38_go2_trs_m0p2_v0p1_w500_20k_512,TRS 0.20/0.10,35.38944,1.4168857487705018,17.555721478462218
2026-07-31_22-48-38_go2_trs_m0p2_v0p1_w500_20k_512,TRS 0.20/0.10,35.6352,1.42670909623305,17.499759602546693
2026-07-31_22-48-38_go2_trs_m0p2_v0p1_w500_20k_512,TRS 0.20/0.10,35.88096,1.4365648016002444,17.664067826271058
2026-07-31_22-48-38_go2_trs_m0p2_v0p1_w500_20k_512,TRS 0.20/0.10,36.12672,1.446267748673757,17.641234860420226
2026-07-31_22-48-38_go2_trs_m0p2_v0p1_w500_20k_512,TRS 0.20/0.10,36.37248,1.4560324597358703,17.735842099189757
2026-07-31_22-48-38_go2_trs_m0p2_v0p1_w500_20k_512,TRS 0.20/0.10,36.61824,1.4658466707335578,17.568336639404297
2026-07-31_22-48-38_go2_trs_m0p2_v0p1_w500_20k_512,TRS 0.20/0.10,36.864,1.4755904046694437,17.532920789718627
2026-07-31_22-48-38_go2_trs_m0p2_v0p1_w500_20k_512,TRS 0.20/0.10,37.10976,1.485437585843934,17.71518280506134
2026-07-31_22-48-38_go2_trs_m0p2_v0p1_w500_20k_512,TRS 0.20/0.10,37.35552,1.495300259259012,17.84736916065216
2026-07-31_22-48-38_go2_trs_m0p2_v0p1_w500_20k_512,TRS 0.20/0.10,37.60128,1.5050407828887304,17.965866866111757
2026-07-31_22-48-38_go2_trs_m0p2_v0p1_w500_20k_512,TRS 0.20/0.10,37.84704,1.5148231429523893,17.951258811950684
2026-07-31_22-48-38_go2_trs_m0p2_v0p1_w500_20k_512,TRS 0.20/0.10,38.0928,1.5247375461128023,17.99680636405945
2026-07-31_22-48-38_go2_trs_m0p2_v0p1_w500_20k_512,TRS 0.20/0.10,38.33856,1.5344239756796094,17.912614765167238
2026-07-31_22-48-38_go2_trs_m0p2_v0p1_w500_20k_512,TRS 0.20/0.10,38.58432,1.544151718351576,17.97297673225403
2026-07-31_22-48-38_go2_trs_m0p2_v0p1_w500_20k_512,TRS 0.20/0.10,38.83008,1.5537946412298413,18.148524236679076
2026-07-31_22-48-38_go2_trs_m0p2_v0p1_w500_20k_512,TRS 0.20/0.10,39.07584,1.5634858454598322,18.50670334339142
2026-07-31_22-48-38_go2_trs_m0p2_v0p1_w500_20k_512,TRS 0.20/0.10,39.3216,1.573179980052842,18.760577697753906
2026-07-31_22-48-38_go2_trs_m0p2_v0p1_w500_20k_512,TRS 0.20/0.10,39.56736,1.5828545027971268,18.783182711601256
2026-07-31_22-48-38_go2_trs_m0p2_v0p1_w500_20k_512,TRS 0.20/0.10,39.81312,1.592570637928115,18.82021399497986
2026-07-31_22-48-38_go2_trs_m0p2_v0p1_w500_20k_512,TRS 0.20/0.10,40.05888,1.602268873254458,18.958778400421142
2026-07-31_22-48-38_go2_trs_m0p2_v0p1_w500_20k_512,TRS 0.20/0.10,40.30464,1.6119555099142922,19.098205556869505
2026-07-31_22-48-38_go2_trs_m0p2_v0p1_w500_20k_512,TRS 0.20/0.10,40.5504,1.6216636012660133,19.04169277191162
2026-07-31_22-48-38_go2_trs_m0p2_v0p1_w500_20k_512,TRS 0.20/0.10,40.79616,1.6313268325063917,19.140386447906494
2026-07-31_22-48-38_go2_trs_m0p2_v0p1_w500_20k_512,TRS 0.20/0.10,41.04192,1.6412023762861887,19.087674064636232
2026-07-31_22-48-38_go2_trs_m0p2_v0p1_w500_20k_512,TRS 0.20/0.10,41.28768,1.6509190742837059,18.962260961532593
2026-07-31_22-48-38_go2_trs_m0p2_v0p1_w500_20k_512,TRS 0.20/0.10,41.53344,1.6606179151932399,18.74917266845703
2026-07-31_22-48-38_go2_trs_m0p2_v0p1_w500_20k_512,TRS 0.20/0.10,41.7792,1.6704032913181517,18.699902687072754
2026-07-31_22-48-38_go2_trs_m0p2_v0p1_w500_20k_512,TRS 0.20/0.10,42.02496,1.680115745332506,18.634994955062865
2026-07-31_22-48-38_go2_trs_m0p2_v0p1_w500_20k_512,TRS 0.20/0.10,42.27072,1.6898059444295035,18.645586338043213
2026-07-31_22-48-38_go2_trs_m0p2_v0p1_w500_20k_512,TRS 0.20/0.10,42.51648,1.6994857537084156,18.599571533203125
2026-07-31_22-48-38_go2_trs_m0p2_v0p1_w500_20k_512,TRS 0.20/0.10,42.76224,1.7092398002412583,18.72499264717102
2026-07-31_22-48-38_go2_trs_m0p2_v0p1_w500_20k_512,TRS 0.20/0.10,43.008,1.7188396628035438,18.918466510772706
2026-07-31_22-48-38_go2_trs_m0p2_v0p1_w500_20k_512,TRS 0.20/0.10,43.25376,1.7285751830869251,18.958464756011963
2026-07-31_22-48-38_go2_trs_m0p2_v0p1_w500_20k_512,TRS 0.20/0.10,43.49952,1.7382217351595561,19.091620922088623
2026-07-31_22-48-38_go2_trs_m0p2_v0p1_w500_20k_512,TRS 0.20/0.10,43.74528,1.7478808893097773,18.956377611160278
2026-07-31_22-48-38_go2_trs_m0p2_v0p1_w500_20k_512,TRS 0.20/0.10,43.99104,1.7575157792038387,19.05366756439209
2026-07-31_22-48-38_go2_trs_m0p2_v0p1_w500_20k_512,TRS 0.20/0.10,44.2368,1.7671659487485885,19.26835202217102
2026-07-31_22-48-38_go2_trs_m0p2_v0p1_w500_20k_512,TRS 0.20/0.10,44.48256,1.7768821940819421,19.42741835594177
2026-07-31_22-48-38_go2_trs_m0p2_v0p1_w500_20k_512,TRS 0.20/0.10,44.72832,1.7865853785806232,19.46824661254883
2026-07-31_22-48-38_go2_trs_m0p2_v0p1_w500_20k_512,TRS 0.20/0.10,44.97408,1.7961909307373896,19.548793354034423
2026-07-31_22-48-38_go2_trs_m0p2_v0p1_w500_20k_512,TRS 0.20/0.10,45.21984,1.8058031794759963,19.589145803451537
2026-07-31_22-48-38_go2_trs_m0p2_v0p1_w500_20k_512,TRS 0.20/0.10,45.4656,1.8154116592142318,19.648880290985108
2026-07-31_22-48-38_go2_trs_m0p2_v0p1_w500_20k_512,TRS 0.20/0.10,45.71136,1.8250161689519881,19.726374759674073
2026-07-31_22-48-38_go2_trs_m0p2_v0p1_w500_20k_512,TRS 0.20/0.10,45.95712,1.8346284831232496,19.72848868370056
2026-07-31_22-48-38_go2_trs_m0p2_v0p1_w500_20k_512,TRS 0.20/0.10,46.20288,1.8442135510842006,20.16481572151184
2026-07-31_22-48-38_go2_trs_m0p2_v0p1_w500_20k_512,TRS 0.20/0.10,46.44864,1.8538163290421168,20.49311107635498
2026-07-31_22-48-38_go2_trs_m0p2_v0p1_w500_20k_512,TRS 0.20/0.10,46.6944,1.8635708992348776,20.573584661483764
2026-07-31_22-48-38_go2_trs_m0p2_v0p1_w500_20k_512,TRS 0.20/0.10,46.94016,1.8732659578323365,20.596149492263795
2026-07-31_22-48-38_go2_trs_m0p2_v0p1_w500_20k_512,TRS 0.20/0.10,47.18592,1.8829432116614448,20.696139650344847
2026-07-31_22-48-38_go2_trs_m0p2_v0p1_w500_20k_512,TRS 0.20/0.10,47.43168,1.892552879055341,20.776677236557006
2026-07-31_22-48-38_go2_trs_m0p2_v0p1_w500_20k_512,TRS 0.20/0.10,47.67744,1.9021768410338296,20.876080484390258
2026-07-31_22-48-38_go2_trs_m0p2_v0p1_w500_20k_512,TRS 0.20/0.10,47.9232,1.911899902621905,20.8959041595459
2026-07-31_22-48-38_go2_trs_m0p2_v0p1_w500_20k_512,TRS 0.20/0.10,48.16896,1.921623908744918,20.85384320259094
2026-07-31_22-48-38_go2_trs_m0p2_v0p1_w500_20k_512,TRS 0.20/0.10,48.41472,1.9312525884972678,20.837376918792724
2026-07-31_22-48-38_go2_trs_m0p2_v0p1_w500_20k_512,TRS 0.20/0.10,48.66048,1.9408567461040285,20.842607021331787
2026-07-31_22-48-38_go2_trs_m0p2_v0p1_w500_20k_512,TRS 0.20/0.10,48.90624,1.9505364253785875,20.77658857345581
2026-07-31_22-48-38_go2_trs_m0p2_v0p1_w500_20k_512,TRS 0.20/0.10,49.152,1.9600241852468914,20.841804141998292
2026-07-31_22-48-38_go2_trs_m0p2_v0p1_w500_20k_512,TRS 0.20/0.10,49.39776,1.9696903369824093,20.911322135925293
2026-07-31_22-48-38_go2_trs_m0p2_v0p1_w500_20k_512,TRS 0.20/0.10,49.64352,1.979361304442088,20.999891424179076
2026-07-31_22-48-38_go2_trs_m0p2_v0p1_w500_20k_512,TRS 0.20/0.10,49.88928,1.9889888663424387,21.027357397079466
2026-07-31_22-48-38_go2_trs_m0p2_v0p1_w500_20k_512,TRS 0.20/0.10,50.13504,1.9986824329694113,21.05990258216858
2026-07-31_22-48-38_go2_trs_m0p2_v0p1_w500_20k_512,TRS 0.20/0.10,50.3808,2.008483191728592,20.997651767730712
2026-07-31_22-48-38_go2_trs_m0p2_v0p1_w500_20k_512,TRS 0.20/0.10,50.62656,2.0184181699487898,21.094044303894044
2026-07-31_22-48-38_go2_trs_m0p2_v0p1_w500_20k_512,TRS 0.20/0.10,50.87232,2.0280428955952328,21.13705753326416
2026-07-31_22-48-38_go2_trs_m0p2_v0p1_w500_20k_512,TRS 0.20/0.10,51.11808,2.037730197310448,21.1112393283844
2026-07-31_22-48-38_go2_trs_m0p2_v0p1_w500_20k_512,TRS 0.20/0.10,51.36384,2.0473885051409404,20.966505794525148
2026-07-31_22-48-38_go2_trs_m0p2_v0p1_w500_20k_512,TRS 0.20/0.10,51.6096,2.0570938639508354,20.972777919769285
2026-07-31_22-48-38_go2_trs_m0p2_v0p1_w500_20k_512,TRS 0.20/0.10,51.85536,2.066660454273224,21.072342414855957
2026-07-31_22-48-38_go2_trs_m0p2_v0p1_w500_20k_512,TRS 0.20/0.10,52.10112,2.0762768149375916,21.16043416976929
2026-07-31_22-48-38_go2_trs_m0p2_v0p1_w500_20k_512,TRS 0.20/0.10,52.34688,2.0857885824971727,21.255956439971925
2026-07-31_22-48-38_go2_trs_m0p2_v0p1_w500_20k_512,TRS 0.20/0.10,52.59264,2.095294519265493,21.20043436050415
2026-07-31_22-48-38_go2_trs_m0p2_v0p1_w500_20k_512,TRS 0.20/0.10,52.8384,2.104931637512313,21.385898971557616
2026-07-31_22-48-38_go2_trs_m0p2_v0p1_w500_20k_512,TRS 0.20/0.10,53.08416,2.11464275320371,21.427955045700074
2026-07-31_22-48-38_go2_trs_m0p2_v0p1_w500_20k_512,TRS 0.20/0.10,53.32992,2.1243215732442007,21.378767738342287
2026-07-31_22-48-38_go2_trs_m0p2_v0p1_w500_20k_512,TRS 0.20/0.10,53.57568,2.1340871793031693,21.30671856880188
2026-07-31_22-48-38_go2_trs_m0p2_v0p1_w500_20k_512,TRS 0.20/0.10,53.82144,2.143634580704901,21.399855651855468
2026-07-31_22-48-38_go2_trs_m0p2_v0p1_w500_20k_512,TRS 0.20/0.10,54.0672,2.1532296024428472,21.404647312164307
2026-07-31_22-48-38_go2_trs_m0p2_v0p1_w500_20k_512,TRS 0.20/0.10,54.31296,2.162739258739683,21.50233331680298
2026-07-31_22-48-38_go2_trs_m0p2_v0p1_w500_20k_512,TRS 0.20/0.10,54.55872,2.172481885486179,21.58313328742981
2026-07-31_22-48-38_go2_trs_m0p2_v0p1_w500_20k_512,TRS 0.20/0.10,54.80448,2.1821486899587845,21.62588433265686
2026-07-31_22-48-38_go2_trs_m0p2_v0p1_w500_20k_512,TRS 0.20/0.10,55.05024,2.19169329226017,21.783321380615234
2026-07-31_22-48-38_go2_trs_m0p2_v0p1_w500_20k_512,TRS 0.20/0.10,55.296,2.201281017926004,21.85704122543335
2026-07-31_22-48-38_go2_trs_m0p2_v0p1_w500_20k_512,TRS 0.20/0.10,55.54176,2.2108000609609815,21.86541759490967
2026-07-31_22-48-38_go2_trs_m0p2_v0p1_w500_20k_512,TRS 0.20/0.10,55.78752,2.220353664490912,21.971716957092283
2026-07-31_22-48-38_go2_trs_m0p2_v0p1_w500_20k_512,TRS 0.20/0.10,56.03328,2.229946589734819,22.119504537582397
2026-07-31_22-48-38_go2_trs_m0p2_v0p1_w500_20k_512,TRS 0.20/0.10,56.27904,2.2394835439655516,22.174124670028686
2026-07-31_22-48-38_go2_trs_m0p2_v0p1_w500_20k_512,TRS 0.20/0.10,56.5248,2.2491932833857007,22.08949185371399
2026-07-31_22-48-38_go2_trs_m0p2_v0p1_w500_20k_512,TRS 0.20/0.10,56.77056,2.258754888508055,21.841362915039063
2026-07-31_22-48-38_go2_trs_m0p2_v0p1_w500_20k_512,TRS 0.20/0.10,57.01632,2.2683264483345877,21.65993185043335
2026-07-31_22-48-38_go2_trs_m0p2_v0p1_w500_20k_512,TRS 0.20/0.10,57.26208,2.277965140276485,21.60298583984375
2026-07-31_22-48-38_go2_trs_m0p2_v0p1_w500_20k_512,TRS 0.20/0.10,57.50784,2.2875049457947414,21.77916717529297
2026-07-31_22-48-38_go2_trs_m0p2_v0p1_w500_20k_512,TRS 0.20/0.10,57.7536,2.2971769342157575,21.730306568145753
2026-07-31_22-48-38_go2_trs_m0p2_v0p1_w500_20k_512,TRS 0.20/0.10,57.99936,2.306773300303353,21.954040746688843
2026-07-31_22-48-38_go2_trs_m0p2_v0p1_w500_20k_512,TRS 0.20/0.10,58.24512,2.316342275076442,22.089046115875245
2026-07-31_22-48-38_go2_trs_m0p2_v0p1_w500_20k_512,TRS 0.20/0.10,58.49088,2.325905199117131,22.091821784973146
2026-07-31_22-48-38_go2_trs_m0p2_v0p1_w500_20k_512,TRS 0.20/0.10,58.73664,2.3354538350635106,22.117102127075196
2026-07-31_22-48-38_go2_trs_m0p2_v0p1_w500_20k_512,TRS 0.20/0.10,58.9824,2.345013199514813,22.255263357162477
2026-07-31_22-48-38_go2_trs_m0p2_v0p1_w500_20k_512,TRS 0.20/0.10,59.22816,2.3545832569069334,22.568498783111572
2026-07-31_22-48-38_go2_trs_m0p2_v0p1_w500_20k_512,TRS 0.20/0.10,59.47392,2.364105018046167,22.653705081939698
2026-07-31_22-48-38_go2_trs_m0p2_v0p1_w500_20k_512,TRS 0.20/0.10,59.71968,2.3736710552374523,22.878818502426146
2026-07-31_22-48-38_go2_trs_m0p2_v0p1_w500_20k_512,TRS 0.20/0.10,59.96544,2.3832348076502483,22.72906536102295
2026-07-31_22-48-38_go2_trs_m0p2_v0p1_w500_20k_512,TRS 0.20/0.10,60.2112,2.3927675108777153,22.74215353012085
2026-07-31_22-48-38_go2_trs_m0p2_v0p1_w500_20k_512,TRS 0.20/0.10,60.45696,2.4023292775948843,22.63988344192505
2026-07-31_22-48-38_go2_trs_m0p2_v0p1_w500_20k_512,TRS 0.20/0.10,60.70272,2.411841421922048,22.776301755905152
2026-07-31_22-48-38_go2_trs_m0p2_v0p1_w500_20k_512,TRS 0.20/0.10,60.94848,2.4213403639528486,22.937569065093996
2026-07-31_22-48-38_go2_trs_m0p2_v0p1_w500_20k_512,TRS 0.20/0.10,61.19424,2.4308863546450934,22.944892787933348
2026-07-31_22-48-38_go2_trs_m0p2_v0p1_w500_20k_512,TRS 0.20/0.10,61.44,2.4405396160814496,22.95457473754883
2026-07-31_22-48-38_go2_trs_m0p2_v0p1_w500_20k_512,TRS 0.20/0.10,61.68576,2.450074096851879,22.88437717437744
2026-07-31_22-48-38_go2_trs_m0p2_v0p1_w500_20k_512,TRS 0.20/0.10,61.93152,2.459651134941313,22.926748609542848
2026-07-31_22-48-38_go2_trs_m0p2_v0p1_w500_20k_512,TRS 0.20/0.10,62.17728,2.4692294063833025,22.697480373382568
2026-07-31_22-48-38_go2_trs_m0p2_v0p1_w500_20k_512,TRS 0.20/0.10,62.42304,2.4786830612023674,22.629514589309693
2026-07-31_22-48-38_go2_trs_m0p2_v0p1_w500_20k_512,TRS 0.20/0.10,62.6688,2.488293754723337,22.662320947647096
2026-07-31_22-48-38_go2_trs_m0p2_v0p1_w500_20k_512,TRS 0.20/0.10,62.91456,2.497790911992391,22.597540922164917
2026-07-31_22-48-38_go2_trs_m0p2_v0p1_w500_20k_512,TRS 0.20/0.10,63.16032,2.5073895651102065,22.48055863380432
2026-07-31_22-48-38_go2_trs_m0p2_v0p1_w500_20k_512,TRS 0.20/0.10,63.40608,2.5169664207432003,22.23155716896057
2026-07-31_22-48-38_go2_trs_m0p2_v0p1_w500_20k_512,TRS 0.20/0.10,63.65184,2.526541679965125,22.27215998649597
2026-07-31_22-48-38_go2_trs_m0p2_v0p1_w500_20k_512,TRS 0.20/0.10,63.8976,2.5360925990343093,22.151458282470703
2026-07-31_22-48-38_go2_trs_m0p2_v0p1_w500_20k_512,TRS 0.20/0.10,64.14336,2.5456291314628388,22.19880187988281
2026-07-31_22-48-38_go2_trs_m0p2_v0p1_w500_20k_512,TRS 0.20/0.10,64.38912,2.555089263121287,22.26484697341919
2026-07-31_22-48-38_go2_trs_m0p2_v0p1_w500_20k_512,TRS 0.20/0.10,64.63488,2.5647322547435762,22.449065103530884
2026-07-31_22-48-38_go2_trs_m0p2_v0p1_w500_20k_512,TRS 0.20/0.10,64.88064,2.5742526100741494,22.815012531280516
2026-07-31_22-48-38_go2_trs_m0p2_v0p1_w500_20k_512,TRS 0.20/0.10,65.1264,2.583767499857479,23.045893802642823
2026-07-31_22-48-38_go2_trs_m0p2_v0p1_w500_20k_512,TRS 0.20/0.10,65.37216,2.5932454740338855,23.279263525009156
2026-07-31_22-48-38_go2_trs_m0p2_v0p1_w500_20k_512,TRS 0.20/0.10,65.61792,2.6027208330896165,23.243031320571898
2026-07-31_22-48-38_go2_trs_m0p2_v0p1_w500_20k_512,TRS 0.20/0.10,65.86368,2.61215126282639,23.37974688529968
2026-07-31_22-48-38_go2_trs_m0p2_v0p1_w500_20k_512,TRS 0.20/0.10,66.10944,2.6217049329810673,23.399467878341675
2026-07-31_22-48-38_go2_trs_m0p2_v0p1_w500_20k_512,TRS 0.20/0.10,66.3552,2.631265049378077,23.530753602981566
2026-07-31_22-48-38_go2_trs_m0p2_v0p1_w500_20k_512,TRS 0.20/0.10,66.60096,2.640752824942271,23.5142857837677
2026-07-31_22-48-38_go2_trs_m0p2_v0p1_w500_20k_512,TRS 0.20/0.10,66.84672,2.650250544746717,23.56281072616577
2026-07-31_22-48-38_go2_trs_m0p2_v0p1_w500_20k_512,TRS 0.20/0.10,67.09248,2.659772739741537,23.562763147354126
2026-07-31_22-48-38_go2_trs_m0p2_v0p1_w500_20k_512,TRS 0.20/0.10,67.33824,2.669206769069036,23.21658393859863
2026-07-31_22-48-38_go2_trs_m0p2_v0p1_w500_20k_512,TRS 0.20/0.10,67.584,2.6787217913071313,23.093423557281493
2026-07-31_22-48-38_go2_trs_m0p2_v0p1_w500_20k_512,TRS 0.20/0.10,67.82976,2.6881590302122964,22.96913139343262
2026-07-31_22-48-38_go2_trs_m0p2_v0p1_w500_20k_512,TRS 0.20/0.10,68.07552,2.6976017845339246,23.25163522720337
2026-07-31_22-48-38_go2_trs_m0p2_v0p1_w500_20k_512,TRS 0.20/0.10,68.32128,2.7071241273482642,23.424430923461912
2026-07-31_22-48-38_go2_trs_m0p2_v0p1_w500_20k_512,TRS 0.20/0.10,68.56704,2.716560174094306,23.670076456069946
2026-07-31_22-48-38_go2_trs_m0p2_v0p1_w500_20k_512,TRS 0.20/0.10,68.8128,2.7261295688814586,23.975656862258912
2026-07-31_22-48-38_go2_trs_m0p2_v0p1_w500_20k_512,TRS 0.20/0.10,69.05856,2.7355978763103486,24.178690519332886
2026-07-31_22-48-38_go2_trs_m0p2_v0p1_w500_20k_512,TRS 0.20/0.10,69.30432,2.7450542519489924,24.406486654281615
2026-07-31_22-48-38_go2_trs_m0p2_v0p1_w500_20k_512,TRS 0.20/0.10,69.55008,2.754542285932435,24.60135814666748
2026-07-31_22-48-38_go2_trs_m0p2_v0p1_w500_20k_512,TRS 0.20/0.10,69.79584,2.763967508739895,24.90192063331604
2026-07-31_22-48-38_go2_trs_m0p2_v0p1_w500_20k_512,TRS 0.20/0.10,70.0416,2.7733972660038204,24.988124113082886
2026-07-31_22-48-38_go2_trs_m0p2_v0p1_w500_20k_512,TRS 0.20/0.10,70.28736,2.7829435039891135,25.14819595336914
2026-07-31_22-48-38_go2_trs_m0p2_v0p1_w500_20k_512,TRS 0.20/0.10,70.53312,2.7923593236340416,25.121228017807006
2026-07-31_22-48-38_go2_trs_m0p2_v0p1_w500_20k_512,TRS 0.20/0.10,70.77888,2.8018805171383754,25.02918586730957
2026-07-31_22-48-38_go2_trs_m0p2_v0p1_w500_20k_512,TRS 0.20/0.10,71.02464,2.811411891712083,25.02063793182373
2026-07-31_22-48-38_go2_trs_m0p2_v0p1_w500_20k_512,TRS 0.20/0.10,71.2704,2.820949008729723,24.940263032913208
2026-07-31_22-48-38_go2_trs_m0p2_v0p1_w500_20k_512,TRS 0.20/0.10,71.51616,2.8304810954464807,24.89525923728943
2026-07-31_22-48-38_go2_trs_m0p2_v0p1_w500_20k_512,TRS 0.20/0.10,71.76192,2.840017685956425,24.885142517089843
2026-07-31_22-48-38_go2_trs_m0p2_v0p1_w500_20k_512,TRS 0.20/0.10,72.00768,2.849560830195745,24.785019321441652
2026-07-31_22-48-38_go2_trs_m0p2_v0p1_w500_20k_512,TRS 0.20/0.10,72.25344,2.859099212884903,24.95750211715698
2026-07-31_22-48-38_go2_trs_m0p2_v0p1_w500_20k_512,TRS 0.20/0.10,72.4992,2.8686055629783205,24.937334413528443
2026-07-31_22-48-38_go2_trs_m0p2_v0p1_w500_20k_512,TRS 0.20/0.10,72.74496,2.8781390482187272,24.891167211532593
2026-07-31_22-48-38_go2_trs_m0p2_v0p1_w500_20k_512,TRS 0.20/0.10,72.99072,2.887668666773372,24.837167863845824
2026-07-31_22-48-38_go2_trs_m0p2_v0p1_w500_20k_512,TRS 0.20/0.10,73.23648,2.897197210987409,24.94590884208679
2026-07-31_22-48-38_go2_trs_m0p2_v0p1_w500_20k_512,TRS 0.20/0.10,73.48224,2.906665154894193,24.964551734924317
2026-07-31_22-48-38_go2_trs_m0p2_v0p1_w500_20k_512,TRS 0.20/0.10,73.728,2.916159901883867,25.023615036010742
2026-07-31_22-48-38_go2_trs_m0p2_v0p1_w500_20k_512,TRS 0.20/0.10,73.97376,2.9256917623678844,25.102744150161744
2026-07-31_22-48-38_go2_trs_m0p2_v0p1_w500_20k_512,TRS 0.20/0.10,74.21952,2.935172305305799,25.052489347457886
2026-07-31_22-48-38_go2_trs_m0p2_v0p1_w500_20k_512,TRS 0.20/0.10,74.46528,2.9446242764261035,25.096588735580443
2026-07-31_22-48-38_go2_trs_m0p2_v0p1_w500_20k_512,TRS 0.20/0.10,74.71104,2.9541717254453235,25.07868386268616
2026-07-31_22-48-38_go2_trs_m0p2_v0p1_w500_20k_512,TRS 0.20/0.10,74.9568,2.963679144912296,25.085399055480956
2026-07-31_22-48-38_go2_trs_m0p2_v0p1_w500_20k_512,TRS 0.20/0.10,75.20256,2.9731825955708824,25.095536794662475
2026-07-31_22-48-38_go2_trs_m0p2_v0p1_w500_20k_512,TRS 0.20/0.10,75.44832,2.982717303302553,25.183955354690553
2026-07-31_22-48-38_go2_trs_m0p2_v0p1_w500_20k_512,TRS 0.20/0.10,75.69408,2.9923133151398766,25.139086751937867
2026-07-31_22-48-38_go2_trs_m0p2_v0p1_w500_20k_512,TRS 0.20/0.10,75.93984,3.00184212591913,25.041485414505004
2026-07-31_22-48-38_go2_trs_m0p2_v0p1_w500_20k_512,TRS 0.20/0.10,76.1856,3.0113585982720057,24.845005807876586
2026-07-31_22-48-38_go2_trs_m0p2_v0p1_w500_20k_512,TRS 0.20/0.10,76.43136,3.020886938903067,24.8521976852417
2026-07-31_22-48-38_go2_trs_m0p2_v0p1_w500_20k_512,TRS 0.20/0.10,76.67712,3.0304465324348873,24.736551532745363
2026-07-31_22-48-38_go2_trs_m0p2_v0p1_w500_20k_512,TRS 0.20/0.10,76.92288,3.03991228779157,24.79889675140381
2026-07-31_22-48-38_go2_trs_m0p2_v0p1_w500_20k_512,TRS 0.20/0.10,77.16864,3.049353958831893,24.7863823223114
2026-07-31_22-48-38_go2_trs_m0p2_v0p1_w500_20k_512,TRS 0.20/0.10,77.4144,3.058816877272394,24.917085218429566
2026-07-31_22-48-38_go2_trs_m0p2_v0p1_w500_20k_512,TRS 0.20/0.10,77.66016,3.0682998487684463,25.029026756286623
2026-07-31_22-48-38_go2_trs_m0p2_v0p1_w500_20k_512,TRS 0.20/0.10,77.90592,3.0777249735593797,25.17443157196045
2026-07-31_22-48-38_go2_trs_m0p2_v0p1_w500_20k_512,TRS 0.20/0.10,78.15168,3.08727629688051,25.191785907745363
2026-07-31_22-48-38_go2_trs_m0p2_v0p1_w500_20k_512,TRS 0.20/0.10,78.39744,3.0966975449853473,25.35306053161621
2026-07-31_22-48-38_go2_trs_m0p2_v0p1_w500_20k_512,TRS 0.20/0.10,78.6432,3.1061633268329834,25.584624490737916
2026-07-31_22-48-38_go2_trs_m0p2_v0p1_w500_20k_512,TRS 0.20/0.10,78.88896,3.1159513786766264,25.702320594787597
2026-07-31_22-48-38_go2_trs_m0p2_v0p1_w500_20k_512,TRS 0.20/0.10,79.13472,3.125592319832908,25.81913540840149
2026-07-31_22-48-38_go2_trs_m0p2_v0p1_w500_20k_512,TRS 0.20/0.10,79.38048,3.135177889532513,25.844187145233153
2026-07-31_22-48-38_go2_trs_m0p2_v0p1_w500_20k_512,TRS 0.20/0.10,79.62624,3.1446786515580283,26.00672748565674
2026-07-31_22-48-38_go2_trs_m0p2_v0p1_w500_20k_512,TRS 0.20/0.10,79.872,3.154103415608406,26.098390855789184
2026-07-31_22-48-38_go2_trs_m0p2_v0p1_w500_20k_512,TRS 0.20/0.10,80.11776,3.1634780218866134,26.129061012268068
2026-07-31_22-48-38_go2_trs_m0p2_v0p1_w500_20k_512,TRS 0.20/0.10,80.36352,3.172876263724433,26.27164394378662
2026-07-31_22-48-38_go2_trs_m0p2_v0p1_w500_20k_512,TRS 0.20/0.10,80.60928,3.182290961345037,26.4044447517395
2026-07-31_22-48-38_go2_trs_m0p2_v0p1_w500_20k_512,TRS 0.20/0.10,80.85504,3.191722643242942,26.480617876052857
2026-07-31_22-48-38_go2_trs_m0p2_v0p1_w500_20k_512,TRS 0.20/0.10,81.1008,3.201150293019083,26.575829601287843
2026-07-31_22-48-38_go2_trs_m0p2_v0p1_w500_20k_512,TRS 0.20/0.10,81.34656,3.2106684314542346,26.55132689476013
2026-07-31_22-48-38_go2_trs_m0p2_v0p1_w500_20k_512,TRS 0.20/0.10,81.59232,3.220210316909684,26.532599382400512
2026-07-31_22-48-38_go2_trs_m0p2_v0p1_w500_20k_512,TRS 0.20/0.10,81.83808,3.229730796813965,26.534326438903808
2026-07-31_22-48-38_go2_trs_m0p2_v0p1_w500_20k_512,TRS 0.20/0.10,82.08384,3.239197585185369,26.53252727508545
2026-07-31_22-48-38_go2_trs_m0p2_v0p1_w500_20k_512,TRS 0.20/0.10,82.3296,3.24871323717965,26.581661767959595
2026-07-31_22-48-38_go2_trs_m0p2_v0p1_w500_20k_512,TRS 0.20/0.10,82.57536,3.258212544851833,26.725645389556885
2026-07-31_22-48-38_go2_trs_m0p2_v0p1_w500_20k_512,TRS 0.20/0.10,82.82112,3.2676817691988416,26.60818271636963
2026-07-31_22-48-38_go2_trs_m0p2_v0p1_w500_20k_512,TRS 0.20/0.10,83.06688,3.2770932061804667,26.79877815246582
2026-07-31_22-48-38_go2_trs_m0p2_v0p1_w500_20k_512,TRS 0.20/0.10,83.31264,3.2865986384948096,26.82715446472168
2026-07-31_22-48-38_go2_trs_m0p2_v0p1_w500_20k_512,TRS 0.20/0.10,83.5584,3.2959870781501133,26.975195837020873
2026-07-31_22-48-38_go2_trs_m0p2_v0p1_w500_20k_512,TRS 0.20/0.10,83.80416,3.3054335227277543,27.167967109680177
2026-07-31_22-48-38_go2_trs_m0p2_v0p1_w500_20k_512,TRS 0.20/0.10,84.04992,3.3148343337244457,27.459515962600708
2026-07-31_22-48-38_go2_trs_m0p2_v0p1_w500_20k_512,TRS 0.20/0.10,84.29568,3.324239960379071,27.675502281188965
2026-07-31_22-48-38_go2_trs_m0p2_v0p1_w500_20k_512,TRS 0.20/0.10,84.54144,3.3337196405066383,27.689166879653932
2026-07-31_22-48-38_go2_trs_m0p2_v0p1_w500_20k_512,TRS 0.20/0.10,84.7872,3.343134988149007,27.72568579673767
2026-07-31_22-48-38_go2_trs_m0p2_v0p1_w500_20k_512,TRS 0.20/0.10,85.03296,3.3525904111067453,27.628169469833374
2026-07-31_22-48-38_go2_trs_m0p2_v0p1_w500_20k_512,TRS 0.20/0.10,85.27872,3.3620754137304094,27.74893141746521
2026-07-31_22-48-38_go2_trs_m0p2_v0p1_w500_20k_512,TRS 0.20/0.10,85.52448,3.3715255556503934,27.764253635406494
2026-07-31_22-48-38_go2_trs_m0p2_v0p1_w500_20k_512,TRS 0.20/0.10,85.77024,3.3808943239185547,27.799394254684447
2026-07-31_22-48-38_go2_trs_m0p2_v0p1_w500_20k_512,TRS 0.20/0.10,86.016,3.390370996461974,27.946133794784547
2026-07-31_22-48-38_go2_trs_m0p2_v0p1_w500_20k_512,TRS 0.20/0.10,86.26176,3.3998191546731524,27.883680992126465
2026-07-31_22-48-38_go2_trs_m0p2_v0p1_w500_20k_512,TRS 0.20/0.10,86.50752,3.4092284803258046,27.856128997802735
2026-07-31_22-48-38_go2_trs_m0p2_v0p1_w500_20k_512,TRS 0.20/0.10,86.75328,3.418609685500463,27.81891984939575
2026-07-31_22-48-38_go2_trs_m0p2_v0p1_w500_20k_512,TRS 0.20/0.10,86.99904,3.428152266608344,27.860908670425417
2026-07-31_22-48-38_go2_trs_m0p2_v0p1_w500_20k_512,TRS 0.20/0.10,87.2448,3.437601390944587,28.025125408172606
2026-07-31_22-48-38_go2_trs_m0p2_v0p1_w500_20k_512,TRS 0.20/0.10,87.49056,3.447065567837821,28.18211977005005
2026-07-31_22-48-38_go2_trs_m0p2_v0p1_w500_20k_512,TRS 0.20/0.10,87.73632,3.456441732843717,28.268429279327393
2026-07-31_22-48-38_go2_trs_m0p2_v0p1_w500_20k_512,TRS 0.20/0.10,87.98208,3.4658472867806753,28.381573734283446
2026-07-31_22-48-38_go2_trs_m0p2_v0p1_w500_20k_512,TRS 0.20/0.10,88.22784,3.475312887231509,28.62633864402771
2026-07-31_22-48-38_go2_trs_m0p2_v0p1_w500_20k_512,TRS 0.20/0.10,88.4736,3.484797190758917,28.677255182266236
2026-07-31_22-48-38_go2_trs_m0p2_v0p1_w500_20k_512,TRS 0.20/0.10,88.71936,3.4942066572772132,28.849492444992066
2026-07-31_22-48-38_go2_trs_m0p2_v0p1_w500_20k_512,TRS 0.20/0.10,88.96512,3.5036308148172166,29.182829065322878
2026-07-31_22-48-38_go2_trs_m0p2_v0p1_w500_20k_512,TRS 0.20/0.10,89.21088,3.5130452263355254,29.42469676017761
2026-07-31_22-48-38_go2_trs_m0p2_v0p1_w500_20k_512,TRS 0.20/0.10,89.45664,3.5224551532003616,29.44602476119995
2026-07-31_22-48-38_go2_trs_m0p2_v0p1_w500_20k_512,TRS 0.20/0.10,89.7024,3.5319264917903475,29.468045530319213
2026-07-31_22-48-38_go2_trs_m0p2_v0p1_w500_20k_512,TRS 0.20/0.10,89.94816,3.541418842540847,29.64203335762024
2026-07-31_22-48-38_go2_trs_m0p2_v0p1_w500_20k_512,TRS 0.20/0.10,90.19392,3.5507752761575913,29.70040114402771
2026-07-31_22-48-38_go2_trs_m0p2_v0p1_w500_20k_512,TRS 0.20/0.10,90.43968,3.560136228932275,29.84792552947998
2026-07-31_22-48-38_go2_trs_m0p2_v0p1_w500_20k_512,TRS 0.20/0.10,90.68544,3.5695173659589554,29.916152696609497
2026-07-31_22-48-38_go2_trs_m0p2_v0p1_w500_20k_512,TRS 0.20/0.10,90.9312,3.5787206084860697,30.001829957962038
2026-07-31_22-48-38_go2_trs_m0p2_v0p1_w500_20k_512,TRS 0.20/0.10,91.17696,3.5881592333979078,30.17167486190796
2026-07-31_22-48-38_go2_trs_m0p2_v0p1_w500_20k_512,TRS 0.20/0.10,91.42272,3.5975193327665327,30.205956773757933
2026-07-31_22-48-38_go2_trs_m0p2_v0p1_w500_20k_512,TRS 0.20/0.10,91.66848,3.60686020274957,30.295425186157228
2026-07-31_22-48-38_go2_trs_m0p2_v0p1_w500_20k_512,TRS 0.20/0.10,91.91424,3.6162740261024897,30.436756238937377
2026-07-31_22-48-38_go2_trs_m0p2_v0p1_w500_20k_512,TRS 0.20/0.10,92.16,3.62571823226081,30.48487916946411
2026-07-31_22-48-38_go2_trs_m0p2_v0p1_w500_20k_512,TRS 0.20/0.10,92.40576,3.635091223849191,30.431546764373778
2026-07-31_22-48-38_go2_trs_m0p2_v0p1_w500_20k_512,TRS 0.20/0.10,92.65152,3.64439524643951,30.53151090621948
2026-07-31_22-48-38_go2_trs_m0p2_v0p1_w500_20k_512,TRS 0.20/0.10,92.89728,3.6537500566244123,30.497929611206054
2026-07-31_22-48-38_go2_trs_m0p2_v0p1_w500_20k_512,TRS 0.20/0.10,93.14304,3.6631376963191564,30.52180633544922
2026-07-31_22-48-38_go2_trs_m0p2_v0p1_w500_20k_512,TRS 0.20/0.10,93.3888,3.672471282217238,30.32683511734009
2026-07-31_22-48-38_go2_trs_m0p2_v0p1_w500_20k_512,TRS 0.20/0.10,93.63456,3.681841930217213,30.127858648300172
2026-07-31_22-48-38_go2_trs_m0p2_v0p1_w500_20k_512,TRS 0.20/0.10,93.88032,3.6911754771735934,30.210584115982055
2026-07-31_22-48-38_go2_trs_m0p2_v0p1_w500_20k_512,TRS 0.20/0.10,94.12608,3.7005631508429846,30.217447366714477
2026-07-31_22-48-38_go2_trs_m0p2_v0p1_w500_20k_512,TRS 0.20/0.10,94.37184,3.709888889259762,30.18187012672424
2026-07-31_22-48-38_go2_trs_m0p2_v0p1_w500_20k_512,TRS 0.20/0.10,94.6176,3.7192580841647254,30.12422330856323
2026-07-31_22-48-38_go2_trs_m0p2_v0p1_w500_20k_512,TRS 0.20/0.10,94.86336,3.7285994993978075,30.129995250701903
2026-07-31_22-48-38_go2_trs_m0p2_v0p1_w500_20k_512,TRS 0.20/0.10,95.10912,3.7379446678029167,30.051986312866212
2026-07-31_22-48-38_go2_trs_m0p2_v0p1_w500_20k_512,TRS 0.20/0.10,95.35488,3.74738977862729,30.028717699050905
2026-07-31_22-48-38_go2_trs_m0p2_v0p1_w500_20k_512,TRS 0.20/0.10,95.60064,3.756706029706531,29.83298734664917
2026-07-31_22-48-38_go2_trs_m0p2_v0p1_w500_20k_512,TRS 0.20/0.10,95.8464,3.7661240092251034,29.780709438323974
2026-07-31_22-48-38_go2_trs_m0p2_v0p1_w500_20k_512,TRS 0.20/0.10,96.09216,3.7754611847135755,29.863522310256958
2026-07-31_22-48-38_go2_trs_m0p2_v0p1_w500_20k_512,TRS 0.20/0.10,96.33792,3.784914645155271,29.67038083076477
2026-07-31_22-48-38_go2_trs_m0p2_v0p1_w500_20k_512,TRS 0.20/0.10,96.58368,3.794255911509196,29.513636779785156
2026-07-31_22-48-38_go2_trs_m0p2_v0p1_w500_20k_512,TRS 0.20/0.10,96.82944,3.803636879854732,29.49616247177124
2026-07-31_22-48-38_go2_trs_m0p2_v0p1_w500_20k_512,TRS 0.20/0.10,97.0752,3.812968813445833,29.476263809204102
2026-07-31_22-48-38_go2_trs_m0p2_v0p1_w500_20k_512,TRS 0.20/0.10,97.32096,3.822334643933508,29.51920406341553
2026-07-31_22-48-38_go2_trs_m0p2_v0p1_w500_20k_512,TRS 0.20/0.10,97.56672,3.8316598046488233,29.60649170875549
2026-07-31_22-48-38_go2_trs_m0p2_v0p1_w500_20k_512,TRS 0.20/0.10,97.81248,3.8410430965820948,29.607699060440062
2026-07-31_22-48-38_go2_trs_m0p2_v0p1_w500_20k_512,TRS 0.20/0.10,98.05824,3.8504124987125397,29.856037139892578
2026-07-31_22-48-38_go2_trs_m0p2_v0p1_w500_20k_512,TRS 0.20/0.10,98.304,3.85990827454461,30.07066897392273
2026-07-31_22-48-38_go2_trs_m0p2_v0p1_w500_20k_512,TRS 0.20/0.10,98.54976,3.8693293819824857,30.07359031677246
2026-07-31_22-48-38_go2_trs_m0p2_v0p1_w500_20k_512,TRS 0.20/0.10,98.79552,3.8786738111575443,30.136653051376342
2026-07-31_22-48-38_go2_trs_m0p2_v0p1_w500_20k_512,TRS 0.20/0.10,99.04128,3.888099064760738,30.281895112991332
2026-07-31_22-48-38_go2_trs_m0p2_v0p1_w500_20k_512,TRS 0.20/0.10,99.28704,3.897529448270798,30.449315366744994
2026-07-31_22-48-38_go2_trs_m0p2_v0p1_w500_20k_512,TRS 0.20/0.10,99.5328,3.9068972478310267,30.578934488296508
2026-07-31_22-48-38_go2_trs_m0p2_v0p1_w500_20k_512,TRS 0.20/0.10,99.77856,3.916247553361787,30.70862720489502
2026-07-31_22-48-38_go2_trs_m0p2_v0p1_w500_20k_512,TRS 0.20/0.10,100.02432,3.9255607945389217,30.859533348083495
2026-07-31_22-48-38_go2_trs_m0p2_v0p1_w500_20k_512,TRS 0.20/0.10,100.27008,3.9348964982562595,30.94603816986084
2026-07-31_22-48-38_go2_trs_m0p2_v0p1_w500_20k_512,TRS 0.20/0.10,100.51584,3.9442690044641493,30.902680263519287
2026-07-31_22-48-38_go2_trs_m0p2_v0p1_w500_20k_512,TRS 0.20/0.10,100.7616,3.953576167623202,30.88106813430786
2026-07-31_22-48-38_go2_trs_m0p2_v0p1_w500_20k_512,TRS 0.20/0.10,101.00736,3.96295629090733,31.020149927139283
2026-07-31_22-48-38_go2_trs_m0p2_v0p1_w500_20k_512,TRS 0.20/0.10,101.25312,3.972241011791759,31.04744704246521
2026-07-31_22-48-38_go2_trs_m0p2_v0p1_w500_20k_512,TRS 0.20/0.10,101.49888,3.981515352461073,30.98895064353943
2026-07-31_22-48-38_go2_trs_m0p2_v0p1_w500_20k_512,TRS 0.20/0.10,101.74464,3.9908839838372336,31.12059253692627
2026-07-31_22-48-38_go2_trs_m0p2_v0p1_w500_20k_512,TRS 0.20/0.10,101.9904,4.000258712437418,31.108215818405153
2026-07-31_22-48-38_go2_trs_m0p2_v0p1_w500_20k_512,TRS 0.20/0.10,102.23616,4.009563634660509,31.058007736206054
2026-07-31_22-48-38_go2_trs_m0p2_v0p1_w500_20k_512,TRS 0.20/0.10,102.48192,4.018890033231841,31.017007904052733
2026-07-31_22-48-38_go2_trs_m0p2_v0p1_w500_20k_512,TRS 0.20/0.10,102.72768,4.028192993005117,31.24007441520691
2026-07-31_22-48-38_go2_trs_m0p2_v0p1_w500_20k_512,TRS 0.20/0.10,102.97344,4.037631750967767,31.2527615070343
2026-07-31_22-48-38_go2_trs_m0p2_v0p1_w500_20k_512,TRS 0.20/0.10,103.2192,4.047015208005905,31.3359645652771
2026-07-31_22-48-38_go2_trs_m0p2_v0p1_w500_20k_512,TRS 0.20/0.10,103.46496,4.056372889545229,31.36230812072754
2026-07-31_22-48-38_go2_trs_m0p2_v0p1_w500_20k_512,TRS 0.20/0.10,103.71072,4.0656590964396795,31.399548959732055
2026-07-31_22-48-38_go2_trs_m0p2_v0p1_w500_20k_512,TRS 0.20/0.10,103.95648,4.074961592621274,31.598950338363647
2026-07-31_22-48-38_go2_trs_m0p2_v0p1_w500_20k_512,TRS 0.20/0.10,104.20224,4.0843045986360975,31.616978645324707
2026-07-31_22-48-38_go2_trs_m0p2_v0p1_w500_20k_512,TRS 0.20/0.10,104.448,4.09363602830304,31.79630575180054
2026-07-31_22-48-38_go2_trs_m0p2_v0p1_w500_20k_512,TRS 0.20/0.10,104.69376,4.102917805512746,31.90985474586487
2026-07-31_22-48-38_go2_trs_m0p2_v0p1_w500_20k_512,TRS 0.20/0.10,104.93952,4.112255653474066,31.857061357498168
2026-07-31_22-48-38_go2_trs_m0p2_v0p1_w500_20k_512,TRS 0.20/0.10,105.18528,4.121584482391675,31.605584688186646
2026-07-31_22-48-38_go2_trs_m0p2_v0p1_w500_20k_512,TRS 0.20/0.10,105.43104,4.130952154861556,31.53401743888855
2026-07-31_22-48-38_go2_trs_m0p2_v0p1_w500_20k_512,TRS 0.20/0.10,105.6768,4.140334240463045,31.515089807510375
2026-07-31_22-48-38_go2_trs_m0p2_v0p1_w500_20k_512,TRS 0.20/0.10,105.92256,4.149673467079799,31.644366683959962
2026-07-31_22-48-38_go2_trs_m0p2_v0p1_w500_20k_512,TRS 0.20/0.10,106.16832,4.159040668143167,31.65124069213867
2026-07-31_22-48-38_go2_trs_m0p2_v0p1_w500_20k_512,TRS 0.20/0.10,106.41408,4.168416323794259,31.740466108322142
2026-07-31_22-48-38_go2_trs_m0p2_v0p1_w500_20k_512,TRS 0.20/0.10,106.65984,4.177781072854995,31.655642051696777
2026-07-31_22-48-38_go2_trs_m0p2_v0p1_w500_20k_512,TRS 0.20/0.10,106.9056,4.187084840602345,31.626597995758058
2026-07-31_22-48-38_go2_trs_m0p2_v0p1_w500_20k_512,TRS 0.20/0.10,107.15136,4.196393465797106,31.772289476394654
2026-07-31_22-48-38_go2_trs_m0p2_v0p1_w500_20k_512,TRS 0.20/0.10,107.39712,4.2057153744167755,31.7792844581604
2026-07-31_22-48-38_go2_trs_m0p2_v0p1_w500_20k_512,TRS 0.20/0.10,107.64288,4.2150640314817425,31.90628638267517
2026-07-31_22-48-38_go2_trs_m0p2_v0p1_w500_20k_512,TRS 0.20/0.10,107.88864,4.224408208595382,32.029381895065306
2026-07-31_22-48-38_go2_trs_m0p2_v0p1_w500_20k_512,TRS 0.20/0.10,108.1344,4.233668639924791,32.195688495635984
2026-07-31_22-48-38_go2_trs_m0p2_v0p1_w500_20k_512,TRS 0.20/0.10,108.38016,4.242996590336164,32.2254716873169
2026-07-31_22-48-38_go2_trs_m0p2_v0p1_w500_20k_512,TRS 0.20/0.10,108.62592,4.252386681569947,32.13058256149292
2026-07-31_22-48-38_go2_trs_m0p2_v0p1_w500_20k_512,TRS 0.20/0.10,108.87168,4.2617079122198955,31.86297414779663
2026-07-31_22-48-38_go2_trs_m0p2_v0p1_w500_20k_512,TRS 0.20/0.10,109.11744,4.2711104487048255,31.756522455215453
2026-07-31_22-48-38_go2_trs_m0p2_v0p1_w500_20k_512,TRS 0.20/0.10,109.3632,4.2805351063940265,31.53186532020569
2026-07-31_22-48-38_go2_trs_m0p2_v0p1_w500_20k_512,TRS 0.20/0.10,109.60896,4.289761429561509,31.334577360153197
2026-07-31_22-48-38_go2_trs_m0p2_v0p1_w500_20k_512,TRS 0.20/0.10,109.85472,4.299128543800778,31.352560329437257
2026-07-31_22-48-38_go2_trs_m0p2_v0p1_w500_20k_512,TRS 0.20/0.10,110.10048,4.308595759140121,31.38273507118225
2026-07-31_22-48-38_go2_trs_m0p2_v0p1_w500_20k_512,TRS 0.20/0.10,110.34624,4.31790484574106,31.280664081573487
2026-07-31_22-48-38_go2_trs_m0p2_v0p1_w500_20k_512,TRS 0.20/0.10,110.592,4.327177889678214,31.126737327575682
2026-07-31_22-48-38_go2_trs_m0p2_v0p1_w500_20k_512,TRS 0.20/0.10,110.83776,4.336539425585005,31.117324476242064
2026-07-31_22-48-38_go2_trs_m0p2_v0p1_w500_20k_512,TRS 0.20/0.10,111.08352,4.345912816392051,31.3078156375885
2026-07-31_22-48-38_go2_trs_m0p2_v0p1_w500_20k_512,TRS 0.20/0.10,111.32928,4.355278244548374,31.469119539260863
2026-07-31_22-48-38_go2_trs_m0p2_v0p1_w500_20k_512,TRS 0.20/0.10,111.57504,4.364666876329316,31.753300695419313
2026-07-31_22-48-38_go2_trs_m0p2_v0p1_w500_20k_512,TRS 0.20/0.10,111.8208,4.373969746364487,32.149924268722536
2026-07-31_22-48-38_go2_trs_m0p2_v0p1_w500_20k_512,TRS 0.20/0.10,112.06656,4.3833558122317,32.241291007995606
2026-07-31_22-48-38_go2_trs_m0p2_v0p1_w500_20k_512,TRS 0.20/0.10,112.31232,4.392687803374397,32.35593688964844
2026-07-31_22-48-38_go2_trs_m0p2_v0p1_w500_20k_512,TRS 0.20/0.10,112.55808,4.402002829843097,32.28979302406311
2026-07-31_22-48-38_go2_trs_m0p2_v0p1_w500_20k_512,TRS 0.20/0.10,112.80384,4.411297767890824,32.54142112731934
2026-07-31_22-48-38_go2_trs_m0p2_v0p1_w500_20k_512,TRS 0.20/0.10,113.0496,4.420585015349918,32.70111639022827
2026-07-31_22-48-38_go2_trs_m0p2_v0p1_w500_20k_512,TRS 0.20/0.10,113.29536,4.42991701900959,32.549351949691776
2026-07-31_22-48-38_go2_trs_m0p2_v0p1_w500_20k_512,TRS 0.20/0.10,113.54112,4.439195784330368,32.698441886901854
2026-07-31_22-48-38_go2_trs_m0p2_v0p1_w500_20k_512,TRS 0.20/0.10,113.78688,4.448544254634116,32.734805793762206
2026-07-31_22-48-38_go2_trs_m0p2_v0p1_w500_20k_512,TRS 0.20/0.10,114.03264,4.457877458996243,32.71312250137329
2026-07-31_22-48-38_go2_trs_m0p2_v0p1_w500_20k_512,TRS 0.20/0.10,114.2784,4.467121939924028,32.64792485237122
2026-07-31_22-48-38_go2_trs_m0p2_v0p1_w500_20k_512,TRS 0.20/0.10,114.52416,4.47642044670052,32.709814319610594
2026-07-31_22-48-38_go2_trs_m0p2_v0p1_w500_20k_512,TRS 0.20/0.10,114.76992,4.485847225652801,32.70304008483887
2026-07-31_22-48-38_go2_trs_m0p2_v0p1_w500_20k_512,TRS 0.20/0.10,115.01568,4.495156079067124,32.829875211715695
2026-07-31_22-48-38_go2_trs_m0p2_v0p1_w500_20k_512,TRS 0.20/0.10,115.26144,4.504501708481047,32.761055603027344
2026-07-31_22-48-38_go2_trs_m0p2_v0p1_w500_20k_512,TRS 0.20/0.10,115.5072,4.5138790384928384,32.67442335128784
2026-07-31_22-48-38_go2_trs_m0p2_v0p1_w500_20k_512,TRS 0.20/0.10,115.75296,4.52315154367023,32.82571458816528
2026-07-31_22-48-38_go2_trs_m0p2_v0p1_w500_20k_512,TRS 0.20/0.10,115.99872,4.5325038576126095,32.63486916542053
2026-07-31_22-48-38_go2_trs_m0p2_v0p1_w500_20k_512,TRS 0.20/0.10,116.24448,4.541810344192717,32.66011938095093
2026-07-31_22-48-38_go2_trs_m0p2_v0p1_w500_20k_512,TRS 0.20/0.10,116.49024,4.551078993678093,32.52993532180786
2026-07-31_22-48-38_go2_trs_m0p2_v0p1_w500_20k_512,TRS 0.20/0.10,116.736,4.560385516418351,32.549953365325926
2026-07-31_22-48-38_go2_trs_m0p2_v0p1_w500_20k_512,TRS 0.20/0.10,116.98176,4.569738228254848,32.601019916534426
2026-07-31_22-48-38_go2_trs_m0p2_v0p1_w500_20k_512,TRS 0.20/0.10,117.22752,4.579094257156054,32.641552715301515
2026-07-31_22-48-38_go2_trs_m0p2_v0p1_w500_20k_512,TRS 0.20/0.10,117.47328,4.588389288518164,32.6061902141571
2026-07-31_22-48-38_go2_trs_m0p2_v0p1_w500_20k_512,TRS 0.20/0.10,117.71904,4.597662497758865,32.683485469818116
2026-07-31_22-48-38_go2_trs_m0p2_v0p1_w500_20k_512,TRS 0.20/0.10,117.9648,4.606970758769247,32.736254653930665
2026-07-31_22-48-38_go2_trs_m0p2_v0p1_w500_20k_512,TRS 0.20/0.10,118.21056,4.6162082042959005,32.82345565795899
2026-07-31_22-48-38_go2_trs_m0p2_v0p1_w500_20k_512,TRS 0.20/0.10,118.45632,4.625575511455536,32.99582516670227
2026-07-31_22-48-38_go2_trs_m0p2_v0p1_w500_20k_512,TRS 0.20/0.10,118.70208,4.634815002944734,33.020319652557376
2026-07-31_22-48-38_go2_trs_m0p2_v0p1_w500_20k_512,TRS 0.20/0.10,118.94784,4.644063973360591,33.064992084503174
2026-07-31_22-48-38_go2_trs_m0p2_v0p1_w500_20k_512,TRS 0.20/0.10,119.1936,4.6533655618959004,33.0253254699707
2026-07-31_22-48-38_go2_trs_m0p2_v0p1_w500_20k_512,TRS 0.20/0.10,119.43936,4.662660895188649,33.0209213924408
2026-07-31_22-48-38_go2_trs_m0p2_v0p1_w500_20k_512,TRS 0.20/0.10,119.68512,4.671907928652233,32.93744340896606
2026-07-31_22-48-38_go2_trs_m0p2_v0p1_w500_20k_512,TRS 0.20/0.10,119.93088,4.681200976702902,32.95071208000183
2026-07-31_22-48-38_go2_trs_m0p2_v0p1_w500_20k_512,TRS 0.20/0.10,120.17664,4.690404948128594,32.98799660682678
2026-07-31_22-48-38_go2_trs_m0p2_v0p1_w500_20k_512,TRS 0.20/0.10,120.4224,4.699714313414361,32.94709923744202
2026-07-31_22-48-38_go2_trs_m0p2_v0p1_w500_20k_512,TRS 0.20/0.10,120.66816,4.709102260139254,32.686356973648074
2026-07-31_22-48-38_go2_trs_m0p2_v0p1_w500_20k_512,TRS 0.20/0.10,120.91392,4.718366865581936,32.57348479270935
2026-07-31_22-48-38_go2_trs_m0p2_v0p1_w500_20k_512,TRS 0.20/0.10,121.15968,4.727682487368583,32.60578364372253
2026-07-31_22-48-38_go2_trs_m0p2_v0p1_w500_20k_512,TRS 0.20/0.10,121.40544,4.7369721178876025,32.595751218795776
2026-07-31_22-48-38_go2_trs_m0p2_v0p1_w500_20k_512,TRS 0.20/0.10,121.6512,4.7462354754077065,32.653297872543334
2026-07-31_22-48-38_go2_trs_m0p2_v0p1_w500_20k_512,TRS 0.20/0.10,121.89696,4.75557033293777,32.597746229171754
2026-07-31_22-48-38_go2_trs_m0p2_v0p1_w500_20k_512,TRS 0.20/0.10,122.14272,4.764857539137204,32.42235220909119
2026-07-31_22-48-38_go2_trs_m0p2_v0p1_w500_20k_512,TRS 0.20/0.10,122.38848,4.774213971760538,32.22656701087951
2026-07-31_22-48-38_go2_trs_m0p2_v0p1_w500_20k_512,TRS 0.20/0.10,122.63424,4.783492931922277,32.05463833808899
2026-07-31_22-48-38_go2_trs_m0p2_v0p1_w500_20k_512,TRS 0.20/0.10,122.88,4.792808177140024,32.063445720672604
2026-07-31_22-48-38_go2_trs_m0p2_v0p1_w500_20k_512,TRS 0.20/0.10,123.12576,4.802057590948211,32.21947454452515
2026-07-31_22-48-38_go2_trs_m0p2_v0p1_w500_20k_512,TRS 0.20/0.10,123.37152,4.811326523025831,32.25534050941467
2026-07-31_22-48-38_go2_trs_m0p2_v0p1_w500_20k_512,TRS 0.20/0.10,123.61728,4.820786035921839,32.22646147727966
2026-07-31_22-48-38_go2_trs_m0p2_v0p1_w500_20k_512,TRS 0.20/0.10,123.86304,4.830058317581813,32.31567791938782
2026-07-31_22-48-38_go2_trs_m0p2_v0p1_w500_20k_512,TRS 0.20/0.10,124.1088,4.8394122640954125,32.21812685012817
2026-07-31_22-48-38_go2_trs_m0p2_v0p1_w500_20k_512,TRS 0.20/0.10,124.35456,4.848783166276084,32.21120861053467
2026-07-31_22-48-38_go2_trs_m0p2_v0p1_w500_20k_512,TRS 0.20/0.10,124.60032,4.858073256678051,32.40060757637024
2026-07-31_22-48-38_go2_trs_m0p2_v0p1_w500_20k_512,TRS 0.20/0.10,124.84608,4.867317751844724,32.592491397857664
2026-07-31_22-48-38_go2_trs_m0p2_v0p1_w500_20k_512,TRS 0.20/0.10,125.09184,4.876636476318041,32.784430046081546
2026-07-31_22-48-38_go2_trs_m0p2_v0p1_w500_20k_512,TRS 0.20/0.10,125.3376,4.885899377332794,32.78786137580872
2026-07-31_22-48-38_go2_trs_m0p2_v0p1_w500_20k_512,TRS 0.20/0.10,125.58336,4.895204276177618,32.640312385559085
2026-07-31_22-48-38_go2_trs_m0p2_v0p1_w500_20k_512,TRS 0.20/0.10,125.82912,4.904630746046702,32.57359659194946
2026-07-31_22-48-38_go2_trs_m0p2_v0p1_w500_20k_512,TRS 0.20/0.10,126.07488,4.913963496486346,32.47152151107788
2026-07-31_22-48-38_go2_trs_m0p2_v0p1_w500_20k_512,TRS 0.20/0.10,126.32064,4.923143626583947,32.52596927642822
2026-07-31_22-48-38_go2_trs_m0p2_v0p1_w500_20k_512,TRS 0.20/0.10,126.5664,4.93243929081493,32.66084351539612
2026-07-31_22-48-38_go2_trs_m0p2_v0p1_w500_20k_512,TRS 0.20/0.10,126.81216,4.941745190487968,32.802845058441164
2026-07-31_22-48-38_go2_trs_m0p2_v0p1_w500_20k_512,TRS 0.20/0.10,127.05792,4.951046243111293,32.83180931091309
2026-07-31_22-48-38_go2_trs_m0p2_v0p1_w500_20k_512,TRS 0.20/0.10,127.30368,4.960339599781566,32.90492718696594
2026-07-31_22-48-38_go2_trs_m0p2_v0p1_w500_20k_512,TRS 0.20/0.10,127.54944,4.969701482521163,32.837148685455325
2026-07-31_22-48-38_go2_trs_m0p2_v0p1_w500_20k_512,TRS 0.20/0.10,127.7952,4.978979833788342,32.7824498462677
2026-07-31_22-48-38_go2_trs_m0p2_v0p1_w500_20k_512,TRS 0.20/0.10,128.04096,4.988264586461915,32.910573148727416
2026-07-31_22-48-38_go2_trs_m0p2_v0p1_w500_20k_512,TRS 0.20/0.10,128.28672,4.997517181502448,32.98114508628845
2026-07-31_22-48-38_go2_trs_m0p2_v0p1_w500_20k_512,TRS 0.20/0.10,128.53248,5.006693732738495,33.0702401638031
2026-07-31_22-48-38_go2_trs_m0p2_v0p1_w500_20k_512,TRS 0.20/0.10,128.77824,5.015930323402087,33.06189101219177
2026-07-31_22-48-38_go2_trs_m0p2_v0p1_w500_20k_512,TRS 0.20/0.10,129.024,5.0252311866150965,33.01551796913147
2026-07-31_22-48-38_go2_trs_m0p2_v0p1_w500_20k_512,TRS 0.20/0.10,129.26976,5.03449405948321,32.81158761978149
2026-07-31_22-48-38_go2_trs_m0p2_v0p1_w500_20k_512,TRS 0.20/0.10,129.51552,5.043824764556355,32.84909068107605
2026-07-31_22-48-38_go2_trs_m0p2_v0p1_w500_20k_512,TRS 0.20/0.10,129.76128,5.05322759826978,32.68942964553833
2026-07-31_22-48-38_go2_trs_m0p2_v0p1_w500_20k_512,TRS 0.20/0.10,130.00704,5.062633995347553,32.50794612884521
2026-07-31_22-48-38_go2_trs_m0p2_v0p1_w500_20k_512,TRS 0.20/0.10,130.2528,5.072036272817188,32.48367038726806
2026-07-31_22-48-38_go2_trs_m0p2_v0p1_w500_20k_512,TRS 0.20/0.10,130.49856,5.081336289511786,32.40407477378845
2026-07-31_22-48-38_go2_trs_m0p2_v0p1_w500_20k_512,TRS 0.20/0.10,130.74432,5.09061308046182,32.3732918548584
2026-07-31_22-48-38_go2_trs_m0p2_v0p1_w500_20k_512,TRS 0.20/0.10,130.99008,5.099850597315364,32.292605237960814
2026-07-31_22-48-38_go2_trs_m0p2_v0p1_w500_20k_512,TRS 0.20/0.10,131.23584,5.109205552273327,32.20773406982422
2026-07-31_22-48-38_go2_trs_m0p2_v0p1_w500_20k_512,TRS 0.20/0.10,131.4816,5.118527383406957,32.1675403881073
2026-07-31_22-48-38_go2_trs_m0p2_v0p1_w500_20k_512,TRS 0.20/0.10,131.72736,5.127811336583561,32.23344717979431
2026-07-31_22-48-38_go2_trs_m0p2_v0p1_w500_20k_512,TRS 0.20/0.10,131.97312,5.137164725528823,32.263545207977295
2026-07-31_22-48-38_go2_trs_m0p2_v0p1_w500_20k_512,TRS 0.20/0.10,132.21888,5.146449910071161,32.32449400901795
2026-07-31_22-48-38_go2_trs_m0p2_v0p1_w500_20k_512,TRS 0.20/0.10,132.46464,5.155635336902407,32.46051293373108
2026-07-31_22-48-38_go2_trs_m0p2_v0p1_w500_20k_512,TRS 0.20/0.10,132.7104,5.16480697300699,32.54030611038208
2026-07-31_22-48-38_go2_trs_m0p2_v0p1_w500_20k_512,TRS 0.20/0.10,132.95616,5.174077415797446,32.7445263671875
2026-07-31_22-48-38_go2_trs_m0p2_v0p1_w500_20k_512,TRS 0.20/0.10,133.20192,5.183245349261496,32.72390031814575
2026-07-31_22-48-38_go2_trs_m0p2_v0p1_w500_20k_512,TRS 0.20/0.10,133.44768,5.192424584428469,32.868351202011105
2026-07-31_22-48-38_go2_trs_m0p2_v0p1_w500_20k_512,TRS 0.20/0.10,133.69344,5.201723693410556,32.97299680709839
2026-07-31_22-48-38_go2_trs_m0p2_v0p1_w500_20k_512,TRS 0.20/0.10,133.9392,5.210930163396729,33.00370869636536
2026-07-31_22-48-38_go2_trs_m0p2_v0p1_w500_20k_512,TRS 0.20/0.10,134.18496,5.220081607633166,33.00531194686889
2026-07-31_22-48-38_go2_trs_m0p2_v0p1_w500_20k_512,TRS 0.20/0.10,134.43072,5.229316706127591,33.123093900680544
2026-07-31_22-48-38_go2_trs_m0p2_v0p1_w500_20k_512,TRS 0.20/0.10,134.67648,5.238651329278946,33.275785570144656
2026-07-31_22-48-38_go2_trs_m0p2_v0p1_w500_20k_512,TRS 0.20/0.10,134.92224,5.247941854662366,33.40154132843018
2026-07-31_22-48-38_go2_trs_m0p2_v0p1_w500_20k_512,TRS 0.20/0.10,135.168,5.257212339242299,33.47996482849121
2026-07-31_22-48-38_go2_trs_m0p2_v0p1_w500_20k_512,TRS 0.20/0.10,135.41376,5.266495583057403,33.412369651794435
2026-07-31_22-48-38_go2_trs_m0p2_v0p1_w500_20k_512,TRS 0.20/0.10,135.65952,5.275825597643852,33.4256635761261
2026-07-31_22-48-38_go2_trs_m0p2_v0p1_w500_20k_512,TRS 0.20/0.10,135.90528,5.285138029522366,33.46340569496155
2026-07-31_22-48-38_go2_trs_m0p2_v0p1_w500_20k_512,TRS 0.20/0.10,136.15104,5.294415991306305,33.37203254699707
2026-07-31_22-48-38_go2_trs_m0p2_v0p1_w500_20k_512,TRS 0.20/0.10,136.3968,5.303717048698002,33.33360220909119
2026-07-31_22-48-38_go2_trs_m0p2_v0p1_w500_20k_512,TRS 0.20/0.10,136.64256,5.313012662794855,33.43128571510315
2026-07-31_22-48-38_go2_trs_m0p2_v0p1_w500_20k_512,TRS 0.20/0.10,136.88832,5.32234114587307,33.347194242477414
2026-07-31_22-48-38_go2_trs_m0p2_v0p1_w500_20k_512,TRS 0.20/0.10,137.13408,5.331664565338029,33.12584939956665
2026-07-31_22-48-38_go2_trs_m0p2_v0p1_w500_20k_512,TRS 0.20/0.10,137.37984,5.3409942917691335,33.06000280380249
2026-07-31_22-48-38_go2_trs_m0p2_v0p1_w500_20k_512,TRS 0.20/0.10,137.6256,5.350378055837419,33.06257345199585
2026-07-31_22-48-38_go2_trs_m0p2_v0p1_w500_20k_512,TRS 0.20/0.10,137.87136,5.359725776645872,33.18585861206055
2026-07-31_22-48-38_go2_trs_m0p2_v0p1_w500_20k_512,TRS 0.20/0.10,138.11712,5.369005776776207,33.188672313690184
2026-07-31_22-48-38_go2_trs_m0p2_v0p1_w500_20k_512,TRS 0.20/0.10,138.36288,5.378377826147609,33.164124164581295
2026-07-31_22-48-38_go2_trs_m0p2_v0p1_w500_20k_512,TRS 0.20/0.10,138.60864,5.387792334755262,33.21326687812805
2026-07-31_22-48-38_go2_trs_m0p2_v0p1_w500_20k_512,TRS 0.20/0.10,138.8544,5.39706289615896,33.07779389381409
2026-07-31_22-48-38_go2_trs_m0p2_v0p1_w500_20k_512,TRS 0.20/0.10,139.10016,5.406292596989208,33.01096748352051
2026-07-31_22-48-38_go2_trs_m0p2_v0p1_w500_20k_512,TRS 0.20/0.10,139.34592,5.4155364418029786,32.974488525390626
2026-07-31_22-48-38_go2_trs_m0p2_v0p1_w500_20k_512,TRS 0.20/0.10,139.59168,5.424861878090435,33.04521960258484
2026-07-31_22-48-38_go2_trs_m0p2_v0p1_w500_20k_512,TRS 0.20/0.10,139.83744,5.4340721669461995,33.04271273612976
2026-07-31_22-48-38_go2_trs_m0p2_v0p1_w500_20k_512,TRS 0.20/0.10,140.0832,5.443332440588209,33.060837182998654
2026-07-31_22-48-38_go2_trs_m0p2_v0p1_w500_20k_512,TRS 0.20/0.10,140.32896,5.4526210568348565,32.92721470832825
2026-07-31_22-48-38_go2_trs_m0p2_v0p1_w500_20k_512,TRS 0.20/0.10,140.57472,5.461861643460062,32.963474388122556
2026-07-31_22-48-38_go2_trs_m0p2_v0p1_w500_20k_512,TRS 0.20/0.10,140.82048,5.471202158265644,32.73501544952393
2026-07-31_22-48-38_go2_trs_m0p2_v0p1_w500_20k_512,TRS 0.20/0.10,141.06624,5.480492390327983,32.73733711242676
2026-07-31_22-48-38_go2_trs_m0p2_v0p1_w500_20k_512,TRS 0.20/0.10,141.312,5.48979361600346,32.83411929130554
2026-07-31_22-48-38_go2_trs_m0p2_v0p1_w500_20k_512,TRS 0.20/0.10,141.55776,5.499137858351071,32.779227104187015
2026-07-31_22-48-38_go2_trs_m0p2_v0p1_w500_20k_512,TRS 0.20/0.10,141.80352,5.508552645246188,32.695902547836305
2026-07-31_22-48-38_go2_trs_m0p2_v0p1_w500_20k_512,TRS 0.20/0.10,142.04928,5.517847538259295,32.58608104705811
2026-07-31_22-48-38_go2_trs_m0p2_v0p1_w500_20k_512,TRS 0.20/0.10,142.29504,5.527226702902052,32.468539018630985
2026-07-31_22-48-38_go2_trs_m0p2_v0p1_w500_20k_512,TRS 0.20/0.10,142.5408,5.536559881832865,32.45173461914062
2026-07-31_22-48-38_go2_trs_m0p2_v0p1_w500_20k_512,TRS 0.20/0.10,142.78656,5.545833554466565,32.461079063415525
2026-07-31_22-48-38_go2_trs_m0p2_v0p1_w500_20k_512,TRS 0.20/0.10,143.03232,5.555168397095469,32.55871995925904
2026-07-31_22-48-38_go2_trs_m0p2_v0p1_w500_20k_512,TRS 0.20/0.10,143.27808,5.5645092848936715,32.797556991577146
2026-07-31_22-48-38_go2_trs_m0p2_v0p1_w500_20k_512,TRS 0.20/0.10,143.52384,5.573752702011002,32.77277431488037
2026-07-31_22-48-38_go2_trs_m0p2_v0p1_w500_20k_512,TRS 0.20/0.10,143.7696,5.583145749701394,32.87421092987061
2026-07-31_22-48-38_go2_trs_m0p2_v0p1_w500_20k_512,TRS 0.20/0.10,144.01536,5.592434794637892,33.042062511444094
2026-07-31_22-48-38_go2_trs_m0p2_v0p1_w500_20k_512,TRS 0.20/0.10,144.26112,5.601643236147033,33.21318665504455
2026-07-31_22-48-38_go2_trs_m0p2_v0p1_w500_20k_512,TRS 0.20/0.10,144.50688,5.610930484069718,33.38710537910461
2026-07-31_22-48-38_go2_trs_m0p2_v0p1_w500_20k_512,TRS 0.20/0.10,144.75264,5.620150708887312,33.616072998046874
2026-07-31_22-48-38_go2_trs_m0p2_v0p1_w500_20k_512,TRS 0.20/0.10,144.9984,5.629409389694532,33.6927015209198
2026-07-31_22-48-38_go2_trs_m0p2_v0p1_w500_20k_512,TRS 0.20/0.10,145.24416,5.638825880024168,33.77433934211731
2026-07-31_22-48-38_go2_trs_m0p2_v0p1_w500_20k_512,TRS 0.20/0.10,145.48992,5.6481008190578885,33.69063241004944
2026-07-31_22-48-38_go2_trs_m0p2_v0p1_w500_20k_512,TRS 0.20/0.10,145.73568,5.657372192607985,33.681238679885865
2026-07-31_22-48-38_go2_trs_m0p2_v0p1_w500_20k_512,TRS 0.20/0.10,145.98144,5.666635980473624,33.568729095458984
2026-07-31_22-48-38_go2_trs_m0p2_v0p1_w500_20k_512,TRS 0.20/0.10,146.2272,5.675872099465794,33.515971670150755
2026-07-31_22-48-38_go2_trs_m0p2_v0p1_w500_20k_512,TRS 0.20/0.10,146.47296,5.685155129101541,33.48795992851257
2026-07-31_22-48-38_go2_trs_m0p2_v0p1_w500_20k_512,TRS 0.20/0.10,146.71872,5.694342395332124,33.40846228599548
2026-07-31_22-48-38_go2_trs_m0p2_v0p1_w500_20k_512,TRS 0.20/0.10,146.96448,5.703556807902125,33.46243431091309
2026-07-31_22-48-38_go2_trs_m0p2_v0p1_w500_20k_512,TRS 0.20/0.10,147.21024,5.712823107573721,33.38314245223999
2026-07-31_22-48-38_go2_trs_m0p2_v0p1_w500_20k_512,TRS 0.20/0.10,147.456,5.722087755203247,33.295934448242186
2026-07-31_22-48-38_go2_trs_m0p2_v0p1_w500_20k_512,TRS 0.20/0.10,147.70176,5.731380326814121,33.1280983543396
2026-07-31_22-48-38_go2_trs_m0p2_v0p1_w500_20k_512,TRS 0.20/0.10,147.94752,5.740674186150233,33.09584082603455
2026-07-31_22-48-38_go2_trs_m0p2_v0p1_w500_20k_512,TRS 0.20/0.10,148.19328,5.749973346789678,33.11871790885925
2026-07-31_22-48-38_go2_trs_m0p2_v0p1_w500_20k_512,TRS 0.20/0.10,148.43904,5.759233955542246,33.30459509849548
2026-07-31_22-48-38_go2_trs_m0p2_v0p1_w500_20k_512,TRS 0.20/0.10,148.6848,5.768509724272622,33.265286674499514
2026-07-31_22-48-38_go2_trs_m0p2_v0p1_w500_20k_512,TRS 0.20/0.10,148.93056,5.777715099453926,33.13100849151611
2026-07-31_22-48-38_go2_trs_m0p2_v0p1_w500_20k_512,TRS 0.20/0.10,149.17632,5.786947340038088,33.12560468673706
2026-07-31_22-48-38_go2_trs_m0p2_v0p1_w500_20k_512,TRS 0.20/0.10,149.42208,5.7961724958817165,33.09468802452088
2026-07-31_22-48-38_go2_trs_m0p2_v0p1_w500_20k_512,TRS 0.20/0.10,149.66784,5.805457104444503,33.11900988578796
2026-07-31_22-48-38_go2_trs_m0p2_v0p1_w500_20k_512,TRS 0.20/0.10,149.9136,5.814716571768125,33.04072095870972
2026-07-31_22-48-38_go2_trs_m0p2_v0p1_w500_20k_512,TRS 0.20/0.10,150.15936,5.824064610799153,32.9950335597992
2026-07-31_22-48-38_go2_trs_m0p2_v0p1_w500_20k_512,TRS 0.20/0.10,150.40512,5.83337527387672,32.97902698516846
2026-07-31_22-48-38_go2_trs_m0p2_v0p1_w500_20k_512,TRS 0.20/0.10,150.65088,5.8425794450441995,32.913050231933596
2026-07-31_22-48-38_go2_trs_m0p2_v0p1_w500_20k_512,TRS 0.20/0.10,150.89664,5.851870259046555,32.80994698524475
2026-07-31_22-48-38_go2_trs_m0p2_v0p1_w500_20k_512,TRS 0.20/0.10,151.1424,5.861192641258239,32.893145380020144
2026-07-31_22-48-38_go2_trs_m0p2_v0p1_w500_20k_512,TRS 0.20/0.10,151.38816,5.8704694820774925,32.96368069648743
2026-07-31_22-48-38_go2_trs_m0p2_v0p1_w500_20k_512,TRS 0.20/0.10,151.63392,5.8797542607121995,32.9326416015625
2026-07-31_22-48-38_go2_trs_m0p2_v0p1_w500_20k_512,TRS 0.20/0.10,151.87968,5.889123878280322,33.02353789329529
2026-07-31_22-48-38_go2_trs_m0p2_v0p1_w500_20k_512,TRS 0.20/0.10,152.12544,5.898452196253671,32.865742988586426
2026-07-31_22-48-38_go2_trs_m0p2_v0p1_w500_20k_512,TRS 0.20/0.10,152.3712,5.907719646692276,32.9056312084198
2026-07-31_22-48-38_go2_trs_m0p2_v0p1_w500_20k_512,TRS 0.20/0.10,152.61696,5.9170872080326085,33.14382740020752
2026-07-31_22-48-38_go2_trs_m0p2_v0p1_w500_20k_512,TRS 0.20/0.10,152.86272,5.926360743376944,33.17265587806702
2026-07-31_22-48-38_go2_trs_m0p2_v0p1_w500_20k_512,TRS 0.20/0.10,153.10848,5.935814085072941,33.25901312828064
2026-07-31_22-48-38_go2_trs_m0p2_v0p1_w500_20k_512,TRS 0.20/0.10,153.35424,5.945107437703345,33.287826414108274
2026-07-31_22-48-38_go2_trs_m0p2_v0p1_w500_20k_512,TRS 0.20/0.10,153.6,5.9543189975950455,33.32825917243957
2026-07-31_22-48-38_go2_trs_m0p2_v0p1_w500_20k_512,TRS 0.20/0.10,153.84576,5.963522660334905,33.28662768363952
2026-07-31_22-48-38_go2_trs_m0p2_v0p1_w500_20k_512,TRS 0.20/0.10,154.09152,5.972891743050681,33.206343212127685
2026-07-31_22-48-38_go2_trs_m0p2_v0p1_w500_20k_512,TRS 0.20/0.10,154.33728,5.982085403203964,33.05345546722412
2026-07-31_22-48-38_go2_trs_m0p2_v0p1_w500_20k_512,TRS 0.20/0.10,154.58304,5.991343691282802,33.17759877204895
2026-07-31_22-48-38_go2_trs_m0p2_v0p1_w500_20k_512,TRS 0.20/0.10,154.8288,6.0006832381751805,33.176057777404786
2026-07-31_22-48-38_go2_trs_m0p2_v0p1_w500_20k_512,TRS 0.20/0.10,155.07456,6.010064521365695,32.96336772918701
2026-07-31_22-48-38_go2_trs_m0p2_v0p1_w500_20k_512,TRS 0.20/0.10,155.32032,6.01936815891001,32.887706823349
2026-07-31_22-48-38_go2_trs_m0p2_v0p1_w500_20k_512,TRS 0.20/0.10,155.56608,6.028830358650949,32.65370859146118
2026-07-31_22-48-38_go2_trs_m0p2_v0p1_w500_20k_512,TRS 0.20/0.10,155.81184,6.038203160961469,32.811395740509035
2026-07-31_22-48-38_go2_trs_m0p2_v0p1_w500_20k_512,TRS 0.20/0.10,156.0576,6.0475356857644185,32.72685983657837
2026-07-31_22-48-38_go2_trs_m0p2_v0p1_w500_20k_512,TRS 0.20/0.10,156.30336,6.056879551874267,32.87047275543213
2026-07-31_22-48-38_go2_trs_m0p2_v0p1_w500_20k_512,TRS 0.20/0.10,156.54912,6.066067758997281,33.065088806152346
2026-07-31_22-48-38_go2_trs_m0p2_v0p1_w500_20k_512,TRS 0.20/0.10,156.79488,6.075335275861952,33.22177703857422
2026-07-31_22-48-38_go2_trs_m0p2_v0p1_w500_20k_512,TRS 0.20/0.10,157.04064,6.08460324578815,33.338048400878904
2026-07-31_22-48-38_go2_trs_m0p2_v0p1_w500_20k_512,TRS 0.20/0.10,157.2864,6.093857373727692,33.401669626235964
2026-07-31_22-48-38_go2_trs_m0p2_v0p1_w500_20k_512,TRS 0.20/0.10,157.53216,6.103065886961089,33.47953695297241
2026-07-31_22-48-38_go2_trs_m0p2_v0p1_w500_20k_512,TRS 0.20/0.10,157.77792,6.112275427844789,33.53582457542419
2026-07-31_22-48-38_go2_trs_m0p2_v0p1_w500_20k_512,TRS 0.20/0.10,158.02368,6.121617235077752,33.766805477142334
2026-07-31_22-48-38_go2_trs_m0p2_v0p1_w500_20k_512,TRS 0.20/0.10,158.26944,6.130937179128329,33.581462907791135
2026-07-31_22-48-38_go2_trs_m0p2_v0p1_w500_20k_512,TRS 0.20/0.10,158.5152,6.1403371509578495,33.524672756195066
2026-07-31_22-48-38_go2_trs_m0p2_v0p1_w500_20k_512,TRS 0.20/0.10,158.76096,6.14965187119113,33.538421649932864
2026-07-31_22-48-38_go2_trs_m0p2_v0p1_w500_20k_512,TRS 0.20/0.10,159.00672,6.159002363681793,33.4364511013031
2026-07-31_22-48-38_go2_trs_m0p2_v0p1_w500_20k_512,TRS 0.20/0.10,159.25248,6.168262576195929,33.16198707580566
2026-07-31_22-48-38_go2_trs_m0p2_v0p1_w500_20k_512,TRS 0.20/0.10,159.49824,6.177576659255558,33.15173400878906
2026-07-31_22-48-38_go2_trs_m0p2_v0p1_w500_20k_512,TRS 0.20/0.10,159.744,6.186778190069728,33.252364044189456
2026-07-31_22-48-38_go2_trs_m0p2_v0p1_w500_20k_512,TRS 0.20/0.10,159.98976,6.196096152265866,33.25441179275513
2026-07-31_22-48-38_go2_trs_m0p2_v0p1_w500_20k_512,TRS 0.20/0.10,160.23552,6.205464972986116,33.49445254325867
2026-07-31_22-48-38_go2_trs_m0p2_v0p1_w500_20k_512,TRS 0.20/0.10,160.48128,6.214771354132228,33.29958517074585
2026-07-31_22-48-38_go2_trs_m0p2_v0p1_w500_20k_512,TRS 0.20/0.10,160.72704,6.2239270732137895,33.28585182189941
2026-07-31_22-48-38_go2_trs_m0p2_v0p1_w500_20k_512,TRS 0.20/0.10,160.9728,6.233252184788386,33.39374165534973
2026-07-31_22-48-38_go2_trs_m0p2_v0p1_w500_20k_512,TRS 0.20/0.10,161.21856,6.242609138621225,33.268559560775756
2026-07-31_22-48-38_go2_trs_m0p2_v0p1_w500_20k_512,TRS 0.20/0.10,161.46432,6.251841913527913,33.099917297363284
2026-07-31_22-48-38_go2_trs_m0p2_v0p1_w500_20k_512,TRS 0.20/0.10,161.71008,6.261158882578214,33.17492968559265
2026-07-31_22-48-38_go2_trs_m0p2_v0p1_w500_20k_512,TRS 0.20/0.10,161.95584,6.270440228184064,33.13174893379212
2026-07-31_22-48-38_go2_trs_m0p2_v0p1_w500_20k_512,TRS 0.20/0.10,162.2016,6.279663672182295,33.12425797462463
2026-07-31_22-48-38_go2_trs_m0p2_v0p1_w500_20k_512,TRS 0.20/0.10,162.44736,6.288980877796809,33.25784049987793
2026-07-31_22-48-38_go2_trs_m0p2_v0p1_w500_20k_512,TRS 0.20/0.10,162.69312,6.298310144212511,33.153564586639405
2026-07-31_22-48-38_go2_trs_m0p2_v0p1_w500_20k_512,TRS 0.20/0.10,162.93888,6.307546696133084,33.35194005012512
2026-07-31_22-48-38_go2_trs_m0p2_v0p1_w500_20k_512,TRS 0.20/0.10,163.18464,6.316771067115996,33.516577529907224
2026-07-31_22-48-38_go2_trs_m0p2_v0p1_w500_20k_512,TRS 0.20/0.10,163.4304,6.3260831667317285,33.61324346542359
2026-07-31_22-48-38_go2_trs_m0p2_v0p1_w500_20k_512,TRS 0.20/0.10,163.67616,6.335401806102858,33.624049797058106
2026-07-31_22-48-38_go2_trs_m0p2_v0p1_w500_20k_512,TRS 0.20/0.10,163.92192,6.344631995492511,33.65749556541443
2026-07-31_22-48-38_go2_trs_m0p2_v0p1_w500_20k_512,TRS 0.20/0.10,164.16768,6.353967220054733,33.79673948287964
2026-07-31_22-48-38_go2_trs_m0p2_v0p1_w500_20k_512,TRS 0.20/0.10,164.41344,6.363337261345651,33.668398180007934
2026-07-31_22-48-38_go2_trs_m0p2_v0p1_w500_20k_512,TRS 0.20/0.10,164.6592,6.372548632820448,33.60313073158264
2026-07-31_22-48-38_go2_trs_m0p2_v0p1_w500_20k_512,TRS 0.20/0.10,164.90496,6.381815627151066,33.59431063652038
2026-07-31_22-48-38_go2_trs_m0p2_v0p1_w500_20k_512,TRS 0.20/0.10,165.15072,6.391063460244073,33.62780634880066
2026-07-31_22-48-38_go2_trs_m0p2_v0p1_w500_20k_512,TRS 0.20/0.10,165.39648,6.400322024358643,33.620246744155885
2026-07-31_22-48-38_go2_trs_m0p2_v0p1_w500_20k_512,TRS 0.20/0.10,165.64224,6.409635356399748,33.58211003303528
2026-07-31_22-48-38_go2_trs_m0p2_v0p1_w500_20k_512,TRS 0.20/0.10,165.888,6.418970606856876,33.585012941360475
2026-07-31_22-48-38_go2_trs_m0p2_v0p1_w500_20k_512,TRS 0.20/0.10,166.13376,6.42833246158229,33.65672280311585
2026-07-31_22-48-38_go2_trs_m0p2_v0p1_w500_20k_512,TRS 0.20/0.10,166.37952,6.437673660450511,33.95795307159424
2026-07-31_22-48-38_go2_trs_m0p2_v0p1_w500_20k_512,TRS 0.20/0.10,166.62528,6.446966580748558,34.1512647151947
2026-07-31_22-48-38_go2_trs_m0p2_v0p1_w500_20k_512,TRS 0.20/0.10,166.87104,6.456173368957308,34.361095142364505
2026-07-31_22-48-38_go2_trs_m0p2_v0p1_w500_20k_512,TRS 0.20/0.10,167.1168,6.46541183286243,34.46891401290893
2026-07-31_22-48-38_go2_trs_m0p2_v0p1_w500_20k_512,TRS 0.20/0.10,167.36256,6.474694493214289,34.476809654235836
2026-07-31_22-48-38_go2_trs_m0p2_v0p1_w500_20k_512,TRS 0.20/0.10,167.60832,6.4840325616465675,34.522382736206055
2026-07-31_22-48-38_go2_trs_m0p2_v0p1_w500_20k_512,TRS 0.20/0.10,167.85408,6.493324800663524,34.479953842163084
2026-07-31_22-48-38_go2_trs_m0p2_v0p1_w500_20k_512,TRS 0.20/0.10,168.09984,6.5025835754474,34.54575246810913
2026-07-31_22-48-38_go2_trs_m0p2_v0p1_w500_20k_512,TRS 0.20/0.10,168.3456,6.5118702819612295,34.55451044082642
2026-07-31_22-48-38_go2_trs_m0p2_v0p1_w500_20k_512,TRS 0.20/0.10,168.59136,6.521156443821059,34.44391655921936
2026-07-31_22-48-38_go2_trs_m0p2_v0p1_w500_20k_512,TRS 0.20/0.10,168.83712,6.530446776416567,34.45577622413635
2026-07-31_22-48-38_go2_trs_m0p2_v0p1_w500_20k_512,TRS 0.20/0.10,169.08288,6.539827339450518,34.307421617507934
2026-07-31_22-48-38_go2_trs_m0p2_v0p1_w500_20k_512,TRS 0.20/0.10,169.32864,6.5491494805283015,34.104560956954955
2026-07-31_22-48-38_go2_trs_m0p2_v0p1_w500_20k_512,TRS 0.20/0.10,169.5744,6.558496394091183,33.991015424728396
2026-07-31_22-48-38_go2_trs_m0p2_v0p1_w500_20k_512,TRS 0.20/0.10,169.82016,6.567889333830939,34.00303441047669
2026-07-31_22-48-38_go2_trs_m0p2_v0p1_w500_20k_512,TRS 0.20/0.10,170.06592,6.577241637905439,33.77081081390381
2026-07-31_22-48-38_go2_trs_m0p2_v0p1_w500_20k_512,TRS 0.20/0.10,170.31168,6.58665501859453,33.8433337020874
2026-07-31_22-48-38_go2_trs_m0p2_v0p1_w500_20k_512,TRS 0.20/0.10,170.55744,6.595879719654719,33.83502155303955
2026-07-31_22-48-38_go2_trs_m0p2_v0p1_w500_20k_512,TRS 0.20/0.10,170.8032,6.6050848308536745,33.827481803894045
2026-07-31_22-48-38_go2_trs_m0p2_v0p1_w500_20k_512,TRS 0.20/0.10,171.04896,6.61429606186019,34.01510422706604
2026-07-31_22-48-38_go2_trs_m0p2_v0p1_w500_20k_512,TRS 0.20/0.10,171.29472,6.623484152621693,34.040633039474486
2026-07-31_22-48-38_go2_trs_m0p2_v0p1_w500_20k_512,TRS 0.20/0.10,171.54048,6.63268451737033,34.19371306419372
2026-07-31_22-48-38_go2_trs_m0p2_v0p1_w500_20k_512,TRS 0.20/0.10,171.78624,6.642061774200863,34.43909132957459
2026-07-31_22-48-38_go2_trs_m0p2_v0p1_w500_20k_512,TRS 0.20/0.10,172.032,6.651375529302491,34.55129212379455
2026-07-31_22-48-38_go2_trs_m0p2_v0p1_w500_20k_512,TRS 0.20/0.10,172.27776,6.660656880537669,34.4473313999176
2026-07-31_22-48-38_go2_trs_m0p2_v0p1_w500_20k_512,TRS 0.20/0.10,172.52352,6.669983501434326,34.6056746673584
2026-07-31_22-48-38_go2_trs_m0p2_v0p1_w500_20k_512,TRS 0.20/0.10,172.76928,6.679257207512856,34.60001323699951
2026-07-31_22-48-38_go2_trs_m0p2_v0p1_w500_20k_512,TRS 0.20/0.10,173.01504,6.68853186779552,34.54790422439575
2026-07-31_22-48-38_go2_trs_m0p2_v0p1_w500_20k_512,TRS 0.20/0.10,173.2608,6.697786136203342,34.67322011947632
2026-07-31_22-48-38_go2_trs_m0p2_v0p1_w500_20k_512,TRS 0.20/0.10,173.50656,6.7070499751965205,34.622404193878175
2026-07-31_22-48-38_go2_trs_m0p2_v0p1_w500_20k_512,TRS 0.20/0.10,173.75232,6.716366905636257,34.523370819091795
2026-07-31_22-48-38_go2_trs_m0p2_v0p1_w500_20k_512,TRS 0.20/0.10,173.99808,6.725609817107519,34.414138107299806
2026-07-31_22-48-38_go2_trs_m0p2_v0p1_w500_20k_512,TRS 0.20/0.10,174.24384,6.734910667803552,34.32056734085083
2026-07-31_22-48-38_go2_trs_m0p2_v0p1_w500_20k_512,TRS 0.20/0.10,174.4896,6.744143710666233,34.25501661300659
2026-07-31_22-48-38_go2_trs_m0p2_v0p1_w500_20k_512,TRS 0.20/0.10,174.73536,6.7534126934078005,34.35486835479736
2026-07-31_22-48-38_go2_trs_m0p2_v0p1_w500_20k_512,TRS 0.20/0.10,174.98112,6.762681851453252,34.435533657073975
2026-07-31_22-48-38_go2_trs_m0p2_v0p1_w500_20k_512,TRS 0.20/0.10,175.22688,6.7721039735608635,34.46260227203369
2026-07-31_22-48-38_go2_trs_m0p2_v0p1_w500_20k_512,TRS 0.20/0.10,175.47264,6.781464042862257,34.5271947479248
2026-07-31_22-48-38_go2_trs_m0p2_v0p1_w500_20k_512,TRS 0.20/0.10,175.7184,6.790724962419934,34.446934909820556
2026-07-31_22-48-38_go2_trs_m0p2_v0p1_w500_20k_512,TRS 0.20/0.10,175.96416,6.800053546362453,34.45820068359375
2026-07-31_22-48-38_go2_trs_m0p2_v0p1_w500_20k_512,TRS 0.20/0.10,176.20992,6.809340287778113,34.595108070373534
2026-07-31_22-48-38_go2_trs_m0p2_v0p1_w500_20k_512,TRS 0.20/0.10,176.45568,6.818599723643727,34.560470733642575
2026-07-31_22-48-38_go2_trs_m0p2_v0p1_w500_20k_512,TRS 0.20/0.10,176.70144,6.82792160279221,34.64568668365479
2026-07-31_22-48-38_go2_trs_m0p2_v0p1_w500_20k_512,TRS 0.20/0.10,176.9472,6.837231149077415,34.6939902305603
2026-07-31_22-48-38_go2_trs_m0p2_v0p1_w500_20k_512,TRS 0.20/0.10,177.19296,6.846548744241397,34.69422931671143
2026-07-31_22-48-38_go2_trs_m0p2_v0p1_w500_20k_512,TRS 0.20/0.10,177.43872,6.855887046257655,34.598300514221194
2026-07-31_22-48-38_go2_trs_m0p2_v0p1_w500_20k_512,TRS 0.20/0.10,177.68448,6.865193391574754,34.58957323074341
2026-07-31_22-48-38_go2_trs_m0p2_v0p1_w500_20k_512,TRS 0.20/0.10,177.93024,6.874397263659371,34.550452098846435
2026-07-31_22-48-38_go2_trs_m0p2_v0p1_w500_20k_512,TRS 0.20/0.10,178.176,6.883671373857392,34.55820211410523
2026-07-31_22-48-38_go2_trs_m0p2_v0p1_w500_20k_512,TRS 0.20/0.10,178.42176,6.892806625366211,34.68741380691528
2026-07-31_22-48-38_go2_trs_m0p2_v0p1_w500_20k_512,TRS 0.20/0.10,178.66752,6.902048081159592,34.5452907371521
2026-07-31_22-48-38_go2_trs_m0p2_v0p1_w500_20k_512,TRS 0.20/0.10,178.91328,6.911304844286707,34.609862842559814
2026-07-31_22-48-38_go2_trs_m0p2_v0p1_w500_20k_512,TRS 0.20/0.10,179.15904,6.920516309340795,34.64263233184815
2026-07-31_22-48-38_go2_trs_m0p2_v0p1_w500_20k_512,TRS 0.20/0.10,179.4048,6.929779164923562,34.77707498550415
2026-07-31_22-48-38_go2_trs_m0p2_v0p1_w500_20k_512,TRS 0.20/0.10,179.65056,6.939032530254788,34.919774265289306
2026-07-31_22-48-38_go2_trs_m0p2_v0p1_w500_20k_512,TRS 0.20/0.10,179.89632,6.94825029220846,35.13843318939209
2026-07-31_22-48-38_go2_trs_m0p2_v0p1_w500_20k_512,TRS 0.20/0.10,180.14208,6.957524584399329,35.22341255187988
2026-07-31_22-48-38_go2_trs_m0p2_v0p1_w500_20k_512,TRS 0.20/0.10,180.38784,6.966798896988233,35.29424266815185
2026-07-31_22-48-38_go2_trs_m0p2_v0p1_w500_20k_512,TRS 0.20/0.10,180.6336,6.97604221271144,35.33283126831055
2026-07-31_22-48-38_go2_trs_m0p2_v0p1_w500_20k_512,TRS 0.20/0.10,180.87936,6.985347261097696,35.23385467529297
2026-07-31_22-48-38_go2_trs_m0p2_v0p1_w500_20k_512,TRS 0.20/0.10,181.12512,6.994605407317479,35.44047338485718
2026-07-31_22-48-38_go2_trs_m0p2_v0p1_w500_20k_512,TRS 0.20/0.10,181.37088,7.0038932360543145,35.379907836914064
2026-07-31_22-48-38_go2_trs_m0p2_v0p1_w500_20k_512,TRS 0.20/0.10,181.61664,7.013146139913135,35.25995239257813
2026-07-31_22-48-38_go2_trs_m0p2_v0p1_w500_20k_512,TRS 0.20/0.10,181.8624,7.022424321307076,35.13794736862182
2026-07-31_22-48-38_go2_trs_m0p2_v0p1_w500_20k_512,TRS 0.20/0.10,182.10816,7.031675189998415,35.05444387435913
2026-07-31_22-48-38_go2_trs_m0p2_v0p1_w500_20k_512,TRS 0.20/0.10,182.35392,7.040858537952105,34.972697715759274
2026-07-31_22-48-38_go2_trs_m0p2_v0p1_w500_20k_512,TRS 0.20/0.10,182.59968,7.0501007278098005,35.01899057388306
2026-07-31_22-48-38_go2_trs_m0p2_v0p1_w500_20k_512,TRS 0.20/0.10,182.84544,7.0593895212146975,34.986366271972656
2026-07-31_22-48-38_go2_trs_m0p2_v0p1_w500_20k_512,TRS 0.20/0.10,183.0912,7.068700094421705,34.93861759185791
2026-07-31_22-48-38_go2_trs_m0p2_v0p1_w500_20k_512,TRS 0.20/0.10,183.33696,7.078015114068985,34.989079246520994
2026-07-31_22-48-38_go2_trs_m0p2_v0p1_w500_20k_512,TRS 0.20/0.10,183.58272,7.087373794979519,34.93639455795288
2026-07-31_22-48-38_go2_trs_m0p2_v0p1_w500_20k_512,TRS 0.20/0.10,183.82848,7.096657514042325,34.962712593078614
2026-07-31_22-48-38_go2_trs_m0p2_v0p1_w500_20k_512,TRS 0.20/0.10,184.07424,7.105954320430755,34.88942108154297
2026-07-31_22-48-38_go2_trs_m0p2_v0p1_w500_20k_512,TRS 0.20/0.10,184.32,7.115250153144201,34.9508127784729
2026-07-31_22-48-38_go2_trs_m0p2_v0p1_w500_20k_512,TRS 0.20/0.10,184.56576,7.124605160620478,34.92139868736267
2026-07-31_22-48-38_go2_trs_m0p2_v0p1_w500_20k_512,TRS 0.20/0.10,184.81152,7.133902568883366,34.927003870010374
2026-07-31_22-48-38_go2_trs_m0p2_v0p1_w500_20k_512,TRS 0.20/0.10,185.05728,7.143341526985169,34.88815480232239
2026-07-31_22-48-38_go2_trs_m0p2_v0p1_w500_20k_512,TRS 0.20/0.10,185.30304,7.152684367828899,34.79309420585632
2026-07-31_22-48-38_go2_trs_m0p2_v0p1_w500_20k_512,TRS 0.20/0.10,185.5488,7.162116067012151,34.7835685634613
2026-07-31_22-48-38_go2_trs_m0p2_v0p1_w500_20k_512,TRS 0.20/0.10,185.79456,7.171500893433889,34.67885764122009
2026-07-31_22-48-38_go2_trs_m0p2_v0p1_w500_20k_512,TRS 0.20/0.10,186.04032,7.1808152004083,34.65410271644592
2026-07-31_22-48-38_go2_trs_m0p2_v0p1_w500_20k_512,TRS 0.20/0.10,186.28608,7.190142538679971,34.56409686088562
2026-07-31_22-48-38_go2_trs_m0p2_v0p1_w500_20k_512,TRS 0.20/0.10,186.53184,7.199519181251526,34.71603178977966
2026-07-31_22-48-38_go2_trs_m0p2_v0p1_w500_20k_512,TRS 0.20/0.10,186.7776,7.208817195826106,34.60317461967468
2026-07-31_22-48-38_go2_trs_m0p2_v0p1_w500_20k_512,TRS 0.20/0.10,187.02336,7.218173210952017,34.63750617980957
2026-07-31_22-48-38_go2_trs_m0p2_v0p1_w500_20k_512,TRS 0.20/0.10,187.26912,7.2275321408775115,34.58424102783203
2026-07-31_22-48-38_go2_trs_m0p2_v0p1_w500_20k_512,TRS 0.20/0.10,187.51488,7.236824686924616,34.44715446472168
2026-07-31_22-48-38_go2_trs_m0p2_v0p1_w500_20k_512,TRS 0.20/0.10,187.76064,7.246188627878825,34.57376750946045
2026-07-31_22-48-38_go2_trs_m0p2_v0p1_w500_20k_512,TRS 0.20/0.10,188.0064,7.25556232644452,34.559892387390136
2026-07-31_22-48-38_go2_trs_m0p2_v0p1_w500_20k_512,TRS 0.20/0.10,188.25216,7.2648625891076195,34.74177568435669
2026-07-31_22-48-38_go2_trs_m0p2_v0p1_w500_20k_512,TRS 0.20/0.10,188.49792,7.274120730294122,34.728350219726565
2026-07-31_22-48-38_go2_trs_m0p2_v0p1_w500_20k_512,TRS 0.20/0.10,188.74368,7.283493478165733,34.78909814834595
2026-07-31_22-48-38_go2_trs_m0p2_v0p1_w500_20k_512,TRS 0.20/0.10,188.98944,7.29275954524676,34.776805782318114
2026-07-31_22-48-38_go2_trs_m0p2_v0p1_w500_20k_512,TRS 0.20/0.10,189.2352,7.302086983124415,34.81624935150146
2026-07-31_22-48-38_go2_trs_m0p2_v0p1_w500_20k_512,TRS 0.20/0.10,189.48096,7.311418716179,34.80012168884277
2026-07-31_22-48-38_go2_trs_m0p2_v0p1_w500_20k_512,TRS 0.20/0.10,189.72672,7.320728329684999,34.734639682769775
2026-07-31_22-48-38_go2_trs_m0p2_v0p1_w500_20k_512,TRS 0.20/0.10,189.97248,7.329979119499525,34.67724821090698
2026-07-31_22-48-38_go2_trs_m0p2_v0p1_w500_20k_512,TRS 0.20/0.10,190.21824,7.339333361056116,34.59319995880127
2026-07-31_22-48-38_go2_trs_m0p2_v0p1_w500_20k_512,TRS 0.20/0.10,190.464,7.3486820209688615,34.59585134506226
2026-07-31_22-48-38_go2_trs_m0p2_v0p1_w500_20k_512,TRS 0.20/0.10,190.70976,7.357910890248086,34.522815227508545
2026-07-31_22-48-38_go2_trs_m0p2_v0p1_w500_20k_512,TRS 0.20/0.10,190.95552,7.367304902010494,34.49247806549072
2026-07-31_22-48-38_go2_trs_m0p2_v0p1_w500_20k_512,TRS 0.20/0.10,191.20128,7.3765632006194854,34.6161332321167
2026-07-31_22-48-38_go2_trs_m0p2_v0p1_w500_20k_512,TRS 0.20/0.10,191.44704,7.385806670917405,34.54255424499512
2026-07-31_22-48-38_go2_trs_m0p2_v0p1_w500_20k_512,TRS 0.20/0.10,191.6928,7.395040197107527,34.630556964874266
2026-07-31_22-48-38_go2_trs_m0p2_v0p1_w500_20k_512,TRS 0.20/0.10,191.93856,7.404292177160581,34.660718059539796
2026-07-31_22-48-38_go2_trs_m0p2_v0p1_w500_20k_512,TRS 0.20/0.10,192.18432,7.413610778252283,34.70808376312256
2026-07-31_22-48-38_go2_trs_m0p2_v0p1_w500_20k_512,TRS 0.20/0.10,192.43008,7.422924627065658,34.78997974395752
2026-07-31_22-48-38_go2_trs_m0p2_v0p1_w500_20k_512,TRS 0.20/0.10,192.67584,7.432261478437318,34.885993766784665
2026-07-31_22-48-38_go2_trs_m0p2_v0p1_w500_20k_512,TRS 0.20/0.10,192.9216,7.4414979966481525,34.886720161437985
2026-07-31_22-48-38_go2_trs_m0p2_v0p1_w500_20k_512,TRS 0.20/0.10,193.16736,7.4507971768246755,34.88560619354248
2026-07-31_22-48-38_go2_trs_m0p2_v0p1_w500_20k_512,TRS 0.20/0.10,193.41312,7.4601752630869544,34.97752607345581
2026-07-31_22-48-38_go2_trs_m0p2_v0p1_w500_20k_512,TRS 0.20/0.10,193.65888,7.469550541109509,34.92027368545532
2026-07-31_22-48-38_go2_trs_m0p2_v0p1_w500_20k_512,TRS 0.20/0.10,193.90464,7.478984278308021,34.961024341583254
2026-07-31_22-48-38_go2_trs_m0p2_v0p1_w500_20k_512,TRS 0.20/0.10,194.1504,7.488413437869814,34.92457048416138
2026-07-31_22-48-38_go2_trs_m0p2_v0p1_w500_20k_512,TRS 0.20/0.10,194.39616,7.497849307656288,34.87559673309326
2026-07-31_22-48-38_go2_trs_m0p2_v0p1_w500_20k_512,TRS 0.20/0.10,194.64192,7.507224819726414,34.95334888458252
2026-07-31_22-48-38_go2_trs_m0p2_v0p1_w500_20k_512,TRS 0.20/0.10,194.88768,7.516517328487502,35.166844863891605
2026-07-31_22-48-38_go2_trs_m0p2_v0p1_w500_20k_512,TRS 0.20/0.10,195.13344,7.525917233294911,35.10405195236206
2026-07-31_22-48-38_go2_trs_m0p2_v0p1_w500_20k_512,TRS 0.20/0.10,195.3792,7.53521953827805,35.154861755371094
2026-07-31_22-48-38_go2_trs_m0p2_v0p1_w500_20k_512,TRS 0.20/0.10,195.62496,7.544403454065323,35.29147808074951
2026-07-31_22-48-38_go2_trs_m0p2_v0p1_w500_20k_512,TRS 0.20/0.10,195.87072,7.553749603960249,35.28513286590576
2026-07-31_22-48-38_go2_trs_m0p2_v0p1_w500_20k_512,TRS 0.20/0.10,196.11648,7.56297400077184,35.33812747955322
2026-07-31_22-48-38_go2_trs_m0p2_v0p1_w500_20k_512,TRS 0.20/0.10,196.36224,7.572188631825977,35.51644666671753
2026-07-31_22-48-38_go2_trs_m0p2_v0p1_w500_20k_512,TRS 0.20/0.10,196.608,7.581516041292085,35.5858595085144
2026-07-31_22-48-38_go2_trs_m0p2_v0p1_w500_20k_512,TRS 0.20/0.10,196.85376,7.590849578115675,35.675908432006835
2026-07-31_22-48-38_go2_trs_m0p2_v0p1_w500_20k_512,TRS 0.20/0.10,197.09952,7.600092687209448,35.76971387863159
2026-07-31_22-48-38_go2_trs_m0p2_v0p1_w500_20k_512,TRS 0.20/0.10,197.34528,7.6094844253195655,35.61963653564453
2026-07-31_22-48-38_go2_trs_m0p2_v0p1_w500_20k_512,TRS 0.20/0.10,197.59104,7.6188257712788054,35.76350339889527
2026-07-31_22-48-38_go2_trs_m0p2_v0p1_w500_20k_512,TRS 0.20/0.10,197.8368,7.62812219844924,35.72404998779297
2026-07-31_22-48-38_go2_trs_m0p2_v0p1_w500_20k_512,TRS 0.20/0.10,198.08256,7.637480039199193,35.58513721466065
2026-07-31_22-48-38_go2_trs_m0p2_v0p1_w500_20k_512,TRS 0.20/0.10,198.32832,7.646756206088596,35.662219467163084
2026-07-31_22-48-38_go2_trs_m0p2_v0p1_w500_20k_512,TRS 0.20/0.10,198.57408,7.655962990588612,35.71613245010376
2026-07-31_22-48-38_go2_trs_m0p2_v0p1_w500_20k_512,TRS 0.20/0.10,198.81984,7.665268332362175,35.57542850494385
2026-07-31_22-48-38_go2_trs_m0p2_v0p1_w500_20k_512,TRS 0.20/0.10,199.0656,7.6745356145832275,35.670352897644044
2026-07-31_22-48-38_go2_trs_m0p2_v0p1_w500_20k_512,TRS 0.20/0.10,199.31136,7.683767909738752,35.666680583953855
2026-07-31_22-48-38_go2_trs_m0p2_v0p1_w500_20k_512,TRS 0.20/0.10,199.55712,7.693044572008981,35.60724033355713
2026-07-31_22-48-38_go2_trs_m0p2_v0p1_w500_20k_512,TRS 0.20/0.10,199.80288,7.702315545678139,35.68554391860962
2026-07-31_22-48-38_go2_trs_m0p2_v0p1_w500_20k_512,TRS 0.20/0.10,200.04864,7.711607402496868,35.664957199096676
2026-07-31_22-48-38_go2_trs_m0p2_v0p1_w500_20k_512,TRS 0.20/0.10,200.2944,7.720921176804437,35.73556344985962
2026-07-31_22-48-38_go2_trs_m0p2_v0p1_w500_20k_512,TRS 0.20/0.10,200.54016,7.730263995925585,35.853543300628665
2026-07-31_22-48-38_go2_trs_m0p2_v0p1_w500_20k_512,TRS 0.20/0.10,200.78592,7.739611579510901,35.7604260635376
2026-07-31_22-48-38_go2_trs_m0p2_v0p1_w500_20k_512,TRS 0.20/0.10,201.03168,7.748935577339596,35.60725688934326
2026-07-31_22-48-38_go2_trs_m0p2_v0p1_w500_20k_512,TRS 0.20/0.10,201.27744,7.7582997316122055,35.79423194885254
2026-07-31_22-48-38_go2_trs_m0p2_v0p1_w500_20k_512,TRS 0.20/0.10,201.5232,7.767674057616128,35.702644996643066
2026-07-31_22-48-38_go2_trs_m0p2_v0p1_w500_20k_512,TRS 0.20/0.10,201.76896,7.777035638491313,35.66232416152954
2026-07-31_22-48-38_go2_trs_m0p2_v0p1_w500_20k_512,TRS 0.20/0.10,202.01472,7.786383923954434,35.61334497451782
2026-07-31_22-48-38_go2_trs_m0p2_v0p1_w500_20k_512,TRS 0.20/0.10,202.26048,7.795736151271396,35.54984399795532
2026-07-31_22-48-38_go2_trs_m0p2_v0p1_w500_20k_512,TRS 0.20/0.10,202.50624,7.8050890821880765,35.638853931427
2026-07-31_22-48-38_go2_trs_m0p2_v0p1_w500_20k_512,TRS 0.20/0.10,202.752,7.814383355842696,35.71716590881348
2026-07-31_22-48-38_go2_trs_m0p2_v0p1_w500_20k_512,TRS 0.20/0.10,202.99776,7.823665527237786,35.676747436523435
2026-07-31_22-48-38_go2_trs_m0p2_v0p1_w500_20k_512,TRS 0.20/0.10,203.24352,7.832939208083682,35.59829601287842
2026-07-31_22-48-38_go2_trs_m0p2_v0p1_w500_20k_512,TRS 0.20/0.10,203.48928,7.842175244026714,35.87143684387207
2026-07-31_22-48-38_go2_trs_m0p2_v0p1_w500_20k_512,TRS 0.20/0.10,203.73504,7.851480825742086,35.79374601364136
2026-07-31_22-48-38_go2_trs_m0p2_v0p1_w500_20k_512,TRS 0.20/0.10,203.9808,7.86076920164956,35.71585729598999
2026-07-31_22-48-38_go2_trs_m0p2_v0p1_w500_20k_512,TRS 0.20/0.10,204.22656,7.870063909424676,35.655040130615234
2026-07-31_22-48-38_go2_trs_m0p2_v0p1_w500_20k_512,TRS 0.20/0.10,204.47232,7.879434167146683,35.652078266143796
2026-07-31_22-48-38_go2_trs_m0p2_v0p1_w500_20k_512,TRS 0.20/0.10,204.71808,7.888648955159717,35.71717914581299
2026-07-31_22-48-38_go2_trs_m0p2_v0p1_w500_20k_512,TRS 0.20/0.10,204.96384,7.8980330837435195,35.55490016937256
2026-07-31_22-48-38_go2_trs_m0p2_v0p1_w500_20k_512,TRS 0.20/0.10,205.2096,7.9074216155211134,35.383812770843505
2026-07-31_22-48-38_go2_trs_m0p2_v0p1_w500_20k_512,TRS 0.20/0.10,205.45536,7.916815444429716,35.39192943572998
2026-07-31_22-48-38_go2_trs_m0p2_v0p1_w500_20k_512,TRS 0.20/0.10,205.70112,7.926272300349342,35.54135679244995
2026-07-31_22-48-38_go2_trs_m0p2_v0p1_w500_20k_512,TRS 0.20/0.10,205.94688,7.935527881582578,35.41476066589355
2026-07-31_22-48-38_go2_trs_m0p2_v0p1_w500_20k_512,TRS 0.20/0.10,206.19264,7.944906269576815,35.37796602249146
2026-07-31_22-48-38_go2_trs_m0p2_v0p1_w500_20k_512,TRS 0.20/0.10,206.4384,7.954221595923106,35.24820613861084
2026-07-31_22-48-38_go2_trs_m0p2_v0p1_w500_20k_512,TRS 0.20/0.10,206.68416,7.963429900142882,35.25999988555908
2026-07-31_22-48-38_go2_trs_m0p2_v0p1_w500_20k_512,TRS 0.20/0.10,206.92992,7.972624523043632,35.34568477630615
2026-07-31_22-48-38_go2_trs_m0p2_v0p1_w500_20k_512,TRS 0.20/0.10,207.17568,7.981883482138316,35.361893272399904
2026-07-31_22-48-38_go2_trs_m0p2_v0p1_w500_20k_512,TRS 0.20/0.10,207.42144,7.9910440736346775,35.47761949539185
2026-07-31_22-48-38_go2_trs_m0p2_v0p1_w500_20k_512,TRS 0.20/0.10,207.6672,8.00032701532046,35.58797946929931
2026-07-31_22-48-38_go2_trs_m0p2_v0p1_w500_20k_512,TRS 0.20/0.10,207.91296,8.009666979379125,35.56893114089966
2026-07-31_22-48-38_go2_trs_m0p2_v0p1_w500_20k_512,TRS 0.20/0.10,208.15872,8.01896795935101,35.50767608642578
2026-07-31_22-48-38_go2_trs_m0p2_v0p1_w500_20k_512,TRS 0.20/0.10,208.40448,8.028294477197859,35.418620128631595
2026-07-31_22-48-38_go2_trs_m0p2_v0p1_w500_20k_512,TRS 0.20/0.10,208.65024,8.037753446565734,35.24375364303589
2026-07-31_22-48-38_go2_trs_m0p2_v0p1_w500_20k_512,TRS 0.20/0.10,208.896,8.047141580581664,35.2188214302063
2026-07-31_22-48-38_go2_trs_m0p2_v0p1_w500_20k_512,TRS 0.20/0.10,209.14176,8.056514287458526,35.27069173812866
2026-07-31_22-48-38_go2_trs_m0p2_v0p1_w500_20k_512,TRS 0.20/0.10,209.38752,8.065776709384389,35.204059562683106
2026-07-31_22-48-38_go2_trs_m0p2_v0p1_w500_20k_512,TRS 0.20/0.10,209.63328,8.0751083556811,35.205534076690675
2026-07-31_22-48-38_go2_trs_m0p2_v0p1_w500_20k_512,TRS 0.20/0.10,209.87904,8.084423823356628,35.12445428848267
2026-07-31_22-48-38_go2_trs_m0p2_v0p1_w500_20k_512,TRS 0.20/0.10,210.1248,8.093766950435109,35.13569114685058
2026-07-31_22-48-38_go2_trs_m0p2_v0p1_w500_20k_512,TRS 0.20/0.10,210.37056,8.10306876010365,35.12994121551514
2026-07-31_22-48-38_go2_trs_m0p2_v0p1_w500_20k_512,TRS 0.20/0.10,210.61632,8.112426279187202,35.00200113296509
2026-07-31_22-48-38_go2_trs_m0p2_v0p1_w500_20k_512,TRS 0.20/0.10,210.86208,8.121757262614038,35.096701068878176
2026-07-31_22-48-38_go2_trs_m0p2_v0p1_w500_20k_512,TRS 0.20/0.10,211.10784,8.130949650075701,35.338765716552736
2026-07-31_22-48-38_go2_trs_m0p2_v0p1_w500_20k_512,TRS 0.20/0.10,211.3536,8.140268789397346,35.56241834640503
2026-07-31_22-48-38_go2_trs_m0p2_v0p1_w500_20k_512,TRS 0.20/0.10,211.59936,8.149516790972816,35.51344926834106
2026-07-31_22-48-38_go2_trs_m0p2_v0p1_w500_20k_512,TRS 0.20/0.10,211.84512,8.158855309552617,35.506441555023194
2026-07-31_22-48-38_go2_trs_m0p2_v0p1_w500_20k_512,TRS 0.20/0.10,212.09088,8.168108540442255,35.572688293457034
2026-07-31_22-48-38_go2_trs_m0p2_v0p1_w500_20k_512,TRS 0.20/0.10,212.33664,8.17743314994706,35.60410402297973
2026-07-31_22-48-38_go2_trs_m0p2_v0p1_w500_20k_512,TRS 0.20/0.10,212.5824,8.18667807234658,35.702274284362794
2026-07-31_22-48-38_go2_trs_m0p2_v0p1_w500_20k_512,TRS 0.20/0.10,212.82816,8.19600403898292,35.78263439178467
2026-07-31_22-48-38_go2_trs_m0p2_v0p1_w500_20k_512,TRS 0.20/0.10,213.07392,8.205343472626474,35.93168807983398
2026-07-31_22-48-38_go2_trs_m0p2_v0p1_w500_20k_512,TRS 0.20/0.10,213.31968,8.2145959271325,35.90468425750733
2026-07-31_22-48-38_go2_trs_m0p2_v0p1_w500_20k_512,TRS 0.20/0.10,213.56544,8.223981306287978,35.80799808502197
2026-07-31_22-48-38_go2_trs_m0p2_v0p1_w500_20k_512,TRS 0.20/0.10,213.8112,8.233356321122912,35.670337467193605
2026-07-31_22-48-38_go2_trs_m0p2_v0p1_w500_20k_512,TRS 0.20/0.10,214.05696,8.24267300605774,35.82900957107544
2026-07-31_22-48-38_go2_trs_m0p2_v0p1_w500_20k_512,TRS 0.20/0.10,214.30272,8.251950826048851,35.807156810760496
2026-07-31_22-48-38_go2_trs_m0p2_v0p1_w500_20k_512,TRS 0.20/0.10,214.54848,8.261318348977301,35.73458318710327
2026-07-31_22-48-38_go2_trs_m0p2_v0p1_w500_20k_512,TRS 0.20/0.10,214.79424,8.270677473213938,35.714287300109866
2026-07-31_22-48-38_go2_trs_m0p2_v0p1_w500_20k_512,TRS 0.20/0.10,215.04,8.280013955897756,35.541594676971435
2026-07-31_22-48-38_go2_trs_m0p2_v0p1_w500_20k_512,TRS 0.20/0.10,215.28576,8.289384331703186,35.48794914245605
2026-07-31_22-48-38_go2_trs_m0p2_v0p1_w500_20k_512,TRS 0.20/0.10,215.53152,8.298804424272642,35.40979314804077
2026-07-31_22-48-38_go2_trs_m0p2_v0p1_w500_20k_512,TRS 0.20/0.10,215.77728,8.308212319016457,35.45817050933838
2026-07-31_22-48-38_go2_trs_m0p2_v0p1_w500_20k_512,TRS 0.20/0.10,216.02304,8.317644377218352,35.541984748840335
2026-07-31_22-48-38_go2_trs_m0p2_v0p1_w500_20k_512,TRS 0.20/0.10,216.2688,8.326968761086464,35.71793291091919
2026-07-31_22-48-38_go2_trs_m0p2_v0p1_w500_20k_512,TRS 0.20/0.10,216.51456,8.336367572082414,35.57046005249023
2026-07-31_22-48-38_go2_trs_m0p2_v0p1_w500_20k_512,TRS 0.20/0.10,216.76032,8.34572793841362,35.57597862243652
2026-07-31_22-48-38_go2_trs_m0p2_v0p1_w500_20k_512,TRS 0.20/0.10,217.00608,8.355084002481567,35.541544380187986
2026-07-31_22-48-38_go2_trs_m0p2_v0p1_w500_20k_512,TRS 0.20/0.10,217.25184,8.364515882531801,35.528582649230955
2026-07-31_22-48-38_go2_trs_m0p2_v0p1_w500_20k_512,TRS 0.20/0.10,217.4976,8.373969467812115,35.5580553817749
2026-07-31_22-48-38_go2_trs_m0p2_v0p1_w500_20k_512,TRS 0.20/0.10,217.74336,8.383265646961,35.594087257385254
2026-07-31_22-48-38_go2_trs_m0p2_v0p1_w500_20k_512,TRS 0.20/0.10,217.98912,8.392572351230516,35.63911003112793
2026-07-31_22-48-38_go2_trs_m0p2_v0p1_w500_20k_512,TRS 0.20/0.10,218.23488,8.401932677096791,35.65767911911011
2026-07-31_22-48-38_go2_trs_m0p2_v0p1_w500_20k_512,TRS 0.20/0.10,218.48064,8.411295447482003,35.62081237792969
2026-07-31_22-48-38_go2_trs_m0p2_v0p1_w500_20k_512,TRS 0.20/0.10,218.7264,8.420626619590653,35.64497709274292
2026-07-31_22-48-38_go2_trs_m0p2_v0p1_w500_20k_512,TRS 0.20/0.10,218.97216,8.430004760954116,35.760671367645266
2026-07-31_22-48-38_go2_trs_m0p2_v0p1_w500_20k_512,TRS 0.20/0.10,219.21792,8.439309559795591,35.7735329246521
2026-07-31_22-48-38_go2_trs_m0p2_v0p1_w500_20k_512,TRS 0.20/0.10,219.46368,8.44854439344671,35.85311944961548
2026-07-31_22-48-38_go2_trs_m0p2_v0p1_w500_20k_512,TRS 0.20/0.10,219.70944,8.457935438553493,35.82610664367676
2026-07-31_22-48-38_go2_trs_m0p2_v0p1_w500_20k_512,TRS 0.20/0.10,219.9552,8.467221651275953,36.00660747528076
2026-07-31_22-48-38_go2_trs_m0p2_v0p1_w500_20k_512,TRS 0.20/0.10,220.20096,8.476527216566934,35.821757831573485
2026-07-31_22-48-38_go2_trs_m0p2_v0p1_w500_20k_512,TRS 0.20/0.10,220.44672,8.486031118830045,35.843666610717776
2026-07-31_22-48-38_go2_trs_m0p2_v0p1_w500_20k_512,TRS 0.20/0.10,220.69248,8.495302065610886,35.8730655670166
2026-07-31_22-48-38_go2_trs_m0p2_v0p1_w500_20k_512,TRS 0.20/0.10,220.93824,8.50446443968349,35.95928697586059
2026-07-31_22-48-38_go2_trs_m0p2_v0p1_w500_20k_512,TRS 0.20/0.10,221.184,8.513721826473871,35.86017183303833
2026-07-31_22-48-38_go2_trs_m0p2_v0p1_w500_20k_512,TRS 0.20/0.10,221.42976,8.523015697466002,35.91350635528565
2026-07-31_22-48-38_go2_trs_m0p2_v0p1_w500_20k_512,TRS 0.20/0.10,221.67552,8.532241786519686,35.852147254943844
2026-07-31_22-48-38_go2_trs_m0p2_v0p1_w500_20k_512,TRS 0.20/0.10,221.92128,8.541476055118773,35.83147508621216
2026-07-31_22-48-38_go2_trs_m0p2_v0p1_w500_20k_512,TRS 0.20/0.10,222.16704,8.550796550512313,35.863054008483886
2026-07-31_22-48-38_go2_trs_m0p2_v0p1_w500_20k_512,TRS 0.20/0.10,222.4128,8.560014495982065,35.819555644989016
2026-07-31_22-48-38_go2_trs_m0p2_v0p1_w500_20k_512,TRS 0.20/0.10,222.65856,8.569313247998556,35.928865089416504
2026-07-31_22-48-38_go2_trs_m0p2_v0p1_w500_20k_512,TRS 0.20/0.10,222.90432,8.578811566763454,35.975073947906495
2026-07-31_22-48-38_go2_trs_m0p2_v0p1_w500_20k_512,TRS 0.20/0.10,223.15008,8.588114670316378,35.858055667877196
2026-07-31_22-48-38_go2_trs_m0p2_v0p1_w500_20k_512,TRS 0.20/0.10,223.39584,8.597419939637184,35.74807838439941
2026-07-31_22-48-38_go2_trs_m0p2_v0p1_w500_20k_512,TRS 0.20/0.10,223.6416,8.60685136258602,35.83286069869995
2026-07-31_22-48-38_go2_trs_m0p2_v0p1_w500_20k_512,TRS 0.20/0.10,223.88736,8.616069648861885,35.86478561401367
2026-07-31_22-48-38_go2_trs_m0p2_v0p1_w500_20k_512,TRS 0.20/0.10,224.13312,8.625368857913546,35.973386192321776
2026-07-31_22-48-38_go2_trs_m0p2_v0p1_w500_20k_512,TRS 0.20/0.10,224.37888,8.634654800163375,35.973238410949705
2026-07-31_22-48-38_go2_trs_m0p2_v0p1_w500_20k_512,TRS 0.20/0.10,224.62464,8.643929919070668,36.11583032608032
2026-07-31_22-48-38_go2_trs_m0p2_v0p1_w500_20k_512,TRS 0.20/0.10,224.8704,8.653183773954709,36.092747077941894
2026-07-31_22-48-38_go2_trs_m0p2_v0p1_w500_20k_512,TRS 0.20/0.10,225.11616,8.662439883483781,36.23251272201538
2026-07-31_22-48-38_go2_trs_m0p2_v0p1_w500_20k_512,TRS 0.20/0.10,225.36192,8.671766988502608,36.16483154296875
2026-07-31_22-48-38_go2_trs_m0p2_v0p1_w500_20k_512,TRS 0.20/0.10,225.60768,8.680952904820442,36.243801021575926
2026-07-31_22-48-38_go2_trs_m0p2_v0p1_w500_20k_512,TRS 0.20/0.10,225.85344,8.690155963367886,36.1556160736084
2026-07-31_22-48-38_go2_trs_m0p2_v0p1_w500_20k_512,TRS 0.20/0.10,226.0992,8.699395779371262,36.2095729637146
2026-07-31_22-48-38_go2_trs_m0p2_v0p1_w500_20k_512,TRS 0.20/0.10,226.34496,8.708619854052861,36.09546308517456
2026-07-31_22-48-38_go2_trs_m0p2_v0p1_w500_20k_512,TRS 0.20/0.10,226.59072,8.717918836408192,36.061946353912354
2026-07-31_22-48-38_go2_trs_m0p2_v0p1_w500_20k_512,TRS 0.20/0.10,226.83648,8.727260470324092,36.1510489654541
2026-07-31_22-48-38_go2_trs_m0p2_v0p1_w500_20k_512,TRS 0.20/0.10,227.08224,8.73647504793273,35.9880952835083
2026-07-31_22-48-38_go2_trs_m0p2_v0p1_w500_20k_512,TRS 0.20/0.10,227.328,8.745775689548916,35.889552974700926
2026-07-31_22-48-38_go2_trs_m0p2_v0p1_w500_20k_512,TRS 0.20/0.10,227.57376,8.754972302251392,35.84730863571167
2026-07-31_22-48-38_go2_trs_m0p2_v0p1_w500_20k_512,TRS 0.20/0.10,227.81952,8.764236439201566,35.777739715576175
2026-07-31_22-48-38_go2_trs_m0p2_v0p1_w500_20k_512,TRS 0.20/0.10,228.06528,8.77350655151738,35.69226013183594
2026-07-31_22-48-38_go2_trs_m0p2_v0p1_w500_20k_512,TRS 0.20/0.10,228.31104,8.782816046741274,35.66195796966553
2026-07-31_22-48-38_go2_trs_m0p2_v0p1_w500_20k_512,TRS 0.20/0.10,228.5568,8.792038875487115,35.502948169708255
2026-07-31_22-48-38_go2_trs_m0p2_v0p1_w500_20k_512,TRS 0.20/0.10,228.80256,8.801218611068196,35.424494152069094
2026-07-31_22-48-38_go2_trs_m0p2_v0p1_w500_20k_512,TRS 0.20/0.10,229.04832,8.810459881888496,35.400871429443356
2026-07-31_22-48-38_go2_trs_m0p2_v0p1_w500_20k_512,TRS 0.20/0.10,229.29408,8.8196443245146,35.258448429107666
2026-07-31_22-48-38_go2_trs_m0p2_v0p1_w500_20k_512,TRS 0.20/0.10,229.53984,8.828897412220638,35.26995714187622
2026-07-31_22-48-38_go2_trs_m0p2_v0p1_w500_20k_512,TRS 0.20/0.10,229.7856,8.83811484489176,35.12344169616699
2026-07-31_22-48-38_go2_trs_m0p2_v0p1_w500_20k_512,TRS 0.20/0.10,230.03136,8.84750888493326,34.99428256988526
2026-07-31_22-48-38_go2_trs_m0p2_v0p1_w500_20k_512,TRS 0.20/0.10,230.27712,8.85675040576193,35.049189281463626
2026-07-31_22-48-38_go2_trs_m0p2_v0p1_w500_20k_512,TRS 0.20/0.10,230.52288,8.865964949395922,35.048532733917234
2026-07-31_22-48-38_go2_trs_m0p2_v0p1_w500_20k_512,TRS 0.20/0.10,230.76864,8.8751993497875,35.21926054000855
2026-07-31_22-48-38_go2_trs_m0p2_v0p1_w500_20k_512,TRS 0.20/0.10,231.0144,8.884448842604955,35.35350275039673
2026-07-31_22-48-38_go2_trs_m0p2_v0p1_w500_20k_512,TRS 0.20/0.10,231.26016,8.893675835529963,35.5221342086792
2026-07-31_22-48-38_go2_trs_m0p2_v0p1_w500_20k_512,TRS 0.20/0.10,231.50592,8.902965329355665,35.6322607421875
2026-07-31_22-48-38_go2_trs_m0p2_v0p1_w500_20k_512,TRS 0.20/0.10,231.75168,8.912224110828506,35.57648546218872
2026-07-31_22-48-38_go2_trs_m0p2_v0p1_w500_20k_512,TRS 0.20/0.10,231.99744,8.921434086296294,35.55668905258179
2026-07-31_22-48-38_go2_trs_m0p2_v0p1_w500_20k_512,TRS 0.20/0.10,232.2432,8.930624624755648,35.75826852798462
2026-07-31_22-48-38_go2_trs_m0p2_v0p1_w500_20k_512,TRS 0.20/0.10,232.48896,8.939882982240784,35.90897119522095
2026-07-31_22-48-38_go2_trs_m0p2_v0p1_w500_20k_512,TRS 0.20/0.10,232.73472,8.949171243309975,36.01438289642334
2026-07-31_22-48-38_go2_trs_m0p2_v0p1_w500_20k_512,TRS 0.20/0.10,232.98048,8.958455120126406,36.01926555633545
2026-07-31_22-48-38_go2_trs_m0p2_v0p1_w500_20k_512,TRS 0.20/0.10,233.22624,8.967754915952682,35.99114078521728
2026-07-31_22-48-38_go2_trs_m0p2_v0p1_w500_20k_512,TRS 0.20/0.10,233.472,8.977024329238468,35.96516231536865
2026-07-31_22-48-38_go2_trs_m0p2_v0p1_w500_20k_512,TRS 0.20/0.10,233.71776,8.986259908808602,35.836058464050296
2026-07-31_22-48-38_go2_trs_m0p2_v0p1_w500_20k_512,TRS 0.20/0.10,233.96352,8.995529992580414,35.734298114776614
2026-07-31_22-48-38_go2_trs_m0p2_v0p1_w500_20k_512,TRS 0.20/0.10,234.20928,9.004789527191056,35.738978481292726
2026-07-31_22-48-38_go2_trs_m0p2_v0p1_w500_20k_512,TRS 0.20/0.10,234.45504,9.013995429211192,35.774384384155276
2026-07-31_22-48-38_go2_trs_m0p2_v0p1_w500_20k_512,TRS 0.20/0.10,234.7008,9.023315961427159,35.7007551574707
2026-07-31_22-48-38_go2_trs_m0p2_v0p1_w500_20k_512,TRS 0.20/0.10,234.94656,9.032587011059125,35.49309564590454
2026-07-31_22-48-38_go2_trs_m0p2_v0p1_w500_20k_512,TRS 0.20/0.10,235.19232,9.04179666346974,35.452169284820556
2026-07-31_22-48-38_go2_trs_m0p2_v0p1_w500_20k_512,TRS 0.20/0.10,235.43808,9.051130573219723,35.505283470153806
2026-07-31_22-48-38_go2_trs_m0p2_v0p1_w500_20k_512,TRS 0.20/0.10,235.68384,9.06037882718775,35.404266624450685
2026-07-31_22-48-38_go2_trs_m0p2_v0p1_w500_20k_512,TRS 0.20/0.10,235.9296,9.069738068117037,35.270429153442386
2026-07-31_22-48-38_go2_trs_m0p2_v0p1_w500_20k_512,TRS 0.20/0.10,236.17536,9.079040025472642,35.2802915763855
2026-07-31_22-48-38_go2_trs_m0p2_v0p1_w500_20k_512,TRS 0.20/0.10,236.42112,9.088328179849519,35.46974073410034
2026-07-31_22-48-38_go2_trs_m0p2_v0p1_w500_20k_512,TRS 0.20/0.10,236.66688,9.09754979411761,35.62739339828491
2026-07-31_22-48-38_go2_trs_m0p2_v0p1_w500_20k_512,TRS 0.20/0.10,236.91264,9.106803291969829,35.768208236694335
2026-07-31_22-48-38_go2_trs_m0p2_v0p1_w500_20k_512,TRS 0.20/0.10,237.1584,9.116135691006978,35.89622932434082
2026-07-31_22-48-38_go2_trs_m0p2_v0p1_w500_20k_512,TRS 0.20/0.10,237.40416,9.125369408660465,36.04032482147217
2026-07-31_22-48-38_go2_trs_m0p2_v0p1_w500_20k_512,TRS 0.20/0.10,237.64992,9.134539795385466,36.13255208969116
2026-07-31_22-48-38_go2_trs_m0p2_v0p1_w500_20k_512,TRS 0.20/0.10,237.89568,9.143860334555308,36.15517238616943
2026-07-31_22-48-38_go2_trs_m0p2_v0p1_w500_20k_512,TRS 0.20/0.10,238.14144,9.153050905797217,36.31239767074585
2026-07-31_22-48-38_go2_trs_m0p2_v0p1_w500_20k_512,TRS 0.20/0.10,238.3872,9.162236974371805,36.55494417190552
2026-07-31_22-48-38_go2_trs_m0p2_v0p1_w500_20k_512,TRS 0.20/0.10,238.63296,9.171519506176313,36.76492176055908
2026-07-31_22-48-38_go2_trs_m0p2_v0p1_w500_20k_512,TRS 0.20/0.10,238.87872,9.18072446624438,36.729906997680665
2026-07-31_22-48-38_go2_trs_m0p2_v0p1_w500_20k_512,TRS 0.20/0.10,239.12448,9.189933568504122,36.7096070098877
2026-07-31_22-48-38_go2_trs_m0p2_v0p1_w500_20k_512,TRS 0.20/0.10,239.37024,9.199215872221522,36.813079814910886
2026-07-31_22-48-38_go2_trs_m0p2_v0p1_w500_20k_512,TRS 0.20/0.10,239.616,9.20848084323936,36.81728298187256
2026-07-31_22-48-38_go2_trs_m0p2_v0p1_w500_20k_512,TRS 0.20/0.10,239.86176,9.217871746089724,36.94410835266113
2026-07-31_22-48-38_go2_trs_m0p2_v0p1_w500_20k_512,TRS 0.20/0.10,240.10752,9.227222931053904,36.912501182556156
2026-07-31_22-48-38_go2_trs_m0p2_v0p1_w500_20k_512,TRS 0.20/0.10,240.35328,9.23647036254406,37.005640773773194
2026-07-31_22-48-38_go2_trs_m0p2_v0p1_w500_20k_512,TRS 0.20/0.10,240.59904,9.24577124979761,37.03404111862183
2026-07-31_22-48-38_go2_trs_m0p2_v0p1_w500_20k_512,TRS 0.20/0.10,240.8448,9.255064482821359,37.106139163970944
2026-07-31_22-48-38_go2_trs_m0p2_v0p1_w500_20k_512,TRS 0.20/0.10,241.09056,9.264312782155143,37.09560199737549
2026-07-31_22-48-38_go2_trs_m0p2_v0p1_w500_20k_512,TRS 0.20/0.10,241.33632,9.273562781744532,37.07641040802002
2026-07-31_22-48-38_go2_trs_m0p2_v0p1_w500_20k_512,TRS 0.20/0.10,241.58208,9.282781507902675,37.095235443115236
2026-07-31_22-48-38_go2_trs_m0p2_v0p1_w500_20k_512,TRS 0.20/0.10,241.82784,9.292034173806508,36.94553970336914
2026-07-31_22-48-38_go2_trs_m0p2_v0p1_w500_20k_512,TRS 0.20/0.10,242.0736,9.301286515792212,36.984993591308594
2026-07-31_22-48-38_go2_trs_m0p2_v0p1_w500_20k_512,TRS 0.20/0.10,242.31936,9.310446384019322,36.93309476852417
2026-07-31_22-48-38_go2_trs_m0p2_v0p1_w500_20k_512,TRS 0.20/0.10,242.56512,9.319640659623676,36.93441303253174
2026-07-31_22-48-38_go2_trs_m0p2_v0p1_w500_20k_512,TRS 0.20/0.10,242.81088,9.328926017549303,36.93253721237183
2026-07-31_22-48-38_go2_trs_m0p2_v0p1_w500_20k_512,TRS 0.20/0.10,243.05664,9.338243034945593,36.8225288772583
2026-07-31_22-48-38_go2_trs_m0p2_v0p1_w500_20k_512,TRS 0.20/0.10,243.3024,9.347544123662843,36.70539545059204
2026-07-31_22-48-38_go2_trs_m0p2_v0p1_w500_20k_512,TRS 0.20/0.10,243.54816,9.356866246793006,36.452946453094484
2026-07-31_22-48-38_go2_trs_m0p2_v0p1_w500_20k_512,TRS 0.20/0.10,243.79392,9.366118774082926,36.29270311355591
2026-07-31_22-48-38_go2_trs_m0p2_v0p1_w500_20k_512,TRS 0.20/0.10,244.03968,9.375517792304358,36.20035413742065
2026-07-31_22-48-38_go2_trs_m0p2_v0p1_w500_20k_512,TRS 0.20/0.10,244.28544,9.384751819372177,36.12397806167603
2026-07-31_22-48-38_go2_trs_m0p2_v0p1_w500_20k_512,TRS 0.20/0.10,244.5312,9.393925307128164,36.04564992904663
2026-07-31_22-48-38_go2_trs_m0p2_v0p1_w500_20k_512,TRS 0.20/0.10,244.77696,9.40326345940431,35.97573917388916
2026-07-31_22-48-38_go2_trs_m0p2_v0p1_w500_20k_512,TRS 0.20/0.10,245.02272,9.412488511469629,35.96500829696655
2026-07-31_22-48-38_go2_trs_m0p2_v0p1_w500_20k_512,TRS 0.20/0.10,245.26848,9.42173423204157,35.80242897033691
2026-07-31_22-48-38_go2_trs_m0p2_v0p1_w500_20k_512,TRS 0.20/0.10,245.51424,9.430939965513017,35.906773242950436
2026-07-31_22-48-38_go2_trs_m0p2_v0p1_w500_20k_512,TRS 0.20/0.10,245.747712,9.439741188883781,35.77124231338501
2026-08-01_22-39-14_go2_trs_m0p3_v0p15_w500_minv0_20k_512,TRS 0.30/0.15,2.4576,0.10399169471528795,2.8536444430798293
2026-08-01_22-39-14_go2_trs_m0p3_v0p15_w500_minv0_20k_512,TRS 0.30/0.15,2.70336,0.11416733086109161,3.946631337925792
2026-08-01_22-39-14_go2_trs_m0p3_v0p15_w500_minv0_20k_512,TRS 0.30/0.15,2.94912,0.1237609526846144,5.377473284527659
2026-08-01_22-39-14_go2_trs_m0p3_v0p15_w500_minv0_20k_512,TRS 0.30/0.15,3.19488,0.1334057797325982,6.654538609907031
2026-08-01_22-39-14_go2_trs_m0p3_v0p15_w500_minv0_20k_512,TRS 0.30/0.15,3.44064,0.14311585307121277,7.452941167354584
2026-08-01_22-39-14_go2_trs_m0p3_v0p15_w500_minv0_20k_512,TRS 0.30/0.15,3.6864,0.15241924001110924,8.164088084697724
2026-08-01_22-39-14_go2_trs_m0p3_v0p15_w500_minv0_20k_512,TRS 0.30/0.15,3.93216,0.1616037835677465,9.028128252029418
2026-08-01_22-39-14_go2_trs_m0p3_v0p15_w500_minv0_20k_512,TRS 0.30/0.15,4.17792,0.17155110392305586,10.017929153442383
2026-08-01_22-39-14_go2_trs_m0p3_v0p15_w500_minv0_20k_512,TRS 0.30/0.15,4.42368,0.18098084919982485,11.075439069271088
2026-08-01_22-39-14_go2_trs_m0p3_v0p15_w500_minv0_20k_512,TRS 0.30/0.15,4.66944,0.19012183288733164,11.937140910625457
2026-08-01_22-39-14_go2_trs_m0p3_v0p15_w500_minv0_20k_512,TRS 0.30/0.15,4.9152,0.20003199405140348,12.727040169239045
2026-08-01_22-39-14_go2_trs_m0p3_v0p15_w500_minv0_20k_512,TRS 0.30/0.15,5.16096,0.20955846965312958,13.760557827949524
2026-08-01_22-39-14_go2_trs_m0p3_v0p15_w500_minv0_20k_512,TRS 0.30/0.15,5.40672,0.21872803303930494,14.390846586227417
2026-08-01_22-39-14_go2_trs_m0p3_v0p15_w500_minv0_20k_512,TRS 0.30/0.15,5.65248,0.228522846698761,15.12448133945465
2026-08-01_22-39-14_go2_trs_m0p3_v0p15_w500_minv0_20k_512,TRS 0.30/0.15,5.89824,0.2379752841922972,15.955813021659852
2026-08-01_22-39-14_go2_trs_m0p3_v0p15_w500_minv0_20k_512,TRS 0.30/0.15,6.144,0.2471969371371799,16.63413012981415
2026-08-01_22-39-14_go2_trs_m0p3_v0p15_w500_minv0_20k_512,TRS 0.30/0.15,6.38976,0.2572648291455375,17.183739838600157
2026-08-01_22-39-14_go2_trs_m0p3_v0p15_w500_minv0_20k_512,TRS 0.30/0.15,6.63552,0.26792212578985425,17.350689668655395
2026-08-01_22-39-14_go2_trs_m0p3_v0p15_w500_minv0_20k_512,TRS 0.30/0.15,6.88128,0.2779796348677741,17.37067187309265
2026-08-01_22-39-14_go2_trs_m0p3_v0p15_w500_minv0_20k_512,TRS 0.30/0.15,7.12704,0.2882211579879125,17.553997182846068
2026-08-01_22-39-14_go2_trs_m0p3_v0p15_w500_minv0_20k_512,TRS 0.30/0.15,7.3728,0.29811016632450954,17.720473885536194
2026-08-01_22-39-14_go2_trs_m0p3_v0p15_w500_minv0_20k_512,TRS 0.30/0.15,7.61856,0.3079003882408142,17.761648211479187
2026-08-01_22-39-14_go2_trs_m0p3_v0p15_w500_minv0_20k_512,TRS 0.30/0.15,7.86432,0.31798791216479405,17.64674026489258
2026-08-01_22-39-14_go2_trs_m0p3_v0p15_w500_minv0_20k_512,TRS 0.30/0.15,8.11008,0.3281596577167511,17.30005002975464
2026-08-01_22-39-14_go2_trs_m0p3_v0p15_w500_minv0_20k_512,TRS 0.30/0.15,8.35584,0.33794922014077505,16.857879996299744
2026-08-01_22-39-14_go2_trs_m0p3_v0p15_w500_minv0_20k_512,TRS 0.30/0.15,8.6016,0.3478855585389667,16.575458607673646
2026-08-01_22-39-14_go2_trs_m0p3_v0p15_w500_minv0_20k_512,TRS 0.30/0.15,8.84736,0.35817066927750907,16.357863092422484
2026-08-01_22-39-14_go2_trs_m0p3_v0p15_w500_minv0_20k_512,TRS 0.30/0.15,9.09312,0.36806723952293396,16.282914414405823
2026-08-01_22-39-14_go2_trs_m0p3_v0p15_w500_minv0_20k_512,TRS 0.30/0.15,9.33888,0.37968661261929404,16.09275061607361
2026-08-01_22-39-14_go2_trs_m0p3_v0p15_w500_minv0_20k_512,TRS 0.30/0.15,9.58464,0.3917098546028137,15.865739669799805
2026-08-01_22-39-14_go2_trs_m0p3_v0p15_w500_minv0_20k_512,TRS 0.30/0.15,9.8304,0.402989101741049,15.284009795188904
2026-08-01_22-39-14_go2_trs_m0p3_v0p15_w500_minv0_20k_512,TRS 0.30/0.15,10.07616,0.412964969807201,14.93716389656067
2026-08-01_22-39-14_go2_trs_m0p3_v0p15_w500_minv0_20k_512,TRS 0.30/0.15,10.32192,0.42343161013391284,14.933047084808349
2026-08-01_22-39-14_go2_trs_m0p3_v0p15_w500_minv0_20k_512,TRS 0.30/0.15,10.56768,0.43357507361306086,14.892778329849243
2026-08-01_22-39-14_go2_trs_m0p3_v0p15_w500_minv0_20k_512,TRS 0.30/0.15,10.81344,0.44357571131653256,14.877556576728821
2026-08-01_22-39-14_go2_trs_m0p3_v0p15_w500_minv0_20k_512,TRS 0.30/0.15,11.0592,0.45394859512646996,15.062644662857055
2026-08-01_22-39-14_go2_trs_m0p3_v0p15_w500_minv0_20k_512,TRS 0.30/0.15,11.30496,0.4640039068460464,14.88619418144226
2026-08-01_22-39-14_go2_trs_m0p3_v0p15_w500_minv0_20k_512,TRS 0.30/0.15,11.55072,0.4739538456996282,14.772297515869141
2026-08-01_22-39-14_go2_trs_m0p3_v0p15_w500_minv0_20k_512,TRS 0.30/0.15,11.79648,0.4841629812452528,14.879831838607789
2026-08-01_22-39-14_go2_trs_m0p3_v0p15_w500_minv0_20k_512,TRS 0.30/0.15,12.04224,0.4942231431272295,14.847347769737244
2026-08-01_22-39-14_go2_trs_m0p3_v0p15_w500_minv0_20k_512,TRS 0.30/0.15,12.288,0.5040965671009487,15.133854532241822
2026-08-01_22-39-14_go2_trs_m0p3_v0p15_w500_minv0_20k_512,TRS 0.30/0.15,12.53376,0.5153782916069031,15.230446209907532
2026-08-01_22-39-14_go2_trs_m0p3_v0p15_w500_minv0_20k_512,TRS 0.30/0.15,12.77952,0.5278832259443071,14.938023743629456
2026-08-01_22-39-14_go2_trs_m0p3_v0p15_w500_minv0_20k_512,TRS 0.30/0.15,13.02528,0.54009973373678,14.794539675712585
2026-08-01_22-39-14_go2_trs_m0p3_v0p15_w500_minv0_20k_512,TRS 0.30/0.15,13.27104,0.5528783893585205,14.986795816421509
2026-08-01_22-39-14_go2_trs_m0p3_v0p15_w500_minv0_20k_512,TRS 0.30/0.15,13.5168,0.5661832316054238,14.651356215476989
2026-08-01_22-39-14_go2_trs_m0p3_v0p15_w500_minv0_20k_512,TRS 0.30/0.15,13.76256,0.5793353399303225,14.498048915863038
2026-08-01_22-39-14_go2_trs_m0p3_v0p15_w500_minv0_20k_512,TRS 0.30/0.15,14.00832,0.5916271838876936,14.380798287391663
2026-08-01_22-39-14_go2_trs_m0p3_v0p15_w500_minv0_20k_512,TRS 0.30/0.15,14.25408,0.6040561212433709,14.25483723640442
2026-08-01_22-39-14_go2_trs_m0p3_v0p15_w500_minv0_20k_512,TRS 0.30/0.15,14.49984,0.6167060642109977,14.071750445365906
2026-08-01_22-39-14_go2_trs_m0p3_v0p15_w500_minv0_20k_512,TRS 0.30/0.15,14.7456,0.6300393843650818,13.751160769462585
2026-08-01_22-39-14_go2_trs_m0p3_v0p15_w500_minv0_20k_512,TRS 0.30/0.15,14.99136,0.6433132568332884,13.63005486011505
2026-08-01_22-39-14_go2_trs_m0p3_v0p15_w500_minv0_20k_512,TRS 0.30/0.15,15.23712,0.656204382777214,13.778398838043213
2026-08-01_22-39-14_go2_trs_m0p3_v0p15_w500_minv0_20k_512,TRS 0.30/0.15,15.48288,0.6691751395331489,13.884757905006408
2026-08-01_22-39-14_go2_trs_m0p3_v0p15_w500_minv0_20k_512,TRS 0.30/0.15,15.72864,0.6819818070199755,13.620813417434693
2026-08-01_22-39-14_go2_trs_m0p3_v0p15_w500_minv0_20k_512,TRS 0.30/0.15,15.9744,0.6951844296852747,13.634489188194275
2026-08-01_22-39-14_go2_trs_m0p3_v0p15_w500_minv0_20k_512,TRS 0.30/0.15,16.22016,0.7083652864562141,13.79825005054474
2026-08-01_22-39-14_go2_trs_m0p3_v0p15_w500_minv0_20k_512,TRS 0.30/0.15,16.46592,0.7210134842660691,13.854695148468018
2026-08-01_22-39-14_go2_trs_m0p3_v0p15_w500_minv0_20k_512,TRS 0.30/0.15,16.71168,0.7329648062255647,13.908312039375305
2026-08-01_22-39-14_go2_trs_m0p3_v0p15_w500_minv0_20k_512,TRS 0.30/0.15,16.95744,0.7449405267503526,14.017294239997863
2026-08-01_22-39-14_go2_trs_m0p3_v0p15_w500_minv0_20k_512,TRS 0.30/0.15,17.2032,0.7575731332434549,14.205725860595702
2026-08-01_22-39-14_go2_trs_m0p3_v0p15_w500_minv0_20k_512,TRS 0.30/0.15,17.44896,0.7704675822787814,14.144127740859986
2026-08-01_22-39-14_go2_trs_m0p3_v0p15_w500_minv0_20k_512,TRS 0.30/0.15,17.69472,0.7833309787511825,14.028114376068116
2026-08-01_22-39-14_go2_trs_m0p3_v0p15_w500_minv0_20k_512,TRS 0.30/0.15,17.94048,0.7961544650130802,13.938282880783081
2026-08-01_22-39-14_go2_trs_m0p3_v0p15_w500_minv0_20k_512,TRS 0.30/0.15,18.18624,0.809332374797927,13.892546753883362
2026-08-01_22-39-14_go2_trs_m0p3_v0p15_w500_minv0_20k_512,TRS 0.30/0.15,18.432,0.8221761784288618,13.982629051208496
2026-08-01_22-39-14_go2_trs_m0p3_v0p15_w500_minv0_20k_512,TRS 0.30/0.15,18.67776,0.8350422129366133,13.977096905708313
2026-08-01_22-39-14_go2_trs_m0p3_v0p15_w500_minv0_20k_512,TRS 0.30/0.15,18.92352,0.8477310947577159,13.89941575050354
2026-08-01_22-39-14_go2_trs_m0p3_v0p15_w500_minv0_20k_512,TRS 0.30/0.15,19.16928,0.8599954246150123,13.765968041419983
2026-08-01_22-39-14_go2_trs_m0p3_v0p15_w500_minv0_20k_512,TRS 0.30/0.15,19.41504,0.8723223572969436,13.758471913337708
2026-08-01_22-39-14_go2_trs_m0p3_v0p15_w500_minv0_20k_512,TRS 0.30/0.15,19.6608,0.8851261123683718,13.648200964927673
2026-08-01_22-39-14_go2_trs_m0p3_v0p15_w500_minv0_20k_512,TRS 0.30/0.15,19.90656,0.8987592066658868,13.653876233100892
2026-08-01_22-39-14_go2_trs_m0p3_v0p15_w500_minv0_20k_512,TRS 0.30/0.15,20.15232,0.9123219813903173,13.511089277267455
2026-08-01_22-39-14_go2_trs_m0p3_v0p15_w500_minv0_20k_512,TRS 0.30/0.15,20.39808,0.9246773817804125,13.533532299995422
2026-08-01_22-39-14_go2_trs_m0p3_v0p15_w500_minv0_20k_512,TRS 0.30/0.15,20.64384,0.9373510284556283,13.399811787605286
2026-08-01_22-39-14_go2_trs_m0p3_v0p15_w500_minv0_20k_512,TRS 0.30/0.15,20.8896,0.9496691106425391,13.178468799591064
2026-08-01_22-39-14_go2_trs_m0p3_v0p15_w500_minv0_20k_512,TRS 0.30/0.15,21.13536,0.9625032113658057,12.908496389389038
2026-08-01_22-39-14_go2_trs_m0p3_v0p15_w500_minv0_20k_512,TRS 0.30/0.15,21.38112,0.974603092206849,12.894678363800049
2026-08-01_22-39-14_go2_trs_m0p3_v0p15_w500_minv0_20k_512,TRS 0.30/0.15,21.62688,0.9864748689863417,12.81471742630005
2026-08-01_22-39-14_go2_trs_m0p3_v0p15_w500_minv0_20k_512,TRS 0.30/0.15,21.87264,0.9983011399375068,12.638802523612975
2026-08-01_22-39-14_go2_trs_m0p3_v0p15_w500_minv0_20k_512,TRS 0.30/0.15,22.1184,1.010131107568741,12.507833032608032
2026-08-01_22-39-14_go2_trs_m0p3_v0p15_w500_minv0_20k_512,TRS 0.30/0.15,22.36416,1.022667203479343,12.274574332237243
2026-08-01_22-39-14_go2_trs_m0p3_v0p15_w500_minv0_20k_512,TRS 0.30/0.15,22.60992,1.0354496543274985,12.300764579772949
2026-08-01_22-39-14_go2_trs_m0p3_v0p15_w500_minv0_20k_512,TRS 0.30/0.15,22.85568,1.0484106925461028,12.17167227268219
2026-08-01_22-39-14_go2_trs_m0p3_v0p15_w500_minv0_20k_512,TRS 0.30/0.15,23.10144,1.0608857473399904,12.197667527198792
2026-08-01_22-39-14_go2_trs_m0p3_v0p15_w500_minv0_20k_512,TRS 0.30/0.15,23.3472,1.0732835865020751,12.204801688194275
2026-08-01_22-39-14_go2_trs_m0p3_v0p15_w500_minv0_20k_512,TRS 0.30/0.15,23.59296,1.0855861677063836,12.309846124649049
2026-08-01_22-39-14_go2_trs_m0p3_v0p15_w500_minv0_20k_512,TRS 0.30/0.15,23.83872,1.0976565701431698,12.182395205497741
2026-08-01_22-39-14_go2_trs_m0p3_v0p15_w500_minv0_20k_512,TRS 0.30/0.15,24.08448,1.1098823399676216,12.209135279655456
2026-08-01_22-39-14_go2_trs_m0p3_v0p15_w500_minv0_20k_512,TRS 0.30/0.15,24.33024,1.121696598066224,12.362235455513
2026-08-01_22-39-14_go2_trs_m0p3_v0p15_w500_minv0_20k_512,TRS 0.30/0.15,24.576,1.1335179298453861,12.457173352241517
2026-08-01_22-39-14_go2_trs_m0p3_v0p15_w500_minv0_20k_512,TRS 0.30/0.15,24.82176,1.1452503122223747,12.598256721496583
2026-08-01_22-39-14_go2_trs_m0p3_v0p15_w500_minv0_20k_512,TRS 0.30/0.15,25.06752,1.1581319121519724,12.521958808898926
2026-08-01_22-39-14_go2_trs_m0p3_v0p15_w500_minv0_20k_512,TRS 0.30/0.15,25.31328,1.1709721704324088,12.60638545513153
2026-08-01_22-39-14_go2_trs_m0p3_v0p15_w500_minv0_20k_512,TRS 0.30/0.15,25.55904,1.1834786267413033,12.788333692550658
2026-08-01_22-39-14_go2_trs_m0p3_v0p15_w500_minv0_20k_512,TRS 0.30/0.15,25.8048,1.1959154393937852,13.028280515670776
2026-08-01_22-39-14_go2_trs_m0p3_v0p15_w500_minv0_20k_512,TRS 0.30/0.15,26.05056,1.2082368885146246,13.137305054664612
2026-08-01_22-39-14_go2_trs_m0p3_v0p15_w500_minv0_20k_512,TRS 0.30/0.15,26.29632,1.2204161485036213,13.237936329841613
2026-08-01_22-39-14_go2_trs_m0p3_v0p15_w500_minv0_20k_512,TRS 0.30/0.15,26.54208,1.2323904395103455,13.42983643054962
2026-08-01_22-39-14_go2_trs_m0p3_v0p15_w500_minv0_20k_512,TRS 0.30/0.15,26.78784,1.2444882396856944,13.34728590965271
2026-08-01_22-39-14_go2_trs_m0p3_v0p15_w500_minv0_20k_512,TRS 0.30/0.15,27.0336,1.2563740911748673,13.282906575202942
2026-08-01_22-39-14_go2_trs_m0p3_v0p15_w500_minv0_20k_512,TRS 0.30/0.15,27.27936,1.2680640453100205,13.2656307888031
2026-08-01_22-39-14_go2_trs_m0p3_v0p15_w500_minv0_20k_512,TRS 0.30/0.15,27.52512,1.279835741519928,13.51678545475006
2026-08-01_22-39-14_go2_trs_m0p3_v0p15_w500_minv0_20k_512,TRS 0.30/0.15,27.77088,1.2925449107090632,13.751173858642579
2026-08-01_22-39-14_go2_trs_m0p3_v0p15_w500_minv0_20k_512,TRS 0.30/0.15,28.01664,1.3054664446247948,13.8687473154068
2026-08-01_22-39-14_go2_trs_m0p3_v0p15_w500_minv0_20k_512,TRS 0.30/0.15,28.2624,1.3180717537138198,13.727819938659668
2026-08-01_22-39-14_go2_trs_m0p3_v0p15_w500_minv0_20k_512,TRS 0.30/0.15,28.50816,1.3306090021795696,13.70956431388855
2026-08-01_22-39-14_go2_trs_m0p3_v0p15_w500_minv0_20k_512,TRS 0.30/0.15,28.75392,1.3429589029815463,14.134064559936524
2026-08-01_22-39-14_go2_trs_m0p3_v0p15_w500_minv0_20k_512,TRS 0.30/0.15,28.99968,1.35512360115846,14.237317628860474
2026-08-01_22-39-14_go2_trs_m0p3_v0p15_w500_minv0_20k_512,TRS 0.30/0.15,29.24544,1.3671802753210067,14.486099581718445
2026-08-01_22-39-14_go2_trs_m0p3_v0p15_w500_minv0_20k_512,TRS 0.30/0.15,29.4912,1.3793118217918607,14.76899672985077
2026-08-01_22-39-14_go2_trs_m0p3_v0p15_w500_minv0_20k_512,TRS 0.30/0.15,29.73696,1.391094277434879,15.047317671775819
2026-08-01_22-39-14_go2_trs_m0p3_v0p15_w500_minv0_20k_512,TRS 0.30/0.15,29.98272,1.4027567909823524,15.015520162582398
2026-08-01_22-39-14_go2_trs_m0p3_v0p15_w500_minv0_20k_512,TRS 0.30/0.15,30.22848,1.4146636426448822,14.986326847076416
2026-08-01_22-39-14_go2_trs_m0p3_v0p15_w500_minv0_20k_512,TRS 0.30/0.15,30.47424,1.4272588725884756,15.060554666519165
2026-08-01_22-39-14_go2_trs_m0p3_v0p15_w500_minv0_20k_512,TRS 0.30/0.15,30.72,1.4401020055347018,15.073982014656067
2026-08-01_22-39-14_go2_trs_m0p3_v0p15_w500_minv0_20k_512,TRS 0.30/0.15,30.96576,1.4524062475893234,15.269255743026733
2026-08-01_22-39-14_go2_trs_m0p3_v0p15_w500_minv0_20k_512,TRS 0.30/0.15,31.21152,1.4647113201353286,15.062959551811218
2026-08-01_22-39-14_go2_trs_m0p3_v0p15_w500_minv0_20k_512,TRS 0.30/0.15,31.45728,1.4770008265972137,15.125308060646057
2026-08-01_22-39-14_go2_trs_m0p3_v0p15_w500_minv0_20k_512,TRS 0.30/0.15,31.70304,1.489000643822882,15.048114757537842
2026-08-01_22-39-14_go2_trs_m0p3_v0p15_w500_minv0_20k_512,TRS 0.30/0.15,31.9488,1.5008709397580888,15.111454601287841
2026-08-01_22-39-14_go2_trs_m0p3_v0p15_w500_minv0_20k_512,TRS 0.30/0.15,32.19456,1.5128660118579864,14.999011912345885
2026-08-01_22-39-14_go2_trs_m0p3_v0p15_w500_minv0_20k_512,TRS 0.30/0.15,32.44032,1.524898540245162,15.289516763687134
2026-08-01_22-39-14_go2_trs_m0p3_v0p15_w500_minv0_20k_512,TRS 0.30/0.15,32.68608,1.5365090789397557,15.560706853866577
2026-08-01_22-39-14_go2_trs_m0p3_v0p15_w500_minv0_20k_512,TRS 0.30/0.15,32.93184,1.5484753555721706,15.504013338088988
2026-08-01_22-39-14_go2_trs_m0p3_v0p15_w500_minv0_20k_512,TRS 0.30/0.15,33.1776,1.561147414777014,15.727030129432679
2026-08-01_22-39-14_go2_trs_m0p3_v0p15_w500_minv0_20k_512,TRS 0.30/0.15,33.42336,1.5737626150581572,15.680715293884278
2026-08-01_22-39-14_go2_trs_m0p3_v0p15_w500_minv0_20k_512,TRS 0.30/0.15,33.66912,1.5863487864202923,15.807358889579772
2026-08-01_22-39-14_go2_trs_m0p3_v0p15_w500_minv0_20k_512,TRS 0.30/0.15,33.91488,1.5986253298653497,15.693297963142395
2026-08-01_22-39-14_go2_trs_m0p3_v0p15_w500_minv0_20k_512,TRS 0.30/0.15,34.16064,1.6109885485304727,15.854578995704651
2026-08-01_22-39-14_go2_trs_m0p3_v0p15_w500_minv0_20k_512,TRS 0.30/0.15,34.4064,1.6228498176733652,15.982303791046142
2026-08-01_22-39-14_go2_trs_m0p3_v0p15_w500_minv0_20k_512,TRS 0.30/0.15,34.65216,1.634877481924163,16.318173689842226
2026-08-01_22-39-14_go2_trs_m0p3_v0p15_w500_minv0_20k_512,TRS 0.30/0.15,34.89792,1.6468495307366053,16.21363917350769
2026-08-01_22-39-14_go2_trs_m0p3_v0p15_w500_minv0_20k_512,TRS 0.30/0.15,35.14368,1.6584614692793953,16.224369502067567
2026-08-01_22-39-14_go2_trs_m0p3_v0p15_w500_minv0_20k_512,TRS 0.30/0.15,35.38944,1.6702140432596206,16.338512573242188
2026-08-01_22-39-14_go2_trs_m0p3_v0p15_w500_minv0_20k_512,TRS 0.30/0.15,35.6352,1.6822183057334688,16.413248291015623
2026-08-01_22-39-14_go2_trs_m0p3_v0p15_w500_minv0_20k_512,TRS 0.30/0.15,35.88096,1.6949604917897119,16.452235741615297
2026-08-01_22-39-14_go2_trs_m0p3_v0p15_w500_minv0_20k_512,TRS 0.30/0.15,36.12672,1.707760485212008,16.563510580062868
2026-08-01_22-39-14_go2_trs_m0p3_v0p15_w500_minv0_20k_512,TRS 0.30/0.15,36.37248,1.7203039914369582,16.642718172073366
2026-08-01_22-39-14_go2_trs_m0p3_v0p15_w500_minv0_20k_512,TRS 0.30/0.15,36.61824,1.7325337306658426,16.742323060035705
2026-08-01_22-39-14_go2_trs_m0p3_v0p15_w500_minv0_20k_512,TRS 0.30/0.15,36.864,1.7448433941602708,16.873355288505554
2026-08-01_22-39-14_go2_trs_m0p3_v0p15_w500_minv0_20k_512,TRS 0.30/0.15,37.10976,1.756996689637502,16.89356087207794
2026-08-01_22-39-14_go2_trs_m0p3_v0p15_w500_minv0_20k_512,TRS 0.30/0.15,37.35552,1.7689923828840255,17.089320006370546
2026-08-01_22-39-14_go2_trs_m0p3_v0p15_w500_minv0_20k_512,TRS 0.30/0.15,37.60128,1.7809191683265897,17.2341481924057
2026-08-01_22-39-14_go2_trs_m0p3_v0p15_w500_minv0_20k_512,TRS 0.30/0.15,37.84704,1.792498386502266,17.475390162467956
2026-08-01_22-39-14_go2_trs_m0p3_v0p15_w500_minv0_20k_512,TRS 0.30/0.15,38.0928,1.8041262861755158,17.72238742351532
2026-08-01_22-39-14_go2_trs_m0p3_v0p15_w500_minv0_20k_512,TRS 0.30/0.15,38.33856,1.8160466290844812,18.100510363578795
2026-08-01_22-39-14_go2_trs_m0p3_v0p15_w500_minv0_20k_512,TRS 0.30/0.15,38.58432,1.8288755983776517,18.243003673553467
2026-08-01_22-39-14_go2_trs_m0p3_v0p15_w500_minv0_20k_512,TRS 0.30/0.15,38.83008,1.8415705731179979,18.46603055000305
2026-08-01_22-39-14_go2_trs_m0p3_v0p15_w500_minv0_20k_512,TRS 0.30/0.15,39.07584,1.8538960496584573,18.646641097068787
2026-08-01_22-39-14_go2_trs_m0p3_v0p15_w500_minv0_20k_512,TRS 0.30/0.15,39.3216,1.8661191010475158,18.690524859428407
2026-08-01_22-39-14_go2_trs_m0p3_v0p15_w500_minv0_20k_512,TRS 0.30/0.15,39.56736,1.8783140074544482,18.689515008926392
2026-08-01_22-39-14_go2_trs_m0p3_v0p15_w500_minv0_20k_512,TRS 0.30/0.15,39.81312,1.8902810291449228,18.707513885498045
2026-08-01_22-39-14_go2_trs_m0p3_v0p15_w500_minv0_20k_512,TRS 0.30/0.15,40.05888,1.902070839934879,18.66445412635803
2026-08-01_22-39-14_go2_trs_m0p3_v0p15_w500_minv0_20k_512,TRS 0.30/0.15,40.30464,1.9139319111241235,18.584930486679077
2026-08-01_22-39-14_go2_trs_m0p3_v0p15_w500_minv0_20k_512,TRS 0.30/0.15,40.5504,1.925395995179812,18.567399940490724
2026-08-01_22-39-14_go2_trs_m0p3_v0p15_w500_minv0_20k_512,TRS 0.30/0.15,40.79616,1.9369604883591334,18.543095216751098
2026-08-01_22-39-14_go2_trs_m0p3_v0p15_w500_minv0_20k_512,TRS 0.30/0.15,41.04192,1.948744202123748,18.56601831436157
2026-08-01_22-39-14_go2_trs_m0p3_v0p15_w500_minv0_20k_512,TRS 0.30/0.15,41.28768,1.9613736495044496,18.711341438293456
2026-08-01_22-39-14_go2_trs_m0p3_v0p15_w500_minv0_20k_512,TRS 0.30/0.15,41.53344,1.973918690946367,18.666172370910644
2026-08-01_22-39-14_go2_trs_m0p3_v0p15_w500_minv0_20k_512,TRS 0.30/0.15,41.7792,1.9862615433666442,18.783895406723023
2026-08-01_22-39-14_go2_trs_m0p3_v0p15_w500_minv0_20k_512,TRS 0.30/0.15,42.02496,1.9984632817904155,18.926376819610596
2026-08-01_22-39-14_go2_trs_m0p3_v0p15_w500_minv0_20k_512,TRS 0.30/0.15,42.27072,2.0106011309888627,19.031779766082764
2026-08-01_22-39-14_go2_trs_m0p3_v0p15_w500_minv0_20k_512,TRS 0.30/0.15,42.51648,2.0225947837697134,19.219635705947876
2026-08-01_22-39-14_go2_trs_m0p3_v0p15_w500_minv0_20k_512,TRS 0.30/0.15,42.76224,2.034480637775527,19.492704782485962
2026-08-01_22-39-14_go2_trs_m0p3_v0p15_w500_minv0_20k_512,TRS 0.30/0.15,43.008,2.04633326696025,19.574217100143432
2026-08-01_22-39-14_go2_trs_m0p3_v0p15_w500_minv0_20k_512,TRS 0.30/0.15,43.25376,2.0579515772395665,19.540245161056518
2026-08-01_22-39-14_go2_trs_m0p3_v0p15_w500_minv0_20k_512,TRS 0.30/0.15,43.49952,2.069673344956504,19.48118848800659
2026-08-01_22-39-14_go2_trs_m0p3_v0p15_w500_minv0_20k_512,TRS 0.30/0.15,43.74528,2.081416661010848,19.322818241119386
2026-08-01_22-39-14_go2_trs_m0p3_v0p15_w500_minv0_20k_512,TRS 0.30/0.15,43.99104,2.0939720643228954,19.391907587051392
2026-08-01_22-39-14_go2_trs_m0p3_v0p15_w500_minv0_20k_512,TRS 0.30/0.15,44.2368,2.1067334763209025,19.45171721458435
2026-08-01_22-39-14_go2_trs_m0p3_v0p15_w500_minv0_20k_512,TRS 0.30/0.15,44.48256,2.11894472055965,19.430066566467286
2026-08-01_22-39-14_go2_trs_m0p3_v0p15_w500_minv0_20k_512,TRS 0.30/0.15,44.72832,2.1311605561441844,19.372766799926758
2026-08-01_22-39-14_go2_trs_m0p3_v0p15_w500_minv0_20k_512,TRS 0.30/0.15,44.97408,2.1433441137605245,19.23014262199402
2026-08-01_22-39-14_go2_trs_m0p3_v0p15_w500_minv0_20k_512,TRS 0.30/0.15,45.21984,2.155260874364111,19.278922901153564
2026-08-01_22-39-14_go2_trs_m0p3_v0p15_w500_minv0_20k_512,TRS 0.30/0.15,45.4656,2.1671125200721955,19.476487531661988
2026-08-01_22-39-14_go2_trs_m0p3_v0p15_w500_minv0_20k_512,TRS 0.30/0.15,45.71136,2.1791109534104667,19.736585206985474
2026-08-01_22-39-14_go2_trs_m0p3_v0p15_w500_minv0_20k_512,TRS 0.30/0.15,45.95712,2.1905939210123484,20.074485025405885
2026-08-01_22-39-14_go2_trs_m0p3_v0p15_w500_minv0_20k_512,TRS 0.30/0.15,46.20288,2.2021241134405134,20.36910089492798
2026-08-01_22-39-14_go2_trs_m0p3_v0p15_w500_minv0_20k_512,TRS 0.30/0.15,46.44864,2.2138169148895477,20.527380323410036
2026-08-01_22-39-14_go2_trs_m0p3_v0p15_w500_minv0_20k_512,TRS 0.30/0.15,46.6944,2.2263495609495374,20.39327525138855
2026-08-01_22-39-14_go2_trs_m0p3_v0p15_w500_minv0_20k_512,TRS 0.30/0.15,46.94016,2.2389097263415656,20.481004934310914
2026-08-01_22-39-14_go2_trs_m0p3_v0p15_w500_minv0_20k_512,TRS 0.30/0.15,47.18592,2.2513105360004637,20.84027431488037
2026-08-01_22-39-14_go2_trs_m0p3_v0p15_w500_minv0_20k_512,TRS 0.30/0.15,47.43168,2.263544473118252,21.087113971710206
2026-08-01_22-39-14_go2_trs_m0p3_v0p15_w500_minv0_20k_512,TRS 0.30/0.15,47.67744,2.275856713652611,20.994714851379396
2026-08-01_22-39-14_go2_trs_m0p3_v0p15_w500_minv0_20k_512,TRS 0.30/0.15,47.9232,2.2878089216020374,20.90631616592407
2026-08-01_22-39-14_go2_trs_m0p3_v0p15_w500_minv0_20k_512,TRS 0.30/0.15,48.16896,2.2995638116200765,20.944245367050172
2026-08-01_22-39-14_go2_trs_m0p3_v0p15_w500_minv0_20k_512,TRS 0.30/0.15,48.41472,2.3113824652963215,21.021485252380373
2026-08-01_22-39-14_go2_trs_m0p3_v0p15_w500_minv0_20k_512,TRS 0.30/0.15,48.66048,2.322965227696631,21.20538411140442
2026-08-01_22-39-14_go2_trs_m0p3_v0p15_w500_minv0_20k_512,TRS 0.30/0.15,48.90624,2.3344384049044713,21.354989280700682
2026-08-01_22-39-14_go2_trs_m0p3_v0p15_w500_minv0_20k_512,TRS 0.30/0.15,49.152,2.345928824345271,21.87425380706787
2026-08-01_22-39-14_go2_trs_m0p3_v0p15_w500_minv0_20k_512,TRS 0.30/0.15,49.39776,2.3585033955838943,22.325467233657836
2026-08-01_22-39-14_go2_trs_m0p3_v0p15_w500_minv0_20k_512,TRS 0.30/0.15,49.64352,2.3712265719970067,22.337820606231688
2026-08-01_22-39-14_go2_trs_m0p3_v0p15_w500_minv0_20k_512,TRS 0.30/0.15,49.88928,2.383707043925921,22.470801315307618
2026-08-01_22-39-14_go2_trs_m0p3_v0p15_w500_minv0_20k_512,TRS 0.30/0.15,50.13504,2.39599670390288,22.70834358215332
2026-08-01_22-39-14_go2_trs_m0p3_v0p15_w500_minv0_20k_512,TRS 0.30/0.15,50.3808,2.4081635819541085,22.768341732025146
2026-08-01_22-39-14_go2_trs_m0p3_v0p15_w500_minv0_20k_512,TRS 0.30/0.15,50.62656,2.4200549648867713,22.849348812103273
2026-08-01_22-39-14_go2_trs_m0p3_v0p15_w500_minv0_20k_512,TRS 0.30/0.15,50.87232,2.4318241661787035,22.75996434211731
2026-08-01_22-39-14_go2_trs_m0p3_v0p15_w500_minv0_20k_512,TRS 0.30/0.15,51.11808,2.4435753038194443,22.688286714553833
2026-08-01_22-39-14_go2_trs_m0p3_v0p15_w500_minv0_20k_512,TRS 0.30/0.15,51.36384,2.4551444970899157,22.64085509300232
2026-08-01_22-39-14_go2_trs_m0p3_v0p15_w500_minv0_20k_512,TRS 0.30/0.15,51.6096,2.4665741837686963,22.54495565414429
2026-08-01_22-39-14_go2_trs_m0p3_v0p15_w500_minv0_20k_512,TRS 0.30/0.15,51.85536,2.4780566093656753,22.451730995178224
2026-08-01_22-39-14_go2_trs_m0p3_v0p15_w500_minv0_20k_512,TRS 0.30/0.15,52.10112,2.4904821430974535,22.628354692459105
2026-08-01_22-39-14_go2_trs_m0p3_v0p15_w500_minv0_20k_512,TRS 0.30/0.15,52.34688,2.5031423459450406,22.594360685348512
2026-08-01_22-39-14_go2_trs_m0p3_v0p15_w500_minv0_20k_512,TRS 0.30/0.15,52.59264,2.515644312434726,22.554792089462282
2026-08-01_22-39-14_go2_trs_m0p3_v0p15_w500_minv0_20k_512,TRS 0.30/0.15,52.8384,2.5277566976679697,22.828110761642456
2026-08-01_22-39-14_go2_trs_m0p3_v0p15_w500_minv0_20k_512,TRS 0.30/0.15,53.08416,2.5398610162734987,22.961790761947633
2026-08-01_22-39-14_go2_trs_m0p3_v0p15_w500_minv0_20k_512,TRS 0.30/0.15,53.32992,2.5518143978383807,23.242027826309204
2026-08-01_22-39-14_go2_trs_m0p3_v0p15_w500_minv0_20k_512,TRS 0.30/0.15,53.57568,2.563580493927002,23.4378121471405
2026-08-01_22-39-14_go2_trs_m0p3_v0p15_w500_minv0_20k_512,TRS 0.30/0.15,53.82144,2.5752984162833954,23.570360498428343
2026-08-01_22-39-14_go2_trs_m0p3_v0p15_w500_minv0_20k_512,TRS 0.30/0.15,54.0672,2.5868311733669707,23.667129945755004
2026-08-01_22-39-14_go2_trs_m0p3_v0p15_w500_minv0_20k_512,TRS 0.30/0.15,54.31296,2.598184762729539,23.746295280456543
2026-08-01_22-39-14_go2_trs_m0p3_v0p15_w500_minv0_20k_512,TRS 0.30/0.15,54.55872,2.6097625573476155,23.8557133102417
2026-08-01_22-39-14_go2_trs_m0p3_v0p15_w500_minv0_20k_512,TRS 0.30/0.15,54.80448,2.621978141533004,23.928557062149046
2026-08-01_22-39-14_go2_trs_m0p3_v0p15_w500_minv0_20k_512,TRS 0.30/0.15,55.05024,2.6344984672466913,24.024105615615845
2026-08-01_22-39-14_go2_trs_m0p3_v0p15_w500_minv0_20k_512,TRS 0.30/0.15,55.296,2.6469416956106824,23.973104524612427
2026-08-01_22-39-14_go2_trs_m0p3_v0p15_w500_minv0_20k_512,TRS 0.30/0.15,55.54176,2.65903613448143,24.0255650806427
2026-08-01_22-39-14_go2_trs_m0p3_v0p15_w500_minv0_20k_512,TRS 0.30/0.15,55.78752,2.670991687774658,23.91690113067627
2026-08-01_22-39-14_go2_trs_m0p3_v0p15_w500_minv0_20k_512,TRS 0.30/0.15,56.03328,2.6829888226588565,23.885590934753417
2026-08-01_22-39-14_go2_trs_m0p3_v0p15_w500_minv0_20k_512,TRS 0.30/0.15,56.27904,2.694789140290684,24.082106037139894
2026-08-01_22-39-14_go2_trs_m0p3_v0p15_w500_minv0_20k_512,TRS 0.30/0.15,56.5248,2.7065204043520823,24.18565168380737
2026-08-01_22-39-14_go2_trs_m0p3_v0p15_w500_minv0_20k_512,TRS 0.30/0.15,56.77056,2.7181687519947686,24.077910871505736
2026-08-01_22-39-14_go2_trs_m0p3_v0p15_w500_minv0_20k_512,TRS 0.30/0.15,57.01632,2.729569962355826,23.94577396392822
2026-08-01_22-39-14_go2_trs_m0p3_v0p15_w500_minv0_20k_512,TRS 0.30/0.15,57.26208,2.7409303463829886,24.121091327667237
2026-08-01_22-39-14_go2_trs_m0p3_v0p15_w500_minv0_20k_512,TRS 0.30/0.15,57.50784,2.752909352315797,24.420002212524412
2026-08-01_22-39-14_go2_trs_m0p3_v0p15_w500_minv0_20k_512,TRS 0.30/0.15,57.7536,2.765505114330186,24.58056428909302
2026-08-01_22-39-14_go2_trs_m0p3_v0p15_w500_minv0_20k_512,TRS 0.30/0.15,57.99936,2.777890360090468,24.703498373031618
2026-08-01_22-39-14_go2_trs_m0p3_v0p15_w500_minv0_20k_512,TRS 0.30/0.15,58.24512,2.789934602114889,24.930173254013063
2026-08-01_22-39-14_go2_trs_m0p3_v0p15_w500_minv0_20k_512,TRS 0.30/0.15,58.49088,2.802023430996471,25.013433933258057
2026-08-01_22-39-14_go2_trs_m0p3_v0p15_w500_minv0_20k_512,TRS 0.30/0.15,58.73664,2.8139328469170466,25.132596368789674
2026-08-01_22-39-14_go2_trs_m0p3_v0p15_w500_minv0_20k_512,TRS 0.30/0.15,58.9824,2.825606914162636,25.145807695388793
2026-08-01_22-39-14_go2_trs_m0p3_v0p15_w500_minv0_20k_512,TRS 0.30/0.15,59.22816,2.837238582240211,25.510678234100343
2026-08-01_22-39-14_go2_trs_m0p3_v0p15_w500_minv0_20k_512,TRS 0.30/0.15,59.47392,2.848938874072499,25.626519498825072
2026-08-01_22-39-14_go2_trs_m0p3_v0p15_w500_minv0_20k_512,TRS 0.30/0.15,59.71968,2.860303535328971,25.677879247665405
2026-08-01_22-39-14_go2_trs_m0p3_v0p15_w500_minv0_20k_512,TRS 0.30/0.15,59.96544,2.8717292801539105,25.527865362167358
2026-08-01_22-39-14_go2_trs_m0p3_v0p15_w500_minv0_20k_512,TRS 0.30/0.15,60.2112,2.883467382589976,25.45755793571472
2026-08-01_22-39-14_go2_trs_m0p3_v0p15_w500_minv0_20k_512,TRS 0.30/0.15,60.45696,2.895756228963534,25.43068200111389
2026-08-01_22-39-14_go2_trs_m0p3_v0p15_w500_minv0_20k_512,TRS 0.30/0.15,60.70272,2.9081805563635297,25.47224534034729
2026-08-01_22-39-14_go2_trs_m0p3_v0p15_w500_minv0_20k_512,TRS 0.30/0.15,60.94848,2.920318716433313,25.70950488090515
2026-08-01_22-39-14_go2_trs_m0p3_v0p15_w500_minv0_20k_512,TRS 0.30/0.15,61.19424,2.932225073311064,25.66081554412842
2026-08-01_22-39-14_go2_trs_m0p3_v0p15_w500_minv0_20k_512,TRS 0.30/0.15,61.44,2.94433422823747,25.81501953125
2026-08-01_22-39-14_go2_trs_m0p3_v0p15_w500_minv0_20k_512,TRS 0.30/0.15,61.68576,2.956180162628492,25.735557870864866
2026-08-01_22-39-14_go2_trs_m0p3_v0p15_w500_minv0_20k_512,TRS 0.30/0.15,61.93152,2.967771152257919,25.704864740371704
2026-08-01_22-39-14_go2_trs_m0p3_v0p15_w500_minv0_20k_512,TRS 0.30/0.15,62.17728,2.9793816941976545,25.733221435546874
2026-08-01_22-39-14_go2_trs_m0p3_v0p15_w500_minv0_20k_512,TRS 0.30/0.15,62.42304,2.99073943734169,25.947566509246826
2026-08-01_22-39-14_go2_trs_m0p3_v0p15_w500_minv0_20k_512,TRS 0.30/0.15,62.6688,3.002141429318322,25.972424116134643
2026-08-01_22-39-14_go2_trs_m0p3_v0p15_w500_minv0_20k_512,TRS 0.30/0.15,62.91456,3.013537676466836,25.987716684341432
2026-08-01_22-39-14_go2_trs_m0p3_v0p15_w500_minv0_20k_512,TRS 0.30/0.15,63.16032,3.0258699307839074,26.029723987579345
2026-08-01_22-39-14_go2_trs_m0p3_v0p15_w500_minv0_20k_512,TRS 0.30/0.15,63.40608,3.0382900577783585,25.974655656814576
2026-08-01_22-39-14_go2_trs_m0p3_v0p15_w500_minv0_20k_512,TRS 0.30/0.15,63.65184,3.0504396862453884,26.057141313552858
2026-08-01_22-39-14_go2_trs_m0p3_v0p15_w500_minv0_20k_512,TRS 0.30/0.15,63.8976,3.062542212671704,25.871234035491945
2026-08-01_22-39-14_go2_trs_m0p3_v0p15_w500_minv0_20k_512,TRS 0.30/0.15,64.14336,3.0744759021202723,25.839749450683595
2026-08-01_22-39-14_go2_trs_m0p3_v0p15_w500_minv0_20k_512,TRS 0.30/0.15,64.38912,3.086257955763075,25.827430725097656
2026-08-01_22-39-14_go2_trs_m0p3_v0p15_w500_minv0_20k_512,TRS 0.30/0.15,64.63488,3.0979559215572143,25.934141559600832
2026-08-01_22-39-14_go2_trs_m0p3_v0p15_w500_minv0_20k_512,TRS 0.30/0.15,64.88064,3.1096595287323,25.956117820739745
2026-08-01_22-39-14_go2_trs_m0p3_v0p15_w500_minv0_20k_512,TRS 0.30/0.15,65.1264,3.1210326164298587,26.176979761123658
2026-08-01_22-39-14_go2_trs_m0p3_v0p15_w500_minv0_20k_512,TRS 0.30/0.15,65.37216,3.1323555090692308,26.324816198348998
2026-08-01_22-39-14_go2_trs_m0p3_v0p15_w500_minv0_20k_512,TRS 0.30/0.15,65.61792,3.1435773311720956,26.40339349746704
2026-08-01_22-39-14_go2_trs_m0p3_v0p15_w500_minv0_20k_512,TRS 0.30/0.15,65.86368,3.1558340300454035,26.3288143825531
2026-08-01_22-39-14_go2_trs_m0p3_v0p15_w500_minv0_20k_512,TRS 0.30/0.15,66.10944,3.1682725777890948,26.155461931228636
2026-08-01_22-39-14_go2_trs_m0p3_v0p15_w500_minv0_20k_512,TRS 0.30/0.15,66.3552,3.180558701554934,26.199835500717164
2026-08-01_22-39-14_go2_trs_m0p3_v0p15_w500_minv0_20k_512,TRS 0.30/0.15,66.60096,3.192358197040028,26.24823787689209
2026-08-01_22-39-14_go2_trs_m0p3_v0p15_w500_minv0_20k_512,TRS 0.30/0.15,66.84672,3.204322381681866,26.396677513122558
2026-08-01_22-39-14_go2_trs_m0p3_v0p15_w500_minv0_20k_512,TRS 0.30/0.15,67.09248,3.216245063079728,26.34698579788208
2026-08-01_22-39-14_go2_trs_m0p3_v0p15_w500_minv0_20k_512,TRS 0.30/0.15,67.33824,3.2278653851482604,26.236781215667726
2026-08-01_22-39-14_go2_trs_m0p3_v0p15_w500_minv0_20k_512,TRS 0.30/0.15,67.584,3.2396452920966676,26.133391742706298
2026-08-01_22-39-14_go2_trs_m0p3_v0p15_w500_minv0_20k_512,TRS 0.30/0.15,67.82976,3.2511219543880885,26.140544233322142
2026-08-01_22-39-14_go2_trs_m0p3_v0p15_w500_minv0_20k_512,TRS 0.30/0.15,68.07552,3.2624169325828554,26.18144612312317
2026-08-01_22-39-14_go2_trs_m0p3_v0p15_w500_minv0_20k_512,TRS 0.30/0.15,68.32128,3.27380172987779,26.205612468719483
2026-08-01_22-39-14_go2_trs_m0p3_v0p15_w500_minv0_20k_512,TRS 0.30/0.15,68.56704,3.285635804070367,26.25187690734863
2026-08-01_22-39-14_go2_trs_m0p3_v0p15_w500_minv0_20k_512,TRS 0.30/0.15,68.8128,3.2981218208207026,26.24403401374817
2026-08-01_22-39-14_go2_trs_m0p3_v0p15_w500_minv0_20k_512,TRS 0.30/0.15,69.05856,3.310564124915335,26.214760942459108
2026-08-01_22-39-14_go2_trs_m0p3_v0p15_w500_minv0_20k_512,TRS 0.30/0.15,69.30432,3.3228130061758887,26.2583225440979
2026-08-01_22-39-14_go2_trs_m0p3_v0p15_w500_minv0_20k_512,TRS 0.30/0.15,69.55008,3.3349060984452565,26.19400857925415
2026-08-01_22-39-14_go2_trs_m0p3_v0p15_w500_minv0_20k_512,TRS 0.30/0.15,69.79584,3.346770583457417,26.268477630615234
2026-08-01_22-39-14_go2_trs_m0p3_v0p15_w500_minv0_20k_512,TRS 0.30/0.15,70.0416,3.358456087112427,26.31281726837158
2026-08-01_22-39-14_go2_trs_m0p3_v0p15_w500_minv0_20k_512,TRS 0.30/0.15,70.28736,3.37006992134783,26.287173204421997
2026-08-01_22-39-14_go2_trs_m0p3_v0p15_w500_minv0_20k_512,TRS 0.30/0.15,70.53312,3.381587679386139,26.08848503112793
2026-08-01_22-39-14_go2_trs_m0p3_v0p15_w500_minv0_20k_512,TRS 0.30/0.15,70.77888,3.3928670359982385,26.24810779571533
2026-08-01_22-39-14_go2_trs_m0p3_v0p15_w500_minv0_20k_512,TRS 0.30/0.15,71.02464,3.404229788912667,26.361029033660888
2026-08-01_22-39-14_go2_trs_m0p3_v0p15_w500_minv0_20k_512,TRS 0.30/0.15,71.2704,3.415730327102873,26.570406370162964
2026-08-01_22-39-14_go2_trs_m0p3_v0p15_w500_minv0_20k_512,TRS 0.30/0.15,71.51616,3.428131162325541,26.735854148864746
2026-08-01_22-39-14_go2_trs_m0p3_v0p15_w500_minv0_20k_512,TRS 0.30/0.15,71.76192,3.4405469809638127,26.85339316368103
2026-08-01_22-39-14_go2_trs_m0p3_v0p15_w500_minv0_20k_512,TRS 0.30/0.15,72.00768,3.4527275158961612,27.086159925460816
2026-08-01_22-39-14_go2_trs_m0p3_v0p15_w500_minv0_20k_512,TRS 0.30/0.15,72.25344,3.464778629872534,27.12718758583069
2026-08-01_22-39-14_go2_trs_m0p3_v0p15_w500_minv0_20k_512,TRS 0.30/0.15,72.4992,3.476847155690193,27.11809133529663
2026-08-01_22-39-14_go2_trs_m0p3_v0p15_w500_minv0_20k_512,TRS 0.30/0.15,72.74496,3.48856335706181,27.227652168273927
2026-08-01_22-39-14_go2_trs_m0p3_v0p15_w500_minv0_20k_512,TRS 0.30/0.15,72.99072,3.5001805510785844,27.424684200286865
2026-08-01_22-39-14_go2_trs_m0p3_v0p15_w500_minv0_20k_512,TRS 0.30/0.15,73.23648,3.5118211619059245,27.361935844421385
2026-08-01_22-39-14_go2_trs_m0p3_v0p15_w500_minv0_20k_512,TRS 0.30/0.15,73.48224,3.5230930709176596,27.49161286354065
2026-08-01_22-39-14_go2_trs_m0p3_v0p15_w500_minv0_20k_512,TRS 0.30/0.15,73.728,3.534449978801939,27.592083511352538
2026-08-01_22-39-14_go2_trs_m0p3_v0p15_w500_minv0_20k_512,TRS 0.30/0.15,73.97376,3.545716849234369,27.648513498306276
2026-08-01_22-39-14_go2_trs_m0p3_v0p15_w500_minv0_20k_512,TRS 0.30/0.15,74.21952,3.558051904704836,27.69687768936157
2026-08-01_22-39-14_go2_trs_m0p3_v0p15_w500_minv0_20k_512,TRS 0.30/0.15,74.46528,3.570310638546944,27.594930572509767
2026-08-01_22-39-14_go2_trs_m0p3_v0p15_w500_minv0_20k_512,TRS 0.30/0.15,74.71104,3.582550987932417,27.754272203445435
2026-08-01_22-39-14_go2_trs_m0p3_v0p15_w500_minv0_20k_512,TRS 0.30/0.15,74.9568,3.5944956871536045,27.9254762840271
2026-08-01_22-39-14_go2_trs_m0p3_v0p15_w500_minv0_20k_512,TRS 0.30/0.15,75.20256,3.6062678917249045,27.85935545921326
2026-08-01_22-39-14_go2_trs_m0p3_v0p15_w500_minv0_20k_512,TRS 0.30/0.15,75.44832,3.6181549696789848,27.788123378753664
2026-08-01_22-39-14_go2_trs_m0p3_v0p15_w500_minv0_20k_512,TRS 0.30/0.15,75.69408,3.629734619723426,27.845473499298095
2026-08-01_22-39-14_go2_trs_m0p3_v0p15_w500_minv0_20k_512,TRS 0.30/0.15,75.93984,3.641326417658064,27.80633454322815
2026-08-01_22-39-14_go2_trs_m0p3_v0p15_w500_minv0_20k_512,TRS 0.30/0.15,76.1856,3.652789014114274,27.685653314590454
2026-08-01_22-39-14_go2_trs_m0p3_v0p15_w500_minv0_20k_512,TRS 0.30/0.15,76.43136,3.6643820915619534,27.602955284118654
2026-08-01_22-39-14_go2_trs_m0p3_v0p15_w500_minv0_20k_512,TRS 0.30/0.15,76.67712,3.6761112982034683,27.661507530212404
2026-08-01_22-39-14_go2_trs_m0p3_v0p15_w500_minv0_20k_512,TRS 0.30/0.15,76.92288,3.6882588405741585,27.91839708328247
2026-08-01_22-39-14_go2_trs_m0p3_v0p15_w500_minv0_20k_512,TRS 0.30/0.15,77.16864,3.700616272687912,27.861029052734374
2026-08-01_22-39-14_go2_trs_m0p3_v0p15_w500_minv0_20k_512,TRS 0.30/0.15,77.4144,3.7129595044586394,27.940904245376586
2026-08-01_22-39-14_go2_trs_m0p3_v0p15_w500_minv0_20k_512,TRS 0.30/0.15,77.66016,3.724840994344817,28.047919902801514
2026-08-01_22-39-14_go2_trs_m0p3_v0p15_w500_minv0_20k_512,TRS 0.30/0.15,77.90592,3.7367362230353884,28.327380695343017
2026-08-01_22-39-14_go2_trs_m0p3_v0p15_w500_minv0_20k_512,TRS 0.30/0.15,78.15168,3.7485894678698646,28.342689285278322
2026-08-01_22-39-14_go2_trs_m0p3_v0p15_w500_minv0_20k_512,TRS 0.30/0.15,78.39744,3.7600530540943145,28.27273289680481
2026-08-01_22-39-14_go2_trs_m0p3_v0p15_w500_minv0_20k_512,TRS 0.30/0.15,78.6432,3.771537077029546,28.518029117584227
2026-08-01_22-39-14_go2_trs_m0p3_v0p15_w500_minv0_20k_512,TRS 0.30/0.15,78.88896,3.782890849577056,28.64904351234436
2026-08-01_22-39-14_go2_trs_m0p3_v0p15_w500_minv0_20k_512,TRS 0.30/0.15,79.13472,3.7940821041001214,28.640783462524414
2026-08-01_22-39-14_go2_trs_m0p3_v0p15_w500_minv0_20k_512,TRS 0.30/0.15,79.38048,3.805289577907986,28.583429746627807
2026-08-01_22-39-14_go2_trs_m0p3_v0p15_w500_minv0_20k_512,TRS 0.30/0.15,79.62624,3.816766583919525,28.59941219329834
2026-08-01_22-39-14_go2_trs_m0p3_v0p15_w500_minv0_20k_512,TRS 0.30/0.15,79.872,3.828991522722774,28.598119077682494
2026-08-01_22-39-14_go2_trs_m0p3_v0p15_w500_minv0_20k_512,TRS 0.30/0.15,80.11776,3.841077240837945,28.743103046417236
2026-08-01_22-39-14_go2_trs_m0p3_v0p15_w500_minv0_20k_512,TRS 0.30/0.15,80.36352,3.8530704877111646,28.652910299301148
2026-08-01_22-39-14_go2_trs_m0p3_v0p15_w500_minv0_20k_512,TRS 0.30/0.15,80.60928,3.8649369359016417,28.716390008926393
2026-08-01_22-39-14_go2_trs_m0p3_v0p15_w500_minv0_20k_512,TRS 0.30/0.15,80.85504,3.8767752889792124,28.81907238006592
2026-08-01_22-39-14_go2_trs_m0p3_v0p15_w500_minv0_20k_512,TRS 0.30/0.15,81.1008,3.888326790465249,28.840877294540405
2026-08-01_22-39-14_go2_trs_m0p3_v0p15_w500_minv0_20k_512,TRS 0.30/0.15,81.34656,3.899842029015223,29.005558977127077
2026-08-01_22-39-14_go2_trs_m0p3_v0p15_w500_minv0_20k_512,TRS 0.30/0.15,81.59232,3.911301688419448,29.005687141418456
2026-08-01_22-39-14_go2_trs_m0p3_v0p15_w500_minv0_20k_512,TRS 0.30/0.15,81.83808,3.9224632600280973,29.063048057556152
2026-08-01_22-39-14_go2_trs_m0p3_v0p15_w500_minv0_20k_512,TRS 0.30/0.15,82.08384,3.9336111739608977,29.12123953819275
2026-08-01_22-39-14_go2_trs_m0p3_v0p15_w500_minv0_20k_512,TRS 0.30/0.15,82.3296,3.9447327813837263,29.118484764099122
2026-08-01_22-39-14_go2_trs_m0p3_v0p15_w500_minv0_20k_512,TRS 0.30/0.15,82.57536,3.9568541105588277,29.178609085083007
2026-08-01_22-39-14_go2_trs_m0p3_v0p15_w500_minv0_20k_512,TRS 0.30/0.15,82.82112,3.969145594636599,29.25637204170227
2026-08-01_22-39-14_go2_trs_m0p3_v0p15_w500_minv0_20k_512,TRS 0.30/0.15,83.06688,3.9812886642747456,29.169002628326417
2026-08-01_22-39-14_go2_trs_m0p3_v0p15_w500_minv0_20k_512,TRS 0.30/0.15,83.31264,3.993127812080913,29.251819162368776
2026-08-01_22-39-14_go2_trs_m0p3_v0p15_w500_minv0_20k_512,TRS 0.30/0.15,83.5584,4.005110784173012,29.109353876113893
2026-08-01_22-39-14_go2_trs_m0p3_v0p15_w500_minv0_20k_512,TRS 0.30/0.15,83.80416,4.016722002294329,29.01651248931885
2026-08-01_22-39-14_go2_trs_m0p3_v0p15_w500_minv0_20k_512,TRS 0.30/0.15,84.04992,4.028248417509927,28.996208248138426
2026-08-01_22-39-14_go2_trs_m0p3_v0p15_w500_minv0_20k_512,TRS 0.30/0.15,84.29568,4.03964774330457,28.890491819381715
2026-08-01_22-39-14_go2_trs_m0p3_v0p15_w500_minv0_20k_512,TRS 0.30/0.15,84.54144,4.0508675530884,28.964754886627198
2026-08-01_22-39-14_go2_trs_m0p3_v0p15_w500_minv0_20k_512,TRS 0.30/0.15,84.7872,4.0620248381959065,29.022453050613404
2026-08-01_22-39-14_go2_trs_m0p3_v0p15_w500_minv0_20k_512,TRS 0.30/0.15,85.03296,4.073146892322434,29.061132621765136
2026-08-01_22-39-14_go2_trs_m0p3_v0p15_w500_minv0_20k_512,TRS 0.30/0.15,85.27872,4.084782122439808,29.012807207107542
2026-08-01_22-39-14_go2_trs_m0p3_v0p15_w500_minv0_20k_512,TRS 0.30/0.15,85.52448,4.097122640742196,29.0677991771698
2026-08-01_22-39-14_go2_trs_m0p3_v0p15_w500_minv0_20k_512,TRS 0.30/0.15,85.77024,4.1094296619627215,29.08354836463928
2026-08-01_22-39-14_go2_trs_m0p3_v0p15_w500_minv0_20k_512,TRS 0.30/0.15,86.016,4.1214375617106755,29.031707983016968
2026-08-01_22-39-14_go2_trs_m0p3_v0p15_w500_minv0_20k_512,TRS 0.30/0.15,86.26176,4.133352534837193,29.077535963058473
2026-08-01_22-39-14_go2_trs_m0p3_v0p15_w500_minv0_20k_512,TRS 0.30/0.15,86.50752,4.145114442308744,29.20699746131897
2026-08-01_22-39-14_go2_trs_m0p3_v0p15_w500_minv0_20k_512,TRS 0.30/0.15,86.75328,4.156573642558522,29.5181298828125
2026-08-01_22-39-14_go2_trs_m0p3_v0p15_w500_minv0_20k_512,TRS 0.30/0.15,86.99904,4.167993565069304,29.520721015930175
2026-08-01_22-39-14_go2_trs_m0p3_v0p15_w500_minv0_20k_512,TRS 0.30/0.15,87.2448,4.179429842034976,29.510945520401002
2026-08-01_22-39-14_go2_trs_m0p3_v0p15_w500_minv0_20k_512,TRS 0.30/0.15,87.49056,4.1906626495387815,29.280983629226686
2026-08-01_22-39-14_go2_trs_m0p3_v0p15_w500_minv0_20k_512,TRS 0.30/0.15,87.73632,4.201746409204271,29.291894664764403
2026-08-01_22-39-14_go2_trs_m0p3_v0p15_w500_minv0_20k_512,TRS 0.30/0.15,87.98208,4.212746739122602,29.40173523902893
2026-08-01_22-39-14_go2_trs_m0p3_v0p15_w500_minv0_20k_512,TRS 0.30/0.15,88.22784,4.224811563955413,29.48409225463867
2026-08-01_22-39-14_go2_trs_m0p3_v0p15_w500_minv0_20k_512,TRS 0.30/0.15,88.4736,4.237058423625099,29.66388913154602
2026-08-01_22-39-14_go2_trs_m0p3_v0p15_w500_minv0_20k_512,TRS 0.30/0.15,88.71936,4.24898953974247,29.678165159225465
2026-08-01_22-39-14_go2_trs_m0p3_v0p15_w500_minv0_20k_512,TRS 0.30/0.15,88.96512,4.260800984170702,29.711819953918457
2026-08-01_22-39-14_go2_trs_m0p3_v0p15_w500_minv0_20k_512,TRS 0.30/0.15,89.21088,4.272556918859482,29.416395444869995
2026-08-01_22-39-14_go2_trs_m0p3_v0p15_w500_minv0_20k_512,TRS 0.30/0.15,89.45664,4.284137112564511,29.49846134185791
2026-08-01_22-39-14_go2_trs_m0p3_v0p15_w500_minv0_20k_512,TRS 0.30/0.15,89.7024,4.295524186160829,29.62202564239502
2026-08-01_22-39-14_go2_trs_m0p3_v0p15_w500_minv0_20k_512,TRS 0.30/0.15,89.94816,4.306906977163421,29.864679384231568
2026-08-01_22-39-14_go2_trs_m0p3_v0p15_w500_minv0_20k_512,TRS 0.30/0.15,90.19392,4.318195030623012,29.832662496566773
2026-08-01_22-39-14_go2_trs_m0p3_v0p15_w500_minv0_20k_512,TRS 0.30/0.15,90.43968,4.329276088542408,29.830892791748045
2026-08-01_22-39-14_go2_trs_m0p3_v0p15_w500_minv0_20k_512,TRS 0.30/0.15,90.68544,4.340352119406064,30.007563581466673
2026-08-01_22-39-14_go2_trs_m0p3_v0p15_w500_minv0_20k_512,TRS 0.30/0.15,90.9312,4.351916704177857,30.07480167388916
2026-08-01_22-39-14_go2_trs_m0p3_v0p15_w500_minv0_20k_512,TRS 0.30/0.15,91.17696,4.364017476240794,30.042963104248045
2026-08-01_22-39-14_go2_trs_m0p3_v0p15_w500_minv0_20k_512,TRS 0.30/0.15,91.42272,4.376203332079782,30.027558364868163
2026-08-01_22-39-14_go2_trs_m0p3_v0p15_w500_minv0_20k_512,TRS 0.30/0.15,91.66848,4.388155720233917,30.09820704460144
2026-08-01_22-39-14_go2_trs_m0p3_v0p15_w500_minv0_20k_512,TRS 0.30/0.15,91.91424,4.399925410681301,29.946217594146727
2026-08-01_22-39-14_go2_trs_m0p3_v0p15_w500_minv0_20k_512,TRS 0.30/0.15,92.16,4.411737562417984,29.871695070266725
2026-08-01_22-39-14_go2_trs_m0p3_v0p15_w500_minv0_20k_512,TRS 0.30/0.15,92.40576,4.423280602229966,29.863827114105224
2026-08-01_22-39-14_go2_trs_m0p3_v0p15_w500_minv0_20k_512,TRS 0.30/0.15,92.65152,4.434613189631039,30.044053678512572
2026-08-01_22-39-14_go2_trs_m0p3_v0p15_w500_minv0_20k_512,TRS 0.30/0.15,92.89728,4.445944021609094,30.217518215179442
2026-08-01_22-39-14_go2_trs_m0p3_v0p15_w500_minv0_20k_512,TRS 0.30/0.15,93.14304,4.45704501926899,30.23116340637207
2026-08-01_22-39-14_go2_trs_m0p3_v0p15_w500_minv0_20k_512,TRS 0.30/0.15,93.3888,4.4682141874233885,30.267882375717164
2026-08-01_22-39-14_go2_trs_m0p3_v0p15_w500_minv0_20k_512,TRS 0.30/0.15,93.63456,4.479305247068405,30.29908179283142
2026-08-01_22-39-14_go2_trs_m0p3_v0p15_w500_minv0_20k_512,TRS 0.30/0.15,93.88032,4.4915554807583495,30.393555250167847
2026-08-01_22-39-14_go2_trs_m0p3_v0p15_w500_minv0_20k_512,TRS 0.30/0.15,94.12608,4.503833004964722,30.439445066452027
2026-08-01_22-39-14_go2_trs_m0p3_v0p15_w500_minv0_20k_512,TRS 0.30/0.15,94.37184,4.515897295077642,30.663014554977416
2026-08-01_22-39-14_go2_trs_m0p3_v0p15_w500_minv0_20k_512,TRS 0.30/0.15,94.6176,4.527757117417123,30.813325204849242
2026-08-01_22-39-14_go2_trs_m0p3_v0p15_w500_minv0_20k_512,TRS 0.30/0.15,94.86336,4.539553754925728,30.82060761451721
2026-08-01_22-39-14_go2_trs_m0p3_v0p15_w500_minv0_20k_512,TRS 0.30/0.15,95.10912,4.551224075754484,30.811357803344727
2026-08-01_22-39-14_go2_trs_m0p3_v0p15_w500_minv0_20k_512,TRS 0.30/0.15,95.35488,4.562643567919731,30.559936981201172
2026-08-01_22-39-14_go2_trs_m0p3_v0p15_w500_minv0_20k_512,TRS 0.30/0.15,95.60064,4.573964045180214,30.365827140808104
2026-08-01_22-39-14_go2_trs_m0p3_v0p15_w500_minv0_20k_512,TRS 0.30/0.15,95.8464,4.585091961291101,30.21105854988098
2026-08-01_22-39-14_go2_trs_m0p3_v0p15_w500_minv0_20k_512,TRS 0.30/0.15,96.09216,4.596149155497551,30.386729564666748
2026-08-01_22-39-14_go2_trs_m0p3_v0p15_w500_minv0_20k_512,TRS 0.30/0.15,96.33792,4.607097343405088,30.20458173751831
2026-08-01_22-39-14_go2_trs_m0p3_v0p15_w500_minv0_20k_512,TRS 0.30/0.15,96.58368,4.618661372065544,30.3365417098999
2026-08-01_22-39-14_go2_trs_m0p3_v0p15_w500_minv0_20k_512,TRS 0.30/0.15,96.82944,4.630741286012862,30.37333423614502
2026-08-01_22-39-14_go2_trs_m0p3_v0p15_w500_minv0_20k_512,TRS 0.30/0.15,97.0752,4.6432393283976445,30.35803367614746
2026-08-01_22-39-14_go2_trs_m0p3_v0p15_w500_minv0_20k_512,TRS 0.30/0.15,97.32096,4.6550861169894535,30.400616426467895
2026-08-01_22-39-14_go2_trs_m0p3_v0p15_w500_minv0_20k_512,TRS 0.30/0.15,97.56672,4.666680330832799,30.344604110717775
2026-08-01_22-39-14_go2_trs_m0p3_v0p15_w500_minv0_20k_512,TRS 0.30/0.15,97.81248,4.678438075582187,30.55585198402405
2026-08-01_22-39-14_go2_trs_m0p3_v0p15_w500_minv0_20k_512,TRS 0.30/0.15,98.05824,4.689813710451126,30.652432098388672
2026-08-01_22-39-14_go2_trs_m0p3_v0p15_w500_minv0_20k_512,TRS 0.30/0.15,98.304,4.701159875326686,30.7915936088562
2026-08-01_22-39-14_go2_trs_m0p3_v0p15_w500_minv0_20k_512,TRS 0.30/0.15,98.54976,4.712484282188945,30.601692266464234
2026-08-01_22-39-14_go2_trs_m0p3_v0p15_w500_minv0_20k_512,TRS 0.30/0.15,98.79552,4.7236005476448275,30.686703910827635
2026-08-01_22-39-14_go2_trs_m0p3_v0p15_w500_minv0_20k_512,TRS 0.30/0.15,99.04128,4.734688249826431,30.505352334976195
2026-08-01_22-39-14_go2_trs_m0p3_v0p15_w500_minv0_20k_512,TRS 0.30/0.15,99.28704,4.745728507041931,30.33577561378479
2026-08-01_22-39-14_go2_trs_m0p3_v0p15_w500_minv0_20k_512,TRS 0.30/0.15,99.5328,4.757898832625813,30.283762845993042
2026-08-01_22-39-14_go2_trs_m0p3_v0p15_w500_minv0_20k_512,TRS 0.30/0.15,99.77856,4.769938504629665,30.141508054733276
2026-08-01_22-39-14_go2_trs_m0p3_v0p15_w500_minv0_20k_512,TRS 0.30/0.15,100.02432,4.7819585500160855,30.166885986328126
2026-08-01_22-39-14_go2_trs_m0p3_v0p15_w500_minv0_20k_512,TRS 0.30/0.15,100.27008,4.793552507427004,30.145564451217652
2026-08-01_22-39-14_go2_trs_m0p3_v0p15_w500_minv0_20k_512,TRS 0.30/0.15,100.51584,4.80517247610622,30.205295219421387
2026-08-01_22-39-14_go2_trs_m0p3_v0p15_w500_minv0_20k_512,TRS 0.30/0.15,100.7616,4.816790289349026,30.27705961227417
2026-08-01_22-39-14_go2_trs_m0p3_v0p15_w500_minv0_20k_512,TRS 0.30/0.15,101.00736,4.828147330284119,30.27206685066223
2026-08-01_22-39-14_go2_trs_m0p3_v0p15_w500_minv0_20k_512,TRS 0.30/0.15,101.25312,4.839444635775354,30.423126459121704
2026-08-01_22-39-14_go2_trs_m0p3_v0p15_w500_minv0_20k_512,TRS 0.30/0.15,101.49888,4.850741592049599,30.685314474105834
2026-08-01_22-39-14_go2_trs_m0p3_v0p15_w500_minv0_20k_512,TRS 0.30/0.15,101.74464,4.861752929290136,30.871472854614257
2026-08-01_22-39-14_go2_trs_m0p3_v0p15_w500_minv0_20k_512,TRS 0.30/0.15,101.9904,4.872750626338853,30.9619753742218
2026-08-01_22-39-14_go2_trs_m0p3_v0p15_w500_minv0_20k_512,TRS 0.30/0.15,102.23616,4.884069215456645,31.27827458381653
2026-08-01_22-39-14_go2_trs_m0p3_v0p15_w500_minv0_20k_512,TRS 0.30/0.15,102.48192,4.896132857269711,31.437462358474733
2026-08-01_22-39-14_go2_trs_m0p3_v0p15_w500_minv0_20k_512,TRS 0.30/0.15,102.72768,4.908179573681619,31.59442910194397
2026-08-01_22-39-14_go2_trs_m0p3_v0p15_w500_minv0_20k_512,TRS 0.30/0.15,102.97344,4.9200352253516515,31.598458700180053
2026-08-01_22-39-14_go2_trs_m0p3_v0p15_w500_minv0_20k_512,TRS 0.30/0.15,103.2192,4.931862137582567,31.581929597854614
2026-08-01_22-39-14_go2_trs_m0p3_v0p15_w500_minv0_20k_512,TRS 0.30/0.15,103.46496,4.943481194708083,31.63349242210388
2026-08-01_22-39-14_go2_trs_m0p3_v0p15_w500_minv0_20k_512,TRS 0.30/0.15,103.71072,4.95489532272021,31.529257802963258
2026-08-01_22-39-14_go2_trs_m0p3_v0p15_w500_minv0_20k_512,TRS 0.30/0.15,103.95648,4.966238836844762,31.453387546539307
2026-08-01_22-39-14_go2_trs_m0p3_v0p15_w500_minv0_20k_512,TRS 0.30/0.15,104.20224,4.977580218580034,31.33197443008423
2026-08-01_22-39-14_go2_trs_m0p3_v0p15_w500_minv0_20k_512,TRS 0.30/0.15,104.448,4.98865928252538,31.21193974494934
2026-08-01_22-39-14_go2_trs_m0p3_v0p15_w500_minv0_20k_512,TRS 0.30/0.15,104.69376,4.999601278569963,31.164308252334596
2026-08-01_22-39-14_go2_trs_m0p3_v0p15_w500_minv0_20k_512,TRS 0.30/0.15,104.93952,5.010548148817486,31.101011333465575
2026-08-01_22-39-14_go2_trs_m0p3_v0p15_w500_minv0_20k_512,TRS 0.30/0.15,105.18528,5.022426937288708,31.110258207321166
2026-08-01_22-39-14_go2_trs_m0p3_v0p15_w500_minv0_20k_512,TRS 0.30/0.15,105.43104,5.034372007780605,31.205789680480958
2026-08-01_22-39-14_go2_trs_m0p3_v0p15_w500_minv0_20k_512,TRS 0.30/0.15,105.6768,5.046439444356494,31.278100938796996
2026-08-01_22-39-14_go2_trs_m0p3_v0p15_w500_minv0_20k_512,TRS 0.30/0.15,105.92256,5.058060071468353,31.46330557823181
2026-08-01_22-39-14_go2_trs_m0p3_v0p15_w500_minv0_20k_512,TRS 0.30/0.15,106.16832,5.0696336707803935,31.686707134246827
2026-08-01_22-39-14_go2_trs_m0p3_v0p15_w500_minv0_20k_512,TRS 0.30/0.15,106.41408,5.081302834418085,31.80707757949829
2026-08-01_22-39-14_go2_trs_m0p3_v0p15_w500_minv0_20k_512,TRS 0.30/0.15,106.65984,5.092528531352679,32.02801649093628
2026-08-01_22-39-14_go2_trs_m0p3_v0p15_w500_minv0_20k_512,TRS 0.30/0.15,106.9056,5.103892754713694,32.081739807128905
2026-08-01_22-39-14_go2_trs_m0p3_v0p15_w500_minv0_20k_512,TRS 0.30/0.15,107.15136,5.115173462828,32.07860321044922
2026-08-01_22-39-14_go2_trs_m0p3_v0p15_w500_minv0_20k_512,TRS 0.30/0.15,107.39712,5.12619871755441,32.15266953468323
2026-08-01_22-39-14_go2_trs_m0p3_v0p15_w500_minv0_20k_512,TRS 0.30/0.15,107.64288,5.137198028696908,32.15542437553406
2026-08-01_22-39-14_go2_trs_m0p3_v0p15_w500_minv0_20k_512,TRS 0.30/0.15,107.88864,5.148348928689956,32.09428524017334
2026-08-01_22-39-14_go2_trs_m0p3_v0p15_w500_minv0_20k_512,TRS 0.30/0.15,108.1344,5.160273337099287,32.08149156570435
2026-08-01_22-39-14_go2_trs_m0p3_v0p15_w500_minv0_20k_512,TRS 0.30/0.15,108.38016,5.17223746975263,31.9382706451416
2026-08-01_22-39-14_go2_trs_m0p3_v0p15_w500_minv0_20k_512,TRS 0.30/0.15,108.62592,5.1840957366757925,31.848306798934935
2026-08-01_22-39-14_go2_trs_m0p3_v0p15_w500_minv0_20k_512,TRS 0.30/0.15,108.87168,5.195745847225189,31.84161967277527
2026-08-01_22-39-14_go2_trs_m0p3_v0p15_w500_minv0_20k_512,TRS 0.30/0.15,109.11744,5.207357491387262,31.777616100311278
2026-08-01_22-39-14_go2_trs_m0p3_v0p15_w500_minv0_20k_512,TRS 0.30/0.15,109.3632,5.218653079271316,32.01156702041626
2026-08-01_22-39-14_go2_trs_m0p3_v0p15_w500_minv0_20k_512,TRS 0.30/0.15,109.60896,5.230078702900145,31.938805894851683
2026-08-01_22-39-14_go2_trs_m0p3_v0p15_w500_minv0_20k_512,TRS 0.30/0.15,109.85472,5.241435861256387,31.79804058074951
2026-08-01_22-39-14_go2_trs_m0p3_v0p15_w500_minv0_20k_512,TRS 0.30/0.15,110.10048,5.252562034924825,31.691662216186522
2026-08-01_22-39-14_go2_trs_m0p3_v0p15_w500_minv0_20k_512,TRS 0.30/0.15,110.34624,5.263474456932809,31.631096782684327
2026-08-01_22-39-14_go2_trs_m0p3_v0p15_w500_minv0_20k_512,TRS 0.30/0.15,110.592,5.274530868861411,31.50184651374817
2026-08-01_22-39-14_go2_trs_m0p3_v0p15_w500_minv0_20k_512,TRS 0.30/0.15,110.83776,5.286109006338649,31.569442720413207
2026-08-01_22-39-14_go2_trs_m0p3_v0p15_w500_minv0_20k_512,TRS 0.30/0.15,111.08352,5.298023422691557,31.637254877090456
2026-08-01_22-39-14_go2_trs_m0p3_v0p15_w500_minv0_20k_512,TRS 0.30/0.15,111.32928,5.310072509580189,31.61866560935974
2026-08-01_22-39-14_go2_trs_m0p3_v0p15_w500_minv0_20k_512,TRS 0.30/0.15,111.57504,5.321800394786729,31.56391254425049
2026-08-01_22-39-14_go2_trs_m0p3_v0p15_w500_minv0_20k_512,TRS 0.30/0.15,111.8208,5.333365557988484,31.50120762825012
2026-08-01_22-39-14_go2_trs_m0p3_v0p15_w500_minv0_20k_512,TRS 0.30/0.15,112.06656,5.344939696457651,31.595248432159423
2026-08-01_22-39-14_go2_trs_m0p3_v0p15_w500_minv0_20k_512,TRS 0.30/0.15,112.31232,5.35645950489574,31.81009775161743
2026-08-01_22-39-14_go2_trs_m0p3_v0p15_w500_minv0_20k_512,TRS 0.30/0.15,112.55808,5.367665220167901,31.912209615707397
2026-08-01_22-39-14_go2_trs_m0p3_v0p15_w500_minv0_20k_512,TRS 0.30/0.15,112.80384,5.378944675789939,32.03071899414063
2026-08-01_22-39-14_go2_trs_m0p3_v0p15_w500_minv0_20k_512,TRS 0.30/0.15,113.0496,5.389997220900324,32.18086503028869
2026-08-01_22-39-14_go2_trs_m0p3_v0p15_w500_minv0_20k_512,TRS 0.30/0.15,113.29536,5.401018387873967,32.19850947380066
2026-08-01_22-39-14_go2_trs_m0p3_v0p15_w500_minv0_20k_512,TRS 0.30/0.15,113.54112,5.411901210546493,32.17393965721131
2026-08-01_22-39-14_go2_trs_m0p3_v0p15_w500_minv0_20k_512,TRS 0.30/0.15,113.78688,5.4238700597816045,32.137106857299806
2026-08-01_22-39-14_go2_trs_m0p3_v0p15_w500_minv0_20k_512,TRS 0.30/0.15,114.03264,5.4358144780662325,32.19749726295471
2026-08-01_22-39-14_go2_trs_m0p3_v0p15_w500_minv0_20k_512,TRS 0.30/0.15,114.2784,5.4477763301796385,32.19337797164917
2026-08-01_22-39-14_go2_trs_m0p3_v0p15_w500_minv0_20k_512,TRS 0.30/0.15,114.52416,5.459473681118753,32.21500742912293
2026-08-01_22-39-14_go2_trs_m0p3_v0p15_w500_minv0_20k_512,TRS 0.30/0.15,114.76992,5.471023269759284,32.14540948867798
2026-08-01_22-39-14_go2_trs_m0p3_v0p15_w500_minv0_20k_512,TRS 0.30/0.15,115.01568,5.482429803609848,32.33085041999817
2026-08-01_22-39-14_go2_trs_m0p3_v0p15_w500_minv0_20k_512,TRS 0.30/0.15,115.26144,5.493677257895469,32.414646043777466
2026-08-01_22-39-14_go2_trs_m0p3_v0p15_w500_minv0_20k_512,TRS 0.30/0.15,115.5072,5.504983988735411,32.68325896263123
2026-08-01_22-39-14_go2_trs_m0p3_v0p15_w500_minv0_20k_512,TRS 0.30/0.15,115.75296,5.516050807966126,32.88814016342163
2026-08-01_22-39-14_go2_trs_m0p3_v0p15_w500_minv0_20k_512,TRS 0.30/0.15,115.99872,5.527088109254837,32.872290477752685
2026-08-01_22-39-14_go2_trs_m0p3_v0p15_w500_minv0_20k_512,TRS 0.30/0.15,116.24448,5.538475179076195,32.967101135253905
2026-08-01_22-39-14_go2_trs_m0p3_v0p15_w500_minv0_20k_512,TRS 0.30/0.15,116.49024,5.550061775710848,32.9778697013855
2026-08-01_22-39-14_go2_trs_m0p3_v0p15_w500_minv0_20k_512,TRS 0.30/0.15,116.736,5.561865003373888,32.955671367645266
2026-08-01_22-39-14_go2_trs_m0p3_v0p15_w500_minv0_20k_512,TRS 0.30/0.15,116.98176,5.57368924273385,32.90600975990296
2026-08-01_22-39-14_go2_trs_m0p3_v0p15_w500_minv0_20k_512,TRS 0.30/0.15,117.22752,5.585595048798455,32.79661243438721
2026-08-01_22-39-14_go2_trs_m0p3_v0p15_w500_minv0_20k_512,TRS 0.30/0.15,117.47328,5.597168945802583,32.47656126976013
2026-08-01_22-39-14_go2_trs_m0p3_v0p15_w500_minv0_20k_512,TRS 0.30/0.15,117.71904,5.609051190349791,32.459357500076294
2026-08-01_22-39-14_go2_trs_m0p3_v0p15_w500_minv0_20k_512,TRS 0.30/0.15,117.9648,5.620296383367644,32.18707253456116
2026-08-01_22-39-14_go2_trs_m0p3_v0p15_w500_minv0_20k_512,TRS 0.30/0.15,118.21056,5.631241078178088,32.16284041404724
2026-08-01_22-39-14_go2_trs_m0p3_v0p15_w500_minv0_20k_512,TRS 0.30/0.15,118.45632,5.642209600342644,32.38112977981567
2026-08-01_22-39-14_go2_trs_m0p3_v0p15_w500_minv0_20k_512,TRS 0.30/0.15,118.70208,5.653577313025792,32.473634023666385
2026-08-01_22-39-14_go2_trs_m0p3_v0p15_w500_minv0_20k_512,TRS 0.30/0.15,118.94784,5.665118000507355,32.66225038528442
2026-08-01_22-39-14_go2_trs_m0p3_v0p15_w500_minv0_20k_512,TRS 0.30/0.15,119.1936,5.676750052173932,32.6046089553833
2026-08-01_22-39-14_go2_trs_m0p3_v0p15_w500_minv0_20k_512,TRS 0.30/0.15,119.43936,5.68846144841777,32.7033780002594
2026-08-01_22-39-14_go2_trs_m0p3_v0p15_w500_minv0_20k_512,TRS 0.30/0.15,119.68512,5.700165038572417,32.74526942253113
2026-08-01_22-39-14_go2_trs_m0p3_v0p15_w500_minv0_20k_512,TRS 0.30/0.15,119.93088,5.71192671113544,32.98992137908935
2026-08-01_22-39-14_go2_trs_m0p3_v0p15_w500_minv0_20k_512,TRS 0.30/0.15,120.17664,5.723547833098306,33.11960140228271
2026-08-01_22-39-14_go2_trs_m0p3_v0p15_w500_minv0_20k_512,TRS 0.30/0.15,120.4224,5.735112109780312,33.23725803375244
2026-08-01_22-39-14_go2_trs_m0p3_v0p15_w500_minv0_20k_512,TRS 0.30/0.15,120.66816,5.746803937620586,33.16988200187683
2026-08-01_22-39-14_go2_trs_m0p3_v0p15_w500_minv0_20k_512,TRS 0.30/0.15,120.91392,5.7578814676072865,33.105095357894896
2026-08-01_22-39-14_go2_trs_m0p3_v0p15_w500_minv0_20k_512,TRS 0.30/0.15,121.15968,5.768844682309362,33.109858427047726
2026-08-01_22-39-14_go2_trs_m0p3_v0p15_w500_minv0_20k_512,TRS 0.30/0.15,121.40544,5.779771991239654,33.07542559623718
2026-08-01_22-39-14_go2_trs_m0p3_v0p15_w500_minv0_20k_512,TRS 0.30/0.15,121.6512,5.79147143708335,33.15447111129761
2026-08-01_22-39-14_go2_trs_m0p3_v0p15_w500_minv0_20k_512,TRS 0.30/0.15,121.89696,5.803022914131483,33.177428817749025
2026-08-01_22-39-14_go2_trs_m0p3_v0p15_w500_minv0_20k_512,TRS 0.30/0.15,122.14272,5.814673134883245,33.24472885131836
2026-08-01_22-39-14_go2_trs_m0p3_v0p15_w500_minv0_20k_512,TRS 0.30/0.15,122.38848,5.826476873159408,33.2315719127655
2026-08-01_22-39-14_go2_trs_m0p3_v0p15_w500_minv0_20k_512,TRS 0.30/0.15,122.63424,5.838108583622509,33.09233455657959
2026-08-01_22-39-14_go2_trs_m0p3_v0p15_w500_minv0_20k_512,TRS 0.30/0.15,122.88,5.849671689801746,33.12308032989502
2026-08-01_22-39-14_go2_trs_m0p3_v0p15_w500_minv0_20k_512,TRS 0.30/0.15,123.12576,5.861343404452006,33.29746729850769
2026-08-01_22-39-14_go2_trs_m0p3_v0p15_w500_minv0_20k_512,TRS 0.30/0.15,123.37152,5.872957927452194,33.30052844047546
2026-08-01_22-39-14_go2_trs_m0p3_v0p15_w500_minv0_20k_512,TRS 0.30/0.15,123.61728,5.884312777585453,33.1917051410675
2026-08-01_22-39-14_go2_trs_m0p3_v0p15_w500_minv0_20k_512,TRS 0.30/0.15,123.86304,5.895266844762697,33.125337858200076
2026-08-01_22-39-14_go2_trs_m0p3_v0p15_w500_minv0_20k_512,TRS 0.30/0.15,124.1088,5.9062663410107294,33.2052347946167
2026-08-01_22-39-14_go2_trs_m0p3_v0p15_w500_minv0_20k_512,TRS 0.30/0.15,124.35456,5.917478048072921,33.189423408508304
2026-08-01_22-39-14_go2_trs_m0p3_v0p15_w500_minv0_20k_512,TRS 0.30/0.15,124.60032,5.929039910236995,33.115078916549685
2026-08-01_22-39-14_go2_trs_m0p3_v0p15_w500_minv0_20k_512,TRS 0.30/0.15,124.84608,5.940650308529536,33.06731842041015
2026-08-01_22-39-14_go2_trs_m0p3_v0p15_w500_minv0_20k_512,TRS 0.30/0.15,125.09184,5.952286454637846,33.07864258766174
2026-08-01_22-39-14_go2_trs_m0p3_v0p15_w500_minv0_20k_512,TRS 0.30/0.15,125.3376,5.964145693911447,33.015757684707644
2026-08-01_22-39-14_go2_trs_m0p3_v0p15_w500_minv0_20k_512,TRS 0.30/0.15,125.58336,5.9758805113368565,32.85543645858765
2026-08-01_22-39-14_go2_trs_m0p3_v0p15_w500_minv0_20k_512,TRS 0.30/0.15,125.82912,5.98766830669509,32.8446356010437
2026-08-01_22-39-14_go2_trs_m0p3_v0p15_w500_minv0_20k_512,TRS 0.30/0.15,126.07488,5.999433941509989,32.91422445297241
2026-08-01_22-39-14_go2_trs_m0p3_v0p15_w500_minv0_20k_512,TRS 0.30/0.15,126.32064,6.010987432599068,32.81685351371765
2026-08-01_22-39-14_go2_trs_m0p3_v0p15_w500_minv0_20k_512,TRS 0.30/0.15,126.5664,6.022129698859321,32.7550266456604
2026-08-01_22-39-14_go2_trs_m0p3_v0p15_w500_minv0_20k_512,TRS 0.30/0.15,126.81216,6.033079594108793,32.66201328277588
2026-08-01_22-39-14_go2_trs_m0p3_v0p15_w500_minv0_20k_512,TRS 0.30/0.15,127.05792,6.044010058376524,32.86072564125061
2026-08-01_22-39-14_go2_trs_m0p3_v0p15_w500_minv0_20k_512,TRS 0.30/0.15,127.30368,6.055416737596194,33.02814225196838
2026-08-01_22-39-14_go2_trs_m0p3_v0p15_w500_minv0_20k_512,TRS 0.30/0.15,127.54944,6.066968628234333,33.15189028739929
2026-08-01_22-39-14_go2_trs_m0p3_v0p15_w500_minv0_20k_512,TRS 0.30/0.15,127.7952,6.078574598564042,33.30417214393616
2026-08-01_22-39-14_go2_trs_m0p3_v0p15_w500_minv0_20k_512,TRS 0.30/0.15,128.04096,6.090438237388929,33.390711879730226
2026-08-01_22-39-14_go2_trs_m0p3_v0p15_w500_minv0_20k_512,TRS 0.30/0.15,128.28672,6.102085187567605,33.35721424102783
2026-08-01_22-39-14_go2_trs_m0p3_v0p15_w500_minv0_20k_512,TRS 0.30/0.15,128.53248,6.113846159047551,33.32849774360657
2026-08-01_22-39-14_go2_trs_m0p3_v0p15_w500_minv0_20k_512,TRS 0.30/0.15,128.77824,6.1256273295482,33.41749494552612
2026-08-01_22-39-14_go2_trs_m0p3_v0p15_w500_minv0_20k_512,TRS 0.30/0.15,129.024,6.1372693173752895,33.38745741844177
2026-08-01_22-39-14_go2_trs_m0p3_v0p15_w500_minv0_20k_512,TRS 0.30/0.15,129.26976,6.148871726195018,33.386093854904175
2026-08-01_22-39-14_go2_trs_m0p3_v0p15_w500_minv0_20k_512,TRS 0.30/0.15,129.51552,6.159846370418866,33.40055354118347
2026-08-01_22-39-14_go2_trs_m0p3_v0p15_w500_minv0_20k_512,TRS 0.30/0.15,129.76128,6.17079092072116,33.39294308662414
2026-08-01_22-39-14_go2_trs_m0p3_v0p15_w500_minv0_20k_512,TRS 0.30/0.15,130.00704,6.181936393909984,33.29814332962036
2026-08-01_22-39-14_go2_trs_m0p3_v0p15_w500_minv0_20k_512,TRS 0.30/0.15,130.2528,6.1937083214521405,33.11725620269775
2026-08-01_22-39-14_go2_trs_m0p3_v0p15_w500_minv0_20k_512,TRS 0.30/0.15,130.49856,6.20528299358156,32.99000042915344
2026-08-01_22-39-14_go2_trs_m0p3_v0p15_w500_minv0_20k_512,TRS 0.30/0.15,130.74432,6.217034002741178,33.071837720870974
2026-08-01_22-39-14_go2_trs_m0p3_v0p15_w500_minv0_20k_512,TRS 0.30/0.15,130.99008,6.228830718464321,33.03153657913208
2026-08-01_22-39-14_go2_trs_m0p3_v0p15_w500_minv0_20k_512,TRS 0.30/0.15,131.23584,6.240606058239937,33.1201549911499
2026-08-01_22-39-14_go2_trs_m0p3_v0p15_w500_minv0_20k_512,TRS 0.30/0.15,131.4816,6.252299617528916,33.212003002166746
2026-08-01_22-39-14_go2_trs_m0p3_v0p15_w500_minv0_20k_512,TRS 0.30/0.15,131.72736,6.263812638322512,33.32768590927124
2026-08-01_22-39-14_go2_trs_m0p3_v0p15_w500_minv0_20k_512,TRS 0.30/0.15,131.97312,6.2756262103054254,33.35911252975464
2026-08-01_22-39-14_go2_trs_m0p3_v0p15_w500_minv0_20k_512,TRS 0.30/0.15,132.21888,6.286892113486926,33.27341184616089
2026-08-01_22-39-14_go2_trs_m0p3_v0p15_w500_minv0_20k_512,TRS 0.30/0.15,132.46464,6.297917363312509,33.258804445266726
2026-08-01_22-39-14_go2_trs_m0p3_v0p15_w500_minv0_20k_512,TRS 0.30/0.15,132.7104,6.3089269365204705,33.37383650779724
2026-08-01_22-39-14_go2_trs_m0p3_v0p15_w500_minv0_20k_512,TRS 0.30/0.15,132.95616,6.320351208912002,33.525333366394044
2026-08-01_22-39-14_go2_trs_m0p3_v0p15_w500_minv0_20k_512,TRS 0.30/0.15,133.20192,6.3319016874498795,33.40523023605347
2026-08-01_22-39-14_go2_trs_m0p3_v0p15_w500_minv0_20k_512,TRS 0.30/0.15,133.44768,6.343520487215784,33.508557119369506
2026-08-01_22-39-14_go2_trs_m0p3_v0p15_w500_minv0_20k_512,TRS 0.30/0.15,133.69344,6.355169052481651,33.54671540260315
2026-08-01_22-39-14_go2_trs_m0p3_v0p15_w500_minv0_20k_512,TRS 0.30/0.15,133.9392,6.366938529147042,33.73603404045105
2026-08-01_22-39-14_go2_trs_m0p3_v0p15_w500_minv0_20k_512,TRS 0.30/0.15,134.18496,6.379096993671523,33.71115460395813
2026-08-01_22-39-14_go2_trs_m0p3_v0p15_w500_minv0_20k_512,TRS 0.30/0.15,134.43072,6.390750167303615,33.666376943588254
2026-08-01_22-39-14_go2_trs_m0p3_v0p15_w500_minv0_20k_512,TRS 0.30/0.15,134.67648,6.402476885848575,33.766846876144406
2026-08-01_22-39-14_go2_trs_m0p3_v0p15_w500_minv0_20k_512,TRS 0.30/0.15,134.92224,6.414230708744791,33.78666352272034
2026-08-01_22-39-14_go2_trs_m0p3_v0p15_w500_minv0_20k_512,TRS 0.30/0.15,135.168,6.425185333490372,33.617391166687014
2026-08-01_22-39-14_go2_trs_m0p3_v0p15_w500_minv0_20k_512,TRS 0.30/0.15,135.41376,6.436166123019325,33.631368007659916
2026-08-01_22-39-14_go2_trs_m0p3_v0p15_w500_minv0_20k_512,TRS 0.30/0.15,135.65952,6.4472721590598425,33.76410041809082
2026-08-01_22-39-14_go2_trs_m0p3_v0p15_w500_minv0_20k_512,TRS 0.30/0.15,135.90528,6.4588673445913525,33.76530621528625
2026-08-01_22-39-14_go2_trs_m0p3_v0p15_w500_minv0_20k_512,TRS 0.30/0.15,136.15104,6.470455076826943,33.75454015731812
2026-08-01_22-39-14_go2_trs_m0p3_v0p15_w500_minv0_20k_512,TRS 0.30/0.15,136.3968,6.482150027487013,33.74439502716064
2026-08-01_22-39-14_go2_trs_m0p3_v0p15_w500_minv0_20k_512,TRS 0.30/0.15,136.64256,6.493974610964457,33.86791570663452
2026-08-01_22-39-14_go2_trs_m0p3_v0p15_w500_minv0_20k_512,TRS 0.30/0.15,136.88832,6.505982635352346,33.89712163925171
2026-08-01_22-39-14_go2_trs_m0p3_v0p15_w500_minv0_20k_512,TRS 0.30/0.15,137.13408,6.5178162831730315,33.742335414886476
2026-08-01_22-39-14_go2_trs_m0p3_v0p15_w500_minv0_20k_512,TRS 0.30/0.15,137.37984,6.529427939587169,33.638419246673585
2026-08-01_22-39-14_go2_trs_m0p3_v0p15_w500_minv0_20k_512,TRS 0.30/0.15,137.6256,6.541193915870455,33.66685179710388
2026-08-01_22-39-14_go2_trs_m0p3_v0p15_w500_minv0_20k_512,TRS 0.30/0.15,137.87136,6.552615858382649,33.544790773391725
2026-08-01_22-39-14_go2_trs_m0p3_v0p15_w500_minv0_20k_512,TRS 0.30/0.15,138.11712,6.563715224464734,33.412411546707155
2026-08-01_22-39-14_go2_trs_m0p3_v0p15_w500_minv0_20k_512,TRS 0.30/0.15,138.36288,6.57463551249769,33.377350072860715
2026-08-01_22-39-14_go2_trs_m0p3_v0p15_w500_minv0_20k_512,TRS 0.30/0.15,138.60864,6.585965072711309,33.36641014099121
2026-08-01_22-39-14_go2_trs_m0p3_v0p15_w500_minv0_20k_512,TRS 0.30/0.15,138.8544,6.597642047074106,33.32932771682739
2026-08-01_22-39-14_go2_trs_m0p3_v0p15_w500_minv0_20k_512,TRS 0.30/0.15,139.10016,6.609394056664573,33.231354084014896
2026-08-01_22-39-14_go2_trs_m0p3_v0p15_w500_minv0_20k_512,TRS 0.30/0.15,139.34592,6.621079036129846,33.250018711090085
2026-08-01_22-39-14_go2_trs_m0p3_v0p15_w500_minv0_20k_512,TRS 0.30/0.15,139.59168,6.632981484134992,33.43286108016968
2026-08-01_22-39-14_go2_trs_m0p3_v0p15_w500_minv0_20k_512,TRS 0.30/0.15,139.83744,6.644632816182242,33.752316322326664
2026-08-01_22-39-14_go2_trs_m0p3_v0p15_w500_minv0_20k_512,TRS 0.30/0.15,140.0832,6.656325514780151,33.97037252426148
2026-08-01_22-39-14_go2_trs_m0p3_v0p15_w500_minv0_20k_512,TRS 0.30/0.15,140.32896,6.667910630570518,34.15488702774048
2026-08-01_22-39-14_go2_trs_m0p3_v0p15_w500_minv0_20k_512,TRS 0.30/0.15,140.57472,6.679395669301351,34.39386695861816
2026-08-01_22-39-14_go2_trs_m0p3_v0p15_w500_minv0_20k_512,TRS 0.30/0.15,140.82048,6.6905039230320185,34.461585159301755
2026-08-01_22-39-14_go2_trs_m0p3_v0p15_w500_minv0_20k_512,TRS 0.30/0.15,141.06624,6.701434431142277,34.37119541168213
2026-08-01_22-39-14_go2_trs_m0p3_v0p15_w500_minv0_20k_512,TRS 0.30/0.15,141.312,6.712347288462851,34.21809844970703
2026-08-01_22-39-14_go2_trs_m0p3_v0p15_w500_minv0_20k_512,TRS 0.30/0.15,141.55776,6.724025306039386,34.217254114151004
2026-08-01_22-39-14_go2_trs_m0p3_v0p15_w500_minv0_20k_512,TRS 0.30/0.15,141.80352,6.735625873274273,34.19297930717468
2026-08-01_22-39-14_go2_trs_m0p3_v0p15_w500_minv0_20k_512,TRS 0.30/0.15,142.04928,6.747201267282168,34.193700799942015
2026-08-01_22-39-14_go2_trs_m0p3_v0p15_w500_minv0_20k_512,TRS 0.30/0.15,142.29504,6.759200635486179,34.077332696914674
2026-08-01_22-39-14_go2_trs_m0p3_v0p15_w500_minv0_20k_512,TRS 0.30/0.15,142.5408,6.770986615949207,33.94777589797974
2026-08-01_22-39-14_go2_trs_m0p3_v0p15_w500_minv0_20k_512,TRS 0.30/0.15,142.78656,6.7827950473626455,33.88711532592774
2026-08-01_22-39-14_go2_trs_m0p3_v0p15_w500_minv0_20k_512,TRS 0.30/0.15,143.03232,6.794593804809782,33.84102939605713
2026-08-01_22-39-14_go2_trs_m0p3_v0p15_w500_minv0_20k_512,TRS 0.30/0.15,143.27808,6.80627233379417,33.953497352600095
2026-08-01_22-39-14_go2_trs_m0p3_v0p15_w500_minv0_20k_512,TRS 0.30/0.15,143.52384,6.817658807635308,33.9550895690918
2026-08-01_22-39-14_go2_trs_m0p3_v0p15_w500_minv0_20k_512,TRS 0.30/0.15,143.7696,6.82859038511912,33.95706937789917
2026-08-01_22-39-14_go2_trs_m0p3_v0p15_w500_minv0_20k_512,TRS 0.30/0.15,144.01536,6.839693297810025,33.912099056243896
2026-08-01_22-39-14_go2_trs_m0p3_v0p15_w500_minv0_20k_512,TRS 0.30/0.15,144.26112,6.850894095698992,33.805815076828004
2026-08-01_22-39-14_go2_trs_m0p3_v0p15_w500_minv0_20k_512,TRS 0.30/0.15,144.50688,6.862545015348329,33.57874645233154
2026-08-01_22-39-14_go2_trs_m0p3_v0p15_w500_minv0_20k_512,TRS 0.30/0.15,144.75264,6.874266315698623,33.491613397598265
2026-08-01_22-39-14_go2_trs_m0p3_v0p15_w500_minv0_20k_512,TRS 0.30/0.15,144.9984,6.885907610058784,33.61849222183228
2026-08-01_22-39-14_go2_trs_m0p3_v0p15_w500_minv0_20k_512,TRS 0.30/0.15,145.24416,6.8976680821842615,33.695860404968265
2026-08-01_22-39-14_go2_trs_m0p3_v0p15_w500_minv0_20k_512,TRS 0.30/0.15,145.48992,6.909496245781581,33.73291076660156
2026-08-01_22-39-14_go2_trs_m0p3_v0p15_w500_minv0_20k_512,TRS 0.30/0.15,145.73568,6.921154927677579,33.63248527526856
2026-08-01_22-39-14_go2_trs_m0p3_v0p15_w500_minv0_20k_512,TRS 0.30/0.15,145.98144,6.932781532671717,33.742132606506345
2026-08-01_22-39-14_go2_trs_m0p3_v0p15_w500_minv0_20k_512,TRS 0.30/0.15,146.2272,6.94467083785269,33.841747703552244
2026-08-01_22-39-14_go2_trs_m0p3_v0p15_w500_minv0_20k_512,TRS 0.30/0.15,146.47296,6.955846047268974,33.85397015571594
2026-08-01_22-39-14_go2_trs_m0p3_v0p15_w500_minv0_20k_512,TRS 0.30/0.15,146.71872,6.966834860112932,33.93926975250244
2026-08-01_22-39-14_go2_trs_m0p3_v0p15_w500_minv0_20k_512,TRS 0.30/0.15,146.96448,6.97782678021325,34.1728213596344
2026-08-01_22-39-14_go2_trs_m0p3_v0p15_w500_minv0_20k_512,TRS 0.30/0.15,147.21024,6.989361616902881,34.24438165664673
2026-08-01_22-39-14_go2_trs_m0p3_v0p15_w500_minv0_20k_512,TRS 0.30/0.15,147.456,7.000994781454404,34.1215333366394
2026-08-01_22-39-14_go2_trs_m0p3_v0p15_w500_minv0_20k_512,TRS 0.30/0.15,147.70176,7.012630172371864,33.97092782974243
2026-08-01_22-39-14_go2_trs_m0p3_v0p15_w500_minv0_20k_512,TRS 0.30/0.15,147.94752,7.024404181904263,33.89806365966797
2026-08-01_22-39-14_go2_trs_m0p3_v0p15_w500_minv0_20k_512,TRS 0.30/0.15,148.19328,7.036082159943051,33.967123889923094
2026-08-01_22-39-14_go2_trs_m0p3_v0p15_w500_minv0_20k_512,TRS 0.30/0.15,148.43904,7.0478998131884465,33.923219776153566
2026-08-01_22-39-14_go2_trs_m0p3_v0p15_w500_minv0_20k_512,TRS 0.30/0.15,148.6848,7.059567221800486,33.974576473236084
2026-08-01_22-39-14_go2_trs_m0p3_v0p15_w500_minv0_20k_512,TRS 0.30/0.15,148.93056,7.0711819376548135,34.06656112670898
2026-08-01_22-39-14_go2_trs_m0p3_v0p15_w500_minv0_20k_512,TRS 0.30/0.15,149.17632,7.082571819954448,34.04238639831543
2026-08-01_22-39-14_go2_trs_m0p3_v0p15_w500_minv0_20k_512,TRS 0.30/0.15,149.42208,7.093549270166291,34.05155172348022
2026-08-01_22-39-14_go2_trs_m0p3_v0p15_w500_minv0_20k_512,TRS 0.30/0.15,149.66784,7.104407929314507,34.21917306900024
2026-08-01_22-39-14_go2_trs_m0p3_v0p15_w500_minv0_20k_512,TRS 0.30/0.15,149.9136,7.115539190239376,34.426587142944335
2026-08-01_22-39-14_go2_trs_m0p3_v0p15_w500_minv0_20k_512,TRS 0.30/0.15,150.15936,7.127197185887231,34.59301229476929
2026-08-01_22-39-14_go2_trs_m0p3_v0p15_w500_minv0_20k_512,TRS 0.30/0.15,150.40512,7.138859544793765,34.588265914916995
2026-08-01_22-39-14_go2_trs_m0p3_v0p15_w500_minv0_20k_512,TRS 0.30/0.15,150.65088,7.15057575252321,34.58770120620728
2026-08-01_22-39-14_go2_trs_m0p3_v0p15_w500_minv0_20k_512,TRS 0.30/0.15,150.89664,7.1623743491040335,34.796897659301756
2026-08-01_22-39-14_go2_trs_m0p3_v0p15_w500_minv0_20k_512,TRS 0.30/0.15,151.1424,7.1740773457951015,34.86652084350586
2026-08-01_22-39-14_go2_trs_m0p3_v0p15_w500_minv0_20k_512,TRS 0.30/0.15,151.38816,7.185752755668428,34.84728889465332
2026-08-01_22-39-14_go2_trs_m0p3_v0p15_w500_minv0_20k_512,TRS 0.30/0.15,151.63392,7.197563681138886,34.8951856803894
2026-08-01_22-39-14_go2_trs_m0p3_v0p15_w500_minv0_20k_512,TRS 0.30/0.15,151.87968,7.209213159283002,34.885249843597414
2026-08-01_22-39-14_go2_trs_m0p3_v0p15_w500_minv0_20k_512,TRS 0.30/0.15,152.12544,7.220397811863157,34.83196836471558
2026-08-01_22-39-14_go2_trs_m0p3_v0p15_w500_minv0_20k_512,TRS 0.30/0.15,152.3712,7.231357211735514,34.767497024536134
2026-08-01_22-39-14_go2_trs_m0p3_v0p15_w500_minv0_20k_512,TRS 0.30/0.15,152.61696,7.2423179802629685,34.79888952255249
2026-08-01_22-39-14_go2_trs_m0p3_v0p15_w500_minv0_20k_512,TRS 0.30/0.15,152.86272,7.253578184776836,34.89286735534668
2026-08-01_22-39-14_go2_trs_m0p3_v0p15_w500_minv0_20k_512,TRS 0.30/0.15,153.10848,7.265096093283759,34.980221347808836
2026-08-01_22-39-14_go2_trs_m0p3_v0p15_w500_minv0_20k_512,TRS 0.30/0.15,153.35424,7.276764446430736,34.92397850036621
2026-08-01_22-39-14_go2_trs_m0p3_v0p15_w500_minv0_20k_512,TRS 0.30/0.15,153.6,7.288607652915848,34.80421195983887
2026-08-01_22-39-14_go2_trs_m0p3_v0p15_w500_minv0_20k_512,TRS 0.30/0.15,153.84576,7.300932492017746,34.91973258972168
2026-08-01_22-39-14_go2_trs_m0p3_v0p15_w500_minv0_20k_512,TRS 0.30/0.15,154.09152,7.313109364708264,34.99289487838745
2026-08-01_22-39-14_go2_trs_m0p3_v0p15_w500_minv0_20k_512,TRS 0.30/0.15,154.33728,7.325369644496176,35.006352252960205
2026-08-01_22-39-14_go2_trs_m0p3_v0p15_w500_minv0_20k_512,TRS 0.30/0.15,154.58304,7.337088085876571,34.90713024139404
2026-08-01_22-39-14_go2_trs_m0p3_v0p15_w500_minv0_20k_512,TRS 0.30/0.15,154.8288,7.34876002324952,34.90784006118774
2026-08-01_22-39-14_go2_trs_m0p3_v0p15_w500_minv0_20k_512,TRS 0.30/0.15,155.07456,7.359834875067075,34.71204689025879
2026-08-01_22-39-14_go2_trs_m0p3_v0p15_w500_minv0_20k_512,TRS 0.30/0.15,155.32032,7.370855362084177,34.659231662750244
2026-08-01_22-39-14_go2_trs_m0p3_v0p15_w500_minv0_20k_512,TRS 0.30/0.15,155.56608,7.381959776745902,34.64779314041138
2026-08-01_22-39-14_go2_trs_m0p3_v0p15_w500_minv0_20k_512,TRS 0.30/0.15,155.81184,7.393562973936398,34.55110746383667
2026-08-01_22-39-14_go2_trs_m0p3_v0p15_w500_minv0_20k_512,TRS 0.30/0.15,156.0576,7.405311669243707,34.58500782012939
2026-08-01_22-39-14_go2_trs_m0p3_v0p15_w500_minv0_20k_512,TRS 0.30/0.15,156.30336,7.4169627999597125,34.56274465560913
2026-08-01_22-39-14_go2_trs_m0p3_v0p15_w500_minv0_20k_512,TRS 0.30/0.15,156.54912,7.428777538802889,34.60843755722046
2026-08-01_22-39-14_go2_trs_m0p3_v0p15_w500_minv0_20k_512,TRS 0.30/0.15,156.79488,7.440501373012861,34.64443939208984
2026-08-01_22-39-14_go2_trs_m0p3_v0p15_w500_minv0_20k_512,TRS 0.30/0.15,157.04064,7.452187191645304,34.744060039520264
2026-08-01_22-39-14_go2_trs_m0p3_v0p15_w500_minv0_20k_512,TRS 0.30/0.15,157.2864,7.463968738582399,34.56268093109131
2026-08-01_22-39-14_go2_trs_m0p3_v0p15_w500_minv0_20k_512,TRS 0.30/0.15,157.53216,7.475680653254191,34.758864612579345
2026-08-01_22-39-14_go2_trs_m0p3_v0p15_w500_minv0_20k_512,TRS 0.30/0.15,157.77792,7.487062940994899,34.59760907173157
2026-08-01_22-39-14_go2_trs_m0p3_v0p15_w500_minv0_20k_512,TRS 0.30/0.15,158.02368,7.497990128795306,34.45908935546875
2026-08-01_22-39-14_go2_trs_m0p3_v0p15_w500_minv0_20k_512,TRS 0.30/0.15,158.26944,7.509009535047743,34.53152961730957
2026-08-01_22-39-14_go2_trs_m0p3_v0p15_w500_minv0_20k_512,TRS 0.30/0.15,158.5152,7.520266323222055,34.6983899307251
2026-08-01_22-39-14_go2_trs_m0p3_v0p15_w500_minv0_20k_512,TRS 0.30/0.15,158.76096,7.531862833897272,34.72058494567871
2026-08-01_22-39-14_go2_trs_m0p3_v0p15_w500_minv0_20k_512,TRS 0.30/0.15,159.00672,7.543567409449153,34.66646845817566
2026-08-01_22-39-14_go2_trs_m0p3_v0p15_w500_minv0_20k_512,TRS 0.30/0.15,159.25248,7.555314483245214,34.57386449813843
2026-08-01_22-39-14_go2_trs_m0p3_v0p15_w500_minv0_20k_512,TRS 0.30/0.15,159.49824,7.567075574000676,34.5124794960022
2026-08-01_22-39-14_go2_trs_m0p3_v0p15_w500_minv0_20k_512,TRS 0.30/0.15,159.744,7.57880973815918,34.70902111053467
2026-08-01_22-39-14_go2_trs_m0p3_v0p15_w500_minv0_20k_512,TRS 0.30/0.15,159.98976,7.590485655334261,34.53349212646484
2026-08-01_22-39-14_go2_trs_m0p3_v0p15_w500_minv0_20k_512,TRS 0.30/0.15,160.23552,7.602157796223958,34.55982277870178
2026-08-01_22-39-14_go2_trs_m0p3_v0p15_w500_minv0_20k_512,TRS 0.30/0.15,160.48128,7.613711676862505,34.68457897186279
2026-08-01_22-39-14_go2_trs_m0p3_v0p15_w500_minv0_20k_512,TRS 0.30/0.15,160.72704,7.624735962947209,34.60965864181519
2026-08-01_22-39-14_go2_trs_m0p3_v0p15_w500_minv0_20k_512,TRS 0.30/0.15,160.9728,7.635721568995052,34.41899087905884
2026-08-01_22-39-14_go2_trs_m0p3_v0p15_w500_minv0_20k_512,TRS 0.30/0.15,161.21856,7.646625503698985,34.37394069671631
2026-08-01_22-39-14_go2_trs_m0p3_v0p15_w500_minv0_20k_512,TRS 0.30/0.15,161.46432,7.658342725038528,34.53187054634094
2026-08-01_22-39-14_go2_trs_m0p3_v0p15_w500_minv0_20k_512,TRS 0.30/0.15,161.71008,7.669939975142479,34.716777362823485
2026-08-01_22-39-14_go2_trs_m0p3_v0p15_w500_minv0_20k_512,TRS 0.30/0.15,161.95584,7.6815369046396675,34.78261709213257
2026-08-01_22-39-14_go2_trs_m0p3_v0p15_w500_minv0_20k_512,TRS 0.30/0.15,162.2016,7.693373165196842,34.77982921600342
2026-08-01_22-39-14_go2_trs_m0p3_v0p15_w500_minv0_20k_512,TRS 0.30/0.15,162.44736,7.705318685571353,34.91481143951416
2026-08-01_22-39-14_go2_trs_m0p3_v0p15_w500_minv0_20k_512,TRS 0.30/0.15,162.69312,7.717066968944337,34.998934268951416
2026-08-01_22-39-14_go2_trs_m0p3_v0p15_w500_minv0_20k_512,TRS 0.30/0.15,162.93888,7.728784830636449,34.853242568969726
2026-08-01_22-39-14_go2_trs_m0p3_v0p15_w500_minv0_20k_512,TRS 0.30/0.15,163.18464,7.740609096156226,34.858519287109374
2026-08-01_22-39-14_go2_trs_m0p3_v0p15_w500_minv0_20k_512,TRS 0.30/0.15,163.4304,7.752010666065746,34.82069299697876
2026-08-01_22-39-14_go2_trs_m0p3_v0p15_w500_minv0_20k_512,TRS 0.30/0.15,163.67616,7.763156948288282,34.86225133895874
2026-08-01_22-39-14_go2_trs_m0p3_v0p15_w500_minv0_20k_512,TRS 0.30/0.15,163.92192,7.774216945767403,34.77332778930664
2026-08-01_22-39-14_go2_trs_m0p3_v0p15_w500_minv0_20k_512,TRS 0.30/0.15,164.16768,7.785636938611666,34.55480855941772
2026-08-01_22-39-14_go2_trs_m0p3_v0p15_w500_minv0_20k_512,TRS 0.30/0.15,164.41344,7.797409009999699,34.54028329849243
2026-08-01_22-39-14_go2_trs_m0p3_v0p15_w500_minv0_20k_512,TRS 0.30/0.15,164.6592,7.809158111876911,34.45157794952392
2026-08-01_22-39-14_go2_trs_m0p3_v0p15_w500_minv0_20k_512,TRS 0.30/0.15,164.90496,7.820966858400239,34.38294095993042
2026-08-01_22-39-14_go2_trs_m0p3_v0p15_w500_minv0_20k_512,TRS 0.30/0.15,165.15072,7.832801116042667,34.38347974777221
2026-08-01_22-39-14_go2_trs_m0p3_v0p15_w500_minv0_20k_512,TRS 0.30/0.15,165.39648,7.844674241476588,34.53995048522949
2026-08-01_22-39-14_go2_trs_m0p3_v0p15_w500_minv0_20k_512,TRS 0.30/0.15,165.64224,7.85634839978483,34.58470705032349
2026-08-01_22-39-14_go2_trs_m0p3_v0p15_w500_minv0_20k_512,TRS 0.30/0.15,165.888,7.867990267475446,34.7598755645752
2026-08-01_22-39-14_go2_trs_m0p3_v0p15_w500_minv0_20k_512,TRS 0.30/0.15,166.13376,7.879576982657115,34.74574420928955
2026-08-01_22-39-14_go2_trs_m0p3_v0p15_w500_minv0_20k_512,TRS 0.30/0.15,166.37952,7.890596349504259,34.733598651885984
2026-08-01_22-39-14_go2_trs_m0p3_v0p15_w500_minv0_20k_512,TRS 0.30/0.15,166.62528,7.901697961423132,34.83582332611084
2026-08-01_22-39-14_go2_trs_m0p3_v0p15_w500_minv0_20k_512,TRS 0.30/0.15,166.87104,7.912840029199918,34.760257968902586
2026-08-01_22-39-14_go2_trs_m0p3_v0p15_w500_minv0_20k_512,TRS 0.30/0.15,167.1168,7.92452362967862,34.84709234237671
2026-08-01_22-39-14_go2_trs_m0p3_v0p15_w500_minv0_20k_512,TRS 0.30/0.15,167.36256,7.9362747471862365,34.69482850074768
2026-08-01_22-39-14_go2_trs_m0p3_v0p15_w500_minv0_20k_512,TRS 0.30/0.15,167.60832,7.948083658483293,34.63936629295349
2026-08-01_22-39-14_go2_trs_m0p3_v0p15_w500_minv0_20k_512,TRS 0.30/0.15,167.85408,7.959950196146965,34.49991414070129
2026-08-01_22-39-14_go2_trs_m0p3_v0p15_w500_minv0_20k_512,TRS 0.30/0.15,168.09984,7.9717168568902546,34.53395253181458
2026-08-01_22-39-14_go2_trs_m0p3_v0p15_w500_minv0_20k_512,TRS 0.30/0.15,168.3456,7.983616899649302,34.4818524646759
2026-08-01_22-39-14_go2_trs_m0p3_v0p15_w500_minv0_20k_512,TRS 0.30/0.15,168.59136,7.995364004174868,34.48406247138977
2026-08-01_22-39-14_go2_trs_m0p3_v0p15_w500_minv0_20k_512,TRS 0.30/0.15,168.83712,8.006981708274948,34.45531889915466
2026-08-01_22-39-14_go2_trs_m0p3_v0p15_w500_minv0_20k_512,TRS 0.30/0.15,169.08288,8.018380985591147,34.522417840957644
2026-08-01_22-39-14_go2_trs_m0p3_v0p15_w500_minv0_20k_512,TRS 0.30/0.15,169.32864,8.029286336567667,34.52170050621033
2026-08-01_22-39-14_go2_trs_m0p3_v0p15_w500_minv0_20k_512,TRS 0.30/0.15,169.5744,8.040255696177482,34.56882826805115
2026-08-01_22-39-14_go2_trs_m0p3_v0p15_w500_minv0_20k_512,TRS 0.30/0.15,169.82016,8.051770287354787,34.95234798431397
2026-08-01_22-39-14_go2_trs_m0p3_v0p15_w500_minv0_20k_512,TRS 0.30/0.15,170.06592,8.063383476071888,35.05884729385376
2026-08-01_22-39-14_go2_trs_m0p3_v0p15_w500_minv0_20k_512,TRS 0.30/0.15,170.31168,8.075088726745712,35.188429832458496
2026-08-01_22-39-14_go2_trs_m0p3_v0p15_w500_minv0_20k_512,TRS 0.30/0.15,170.55744,8.086742538279957,35.1632258605957
2026-08-01_22-39-14_go2_trs_m0p3_v0p15_w500_minv0_20k_512,TRS 0.30/0.15,170.8032,8.09862114171187,35.134858779907226
2026-08-01_22-39-14_go2_trs_m0p3_v0p15_w500_minv0_20k_512,TRS 0.30/0.15,171.04896,8.110385816428396,35.09029634475708
2026-08-01_22-39-14_go2_trs_m0p3_v0p15_w500_minv0_20k_512,TRS 0.30/0.15,171.29472,8.122166973021296,35.082060737609865
2026-08-01_22-39-14_go2_trs_m0p3_v0p15_w500_minv0_20k_512,TRS 0.30/0.15,171.54048,8.133903024792671,35.08308710098267
2026-08-01_22-39-14_go2_trs_m0p3_v0p15_w500_minv0_20k_512,TRS 0.30/0.15,171.78624,8.14572287665473,35.2033122253418
2026-08-01_22-39-14_go2_trs_m0p3_v0p15_w500_minv0_20k_512,TRS 0.30/0.15,172.032,8.156802663935556,35.2112565612793
2026-08-01_22-39-14_go2_trs_m0p3_v0p15_w500_minv0_20k_512,TRS 0.30/0.15,172.27776,8.167850108477804,35.10583345413208
2026-08-01_22-39-14_go2_trs_m0p3_v0p15_w500_minv0_20k_512,TRS 0.30/0.15,172.52352,8.178988014062245,35.08061040878296
2026-08-01_22-39-14_go2_trs_m0p3_v0p15_w500_minv0_20k_512,TRS 0.30/0.15,172.76928,8.190603671736188,34.898786525726315
2026-08-01_22-39-14_go2_trs_m0p3_v0p15_w500_minv0_20k_512,TRS 0.30/0.15,173.01504,8.20227912598186,34.92236722946167
2026-08-01_22-39-14_go2_trs_m0p3_v0p15_w500_minv0_20k_512,TRS 0.30/0.15,173.2608,8.214011112517781,34.887187805175785
2026-08-01_22-39-14_go2_trs_m0p3_v0p15_w500_minv0_20k_512,TRS 0.30/0.15,173.50656,8.225962473418978,34.9194065284729
2026-08-01_22-39-14_go2_trs_m0p3_v0p15_w500_minv0_20k_512,TRS 0.30/0.15,173.75232,8.237867087655598,34.854652938842776
2026-08-01_22-39-14_go2_trs_m0p3_v0p15_w500_minv0_20k_512,TRS 0.30/0.15,173.99808,8.249608802265591,34.765052471160885
2026-08-01_22-39-14_go2_trs_m0p3_v0p15_w500_minv0_20k_512,TRS 0.30/0.15,174.24384,8.261410478552182,34.90113191604614
2026-08-01_22-39-14_go2_trs_m0p3_v0p15_w500_minv0_20k_512,TRS 0.30/0.15,174.4896,8.273185233606233,34.93954710006714
2026-08-01_22-39-14_go2_trs_m0p3_v0p15_w500_minv0_20k_512,TRS 0.30/0.15,174.73536,8.284595997399753,34.96666147232056
2026-08-01_22-39-14_go2_trs_m0p3_v0p15_w500_minv0_20k_512,TRS 0.30/0.15,174.98112,8.295675263669755,35.0749347114563
2026-08-01_22-39-14_go2_trs_m0p3_v0p15_w500_minv0_20k_512,TRS 0.30/0.15,175.22688,8.306733387443755,35.27532199859619
2026-08-01_22-39-14_go2_trs_m0p3_v0p15_w500_minv0_20k_512,TRS 0.30/0.15,175.47264,8.317990667819977,35.24564847946167
2026-08-01_22-39-14_go2_trs_m0p3_v0p15_w500_minv0_20k_512,TRS 0.30/0.15,175.7184,8.329749940037727,35.241467514038085
2026-08-01_22-39-14_go2_trs_m0p3_v0p15_w500_minv0_20k_512,TRS 0.30/0.15,175.96416,8.341273491316372,35.310447692871094
2026-08-01_22-39-14_go2_trs_m0p3_v0p15_w500_minv0_20k_512,TRS 0.30/0.15,176.20992,8.353035456207063,35.44504270553589
2026-08-01_22-39-14_go2_trs_m0p3_v0p15_w500_minv0_20k_512,TRS 0.30/0.15,176.45568,8.365020809041129,35.3855376625061
2026-08-01_22-39-14_go2_trs_m0p3_v0p15_w500_minv0_20k_512,TRS 0.30/0.15,176.70144,8.376850532094638,35.1492299079895
2026-08-01_22-39-14_go2_trs_m0p3_v0p15_w500_minv0_20k_512,TRS 0.30/0.15,176.9472,8.388533383740318,35.04463653564453
2026-08-01_22-39-14_go2_trs_m0p3_v0p15_w500_minv0_20k_512,TRS 0.30/0.15,177.19296,8.40022755059931,34.8944808959961
2026-08-01_22-39-14_go2_trs_m0p3_v0p15_w500_minv0_20k_512,TRS 0.30/0.15,177.43872,8.411920893258518,34.80311687469482
2026-08-01_22-39-14_go2_trs_m0p3_v0p15_w500_minv0_20k_512,TRS 0.30/0.15,177.68448,8.423006760742929,34.764809112548825
2026-08-01_22-39-14_go2_trs_m0p3_v0p15_w500_minv0_20k_512,TRS 0.30/0.15,177.93024,8.434093275003963,34.75379697799683
2026-08-01_22-39-14_go2_trs_m0p3_v0p15_w500_minv0_20k_512,TRS 0.30/0.15,178.176,8.445073255300521,34.78320341110229
2026-08-01_22-39-14_go2_trs_m0p3_v0p15_w500_minv0_20k_512,TRS 0.30/0.15,178.42176,8.45666774670283,34.67868927001953
2026-08-01_22-39-14_go2_trs_m0p3_v0p15_w500_minv0_20k_512,TRS 0.30/0.15,178.66752,8.468401145935058,34.61037990570068
2026-08-01_22-39-14_go2_trs_m0p3_v0p15_w500_minv0_20k_512,TRS 0.30/0.15,178.91328,8.47997787753741,34.6254363822937
2026-08-01_22-39-14_go2_trs_m0p3_v0p15_w500_minv0_20k_512,TRS 0.30/0.15,179.15904,8.491794677641657,34.62231473922729
2026-08-01_22-39-14_go2_trs_m0p3_v0p15_w500_minv0_20k_512,TRS 0.30/0.15,179.4048,8.50356353018019,34.57800247192383
2026-08-01_22-39-14_go2_trs_m0p3_v0p15_w500_minv0_20k_512,TRS 0.30/0.15,179.65056,8.51531311293443,34.64030260086059
2026-08-01_22-39-14_go2_trs_m0p3_v0p15_w500_minv0_20k_512,TRS 0.30/0.15,179.89632,8.526964568297068,34.6748424911499
2026-08-01_22-39-14_go2_trs_m0p3_v0p15_w500_minv0_20k_512,TRS 0.30/0.15,180.14208,8.538633624050352,34.699271011352536
2026-08-01_22-39-14_go2_trs_m0p3_v0p15_w500_minv0_20k_512,TRS 0.30/0.15,180.38784,8.550127540296979,34.81230312347412
2026-08-01_22-39-14_go2_trs_m0p3_v0p15_w500_minv0_20k_512,TRS 0.30/0.15,180.6336,8.561173471212387,34.91932144165039
2026-08-01_22-39-14_go2_trs_m0p3_v0p15_w500_minv0_20k_512,TRS 0.30/0.15,180.87936,8.572101905345917,34.96174789428711
2026-08-01_22-39-14_go2_trs_m0p3_v0p15_w500_minv0_20k_512,TRS 0.30/0.15,181.12512,8.583320454888874,34.99088739395142
2026-08-01_22-39-14_go2_trs_m0p3_v0p15_w500_minv0_20k_512,TRS 0.30/0.15,181.37088,8.594859209855398,35.16047079086304
2026-08-01_22-39-14_go2_trs_m0p3_v0p15_w500_minv0_20k_512,TRS 0.30/0.15,181.61664,8.60643466187848,35.33434038162231
2026-08-01_22-39-14_go2_trs_m0p3_v0p15_w500_minv0_20k_512,TRS 0.30/0.15,181.8624,8.618226817515161,35.44612789154053
2026-08-01_22-39-14_go2_trs_m0p3_v0p15_w500_minv0_20k_512,TRS 0.30/0.15,182.10816,8.629933110674223,35.46547512054443
2026-08-01_22-39-14_go2_trs_m0p3_v0p15_w500_minv0_20k_512,TRS 0.30/0.15,182.35392,8.641714093287787,35.547958812713624
2026-08-01_22-39-14_go2_trs_m0p3_v0p15_w500_minv0_20k_512,TRS 0.30/0.15,182.59968,8.653535197907024,35.533503437042235
2026-08-01_22-39-14_go2_trs_m0p3_v0p15_w500_minv0_20k_512,TRS 0.30/0.15,182.84544,8.665300553772184,35.556262035369876
2026-08-01_22-39-14_go2_trs_m0p3_v0p15_w500_minv0_20k_512,TRS 0.30/0.15,183.0912,8.677001603444417,35.36015325546265
2026-08-01_22-39-14_go2_trs_m0p3_v0p15_w500_minv0_20k_512,TRS 0.30/0.15,183.33696,8.688283129864269,35.38932113647461
2026-08-01_22-39-14_go2_trs_m0p3_v0p15_w500_minv0_20k_512,TRS 0.30/0.15,183.58272,8.699241929915216,35.416996479034424
2026-08-01_22-39-14_go2_trs_m0p3_v0p15_w500_minv0_20k_512,TRS 0.30/0.15,183.82848,8.710219105879466,35.34929447174072
2026-08-01_22-39-14_go2_trs_m0p3_v0p15_w500_minv0_20k_512,TRS 0.30/0.15,184.07424,8.721781836880577,35.120683155059815
2026-08-01_22-39-14_go2_trs_m0p3_v0p15_w500_minv0_20k_512,TRS 0.30/0.15,184.32,8.733488511310684,34.80884550094604
2026-08-01_22-39-14_go2_trs_m0p3_v0p15_w500_minv0_20k_512,TRS 0.30/0.15,184.56576,8.745150051911672,34.62004400253296
2026-08-01_22-39-14_go2_trs_m0p3_v0p15_w500_minv0_20k_512,TRS 0.30/0.15,184.81152,8.757231661876043,34.5273443031311
2026-08-01_22-39-14_go2_trs_m0p3_v0p15_w500_minv0_20k_512,TRS 0.30/0.15,185.05728,8.769058409267002,34.360638494491575
2026-08-01_22-39-14_go2_trs_m0p3_v0p15_w500_minv0_20k_512,TRS 0.30/0.15,185.30304,8.780794016851319,34.2744344997406
2026-08-01_22-39-14_go2_trs_m0p3_v0p15_w500_minv0_20k_512,TRS 0.30/0.15,185.5488,8.792530709438854,34.25551283836365
2026-08-01_22-39-14_go2_trs_m0p3_v0p15_w500_minv0_20k_512,TRS 0.30/0.15,185.79456,8.80428739408652,34.28660742759705
2026-08-01_22-39-14_go2_trs_m0p3_v0p15_w500_minv0_20k_512,TRS 0.30/0.15,186.04032,8.815825204054514,34.28377177238465
2026-08-01_22-39-14_go2_trs_m0p3_v0p15_w500_minv0_20k_512,TRS 0.30/0.15,186.28608,8.826892038186392,34.19632462501526
2026-08-01_22-39-14_go2_trs_m0p3_v0p15_w500_minv0_20k_512,TRS 0.30/0.15,186.53184,8.837954731053776,34.33822226524353
2026-08-01_22-39-14_go2_trs_m0p3_v0p15_w500_minv0_20k_512,TRS 0.30/0.15,186.7776,8.84907052318255,34.662466554641725
2026-08-01_22-39-14_go2_trs_m0p3_v0p15_w500_minv0_20k_512,TRS 0.30/0.15,187.02336,8.86071771171358,34.925590906143185
2026-08-01_22-39-14_go2_trs_m0p3_v0p15_w500_minv0_20k_512,TRS 0.30/0.15,187.26912,8.872416297594706,34.96836945533752
2026-08-01_22-39-14_go2_trs_m0p3_v0p15_w500_minv0_20k_512,TRS 0.30/0.15,187.51488,8.884131501250797,35.07319688796997
2026-08-01_22-39-14_go2_trs_m0p3_v0p15_w500_minv0_20k_512,TRS 0.30/0.15,187.76064,8.895996393362681,35.20962692260742
2026-08-01_22-39-14_go2_trs_m0p3_v0p15_w500_minv0_20k_512,TRS 0.30/0.15,188.0064,8.907768946157562,35.364777126312255
2026-08-01_22-39-14_go2_trs_m0p3_v0p15_w500_minv0_20k_512,TRS 0.30/0.15,188.25216,8.919616377486124,35.484969806671145
2026-08-01_22-39-14_go2_trs_m0p3_v0p15_w500_minv0_20k_512,TRS 0.30/0.15,188.49792,8.931248160600662,35.336566638946536
2026-08-01_22-39-14_go2_trs_m0p3_v0p15_w500_minv0_20k_512,TRS 0.30/0.15,188.74368,8.942826204895972,35.47330921173096
2026-08-01_22-39-14_go2_trs_m0p3_v0p15_w500_minv0_20k_512,TRS 0.30/0.15,188.98944,8.954012782838609,35.47375436782837
2026-08-01_22-39-14_go2_trs_m0p3_v0p15_w500_minv0_20k_512,TRS 0.30/0.15,189.2352,8.964965225193236,35.511936817169186
2026-08-01_22-39-14_go2_trs_m0p3_v0p15_w500_minv0_20k_512,TRS 0.30/0.15,189.48096,8.975950016511812,35.47428506851196
2026-08-01_22-39-14_go2_trs_m0p3_v0p15_w500_minv0_20k_512,TRS 0.30/0.15,189.72672,8.987260287337833,35.46478540420532
2026-08-01_22-39-14_go2_trs_m0p3_v0p15_w500_minv0_20k_512,TRS 0.30/0.15,189.97248,8.998886621925566,35.650273609161374
2026-08-01_22-39-14_go2_trs_m0p3_v0p15_w500_minv0_20k_512,TRS 0.30/0.15,190.21824,9.010530633661482,35.49902053833008
2026-08-01_22-39-14_go2_trs_m0p3_v0p15_w500_minv0_20k_512,TRS 0.30/0.15,190.464,9.022228582037819,35.52065185546875
2026-08-01_22-39-14_go2_trs_m0p3_v0p15_w500_minv0_20k_512,TRS 0.30/0.15,190.70976,9.034057044121955,35.45654460906982
2026-08-01_22-39-14_go2_trs_m0p3_v0p15_w500_minv0_20k_512,TRS 0.30/0.15,190.95552,9.045794376664691,35.66042543411255
2026-08-01_22-39-14_go2_trs_m0p3_v0p15_w500_minv0_20k_512,TRS 0.30/0.15,191.20128,9.057412291102938,35.713220615386966
2026-08-01_22-39-14_go2_trs_m0p3_v0p15_w500_minv0_20k_512,TRS 0.30/0.15,191.44704,9.069031502538257,35.73374265670776
2026-08-01_22-39-14_go2_trs_m0p3_v0p15_w500_minv0_20k_512,TRS 0.30/0.15,191.6928,9.080774960650338,35.70101854324341
2026-08-01_22-39-14_go2_trs_m0p3_v0p15_w500_minv0_20k_512,TRS 0.30/0.15,191.93856,9.09166263990932,35.69587747573853
2026-08-01_22-39-14_go2_trs_m0p3_v0p15_w500_minv0_20k_512,TRS 0.30/0.15,192.18432,9.10260612991121,35.755659408569336
2026-08-01_22-39-14_go2_trs_m0p3_v0p15_w500_minv0_20k_512,TRS 0.30/0.15,192.43008,9.113627895845307,35.67756729125976
2026-08-01_22-39-14_go2_trs_m0p3_v0p15_w500_minv0_20k_512,TRS 0.30/0.15,192.67584,9.125281499558024,35.64663324356079
2026-08-01_22-39-14_go2_trs_m0p3_v0p15_w500_minv0_20k_512,TRS 0.30/0.15,192.9216,9.136980457901954,35.61254180908203
2026-08-01_22-39-14_go2_trs_m0p3_v0p15_w500_minv0_20k_512,TRS 0.30/0.15,193.16736,9.148899400697815,35.51315414428711
2026-08-01_22-39-14_go2_trs_m0p3_v0p15_w500_minv0_20k_512,TRS 0.30/0.15,193.41312,9.160590883890787,35.441034164428714
2026-08-01_22-39-14_go2_trs_m0p3_v0p15_w500_minv0_20k_512,TRS 0.30/0.15,193.65888,9.172463352481524,35.306081256866456
2026-08-01_22-39-14_go2_trs_m0p3_v0p15_w500_minv0_20k_512,TRS 0.30/0.15,193.90464,9.184276282853551,35.30957395553589
2026-08-01_22-39-14_go2_trs_m0p3_v0p15_w500_minv0_20k_512,TRS 0.30/0.15,194.1504,9.195917338397768,35.284582386016844
2026-08-01_22-39-14_go2_trs_m0p3_v0p15_w500_minv0_20k_512,TRS 0.30/0.15,194.39616,9.207597672144573,35.31624311447143
2026-08-01_22-39-14_go2_trs_m0p3_v0p15_w500_minv0_20k_512,TRS 0.30/0.15,194.64192,9.2189984016286,35.3461171913147
2026-08-01_22-39-14_go2_trs_m0p3_v0p15_w500_minv0_20k_512,TRS 0.30/0.15,194.88768,9.230020172860888,35.27389495849609
2026-08-01_22-39-14_go2_trs_m0p3_v0p15_w500_minv0_20k_512,TRS 0.30/0.15,195.13344,9.24088349574142,35.31869373321533
2026-08-01_22-39-14_go2_trs_m0p3_v0p15_w500_minv0_20k_512,TRS 0.30/0.15,195.3792,9.252183794842827,35.5248819732666
2026-08-01_22-39-14_go2_trs_m0p3_v0p15_w500_minv0_20k_512,TRS 0.30/0.15,195.62496,9.263781934711668,35.588204860687256
2026-08-01_22-39-14_go2_trs_m0p3_v0p15_w500_minv0_20k_512,TRS 0.30/0.15,195.87072,9.275340694652664,35.66598020553589
2026-08-01_22-39-14_go2_trs_m0p3_v0p15_w500_minv0_20k_512,TRS 0.30/0.15,196.11648,9.286891755726602,35.75608352661133
2026-08-01_22-39-14_go2_trs_m0p3_v0p15_w500_minv0_20k_512,TRS 0.30/0.15,196.36224,9.29865845779578,35.863299732208255
2026-08-01_22-39-14_go2_trs_m0p3_v0p15_w500_minv0_20k_512,TRS 0.30/0.15,196.608,9.307973726656702,35.94110006332397
2026-08-01_22-39-14_go2_trs_m0p3_v0p15_w500_minv0_20k_512,TRS 0.30/0.15,196.85376,9.316885409156482,35.96266160964966
2026-08-01_22-39-14_go2_trs_m0p3_v0p15_w500_minv0_20k_512,TRS 0.30/0.15,197.09952,9.3259803760714,35.885500049591066
2026-08-01_22-39-14_go2_trs_m0p3_v0p15_w500_minv0_20k_512,TRS 0.30/0.15,197.34528,9.335075161457063,35.99688756942749
2026-08-01_22-39-14_go2_trs_m0p3_v0p15_w500_minv0_20k_512,TRS 0.30/0.15,197.59104,9.344048437078794,36.00405117034912
2026-08-01_22-39-14_go2_trs_m0p3_v0p15_w500_minv0_20k_512,TRS 0.30/0.15,197.8368,9.352585931354099,35.835900115966794
2026-08-01_22-39-14_go2_trs_m0p3_v0p15_w500_minv0_20k_512,TRS 0.30/0.15,198.08256,9.36047216422028,35.81664442062378
2026-08-01_22-39-14_go2_trs_m0p3_v0p15_w500_minv0_20k_512,TRS 0.30/0.15,198.32832,9.368532621992959,35.87241268157959
2026-08-01_22-39-14_go2_trs_m0p3_v0p15_w500_minv0_20k_512,TRS 0.30/0.15,198.57408,9.376515688565043,35.92968900680542
2026-08-01_22-39-14_go2_trs_m0p3_v0p15_w500_minv0_20k_512,TRS 0.30/0.15,198.81984,9.3846484478977,35.86982099533081
2026-08-01_22-39-14_go2_trs_m0p3_v0p15_w500_minv0_20k_512,TRS 0.30/0.15,199.0656,9.393414692547585,35.85932029724121
2026-08-01_22-39-14_go2_trs_m0p3_v0p15_w500_minv0_20k_512,TRS 0.30/0.15,199.31136,9.40273573756218,35.85838529586792
2026-08-01_22-39-14_go2_trs_m0p3_v0p15_w500_minv0_20k_512,TRS 0.30/0.15,199.55712,9.411798456311226,35.68642204284668
2026-08-01_22-39-14_go2_trs_m0p3_v0p15_w500_minv0_20k_512,TRS 0.30/0.15,199.80288,9.42093641632133,35.60510591506958
2026-08-01_22-39-14_go2_trs_m0p3_v0p15_w500_minv0_20k_512,TRS 0.30/0.15,200.04864,9.429631238248612,35.51465190887451
2026-08-01_22-39-14_go2_trs_m0p3_v0p15_w500_minv0_20k_512,TRS 0.30/0.15,200.2944,9.438446829252772,35.537452125549315
2026-08-01_22-39-14_go2_trs_m0p3_v0p15_w500_minv0_20k_512,TRS 0.30/0.15,200.54016,9.447075607048141,35.53737201690674
2026-08-01_22-39-14_go2_trs_m0p3_v0p15_w500_minv0_20k_512,TRS 0.30/0.15,200.78592,9.45542312098874,35.54927154541016
2026-08-01_22-39-14_go2_trs_m0p3_v0p15_w500_minv0_20k_512,TRS 0.30/0.15,201.03168,9.46422742161486,35.50955890655518
2026-08-01_22-39-14_go2_trs_m0p3_v0p15_w500_minv0_20k_512,TRS 0.30/0.15,201.27744,9.473203404943149,35.53258493423462
2026-08-01_22-39-14_go2_trs_m0p3_v0p15_w500_minv0_20k_512,TRS 0.30/0.15,201.5232,9.482173729340236,35.48467199325562
2026-08-01_22-39-14_go2_trs_m0p3_v0p15_w500_minv0_20k_512,TRS 0.30/0.15,201.76896,9.490774838990635,35.56165761947632
2026-08-01_22-39-14_go2_trs_m0p3_v0p15_w500_minv0_20k_512,TRS 0.30/0.15,202.01472,9.499118809832467,35.84701528549194
2026-08-01_22-39-14_go2_trs_m0p3_v0p15_w500_minv0_20k_512,TRS 0.30/0.15,202.26048,9.507094415360028,35.96385723114014
2026-08-01_22-39-14_go2_trs_m0p3_v0p15_w500_minv0_20k_512,TRS 0.30/0.15,202.50624,9.51524650328689,36.143503494262696
2026-08-01_22-39-14_go2_trs_m0p3_v0p15_w500_minv0_20k_512,TRS 0.30/0.15,202.752,9.524150887793965,36.23167549133301
2026-08-01_22-39-14_go2_trs_m0p3_v0p15_w500_minv0_20k_512,TRS 0.30/0.15,202.99776,9.533483009470833,36.41366792678833
2026-08-01_22-39-14_go2_trs_m0p3_v0p15_w500_minv0_20k_512,TRS 0.30/0.15,203.24352,9.542675051225556,36.43269582748413
2026-08-01_22-39-14_go2_trs_m0p3_v0p15_w500_minv0_20k_512,TRS 0.30/0.15,203.48928,9.551684902707736,36.44949207305908
2026-08-01_22-39-14_go2_trs_m0p3_v0p15_w500_minv0_20k_512,TRS 0.30/0.15,203.73504,9.560425485306316,36.45451154708862
2026-08-01_22-39-14_go2_trs_m0p3_v0p15_w500_minv0_20k_512,TRS 0.30/0.15,203.9808,9.569422304696507,36.593909664154054
2026-08-01_22-39-14_go2_trs_m0p3_v0p15_w500_minv0_20k_512,TRS 0.30/0.15,204.22656,9.578355404138565,36.503677978515626
2026-08-01_22-39-14_go2_trs_m0p3_v0p15_w500_minv0_20k_512,TRS 0.30/0.15,204.47232,9.586769614749485,36.458507690429684
2026-08-01_22-39-14_go2_trs_m0p3_v0p15_w500_minv0_20k_512,TRS 0.30/0.15,204.71808,9.595766399701436,36.45173871994019
2026-08-01_22-39-14_go2_trs_m0p3_v0p15_w500_minv0_20k_512,TRS 0.30/0.15,204.96384,9.604751624133852,36.50269556045532
2026-08-01_22-39-14_go2_trs_m0p3_v0p15_w500_minv0_20k_512,TRS 0.30/0.15,205.2096,9.613804042869145,36.451025772094724
2026-08-01_22-39-14_go2_trs_m0p3_v0p15_w500_minv0_20k_512,TRS 0.30/0.15,205.45536,9.621823718878957,36.41810598373413
2026-08-01_22-39-14_go2_trs_m0p3_v0p15_w500_minv0_20k_512,TRS 0.30/0.15,205.70112,9.629634077482754,36.42981328964233
2026-08-01_22-39-14_go2_trs_m0p3_v0p15_w500_minv0_20k_512,TRS 0.30/0.15,205.94688,9.637549338870578,36.446998081207276
2026-08-01_22-39-14_go2_trs_m0p3_v0p15_w500_minv0_20k_512,TRS 0.30/0.15,206.19264,9.64545104920864,36.43910020828247
2026-08-01_22-39-14_go2_trs_m0p3_v0p15_w500_minv0_20k_512,TRS 0.30/0.15,206.4384,9.654107093148761,36.31295597076416
2026-08-01_22-39-14_go2_trs_m0p3_v0p15_w500_minv0_20k_512,TRS 0.30/0.15,206.68416,9.663362218870057,36.45822988510132
2026-08-01_22-39-14_go2_trs_m0p3_v0p15_w500_minv0_20k_512,TRS 0.30/0.15,206.92992,9.672391468683879,36.44017736434937
2026-08-01_22-39-14_go2_trs_m0p3_v0p15_w500_minv0_20k_512,TRS 0.30/0.15,207.17568,9.681576909555329,36.411124057769776
2026-08-01_22-39-14_go2_trs_m0p3_v0p15_w500_minv0_20k_512,TRS 0.30/0.15,207.42144,9.690416299833192,36.421253185272214
2026-08-01_22-39-14_go2_trs_m0p3_v0p15_w500_minv0_20k_512,TRS 0.30/0.15,207.6672,9.699462060994572,36.46107307434082
2026-08-01_22-39-14_go2_trs_m0p3_v0p15_w500_minv0_20k_512,TRS 0.30/0.15,207.91296,9.708507576651044,36.35215549468994
2026-08-01_22-39-14_go2_trs_m0p3_v0p15_w500_minv0_20k_512,TRS 0.30/0.15,208.15872,9.717206482224995,36.15653520584107
2026-08-01_22-39-14_go2_trs_m0p3_v0p15_w500_minv0_20k_512,TRS 0.30/0.15,208.40448,9.726318475140465,36.1064337348938
2026-08-01_22-39-14_go2_trs_m0p3_v0p15_w500_minv0_20k_512,TRS 0.30/0.15,208.65024,9.735201752583185,36.169405975341796
2026-08-01_22-39-14_go2_trs_m0p3_v0p15_w500_minv0_20k_512,TRS 0.30/0.15,208.896,9.74401078760624,36.092182655334476
2026-08-01_22-39-14_go2_trs_m0p3_v0p15_w500_minv0_20k_512,TRS 0.30/0.15,209.14176,9.752524093720648,35.851585941314696
2026-08-01_22-39-14_go2_trs_m0p3_v0p15_w500_minv0_20k_512,TRS 0.30/0.15,209.38752,9.760332046349843,35.78491817474365
2026-08-01_22-39-14_go2_trs_m0p3_v0p15_w500_minv0_20k_512,TRS 0.30/0.15,209.63328,9.768249985376993,35.78211570739746
2026-08-01_22-39-14_go2_trs_m0p3_v0p15_w500_minv0_20k_512,TRS 0.30/0.15,209.87904,9.776105734705926,35.71508785247803
2026-08-01_22-39-14_go2_trs_m0p3_v0p15_w500_minv0_20k_512,TRS 0.30/0.15,210.1248,9.78423256629043,35.71112842559815
2026-08-01_22-39-14_go2_trs_m0p3_v0p15_w500_minv0_20k_512,TRS 0.30/0.15,210.37056,9.793210976521173,35.71905384063721
2026-08-01_22-39-14_go2_trs_m0p3_v0p15_w500_minv0_20k_512,TRS 0.30/0.15,210.61632,9.802172575659222,35.86379846572876
2026-08-01_22-39-14_go2_trs_m0p3_v0p15_w500_minv0_20k_512,TRS 0.30/0.15,210.86208,9.8114298081398,35.96386535644531
2026-08-01_22-39-14_go2_trs_m0p3_v0p15_w500_minv0_20k_512,TRS 0.30/0.15,211.10784,9.82051224331061,35.90304599761963
2026-08-01_22-39-14_go2_trs_m0p3_v0p15_w500_minv0_20k_512,TRS 0.30/0.15,211.3536,9.829601914021705,36.056576309204104
2026-08-01_22-39-14_go2_trs_m0p3_v0p15_w500_minv0_20k_512,TRS 0.30/0.15,211.59936,9.83871025674873,36.289317531585695
2026-08-01_22-39-14_go2_trs_m0p3_v0p15_w500_minv0_20k_512,TRS 0.30/0.15,211.84512,9.847579225765335,36.33491367340088
2026-08-01_22-39-14_go2_trs_m0p3_v0p15_w500_minv0_20k_512,TRS 0.30/0.15,212.09088,9.856540856560072,36.350782279968264
2026-08-01_22-39-14_go2_trs_m0p3_v0p15_w500_minv0_20k_512,TRS 0.30/0.15,212.33664,9.865531763566866,36.28544338226318
2026-08-01_22-39-14_go2_trs_m0p3_v0p15_w500_minv0_20k_512,TRS 0.30/0.15,212.5824,9.874571131931411,36.15009592056274
2026-08-01_22-39-14_go2_trs_m0p3_v0p15_w500_minv0_20k_512,TRS 0.30/0.15,212.82816,9.883540178868506,36.09062170028687
2026-08-01_22-39-14_go2_trs_m0p3_v0p15_w500_minv0_20k_512,TRS 0.30/0.15,213.07392,9.891736334496073,36.061185111999514
2026-08-01_22-39-14_go2_trs_m0p3_v0p15_w500_minv0_20k_512,TRS 0.30/0.15,213.31968,9.89970989531941,35.893374881744386
2026-08-01_22-39-14_go2_trs_m0p3_v0p15_w500_minv0_20k_512,TRS 0.30/0.15,213.56544,9.907586515479618,35.85467267990112
2026-08-01_22-39-14_go2_trs_m0p3_v0p15_w500_minv0_20k_512,TRS 0.30/0.15,213.8112,9.915851819316545,35.75827478408814
2026-08-01_22-39-14_go2_trs_m0p3_v0p15_w500_minv0_20k_512,TRS 0.30/0.15,214.05696,9.925098696748416,35.64858161926269
2026-08-01_22-39-14_go2_trs_m0p3_v0p15_w500_minv0_20k_512,TRS 0.30/0.15,214.30272,9.934164494872093,35.69456768035889
2026-08-01_22-39-14_go2_trs_m0p3_v0p15_w500_minv0_20k_512,TRS 0.30/0.15,214.54848,9.943449989888403,35.78003772735596
2026-08-01_22-39-14_go2_trs_m0p3_v0p15_w500_minv0_20k_512,TRS 0.30/0.15,214.79424,9.952043970161014,35.91314128875732
2026-08-01_22-39-14_go2_trs_m0p3_v0p15_w500_minv0_20k_512,TRS 0.30/0.15,215.04,9.961073649393187,35.91056747436524
2026-08-01_22-39-14_go2_trs_m0p3_v0p15_w500_minv0_20k_512,TRS 0.30/0.15,215.28576,9.970223656694094,35.92388557434082
2026-08-01_22-39-14_go2_trs_m0p3_v0p15_w500_minv0_20k_512,TRS 0.30/0.15,215.53152,9.97888063510259,36.008367767333986
2026-08-01_22-39-14_go2_trs_m0p3_v0p15_w500_minv0_20k_512,TRS 0.30/0.15,215.77728,9.987807243069012,36.055375270843506
2026-08-01_22-39-14_go2_trs_m0p3_v0p15_w500_minv0_20k_512,TRS 0.30/0.15,216.02304,9.996708332697551,36.1776290512085
2026-08-01_22-39-14_go2_trs_m0p3_v0p15_w500_minv0_20k_512,TRS 0.30/0.15,216.2688,10.00575650466813,36.26038812637329
2026-08-01_22-39-14_go2_trs_m0p3_v0p15_w500_minv0_20k_512,TRS 0.30/0.15,216.51456,10.014840189350975,36.22908037185669
2026-08-01_22-39-14_go2_trs_m0p3_v0p15_w500_minv0_20k_512,TRS 0.30/0.15,216.76032,10.023407736553086,36.2409557723999
2026-08-01_22-39-14_go2_trs_m0p3_v0p15_w500_minv0_20k_512,TRS 0.30/0.15,217.00608,10.031484402285681,36.08763538360596
2026-08-01_22-39-14_go2_trs_m0p3_v0p15_w500_minv0_20k_512,TRS 0.30/0.15,217.25184,10.039372985495461,36.07976322174072
2026-08-01_22-39-14_go2_trs_m0p3_v0p15_w500_minv0_20k_512,TRS 0.30/0.15,217.4976,10.047321080565453,36.210858249664305
2026-08-01_22-39-14_go2_trs_m0p3_v0p15_w500_minv0_20k_512,TRS 0.30/0.15,217.74336,10.056458070145712,36.21915796279907
2026-08-01_22-39-14_go2_trs_m0p3_v0p15_w500_minv0_20k_512,TRS 0.30/0.15,217.98912,10.065592275659244,36.04604684829712
2026-08-01_22-39-14_go2_trs_m0p3_v0p15_w500_minv0_20k_512,TRS 0.30/0.15,218.23488,10.074824509620667,36.21354902267456
2026-08-01_22-39-14_go2_trs_m0p3_v0p15_w500_minv0_20k_512,TRS 0.30/0.15,218.48064,10.083810286124548,36.26116161346435
2026-08-01_22-39-14_go2_trs_m0p3_v0p15_w500_minv0_20k_512,TRS 0.30/0.15,218.7264,10.092743976646,36.11742872238159
2026-08-01_22-39-14_go2_trs_m0p3_v0p15_w500_minv0_20k_512,TRS 0.30/0.15,218.97216,10.101644246313308,35.86564852714539
2026-08-01_22-39-14_go2_trs_m0p3_v0p15_w500_minv0_20k_512,TRS 0.30/0.15,219.21792,10.11049156943957,35.9033514881134
2026-08-01_22-39-14_go2_trs_m0p3_v0p15_w500_minv0_20k_512,TRS 0.30/0.15,219.46368,10.119617836607826,35.952091207504274
2026-08-01_22-39-14_go2_trs_m0p3_v0p15_w500_minv0_20k_512,TRS 0.30/0.15,219.70944,10.128682596286138,35.84837162971497
2026-08-01_22-39-14_go2_trs_m0p3_v0p15_w500_minv0_20k_512,TRS 0.30/0.15,219.9552,10.137651317781872,35.8301362323761
2026-08-01_22-39-14_go2_trs_m0p3_v0p15_w500_minv0_20k_512,TRS 0.30/0.15,220.20096,10.146571295195155,35.95406880378723
2026-08-01_22-39-14_go2_trs_m0p3_v0p15_w500_minv0_20k_512,TRS 0.30/0.15,220.44672,10.154508491688304,36.139585161209105
2026-08-01_22-39-14_go2_trs_m0p3_v0p15_w500_minv0_20k_512,TRS 0.30/0.15,220.69248,10.162472017341189,35.89883278846741
2026-08-01_22-39-14_go2_trs_m0p3_v0p15_w500_minv0_20k_512,TRS 0.30/0.15,220.93824,10.170361765358184,35.727044858932494
2026-08-01_22-39-14_go2_trs_m0p3_v0p15_w500_minv0_20k_512,TRS 0.30/0.15,221.184,10.178349603613217,35.774131841659546
2026-08-01_22-39-14_go2_trs_m0p3_v0p15_w500_minv0_20k_512,TRS 0.30/0.15,221.42976,10.187169846163856,36.064407424926756
2026-08-01_22-39-14_go2_trs_m0p3_v0p15_w500_minv0_20k_512,TRS 0.30/0.15,221.67552,10.196152350770102,35.98914232254028
2026-08-01_22-39-14_go2_trs_m0p3_v0p15_w500_minv0_20k_512,TRS 0.30/0.15,221.92128,10.205106227530374,35.92111379623413
2026-08-01_22-39-14_go2_trs_m0p3_v0p15_w500_minv0_20k_512,TRS 0.30/0.15,222.16704,10.214584059649043,36.00564924240112
2026-08-01_22-39-14_go2_trs_m0p3_v0p15_w500_minv0_20k_512,TRS 0.30/0.15,222.4128,10.223443871272934,36.12393623352051
2026-08-01_22-39-14_go2_trs_m0p3_v0p15_w500_minv0_20k_512,TRS 0.30/0.15,222.65856,10.232529073821174,36.11224176406861
2026-08-01_22-39-14_go2_trs_m0p3_v0p15_w500_minv0_20k_512,TRS 0.30/0.15,222.90432,10.243014152116245,36.04438751220703
2026-08-01_22-39-14_go2_trs_m0p3_v0p15_w500_minv0_20k_512,TRS 0.30/0.15,223.15008,10.257373276750247,36.15756809234619
2026-08-01_22-39-14_go2_trs_m0p3_v0p15_w500_minv0_20k_512,TRS 0.30/0.15,223.39584,10.273139191468557,36.229291915893555
2026-08-01_22-39-14_go2_trs_m0p3_v0p15_w500_minv0_20k_512,TRS 0.30/0.15,223.6416,10.28584286140071,36.385607929229735
2026-08-01_22-39-14_go2_trs_m0p3_v0p15_w500_minv0_20k_512,TRS 0.30/0.15,223.88736,10.295164380206002,36.36705968856811
2026-08-01_22-39-14_go2_trs_m0p3_v0p15_w500_minv0_20k_512,TRS 0.30/0.15,224.13312,10.304023221996095,36.395124492645266
2026-08-01_22-39-14_go2_trs_m0p3_v0p15_w500_minv0_20k_512,TRS 0.30/0.15,224.37888,10.312558531165124,36.3885793876648
2026-08-01_22-39-14_go2_trs_m0p3_v0p15_w500_minv0_20k_512,TRS 0.30/0.15,224.62464,10.323353497187297,36.33272541046143
2026-08-01_22-39-14_go2_trs_m0p3_v0p15_w500_minv0_20k_512,TRS 0.30/0.15,224.8704,10.334766173958778,36.28446704864502
2026-08-01_22-39-14_go2_trs_m0p3_v0p15_w500_minv0_20k_512,TRS 0.30/0.15,225.11616,10.345881444745594,36.24007827758789
2026-08-01_22-39-14_go2_trs_m0p3_v0p15_w500_minv0_20k_512,TRS 0.30/0.15,225.36192,10.358130747477214,36.202655715942385
2026-08-01_22-39-14_go2_trs_m0p3_v0p15_w500_minv0_20k_512,TRS 0.30/0.15,225.60768,10.370109529429012,36.27909021377563
2026-08-01_22-39-14_go2_trs_m0p3_v0p15_w500_minv0_20k_512,TRS 0.30/0.15,225.85344,10.381994188759062,36.174734134674075
2026-08-01_22-39-14_go2_trs_m0p3_v0p15_w500_minv0_20k_512,TRS 0.30/0.15,226.0992,10.394051452742682,36.090096187591556
2026-08-01_22-39-14_go2_trs_m0p3_v0p15_w500_minv0_20k_512,TRS 0.30/0.15,226.34496,10.405877608127064,35.98511838912964
2026-08-01_22-39-14_go2_trs_m0p3_v0p15_w500_minv0_20k_512,TRS 0.30/0.15,226.59072,10.417881200379796,35.99206979751587
2026-08-01_22-39-14_go2_trs_m0p3_v0p15_w500_minv0_20k_512,TRS 0.30/0.15,226.83648,10.430191072358026,36.00207967758179
2026-08-01_22-39-14_go2_trs_m0p3_v0p15_w500_minv0_20k_512,TRS 0.30/0.15,227.08224,10.44235264453623,35.83566753387451
2026-08-01_22-39-14_go2_trs_m0p3_v0p15_w500_minv0_20k_512,TRS 0.30/0.15,227.328,10.453827511999343,35.634431743621825
2026-08-01_22-39-14_go2_trs_m0p3_v0p15_w500_minv0_20k_512,TRS 0.30/0.15,227.57376,10.464901407162348,35.52724586486816
2026-08-01_22-39-14_go2_trs_m0p3_v0p15_w500_minv0_20k_512,TRS 0.30/0.15,227.81952,10.476247154606714,35.62635293960571
2026-08-01_22-39-14_go2_trs_m0p3_v0p15_w500_minv0_20k_512,TRS 0.30/0.15,228.06528,10.48822681427002,35.61790672302246
2026-08-01_22-39-14_go2_trs_m0p3_v0p15_w500_minv0_20k_512,TRS 0.30/0.15,228.31104,10.499913821021716,35.5204412651062
2026-08-01_22-39-14_go2_trs_m0p3_v0p15_w500_minv0_20k_512,TRS 0.30/0.15,228.5568,10.511604147884581,35.4428558921814
2026-08-01_22-39-14_go2_trs_m0p3_v0p15_w500_minv0_20k_512,TRS 0.30/0.15,228.80256,10.52313627315892,35.49753458023071
2026-08-01_22-39-14_go2_trs_m0p3_v0p15_w500_minv0_20k_512,TRS 0.30/0.15,229.04832,10.534656893014908,35.502182960510254
2026-08-01_22-39-14_go2_trs_m0p3_v0p15_w500_minv0_20k_512,TRS 0.30/0.15,229.29408,10.54616746087869,35.57191858291626
2026-08-01_22-39-14_go2_trs_m0p3_v0p15_w500_minv0_20k_512,TRS 0.30/0.15,229.53984,10.5580517633756,35.80339601516724
2026-08-01_22-39-14_go2_trs_m0p3_v0p15_w500_minv0_20k_512,TRS 0.30/0.15,229.7856,10.569965310030513,35.927538032531736
2026-08-01_22-39-14_go2_trs_m0p3_v0p15_w500_minv0_20k_512,TRS 0.30/0.15,230.03136,10.581993338399464,36.01368242263794
2026-08-01_22-39-14_go2_trs_m0p3_v0p15_w500_minv0_20k_512,TRS 0.30/0.15,230.27712,10.593111558887694,35.91994752883911
2026-08-01_22-39-14_go2_trs_m0p3_v0p15_w500_minv0_20k_512,TRS 0.30/0.15,230.52288,10.60422229455577,35.875567264556885
2026-08-01_22-39-14_go2_trs_m0p3_v0p15_w500_minv0_20k_512,TRS 0.30/0.15,230.76864,10.61554863108529,35.9519047164917
2026-08-01_22-39-14_go2_trs_m0p3_v0p15_w500_minv0_20k_512,TRS 0.30/0.15,231.0144,10.62727753718694,35.93463035583496
2026-08-01_22-39-14_go2_trs_m0p3_v0p15_w500_minv0_20k_512,TRS 0.30/0.15,231.26016,10.638917203015751,35.90412900924682
2026-08-01_22-39-14_go2_trs_m0p3_v0p15_w500_minv0_20k_512,TRS 0.30/0.15,231.50592,10.650660820073552,35.801636142730715
2026-08-01_22-39-14_go2_trs_m0p3_v0p15_w500_minv0_20k_512,TRS 0.30/0.15,231.75168,10.662317413157886,35.7527180480957
2026-08-01_22-39-14_go2_trs_m0p3_v0p15_w500_minv0_20k_512,TRS 0.30/0.15,231.99744,10.67404931790299,35.744097480773924
2026-08-01_22-39-14_go2_trs_m0p3_v0p15_w500_minv0_20k_512,TRS 0.30/0.15,232.2432,10.685805441803403,35.83365692138672
2026-08-01_22-39-14_go2_trs_m0p3_v0p15_w500_minv0_20k_512,TRS 0.30/0.15,232.48896,10.697879482971297,35.79751783370972
2026-08-01_22-39-14_go2_trs_m0p3_v0p15_w500_minv0_20k_512,TRS 0.30/0.15,232.73472,10.70992912100421,35.86241655349731
2026-08-01_22-39-14_go2_trs_m0p3_v0p15_w500_minv0_20k_512,TRS 0.30/0.15,232.98048,10.721361637512842,35.84528926849365
2026-08-01_22-39-14_go2_trs_m0p3_v0p15_w500_minv0_20k_512,TRS 0.30/0.15,233.22624,10.732619625131289,35.92073190689087
2026-08-01_22-39-14_go2_trs_m0p3_v0p15_w500_minv0_20k_512,TRS 0.30/0.15,233.472,10.743856407337718,35.88412902832031
2026-08-01_22-39-14_go2_trs_m0p3_v0p15_w500_minv0_20k_512,TRS 0.30/0.15,233.71776,10.75576171345181,35.92734260559082
2026-08-01_22-39-14_go2_trs_m0p3_v0p15_w500_minv0_20k_512,TRS 0.30/0.15,233.96352,10.767573830220435,35.98602893829346
2026-08-01_22-39-14_go2_trs_m0p3_v0p15_w500_minv0_20k_512,TRS 0.30/0.15,234.20928,10.779355299340354,36.169064350128174
2026-08-01_22-39-14_go2_trs_m0p3_v0p15_w500_minv0_20k_512,TRS 0.30/0.15,234.45504,10.791086887518565,36.28604263305664
2026-08-01_22-39-14_go2_trs_m0p3_v0p15_w500_minv0_20k_512,TRS 0.30/0.15,234.7008,10.802755608624881,36.28657054901123
2026-08-01_22-39-14_go2_trs_m0p3_v0p15_w500_minv0_20k_512,TRS 0.30/0.15,234.94656,10.814462428490321,36.38265581130982
2026-08-01_22-39-14_go2_trs_m0p3_v0p15_w500_minv0_20k_512,TRS 0.30/0.15,235.19232,10.826470121807523,36.389532470703124
2026-08-01_22-39-14_go2_trs_m0p3_v0p15_w500_minv0_20k_512,TRS 0.30/0.15,235.43808,10.837061654660436,36.44038402557373
2026-08-01_22-39-14_go2_trs_m0p3_v0p15_w500_minv0_20k_512,TRS 0.30/0.15,235.68384,10.84659644815657,36.23109869003296
2026-08-01_22-39-14_go2_trs_m0p3_v0p15_w500_minv0_20k_512,TRS 0.30/0.15,235.9296,10.856105538540417,36.314290885925296
2026-08-01_22-39-14_go2_trs_m0p3_v0p15_w500_minv0_20k_512,TRS 0.30/0.15,236.17536,10.865658354759216,36.39291627883911
2026-08-01_22-39-14_go2_trs_m0p3_v0p15_w500_minv0_20k_512,TRS 0.30/0.15,236.42112,10.875115079085033,36.35378921508789
2026-08-01_22-39-14_go2_trs_m0p3_v0p15_w500_minv0_20k_512,TRS 0.30/0.15,236.66688,10.884519358674686,36.131457080841066
2026-08-01_22-39-14_go2_trs_m0p3_v0p15_w500_minv0_20k_512,TRS 0.30/0.15,236.91264,10.893982272810407,35.89780433654785
2026-08-01_22-39-14_go2_trs_m0p3_v0p15_w500_minv0_20k_512,TRS 0.30/0.15,237.1584,10.903392382330365,35.928998699188234
2026-08-01_22-39-14_go2_trs_m0p3_v0p15_w500_minv0_20k_512,TRS 0.30/0.15,237.40416,10.912799615661303,35.918479175567626
2026-08-01_22-39-14_go2_trs_m0p3_v0p15_w500_minv0_20k_512,TRS 0.30/0.15,237.64992,10.922273901833428,35.796896076202394
2026-08-01_22-39-14_go2_trs_m0p3_v0p15_w500_minv0_20k_512,TRS 0.30/0.15,237.89568,10.931698334283299,35.84473955154419
2026-08-01_22-39-14_go2_trs_m0p3_v0p15_w500_minv0_20k_512,TRS 0.30/0.15,238.14144,10.94104427145587,36.14519775390625
2026-08-01_22-39-14_go2_trs_m0p3_v0p15_w500_minv0_20k_512,TRS 0.30/0.15,238.3872,10.950536021656461,36.29205163955689
2026-08-01_22-39-14_go2_trs_m0p3_v0p15_w500_minv0_20k_512,TRS 0.30/0.15,238.63296,10.96001247677538,36.205181732177735
2026-08-01_22-39-14_go2_trs_m0p3_v0p15_w500_minv0_20k_512,TRS 0.30/0.15,238.87872,10.96940776877933,36.315381336212155
2026-08-01_22-39-14_go2_trs_m0p3_v0p15_w500_minv0_20k_512,TRS 0.30/0.15,239.12448,10.978859470817778,36.391928901672365
2026-08-01_22-39-14_go2_trs_m0p3_v0p15_w500_minv0_20k_512,TRS 0.30/0.15,239.37024,10.988299431999524,36.65013946533203
2026-08-01_22-39-14_go2_trs_m0p3_v0p15_w500_minv0_20k_512,TRS 0.30/0.15,239.616,10.997713532977635,36.607697849273684
2026-08-01_22-39-14_go2_trs_m0p3_v0p15_w500_minv0_20k_512,TRS 0.30/0.15,239.86176,11.00712046371566,36.67615737915039
2026-08-01_22-39-14_go2_trs_m0p3_v0p15_w500_minv0_20k_512,TRS 0.30/0.15,240.10752,11.016709597971705,36.88617790222168
2026-08-01_22-39-14_go2_trs_m0p3_v0p15_w500_minv0_20k_512,TRS 0.30/0.15,240.35328,11.026249084737566,36.74911651611328
2026-08-01_22-39-14_go2_trs_m0p3_v0p15_w500_minv0_20k_512,TRS 0.30/0.15,240.59904,11.035594562821919,36.581369132995604
2026-08-01_22-39-14_go2_trs_m0p3_v0p15_w500_minv0_20k_512,TRS 0.30/0.15,240.8448,11.044943605330255,36.46809328079224
2026-08-01_22-39-14_go2_trs_m0p3_v0p15_w500_minv0_20k_512,TRS 0.30/0.15,241.09056,11.054266346494357,36.566537914276125
2026-08-01_22-39-14_go2_trs_m0p3_v0p15_w500_minv0_20k_512,TRS 0.30/0.15,241.33632,11.063578442732494,36.36105175018311
2026-08-01_22-39-14_go2_trs_m0p3_v0p15_w500_minv0_20k_512,TRS 0.30/0.15,241.58208,11.072894284062915,36.344367027282715
2026-08-01_22-39-14_go2_trs_m0p3_v0p15_w500_minv0_20k_512,TRS 0.30/0.15,241.82784,11.082239015632206,36.259245529174805
2026-08-01_22-39-14_go2_trs_m0p3_v0p15_w500_minv0_20k_512,TRS 0.30/0.15,242.0736,11.091569341222446,36.093625202178956
2026-08-01_22-39-14_go2_trs_m0p3_v0p15_w500_minv0_20k_512,TRS 0.30/0.15,242.31936,11.100939127670394,35.96247339248657
2026-08-01_22-39-14_go2_trs_m0p3_v0p15_w500_minv0_20k_512,TRS 0.30/0.15,242.56512,11.110264397395982,35.737037525177
2026-08-01_22-39-14_go2_trs_m0p3_v0p15_w500_minv0_20k_512,TRS 0.30/0.15,242.81088,11.11951104429033,35.78235130310058
2026-08-01_22-39-14_go2_trs_m0p3_v0p15_w500_minv0_20k_512,TRS 0.30/0.15,243.05664,11.128855778111351,35.92269046783447
2026-08-01_22-39-14_go2_trs_m0p3_v0p15_w500_minv0_20k_512,TRS 0.30/0.15,243.3024,11.138234777847925,35.929177379608156
2026-08-01_22-39-14_go2_trs_m0p3_v0p15_w500_minv0_20k_512,TRS 0.30/0.15,243.54816,11.147566431495878,35.906974201202395
2026-08-01_22-39-14_go2_trs_m0p3_v0p15_w500_minv0_20k_512,TRS 0.30/0.15,243.79392,11.156887893279393,36.05606830596924
2026-08-01_22-39-14_go2_trs_m0p3_v0p15_w500_minv0_20k_512,TRS 0.30/0.15,244.03968,11.166183437837494,36.184045219421385
2026-08-01_22-39-14_go2_trs_m0p3_v0p15_w500_minv0_20k_512,TRS 0.30/0.15,244.28544,11.17546760406759,36.16938877105713
2026-08-01_22-39-14_go2_trs_m0p3_v0p15_w500_minv0_20k_512,TRS 0.30/0.15,244.5312,11.184838537308904,36.278438892364505
2026-08-01_22-39-14_go2_trs_m0p3_v0p15_w500_minv0_20k_512,TRS 0.30/0.15,244.77696,11.194189068476359,36.335863189697264
2026-08-01_22-39-14_go2_trs_m0p3_v0p15_w500_minv0_20k_512,TRS 0.30/0.15,245.02272,11.203531909717453,36.503259353637695
2026-08-01_22-39-14_go2_trs_m0p3_v0p15_w500_minv0_20k_512,TRS 0.30/0.15,245.26848,11.212853037317593,36.61916542053223
2026-08-01_22-39-14_go2_trs_m0p3_v0p15_w500_minv0_20k_512,TRS 0.30/0.15,245.51424,11.222252028452026,36.68880983352661
2026-08-01_22-39-14_go2_trs_m0p3_v0p15_w500_minv0_20k_512,TRS 0.30/0.15,245.747712,11.231155596971512,36.82582246780395
