cell_id,foot,contact_mean_force_n,vertical_impulse_ns,force_p95_n,force_p99_n,force_max_n,impact_event_count,impact_peak_mean_n,impact_peak_p95_n,impact_peak_max_n,impact_impulse_mean_ns,impact_impulse_p95_ns,impact_impulse_max_ns,agreement,agreement_boundary_excluded,false_swing_contact_fraction,missed_stance_contact_fraction,contact_precision,contact_recall,contact_f1,measured_duty_factor,commanded_duty_factor,sampled_desired_stance_fraction,desired_duty_factor,duty_factor_error,duty_factor_abs_error,touchdown_matched,touchdown_abs_error_mean_cycles,touchdown_abs_error_mean_s,touchdown_abs_error_median_cycles,touchdown_abs_error_median_s,touchdown_abs_error_p95_cycles,touchdown_abs_error_p95_s,touchdown_unmatched_expected,touchdown_unmatched_actual,touchdown_unmatched_fraction,touchdown_expected_unmatched_fraction,touchdown_actual_unmatched_fraction,touchdown_event_count,liftoff_matched,liftoff_abs_error_mean_cycles,liftoff_abs_error_mean_s,liftoff_abs_error_median_cycles,liftoff_abs_error_median_s,liftoff_abs_error_p95_cycles,liftoff_abs_error_p95_s,liftoff_unmatched_expected,liftoff_unmatched_actual,liftoff_unmatched_fraction,liftoff_expected_unmatched_fraction,liftoff_actual_unmatched_fraction,liftoff_event_count
gait_00_trot__vx_neg_1p5__seed_0042,fl,94.08158676940481,525.2665902614593,139.412890625,144.17852233886683,262.6214599609375,39,137.56968571589545,154.86092987060547,262.6214599609375,7.0761610529972945,8.020603759765626,10.19957977294922,0.7541666666666667,0.7720090293453724,0.3344370860927152,0.0,0.5826446280991735,1.0,0.7362924281984333,0.58125,0.333658903837204,0.33541666666666664,0.33541666666666664,0.24759109616279606,0.24759109616279606,39,0.05402418206899594,0.013294951943762935,0.05257919430732727,0.012939351134736793,0.09495266079902649,0.023367148079044334,0,0,0.0,0.0,0.0,39,22,0.17587488347833807,0.04328150902818227,0.1758747100830078,0.043281466356872966,0.19382495880126954,0.047698889905888435,16,17,0.6,0.42105263157894735,0.4358974358974359,39
gait_00_trot__vx_neg_1p5__seed_0042,fr,89.17099216399406,440.7356289577484,120.67626495361327,183.5105072021484,221.1477508544922,39,127.36014302571614,188.10878753662112,221.1477508544922,6.7495443921211455,8.357525329589844,8.886997680664063,0.8166666666666667,0.8484162895927602,0.22333333333333333,0.0,0.6794258373205742,1.0,0.8091168091168092,0.5145833333333333,0.333658903837204,0.33125,0.33125,0.1809244294961293,0.1809244294961293,39,0.06248547404240339,0.015377213365600504,0.061227113008499146,0.015067540015020302,0.09704673886299134,0.02388248521439133,0,0,0.0,0.0,0.0,39,39,0.11856846931653145,0.029178824023575134,0.11794662475585938,0.02902579267290948,0.15405864715576173,0.037912694501161734,0,0,0.0,0.0,0.0,39
gait_00_trot__vx_neg_1p5__seed_0042,rl,55.64596831851535,252.90373336337507,97.81362152099608,99.92990203857421,101.01822662353516,39,95.59872573461288,99.97782592773437,101.01822662353516,4.747126553853353,5.15893359375,5.203577575683594,0.8625,0.8981900452488688,0.15,0.0,0.7593582887700535,1.0,0.8632218844984804,0.46875,0.333658903837204,0.33125,0.33125,0.13509109616279602,0.13509109616279602,39,0.04998216797143985,0.012300242146687441,0.050484925508499146,0.012423967060949566,0.08557003140449523,0.021058152326973174,0,0,0.0,0.0,0.0,39,39,0.08522718380659054,0.0209737800669294,0.0642547607421875,0.015812621746579363,0.17106208801269532,0.04209711563284752,0,0,0.0,0.0,0.0,39
gait_00_trot__vx_neg_1p5__seed_0042,rr,66.40039118853483,263.6718690037727,104.37892150878898,151.93115188598637,221.87197875976562,39,102.94627752059546,154.27021636962894,221.87197875976562,4.898077441484499,6.213773498535157,7.4219909667968755,0.9229166666666667,0.9548532731376975,0.06622516556291391,0.0,0.8757763975155279,1.0,0.9337748344370861,0.4125,0.333658903837204,0.33541666666666664,0.33541666666666664,0.078841096162796,0.078841096162796,39,0.020716912471331082,0.005098279051735188,0.020364075899124146,0.005011448578938722,0.0402129352092743,0.009896106163017204,0,0,0.0,0.0,0.0,39,38,0.0860497324090255,0.021176203198978227,0.08573341369628906,0.021098359501513765,0.1200784683227539,0.029550423619423127,0,0,0.0,0.0,0.0,38
gait_00_trot__vx_neg_1p0__seed_0042,fl,93.97146827635103,515.0831428766251,132.4316566467285,138.3806788635254,173.3849639892578,31,132.91202963552166,141.16017150878906,173.3849639892578,7.012667782691216,7.574114990234375,8.488589935302734,0.8340163934426229,0.8654708520179372,0.21897810218978103,0.0,0.7413793103448276,1.0,0.8514851485148515,0.5614754098360656,0.39623603224754333,0.39549180327868855,0.39549180327868855,0.16523937758852225,0.16523937758852225,31,0.028175629915729646,0.00886843048403558,0.02829018235206604,0.008904486477156751,0.05571308732032776,0.017535992750795464,0,0,0.0,0.0,0.0,31,30,0.1370086669921875,0.04312421204298494,0.13657379150390625,0.042987332652938706,0.16388244628906248,0.051582878069280184,0,1,0.03225806451612903,0.0,0.03225806451612903,31
gait_00_trot__vx_neg_1p0__seed_0042,fr,79.17607547984859,390.1524998056889,107.83867454528809,108.92298851013183,110.68326568603516,31,107.08592839394846,109.16696166992188,110.68326568603516,5.80792558362407,6.087276458740234,6.123839569091797,0.8934426229508197,0.9247787610619469,0.12318840579710146,0.0,0.8380952380952381,1.0,0.9119170984455958,0.5040983606557377,0.39623603224754333,0.3975409836065574,0.3975409836065574,0.10786232840819432,0.10786232840819432,31,0.04046804962619659,0.012737535452013784,0.03969612717628479,0.012494568724860421,0.06929054856300354,0.02180957142642733,0,0,0.0,0.0,0.0,31,31,0.06752352560720136,0.021253391483189284,0.06931686401367188,0.021817854355526207,0.09865093231201172,0.03105090952752597,0,0,0.0,0.0,0.0,31
gait_00_trot__vx_neg_1p0__seed_0042,rl,50.41873827847567,288.80102182388305,83.05178642272949,85.60828437805176,86.61731719970703,31,82.43937289330268,85.79191207885742,86.61731719970703,4.5340550293460975,4.759083099365235,4.810893249511719,0.8114754098360656,0.8362831858407079,0.26811594202898553,0.0,0.704,1.0,0.8262910798122065,0.5860655737704918,0.39623603224754333,0.3975409836065574,0.3975409836065574,0.1898295415229485,0.1898295415229485,31,0.05071660299454966,0.015963322537555655,0.051998525857925415,0.016366814627483944,0.07915440201759338,0.024914272152848655,0,0,0.0,0.0,0.0,31,31,0.13926309154879662,0.04383380425162724,0.13901138305664062,0.04375457765503993,0.16834259033203125,0.05298673230473675,0,0,0.0,0.0,0.0,31
gait_00_trot__vx_neg_1p0__seed_0042,rr,59.06662959806909,275.4947552883625,96.47194519042968,100.271328125,108.81300354003906,31,95.29797683223602,100.42091751098633,108.81300354003906,4.725227958925309,5.166393127441406,5.405833282470703,0.9180327868852459,0.9573991031390134,0.06934306569343066,0.0,0.900523560209424,1.0,0.9476584022038568,0.4774590163934426,0.39623603224754333,0.39549180327868855,0.39549180327868855,0.08122298414589929,0.08122298414589929,31,0.020832274229295792,0.006557069935239859,0.017788320779800415,0.005598969277180765,0.045846372842788696,0.014430391502071203,0,0,0.0,0.0,0.0,31,30,0.0628774642944336,0.019791018790898725,0.06316757202148438,0.019882331752416403,0.0919264793395996,0.02893435192411599,0,1,0.03225806451612903,0.0,0.03225806451612903,31
gait_00_trot__vx_neg_0p5__seed_0042,fl,83.77231001131463,442.3394990539551,110.9893814086914,113.96159210205079,117.06987762451172,24,111.9426196416219,115.38288612365723,117.06987762451172,5.729179299672445,6.156732704162597,6.2810360717773435,0.9233954451345756,0.9617117117117117,0.07203389830508475,0.0,0.9244444444444444,1.0,0.9607390300230947,0.546583850931677,0.4705493450164795,0.4699792960662526,0.4699792960662526,0.07603450591519756,0.07603450591519756,24,0.013086060682932535,0.005268267360311244,0.012835502624511719,0.005167396145281425,0.02622570991516113,0.01055810873070721,0,0,0.0,0.0,0.0,24,23,0.07067294742750085,0.02845195289938537,0.07036209106445312,0.02832680641941181,0.09239921569824218,0.037198648544882126,0,1,0.041666666666666664,0.0,0.041666666666666664,24
gait_00_trot__vx_neg_0p5__seed_0042,fr,74.0609033088684,370.3481189346314,96.94116821289063,101.93486968994135,106.43107604980469,23,97.89941107708475,105.30384979248046,106.43107604980469,5.387879947164785,5.772171661376953,5.786314544677735,0.9544513457556936,0.9864864864864865,0.025423728813559324,0.0,0.9719626168224299,1.0,0.985781990521327,0.5175983436853002,0.4705493450164795,0.4720496894409938,0.4720496894409938,0.04704899866882073,0.04704899866882073,23,0.014750739802484926,0.005938444190712752,0.012093782424926758,0.004868789833371727,0.03252253532409668,0.013093123704215618,1,0,0.041666666666666664,0.041666666666666664,0.0,23,24,0.05690300464630127,0.022908364048222375,0.0575261116027832,0.02315921830607387,0.07807607650756836,0.03143235045688397,0,0,0.0,0.0,0.0,24
gait_00_trot__vx_neg_0p5__seed_0042,rl,60.521590498515536,339.625179142952,76.64721298217773,79.21864456176758,80.01776123046875,23,76.39266105320142,79.22316131591796,80.01776123046875,4.39601502791695,4.517497665405274,4.561585083007812,0.8923395445134575,0.9256756756756757,0.13983050847457626,0.0,0.8630705394190872,1.0,0.9265033407572383,0.5797101449275363,0.4705493450164795,0.4720496894409938,0.4720496894409938,0.10916079991105676,0.10916079991105676,20,0.016253852844238283,0.006543576748828995,0.013639688491821289,0.005491150272594641,0.03927655220031739,0.01581219765031099,4,3,0.25925925925925924,0.16666666666666666,0.13043478260869565,23,24,0.09209263324737549,0.03707522268294556,0.09199333190917969,0.03703524533517623,0.1132920265197754,0.045609805728326805,0,0,0.0,0.0,0.0,24
gait_00_trot__vx_neg_0p5__seed_0042,rr,54.69770846472067,297.72074594497684,79.89603652954102,80.94040077209473,82.38243103027344,24,79.49539852142334,81.9315200805664,82.38243103027344,4.169591687520345,4.614921264648437,4.713954925537109,0.906832298136646,0.9436936936936937,0.1059322033898305,0.0,0.8927038626609443,1.0,0.9433106575963719,0.5631469979296067,0.4705493450164795,0.4699792960662526,0.4699792960662526,0.09259765291312716,0.09259765291312716,24,0.03257624308268229,0.013114745706314468,0.032060861587524414,0.012907260231897413,0.05477395057678222,0.02205123627428396,0,0,0.0,0.0,0.0,24,23,0.05987329068391219,0.024104160198177807,0.0591888427734375,0.023828610919143053,0.08136901855468749,0.03275804346156799,0,1,0.041666666666666664,0.0,0.041666666666666664,24
gait_00_trot__vx_pos_0p5__seed_0042,fl,70.25972753868507,397.67005786895754,80.6875617980957,83.40049560546876,85.89767456054688,24,81.40146923065186,85.17076530456542,85.89767456054688,4.5428810278574625,4.762058265686035,4.826642456054688,0.8840579710144928,0.918918918918919,0.15254237288135594,0.0,0.8524590163934426,1.0,0.9203539823008848,0.5859213250517599,0.4705493450164795,0.4699792960662526,0.4699792960662526,0.11537198003528037,0.11537198003528037,24,0.061555822690327965,0.024781524354347436,0.062486886978149414,0.02515635798203179,0.08232111930847168,0.033141346080012284,0,0,0.0,0.0,0.0,24,23,0.05339336395263672,0.021495431160254933,0.052771568298339844,0.02124510481455886,0.07495098114013672,0.030174230208093376,0,1,0.041666666666666664,0.0,0.041666666666666664,24
gait_00_trot__vx_pos_0p5__seed_0042,fr,75.00375315654709,373.5186907196045,83.45433197021484,83.97889129638672,84.21672821044922,24,72.86106808980306,78.18635330200195,78.29161071777344,4.007358949979146,4.361472976684571,4.424124145507813,0.9565217391304348,0.9797297297297297,0.038135593220338986,0.0,0.9585253456221198,1.0,0.9788235294117648,0.515527950310559,0.4705493450164795,0.4720496894409938,0.4720496894409938,0.04497860529407949,0.04497860529407949,24,0.019244849681854248,0.0077477107809260535,0.018450498580932617,0.007427915994778469,0.03900036811828613,0.01570100975197727,0,0,0.0,0.0,0.0,24,24,0.06311293443044026,0.02540839604289846,0.06311321258544922,0.025408508024264764,0.08449563980102538,0.034016778008139445,0,0,0.0,0.0,0.0,24
gait_00_trot__vx_pos_0p5__seed_0042,rl,64.30682675863049,374.3941259670258,75.13606643676758,75.81931533813477,76.09918212890625,23,69.35451126098633,73.40701141357422,74.22563934326172,3.1935330681178873,3.623773384094238,3.6314480590820315,0.8695652173913043,0.9009009009009009,0.1864406779661017,0.0,0.8253968253968254,1.0,0.9043478260869565,0.6024844720496895,0.4705493450164795,0.4720496894409938,0.4720496894409938,0.13193512703320998,0.13193512703320998,20,0.04462366104125977,0.017964869845657684,0.046442270278930664,0.018697016816401752,0.06494755744934082,0.026146989940873836,4,3,0.25925925925925924,0.16666666666666666,0.13043478260869565,23,24,0.09002268314361572,0.03624188934961223,0.0903310775756836,0.03636604469016356,0.11182823181152343,0.04502050218843584,0,0,0.0,0.0,0.0,24
gait_00_trot__vx_pos_0p5__seed_0042,rr,62.39532583250719,339.58454421520236,71.44866714477538,73.16875869750977,74.15047454833984,24,66.56710545221965,74.06062660217285,74.15047454833984,3.3416947992642725,3.7403010978698727,3.7660325622558593,0.906832298136646,0.9436936936936937,0.1059322033898305,0.0,0.8927038626609443,1.0,0.9433106575963719,0.5631469979296067,0.4705493450164795,0.4699792960662526,0.4699792960662526,0.09259765291312716,0.09259765291312716,24,0.03878617286682129,0.015614777700990555,0.03847813606262207,0.01549076633648161,0.0611924648284912,0.024635241495815093,0,0,0.0,0.0,0.0,24,23,0.05339336395263672,0.021495431160254933,0.052771568298339844,0.02124510481455886,0.07495098114013672,0.030174230208093376,0,1,0.041666666666666664,0.0,0.041666666666666664,24
gait_00_trot__vx_pos_1p0__seed_0042,fl,74.60874271719423,435.71505746841433,84.20649909973145,87.23179382324216,89.09352111816406,31,82.81537406675277,88.49361038208008,89.09352111816406,4.5530126264018405,4.820312576293945,4.85471664428711,0.7971311475409836,0.8251121076233184,0.2846715328467153,0.0,0.688,1.0,0.8151658767772512,0.5983606557377049,0.39623603224754333,0.39549180327868855,0.39549180327868855,0.20212462349016158,0.20212462349016158,31,0.09568197784885284,0.03011641520226893,0.09490624070167542,0.029872247778711655,0.1245054304599762,0.03918875135078346,0,0,0.0,0.0,0.0,31,30,0.107356325785319,0.03379097876768526,0.10851669311523438,0.03415621060214925,0.1336520195007324,0.04206768925977067,0,1,0.03225806451612903,0.0,0.03225806451612903,31
gait_00_trot__vx_pos_1p0__seed_0042,fr,70.19045370513318,358.5121910995245,81.70782089233398,82.85433013916015,85.35238647460938,31,68.86931720856697,74.7056999206543,76.78524780273438,3.6896150256741427,4.243394393920898,4.434376983642578,0.875,0.9048672566371682,0.15579710144927536,0.0,0.8036529680365296,1.0,0.8911392405063291,0.5225409836065574,0.39623603224754333,0.3975409836065574,0.3975409836065574,0.1263049513590141,0.1263049513590141,31,0.035512436782160116,0.011177729756645953,0.03534546494483948,0.011125174476196195,0.07390633225440979,0.023262414075163596,0,0,0.0,0.0,0.0,31,31,0.09211995524744834,0.02899524950277613,0.09032440185546875,0.028430089451882093,0.1199188232421875,0.037745092153449004,0,0,0.0,0.0,0.0,31
gait_00_trot__vx_pos_1p0__seed_0042,rl,63.8622883407163,362.7377977752686,75.57361068725585,80.42279945373535,81.1058349609375,31,73.53310025122857,80.66134262084961,81.1058349609375,3.6333700721494617,4.19846492767334,4.230735626220703,0.8155737704918032,0.8407079646017699,0.2608695652173913,0.0,0.7096774193548387,1.0,0.8301886792452831,0.5819672131147541,0.39623603224754333,0.3975409836065574,0.3975409836065574,0.18573118086721074,0.18573118086721074,31,0.05686564887723615,0.017898767676381336,0.056347280740737915,0.01773560852794621,0.08594551682472229,0.027051811925917036,0,0,0.0,0.0,0.0,31,31,0.1290145997078188,0.0406080365321564,0.12978363037109375,0.04085009305397131,0.15540218353271484,0.04891366992855857,0,0,0.0,0.0,0.0,31
gait_00_trot__vx_pos_1p0__seed_0042,rr,67.0014525053702,365.92205680847167,73.94503631591796,75.45622619628907,76.65689849853516,31,72.20757761309224,75.87329483032227,76.65689849853516,3.9358960385476385,4.283771209716797,4.380780792236329,0.8360655737704918,0.8677130044843049,0.21532846715328466,0.0,0.7445887445887446,1.0,0.8535980148883374,0.5594262295081968,0.39623603224754333,0.39549180327868855,0.39549180327868855,0.16319019726065342,0.16319019726065342,31,0.05878714880635662,0.01850357007467557,0.06032600998878479,0.018987934877228795,0.08594551682472229,0.027051811925917036,0,0,0.0,0.0,0.0,31,30,0.105238405863444,0.03312435212423206,0.10634231567382812,0.03347181365191811,0.1313857078552246,0.0413543555262052,0,1,0.03225806451612903,0.0,0.03225806451612903,31
gait_00_trot__vx_pos_1p5__seed_0042,fl,74.10279650401732,419.42182821273803,84.82653884887695,89.70965896606451,107.11088562011719,39,84.79669189453125,95.64286499023437,107.11088562011719,4.6197293208195624,4.927795440673828,5.1511254882812505,0.7458333333333333,0.7629796839729119,0.347682119205298,0.0,0.573170731707317,1.0,0.7286821705426356,0.5895833333333333,0.333658903837204,0.33541666666666664,0.33541666666666664,0.25592442949612937,0.25592442949612937,39,0.08736580992356324,0.02150008014889114,0.0876171886920929,0.021561942606022202,0.12343681454658509,0.03037688780539323,0,0,0.0,0.0,0.0,39,33,0.16420497316302676,0.04040963034555938,0.16490936279296875,0.04058297542772654,0.19357528686523437,0.047637447487619985,5,6,0.25,0.13157894736842105,0.15384615384615385,39
gait_00_trot__vx_pos_1p5__seed_0042,fr,69.20749586843439,361.26312843322756,80.73089599609375,81.70487060546874,84.67816925048828,39,70.53813660450471,74.80184326171874,76.20410919189453,3.8426944253383546,4.317828216552734,4.384710083007812,0.7875,0.8167420814479638,0.27,0.0,0.6367713004484304,1.0,0.7780821917808218,0.54375,0.333658903837204,0.33125,0.33125,0.21009109616279598,0.21009109616279598,39,0.054149969266011164,0.013325907243323458,0.054215699434280396,0.013342082951958507,0.08930290341377259,0.02197678454082471,0,0,0.0,0.0,0.0,39,39,0.15607809409117088,0.038409665467329344,0.15626144409179688,0.03845478654744303,0.1920848846435547,0.04727067051561877,0,0,0.0,0.0,0.0,39
gait_00_trot__vx_pos_1p5__seed_0042,rl,66.6500131709235,373.2400737571716,82.42746505737304,85.00045036315913,97.8711929321289,39,78.9918686304337,86.7260856628418,97.8711929321289,4.221683044433593,4.617168701171876,4.74840316772461,0.7479166666666667,0.7737556561085973,0.3333333333333333,0.0,0.5867768595041323,1.0,0.7395833333333334,0.5833333333333334,0.333658903837204,0.33125,0.33125,0.2496744294961294,0.2496744294961294,39,0.05831772165420728,0.014351560304461981,0.05795028805732727,0.01426113761177216,0.09331596493721009,0.022964369323382385,0,0,0.0,0.0,0.0,39,24,0.1758748690287272,0.04328150547223982,0.1758737564086914,0.043281231664671786,0.1982729911804199,0.04879351780140346,15,15,0.5555555555555556,0.38461538461538464,0.38461538461538464,39
gait_00_trot__vx_pos_1p5__seed_0042,rr,67.22018069180575,369.71099380493166,75.70833816528321,77.19944839477539,82.93488311767578,39,75.3316153501853,78.34953918457032,82.93488311767578,4.034230815202763,4.460489685058595,4.593140869140625,0.7625,0.781038374717833,0.3211920529801324,0.0,0.592436974789916,1.0,0.7440633245382585,0.5729166666666666,0.333658903837204,0.33541666666666664,0.33541666666666664,0.23925776282946265,0.23925776282946265,39,0.08319820425449273,0.020474463194245108,0.08388641476631165,0.02064382671501326,0.11970604062080384,0.02945877191438429,0,0,0.0,0.0,0.0,39,38,0.15662670135498047,0.038544673660494265,0.1581287384033203,0.03891431387734986,0.19060840606689453,0.046907320049754744,0,1,0.02564102564102564,0.0,0.02564102564102564,39
gait_01_bound__vx_neg_1p5__seed_0042,fl,89.32321489179456,464.0484151297808,142.83342590332032,155.51591339111303,184.8826446533203,39,142.8652860201322,167.45832977294924,184.8826446533203,7.519183267446665,8.73656788635254,9.064659423828125,0.7958333333333333,0.8171557562076749,0.2682119205298013,0.0,0.6351351351351351,1.0,0.7768595041322314,0.5395833333333333,0.333658903837204,0.33541666666666664,0.33541666666666664,0.20592442949612932,0.20592442949612932,39,0.09153346449900897,0.02252570913903467,0.09134796261787415,0.022480058497031146,0.1271223843097687,0.03128387928606633,0,0,0.0,0.0,0.0,39,36,0.10744905471801758,0.026442418268440942,0.10698127746582031,0.026327301743763055,0.14866352081298828,0.03658499378065667,2,3,0.12195121951219512,0.05263157894736842,0.07692307692307693,39
gait_01_bound__vx_neg_1p5__seed_0042,fr,92.33279445857713,487.8685510379076,143.0533416748047,224.2944305419926,326.1136779785156,39,152.6241955879407,282.41871032714846,326.1136779785156,7.830541092310198,10.890302505493166,11.765738677978517,0.7854166666666667,0.8058690744920993,0.2847682119205298,0.0,0.6211453744493393,1.0,0.7663043478260869,0.55,0.333658903837204,0.33541666666666664,0.33541666666666664,0.21634109616279606,0.21634109616279606,39,0.07277879883081485,0.017910324523650056,0.07314804196357727,0.01800119252974724,0.10868576169013977,0.02674676271445,0,0,0.0,0.0,0.0,39,36,0.139067014058431,0.034223364390934624,0.13710403442382812,0.033740289610176256,0.17576122283935547,0.04325353798493276,2,3,0.12195121951219512,0.05263157894736842,0.07692307692307693,39
gait_01_bound__vx_neg_1p5__seed_0042,rl,61.28293168544769,236.38237996079027,103.19720497131348,108.78164337158212,159.10121154785156,42,96.1869451432001,106.31544151306151,159.10121154785156,4.416582560766311,4.959965545654296,6.216943054199219,0.9145833333333333,0.9389140271493213,0.09,0.0,0.8402366863905325,1.0,0.9131832797427653,0.4,0.333658903837204,0.33125,0.33125,0.06634109616279604,0.06634109616279604,39,0.031049267603800848,0.007640995289005393,0.029465943574905396,0.007251350946983032,0.06528556942939759,0.016066296146354058,0,3,0.07142857142857142,0.0,0.07142857142857142,42,39,0.032287940000876404,0.007945823411570086,0.03249359130859375,0.007996432678542092,0.0680307388305664,0.016741862047924147,0,3,0.07142857142857142,0.0,0.07142857142857142,42
gait_01_bound__vx_neg_1p5__seed_0042,rr,55.19850092796824,221.7636901920289,103.36861267089843,149.94744079589864,188.75181579589844,44,92.84825905886564,146.5794044494629,188.75181579589844,4.062236180955714,5.691818534851075,6.4625392913818365,0.9166666666666666,0.9570135746606335,0.06333333333333334,0.0,0.8819875776397516,1.0,0.9372937293729372,0.41458333333333336,0.333658903837204,0.33125,0.33125,0.08092442949612938,0.08092442949612938,39,0.024461115782077495,0.006019699815134758,0.020500868558883667,0.0050451122415452136,0.052589529752731325,0.012941894611467062,0,5,0.11363636363636363,0.0,0.11363636363636363,44,39,0.0873105953901242,0.02148649226027245,0.08573150634765625,0.02109789011711141,0.12159671783447266,0.029924053603698753,0,5,0.11363636363636363,0.0,0.11363636363636363,44
gait_01_bound__vx_neg_1p0__seed_0042,fl,91.12421701137836,474.1485783734918,147.19728469848633,150.10041931152347,173.38076782226562,31,146.27386573053175,157.6294403076172,173.38076782226562,7.916723145515689,8.754504241943359,9.084559936523437,0.8627049180327869,0.8968609865470852,0.1678832116788321,0.0,0.7889908256880734,1.0,0.882051282051282,0.5327868852459017,0.39623603224754333,0.39549180327868855,0.39549180327868855,0.13655085299835834,0.13655085299835834,31,0.052638102923670126,0.01656812493584989,0.051098257303237915,0.016083450276160174,0.08159390091896057,0.02568211750315183,0,0,0.0,0.0,0.0,31,30,0.08194020589192709,0.025791118848932384,0.08135986328125,0.02560845290268356,0.11322164535522461,0.035637119529327015,0,1,0.03225806451612903,0.0,0.03225806451612903,31
gait_01_bound__vx_neg_1p0__seed_0042,fr,89.21780818425692,464.02068924546245,139.77149963378906,154.5082603454597,216.03684997558594,31,142.75382355720765,187.4805679321289,216.03684997558594,7.739252019082348,9.064459915161134,9.621346435546876,0.8627049180327869,0.8968609865470852,0.1678832116788321,0.0,0.7889908256880734,1.0,0.882051282051282,0.5327868852459017,0.39623603224754333,0.39549180327868855,0.39549180327868855,0.13655085299835834,0.13655085299835834,31,0.046488995513608376,0.01463266043095318,0.0467475950717926,0.01471405602749595,0.07608070969581604,0.02394681102539473,0,0,0.0,0.0,0.0,31,30,0.09041220347086588,0.028457725480778854,0.09186267852783203,0.028914270276760523,0.11699790954589843,0.036825718916971846,0,1,0.03225806451612903,0.0,0.03225806451612903,31
gait_01_bound__vx_neg_1p0__seed_0042,rl,54.53928726772929,235.48683070898056,92.07389526367187,97.51440612792969,100.18316650390625,33,87.25137722130978,98.25482940673828,100.18316650390625,4.2385281637943155,4.933588317871094,5.047989501953125,0.9077868852459017,0.9402654867256637,0.08695652173913043,0.017045454545454544,0.8781725888324873,0.9829545454545454,0.9276139410187667,0.4405737704918033,0.39623603224754333,0.3975409836065574,0.3975409836065574,0.04433773824425996,0.04433773824425996,31,0.03226909618223867,0.01015687092465243,0.032268911600112915,0.010156812826439337,0.058788686990737915,0.018504054226451343,0,2,0.06060606060606061,0.0,0.06060606060606061,33,31,0.017528164771295363,0.005517083779559887,0.0162811279296875,0.005124572251906106,0.03882312774658203,0.012219787476736509,0,2,0.06060606060606061,0.0,0.06060606060606061,33
gait_01_bound__vx_neg_1p0__seed_0042,rr,53.78002815661223,223.5984440666437,98.28860397338867,101.36674453735351,148.77725219726562,32,95.12883907556534,101.56904792785645,148.77725219726562,4.520825972557068,5.012723220825195,6.067138824462891,0.9733606557377049,0.9977876106194691,0.0036231884057971015,0.0,0.9943502824858758,1.0,0.9971671388101983,0.42418032786885246,0.39623603224754333,0.3975409836065574,0.3975409836065574,0.027944295621309123,0.027944295621309123,31,0.018585596353776993,0.005849916035978287,0.01561775803565979,0.004915773023353546,0.03959903120994568,0.01246400724920454,0,1,0.03125,0.0,0.03125,32,31,0.038827773063413555,0.012221249615099338,0.03908538818359375,0.012302335354505615,0.0684194564819336,0.021535390526505375,0,1,0.03125,0.0,0.03125,32
gait_01_bound__vx_neg_0p5__seed_0042,fl,95.22425164695548,453.2674378395081,149.1704864501953,177.8868215942382,242.71908569335938,24,157.01821263631186,218.55629653930654,242.71908569335938,8.338311926523845,10.108820877075194,10.557728271484375,0.9730848861283644,0.9954954954954955,0.00847457627118644,0.0,0.9904761904761905,1.0,0.9952153110047847,0.4927536231884058,0.4705493450164795,0.4699792960662526,0.4699792960662526,0.022204278171926328,0.022204278171926328,24,0.0125581423441569,0.005055734725741636,0.012835502624511719,0.005167396145281425,0.023197150230407713,0.009338852414958151,0,0,0.0,0.0,0.0,24,22,0.02394602515480735,0.009640339120297655,0.024605751037597656,0.009905935652307456,0.044608020782470705,0.017958573293403977,1,1,0.08333333333333333,0.043478260869565216,0.043478260869565216,23
gait_01_bound__vx_neg_0p5__seed_0042,fr,91.57690592193603,457.94385528087616,141.9326629638672,162.51016632080047,221.668701171875,24,149.3664124806722,207.01893386840814,221.668701171875,8.076374886830648,9.628616287231443,10.019176635742188,0.9523809523809523,0.9932432432432432,0.012711864406779662,0.0,0.985781990521327,1.0,0.9928400954653938,0.5175983436853002,0.4705493450164795,0.4699792960662526,0.4699792960662526,0.04704899866882073,0.04704899866882073,24,0.0125581423441569,0.005055734725741636,0.012835502624511719,0.005167396145281425,0.023197150230407713,0.009338852414958151,0,0,0.0,0.0,0.0,24,23,0.04691335429315981,0.018886668736583102,0.04635429382324219,0.01866159870997466,0.0685342788696289,0.02759095446517699,0,1,0.041666666666666664,0.0,0.041666666666666664,24
gait_01_bound__vx_neg_0p5__seed_0042,rl,48.77440747365295,243.27815609008076,78.85624847412107,85.68615432739257,86.18641662597656,26,73.14535155663124,86.04788017272949,86.18641662597656,3.7060029081197885,4.401870155334473,4.418522033691406,0.9109730848861284,0.9481981981981982,0.08898305084745763,0.009615384615384616,0.9074889867841409,0.9903846153846154,0.9471264367816091,0.5113871635610766,0.4705493450164795,0.4720496894409938,0.4720496894409938,0.040837818544597115,0.040837818544597115,20,0.032203960418701175,0.012964869845657683,0.03205990791320801,0.01290687629578438,0.05377421379089355,0.02164875604699378,4,6,0.3333333333333333,0.16666666666666666,0.23076923076923078,26,24,0.012419700622558594,0.005,0.012835025787353516,0.00516720417722491,0.022624111175537108,0.009108154803040773,0,3,0.1111111111111111,0.0,0.1111111111111111,27
gait_01_bound__vx_neg_0p5__seed_0042,rr,46.085439216131455,242.92131377324463,74.71501159667969,84.31018829345703,86.22100830078125,24,74.62778846422832,84.58899574279785,86.22100830078125,3.739386265277863,4.431966430664062,4.483067474365234,0.927536231884058,0.9481981981981982,0.09745762711864407,0.0,0.9004329004329005,1.0,0.9476082004555808,0.5403726708074534,0.4705493450164795,0.4720496894409938,0.4720496894409938,0.06982332579097394,0.06982332579097394,20,0.032203960418701175,0.012964869845657683,0.03205990791320801,0.01290687629578438,0.05377421379089355,0.02164875604699378,4,4,0.2857142857142857,0.16666666666666666,0.16666666666666666,24,24,0.036351799964904785,0.01463473278046533,0.025438308715820312,0.010241111878983336,0.08590774536132811,0.034585272210704135,0,1,0.04,0.0,0.04,25
gait_01_bound__vx_pos_0p5__seed_0042,fl,73.62854699599437,344.58159994125367,101.68742866516114,107.91136016845698,109.54550170898438,24,101.43222204844157,109.44476280212402,109.54550170898438,5.44337249437968,5.635860122680664,5.647366943359375,0.9813664596273292,0.9954954954954955,0.00847457627118644,0.0,0.9904761904761905,1.0,0.9952153110047847,0.484472049689441,0.4705493450164795,0.4699792960662526,0.4699792960662526,0.013922704672961528,0.013922704672961528,24,0.02745234966278076,0.01105193695769024,0.028075456619262695,0.011302791215541733,0.04862542152404785,0.019575923366351836,0,0,0.0,0.0,0.0,24,23,0.042593375496242356,0.017147504916051534,0.04302978515625,0.01732319741994932,0.07447547912597656,0.02998279966213622,0,0,0.0,0.0,0.0,23
gait_01_bound__vx_pos_0p5__seed_0042,fr,73.76009453688899,365.9449110126495,102.77685356140137,108.00919845581055,108.36363983154297,24,103.68369229634602,108.28663177490235,108.36363983154297,5.490451033910116,5.806359542846679,5.842575378417969,0.9565217391304348,0.990990990990991,0.01694915254237288,0.0,0.9811320754716981,1.0,0.9904761904761905,0.5134575569358178,0.4705493450164795,0.4699792960662526,0.4699792960662526,0.04290821191933836,0.04290821191933836,24,0.015382309754689535,0.0061927055337991765,0.013666152954101562,0.005501804499731245,0.03269848823547363,0.0131639599170698,0,0,0.0,0.0,0.0,24,23,0.05339336395263672,0.021495431160254933,0.052771568298339844,0.02124510481455886,0.07495098114013672,0.030174230208093376,0,1,0.041666666666666664,0.0,0.041666666666666664,24
gait_01_bound__vx_pos_0p5__seed_0042,rl,63.057212594437274,368.8806120252609,93.30625343322754,98.82722419738748,132.8052978515625,24,93.96877392133077,123.86370010375973,132.8052978515625,4.6361706876754765,5.518259422302245,5.692300415039063,0.8674948240165632,0.8986486486486487,0.1906779661016949,0.0,0.8221343873517787,1.0,0.9023861171366594,0.6045548654244306,0.4705493450164795,0.4720496894409938,0.4720496894409938,0.1340055204079511,0.1340055204079511,21,0.04574581554957798,0.018416633757856977,0.04727292060852051,0.01903142517085157,0.0665276050567627,0.026783095292943253,3,3,0.2222222222222222,0.125,0.125,24,24,0.09002244472503662,0.03624179336558397,0.0903310775756836,0.03636604469016356,0.13037014007568357,0.052485218459648306,0,0,0.0,0.0,0.0,24
gait_01_bound__vx_pos_0p5__seed_0042,rr,61.95757073339294,337.49572542995213,85.46283721923828,139.38632339477545,164.01486206054688,23,98.24964241359545,158.3853103637695,164.01486206054688,4.660718562084696,6.213136672973633,6.325318145751953,0.9089026915113871,0.9436936936936937,0.1059322033898305,0.0,0.8927038626609443,1.0,0.9433106575963719,0.5631469979296067,0.4705493450164795,0.4720496894409938,0.4720496894409938,0.09259765291312716,0.09259765291312716,20,0.029720211029052736,0.011964946632880289,0.027189016342163086,0.010945922598479613,0.052112913131713866,0.02097993933809414,4,3,0.25925925925925924,0.16666666666666666,0.13043478260869565,23,24,0.06311293443044026,0.02540839604289846,0.06311321258544922,0.025408508024264764,0.08449563980102538,0.034016778008139445,0,0,0.0,0.0,0.0,24
gait_01_bound__vx_pos_1p0__seed_0042,fl,69.69738003851353,363.8203238010407,97.29236602783203,100.21257019042969,100.74276733398438,31,96.30799521169355,100.32916641235352,100.74276733398438,4.8595996561358055,5.234558563232422,5.258570556640625,0.860655737704918,0.8946188340807175,0.17153284671532848,0.0,0.7853881278538812,1.0,0.8797953964194373,0.5348360655737705,0.39623603224754333,0.39549180327868855,0.39549180327868855,0.13860003332622717,0.13860003332622717,31,0.034190657638734384,0.010761692689017695,0.03317108750343323,0.010440777525965061,0.06250134110450745,0.019672632001560907,0,0,0.0,0.0,0.0,31,30,0.10523834228515624,0.033124332112625325,0.10634231567382812,0.03347181365191811,0.15546684265136718,0.048934021732604915,0,1,0.03225806451612903,0.0,0.03225806451612903,31
gait_01_bound__vx_pos_1p0__seed_0042,fr,67.98119134155672,364.47565625667573,95.89823417663574,118.32195159912028,198.41937255859375,31,99.91849443989415,152.73902130126953,198.41937255859375,4.839490385978452,6.230812683105469,7.110303344726563,0.8463114754098361,0.8789237668161435,0.19708029197080293,0.0,0.7610619469026548,1.0,0.8643216080402011,0.5491803278688525,0.39623603224754333,0.39549180327868855,0.39549180327868855,0.15294429562130918,0.15294429562130918,31,0.03214093465958872,0.010116531398695115,0.031368643045425415,0.009873448475115568,0.060963064432144165,0.019188451176682476,0,0,0.0,0.0,0.0,31,30,0.12006460825602214,0.03779097876768526,0.1199188232421875,0.037745092153449004,0.1503061294555664,0.04730965960256949,0,1,0.03225806451612903,0.0,0.03225806451612903,31
gait_01_bound__vx_pos_1p0__seed_0042,rl,66.72686232091658,383.0121897220612,99.13479003906247,207.85763854980468,216.3455047607422,30,109.73274383544921,213.2090637207031,216.3455047607422,5.126543849945068,7.419524063110352,7.491473693847657,0.8094262295081968,0.834070796460177,0.2717391304347826,0.0,0.701195219123506,1.0,0.8243559718969555,0.5881147540983607,0.39623603224754333,0.3975409836065574,0.3975409836065574,0.19187872185081734,0.19187872185081734,30,0.0726567010084788,0.022869085944848017,0.07236805558204651,0.022778233250285166,0.10115042328834534,0.031837637704868825,1,0,0.03225806451612903,0.03225806451612903,0.0,30,31,0.11876623092159148,0.03738230754482762,0.11928176879882812,0.03754457585399532,0.15015125274658203,0.047260911328570576,0,0,0.0,0.0,0.0,31
gait_01_bound__vx_pos_1p0__seed_0042,rr,64.82030026865941,330.9284413602948,91.6151168823242,125.05760635376016,210.26968383789062,31,98.88914858910346,155.00869750976562,210.26968383789062,5.016304163778982,6.256558532714844,7.298414306640625,0.875,0.9048672566371682,0.15579710144927536,0.0,0.8036529680365296,1.0,0.8911392405063291,0.5225409836065574,0.39623603224754333,0.3975409836065574,0.3975409836065574,0.1263049513590141,0.1263049513590141,31,0.03028653610137201,0.009532849516429208,0.029194265604019165,0.009189051524884435,0.05724945664405823,0.018019573227471934,0,0,0.0,0.0,0.0,31,31,0.09621946273311492,0.030285591449492322,0.09647750854492188,0.030366812751395814,0.12517070770263672,0.03939815092753798,0,0,0.0,0.0,0.0,31
gait_01_bound__vx_pos_1p5__seed_0042,fl,70.74508830379037,384.9521284675598,98.94038581848142,169.35583328247145,215.08648681640625,39,108.65799732697316,196.50392913818362,215.08648681640625,5.047080035087389,6.980477905273438,7.349842834472656,0.76875,0.7878103837471784,0.31125827814569534,0.0,0.6,1.0,0.7499999999999999,0.5666666666666667,0.333658903837204,0.33541666666666664,0.33541666666666664,0.23300776282946267,0.23300776282946267,39,0.06235954012626257,0.01534622195954749,0.06286361813545227,0.015470271832242016,0.09794872403144836,0.024104457098265624,0,0,0.0,0.0,0.0,39,32,0.1601988673210144,0.03942375730479476,0.1634979248046875,0.040235630969982866,0.1915914535522461,0.04714924077072919,6,7,0.28888888888888886,0.15789473684210525,0.1794871794871795,39
gait_01_bound__vx_pos_1p5__seed_0042,fr,70.32316428603548,371.30630743026734,99.76727218627929,216.2890158081055,229.04034423828125,39,123.90469242976262,219.59903411865236,229.04034423828125,5.3120152537028,7.399670745849609,7.585781860351562,0.7854166666666667,0.8058690744920993,0.2847682119205298,0.0,0.6211453744493393,1.0,0.7663043478260869,0.55,0.333658903837204,0.33541666666666664,0.33541666666666664,0.21634109616279606,0.21634109616279606,39,0.041554998893004194,0.010226378117118629,0.041840821504592896,0.01029671694947077,0.07692459225654602,0.01893057364641273,0,0,0.0,0.0,0.0,39,30,0.16279703776041668,0.040063147848263675,0.16677474975585938,0.04104203337323101,0.19364337921142577,0.04765420451078411,8,9,0.3617021276595745,0.21052631578947367,0.23076923076923078,39
gait_01_bound__vx_pos_1p5__seed_0042,rl,69.93234382485444,370.68534077644347,101.79740295410156,154.24514709472805,228.8229522705078,38,107.23243291754471,131.45484390258773,228.8229522705078,5.13719138296027,5.8124727325439425,7.597624816894531,0.7791666666666667,0.8076923076923077,0.2833333333333333,0.0,0.6255506607929515,1.0,0.7696476964769647,0.5520833333333334,0.333658903837204,0.33125,0.33125,0.2184244294961294,0.2184244294961294,38,0.08456884402977793,0.020811767513287904,0.08411243557929993,0.020699448766692483,0.1210867702960968,0.029798559283250016,1,0,0.02564102564102564,0.02564102564102564,0.0,38,36,0.12601465649074978,0.031011275656421047,0.12286186218261719,0.03023539627778169,0.16338586807250977,0.040208054636344435,3,3,0.14285714285714285,0.07692307692307693,0.07692307692307693,39
gait_01_bound__vx_pos_1p5__seed_0042,rr,68.93753944567548,339.3496933066845,104.63472366333008,161.77796249389695,215.4224853515625,40,104.39571542739868,181.36343460083003,215.4224853515625,4.956429134368896,6.5701938858032225,7.305386657714844,0.81875,0.8506787330316742,0.22,0.0,0.6826923076923077,1.0,0.8114285714285714,0.5125,0.333658903837204,0.33125,0.33125,0.17884109616279598,0.17884109616279598,39,0.04998226578419025,0.012300266217682434,0.050484925508499146,0.012423967060949566,0.0863049328327179,0.02123900613720106,0,1,0.025,0.0,0.025,40,39,0.12690392518654847,0.03123011811035468,0.12495613098144531,0.030750780351568918,0.16331806182861328,0.04019136802084067,0,1,0.025,0.0,0.025,40
gait_02_half_bound__vx_neg_1p5__seed_0042,fl,96.36211621664404,475.75208499073983,147.244873046875,150.74710922241212,151.63558959960938,39,145.60882685734674,151.07693939208986,151.63558959960938,7.901363290640025,8.259570281982421,8.625668029785157,0.8229166666666666,0.8484162895927602,0.22259136212624583,0.0,0.6778846153846154,1.0,0.8080229226361032,0.5125,0.333658903837204,0.33541666666666664,0.33541666666666664,0.17884109616279598,0.17884109616279598,39,0.020392716328302914,0.0050184967768937445,0.021143342256543463,0.005203220270364787,0.03921680569648523,0.009650966051772559,0,0,0.0,0.0,0.0,39,31,0.16555014825636505,0.04074066799457069,0.1645840454101588,0.040502917224061276,0.19470775604248125,0.04791613978267522,8,7,0.32608695652173914,0.20512820512820512,0.18421052631578946,38
gait_02_half_bound__vx_neg_1p5__seed_0042,fr,91.65397043613827,499.26530958890913,128.71138992309568,146.23605972290062,184.15017700195312,39,129.13829099214993,154.9516326904297,184.15017700195312,7.094214364076272,8.073350631713868,8.694310607910156,0.7666666666666667,0.7895927601809954,0.3089700996677741,0.0,0.6025641025641025,1.0,0.7519999999999999,0.5666666666666667,0.333658903837204,0.3333333333333333,0.3333333333333333,0.23300776282946267,0.23300776282946267,39,0.1444307544598228,0.03554334126322213,0.14381042599678295,0.03539068301297911,0.1791761028766654,0.04409391472458925,0,0,0.0,0.0,0.0,39,39,0.0884680547469686,0.02177133445383777,0.08814727783202869,0.02169239362575919,0.12397033691405995,0.030508183717054455,0,0,0.0,0.0,0.0,39
gait_02_half_bound__vx_neg_1p5__seed_0042,rl,57.53915219228776,211.40509044110775,95.49730377197265,98.25030456542969,141.01773071289062,45,82.79692764282227,98.15538024902344,141.01773071289062,3.888961809370253,4.704271957397461,5.72548843383789,0.8083333333333333,0.834841628959276,0.16,0.176056338028169,0.7090909090909091,0.823943661971831,0.7622149837133552,0.38125,0.333658903837204,0.33125,0.33125,0.047591096162796,0.047591096162796,39,0.06665312861784911,0.016402842355744032,0.0649578869342804,0.015985655906029243,0.10405433773994446,0.02560700350864841,0,6,0.13333333333333333,0.0,0.13333333333333333,45,39,0.032613069583208136,0.008025835398925592,0.031032562255859375,0.007636884226337159,0.06680679321289062,0.016440658076932103,0,6,0.13333333333333333,0.0,0.13333333333333333,45
gait_02_half_bound__vx_neg_1p5__seed_0042,rr,52.36815891643562,213.14305291235448,92.76825103759765,95.38972290039062,96.6441421508789,40,88.3799174785614,95.39869842529296,96.6441421508789,4.202909693717957,4.686094882965088,4.755047836303711,0.9104166666666667,0.9457013574660633,0.08,0.0,0.8554216867469879,1.0,0.922077922077922,0.42083333333333334,0.333658903837204,0.33125,0.33125,0.08717442949612936,0.08717442949612936,39,0.024966332392814834,0.00614402988925537,0.022454530000686646,0.005525893883921238,0.053253287076950095,0.013105240383487062,0,1,0.025,0.0,0.025,40,38,0.09896775295859889,0.02435523258614748,0.09624290466308594,0.023684667558497033,0.14595985412597653,0.035919641390316594,1,2,0.07317073170731707,0.02564102564102564,0.05,40
gait_02_half_bound__vx_neg_1p0__seed_0042,fl,98.94830791340318,510.83048354387284,151.19912185668946,154.12775985717775,225.9817657470703,31,153.60184601814515,172.2638931274414,225.9817657470703,8.025576382298622,9.407495727539063,10.489241638183595,0.8647540983606558,0.8819599109131403,0.19202898550724637,0.0,0.7654867256637168,1.0,0.8671679197994987,0.5286885245901639,0.39623603224754333,0.39344262295081966,0.39344262295081966,0.13245249234262058,0.13245249234262058,31,0.026485930527410658,0.00833658854797087,0.02586219191551109,0.00814026347781682,0.05238196730613787,0.01648750487782939,0,0,0.0,0.0,0.0,31,29,0.158416008784854,0.04986228757506967,0.15895736694335838,0.05003268295611424,0.1866856384277355,0.05876030497688695,2,1,0.09375,0.06451612903225806,0.03333333333333333,30
gait_02_half_bound__vx_neg_1p0__seed_0042,fr,89.05777537956666,475.85468131542206,126.82066192626952,142.57914978027284,204.55679321289062,31,129.24378179734754,160.09310150146484,204.55679321289062,7.0833291921307975,8.139072570800781,9.15432861328125,0.8483606557377049,0.8708240534521158,0.2109090909090909,0.0,0.75,1.0,0.8571428571428571,0.5471311475409836,0.39623603224754333,0.39549180327868855,0.39549180327868855,0.15089511529344024,0.15089511529344024,31,0.10679896796903375,0.03361554740862627,0.10705689072608848,0.03369672997838716,0.13357475876808245,0.042043371030197764,0,0,0.0,0.0,0.0,31,31,0.04397997456212125,0.01384293264286812,0.04449569702148182,0.014005259050248341,0.0753642272949211,0.023721294350723177,0,0,0.0,0.0,0.0,31
gait_02_half_bound__vx_neg_1p0__seed_0042,rl,52.52457955841706,227.22638197809226,92.14005813598632,93.51695861816407,95.71233367919922,32,85.7963165640831,94.30153923034668,95.71233367919922,4.198352556228637,4.819512100219726,4.878361206054688,0.7827868852459017,0.8053097345132744,0.1956521739130435,0.19318181818181818,0.7244897959183674,0.8068181818181818,0.7634408602150539,0.4385245901639344,0.39623603224754333,0.3975409836065574,0.3975409836065574,0.04228855791639108,0.04228855791639108,23,0.08612920279088228,0.02710962806797508,0.08658257126808167,0.027252328225370718,0.10618477463722228,0.033422226766524586,8,9,0.425,0.25806451612903225,0.28125,32,31,0.055458561066658266,0.01745587924867391,0.0546875,0.01721318364651498,0.08582019805908203,0.02701236717296032,0,2,0.06060606060606061,0.0,0.06060606060606061,33
gait_02_half_bound__vx_neg_1p0__seed_0042,rr,46.272870148453755,204.20716283559798,71.219193649292,72.86903205871582,74.47412872314453,32,67.83383196592331,73.41786766052246,74.47412872314453,3.579027293920517,4.055129871368408,4.126967315673828,0.9549180327868853,0.9778761061946902,0.036231884057971016,0.0,0.946236559139785,1.0,0.9723756906077349,0.4385245901639344,0.39623603224754333,0.3975409836065574,0.3975409836065574,0.04228855791639108,0.04228855791639108,31,0.01963674541442625,0.00618077083498752,0.01769217848777771,0.005568707975625864,0.042133718729019165,0.01326181372696164,0,1,0.03125,0.0,0.03125,32,31,0.03680216881536668,0.01158367982462086,0.03728485107421875,0.011735606651858079,0.07764720916748047,0.024439875127573996,0,1,0.03125,0.0,0.03125,32
gait_02_half_bound__vx_neg_0p5__seed_0042,fl,102.18972734336195,474.2407393741608,143.95252380371093,265.6883702087401,332.1928405761719,24,166.2503808339437,300.73366241455074,332.1928405761719,8.346880089441935,11.718261398315429,12.402280578613281,0.8592132505175983,0.8893905191873589,0.11440677966101695,0.10628019323671498,0.8726415094339622,0.893719806763285,0.8830548926014319,0.4803312629399586,0.4705493450164795,0.4720496894409938,0.4720496894409938,0.0097819179234791,0.0097819179234791,24,0.09121390660603838,0.036721459469144326,0.09152186393737871,0.03684543883897751,0.11564801216125388,0.04655829302004106,0,0,0.0,0.0,0.0,24,24,0.1008959261576335,0.04061930686733729,0.10017192840576072,0.04032783536819433,0.12288692474365437,0.049472579282808155,0,0,0.0,0.0,0.0,24
gait_02_half_bound__vx_neg_0p5__seed_0042,fr,90.04096851348876,414.2094499659538,126.31446304321288,183.89598587036167,234.50038146972656,24,136.90686066945395,200.10246353149412,234.50038146972656,7.35959623336792,9.128292449951172,9.889104919433594,0.8633540372670807,0.8941441441441441,0.10548523206751055,0.10628019323671498,0.8809523809523809,0.893719806763285,0.8872901678657075,0.47619047619047616,0.4705493450164795,0.4720496894409938,0.4720496894409938,0.005641131173996672,0.005641131173996672,24,0.04665844122568763,0.01878404425503595,0.046658639907838584,0.01878412424172685,0.0680394458770742,0.027391741534208303,0,0,0.0,0.0,0.0,24,24,0.04090850035349517,0.01646919744554502,0.041216735839842755,0.01659328879674382,0.0627145576477071,0.025248015050296446,0,0,0.0,0.0,0.0,24
gait_02_half_bound__vx_neg_0p5__seed_0042,rl,44.391928920864686,289.1816094714403,74.20027923583984,76.09386749267578,76.72574615478516,28,66.48506832122803,76.3719985961914,76.72574615478516,3.2710975093713826,4.161135322570801,4.330093078613281,0.8074534161490683,0.8175675675675675,0.3432203389830508,0.0,0.7197231833910035,1.0,0.8370221327967807,0.6645962732919255,0.4705493450164795,0.4720496894409938,0.4720496894409938,0.194046928275446,0.194046928275446,24,0.15584309895833334,0.0627402800174051,0.15625691413879395,0.06290687629578438,0.19225878715515132,0.07740073331797587,0,4,0.14285714285714285,0.0,0.14285714285714285,28,24,0.029993693033854168,0.012075046712227085,0.029478073120117188,0.01186746525378177,0.0521921157836914,0.021011825232281345,0,4,0.14285714285714285,0.0,0.14285714285714285,28
gait_02_half_bound__vx_neg_0p5__seed_0042,rr,31.1503260574665,220.68501069664956,56.6818504333496,59.700613555908205,61.480140686035156,26,52.43880473650419,61.100746154785156,61.480140686035156,2.543976081701425,3.058603439331055,3.0951351928710937,0.7370600414078675,0.7545045045045045,0.4576271186440678,0.004807692307692308,0.6571428571428571,0.9951923076923077,0.7915869980879541,0.7308488612836439,0.4705493450164795,0.4720496894409938,0.4720496894409938,0.2602995162671644,0.2602995162671644,24,0.07511456807454427,0.030240088049348586,0.07449126243591309,0.02998915380480688,0.09670414924621581,0.03893175535590877,0,2,0.07692307692307693,0.0,0.07692307692307693,26,17,0.159604970146628,0.06425475742013,0.17934799194335938,0.07220302541657068,0.19727001190185547,0.07941818321431314,7,9,0.48484848484848486,0.2916666666666667,0.34615384615384615,26
gait_02_half_bound__vx_pos_0p5__seed_0042,fl,77.47313758768934,364.5263555574417,95.46554107666016,97.62654342651366,101.12459564208984,24,94.26399485270183,99.71626510620116,101.12459564208984,5.4753819306691485,5.752732170104981,5.80660888671875,0.906832298136646,0.9413092550790068,0.07203389830508475,0.043478260869565216,0.9209302325581395,0.9565217391304348,0.9383886255924172,0.4865424430641822,0.4705493450164795,0.4720496894409938,0.4720496894409938,0.015993098047702714,0.015993098047702714,24,0.06430419762929278,0.025887982159768605,0.06430447578430343,0.025888094141135586,0.08568575859069778,0.03449590340167378,0,0,0.0,0.0,0.0,24,24,0.08019626617431645,0.03228590954465179,0.08091915130615135,0.03257693311832871,0.11096580505371045,0.044673301082699644,0,0,0.0,0.0,0.0,24
gait_02_half_bound__vx_pos_0p5__seed_0042,fr,74.21990382720821,357.7399364471436,86.15019226074219,86.95245056152343,92.54962921142578,24,85.46203295389812,86.90550918579102,92.54962921142578,4.783295828501384,5.017676338195801,5.082881317138672,0.8778467908902692,0.9099099099099099,0.11392405063291139,0.06280193236714976,0.8778280542986425,0.9371980676328503,0.9065420560747663,0.4989648033126294,0.4705493450164795,0.4720496894409938,0.4720496894409938,0.028415458296149887,0.028415458296149887,24,0.05079826196034746,0.02045067892702653,0.049866800308226544,0.020075685325961358,0.07257988929748488,0.029219661368348117,0,0,0.0,0.0,0.0,24,24,0.023154520988464416,0.009321690470705699,0.021963481903076065,0.008842194578822042,0.04633958816528273,0.018655678415111537,0,0,0.0,0.0,0.0,24
gait_02_half_bound__vx_pos_0p5__seed_0042,rl,66.1819772411125,388.1304633644223,95.9001983642578,133.62175720214802,166.78607177734375,24,105.77056884765625,163.87322692871092,166.78607177734375,5.185255552927654,6.671578460693359,6.7343817138671875,0.865424430641822,0.8963963963963963,0.19491525423728814,0.0,0.8188976377952756,1.0,0.9004329004329005,0.6066252587991718,0.4705493450164795,0.4720496894409938,0.4720496894409938,0.13607591378269235,0.13607591378269235,24,0.07511456807454427,0.030240088049348586,0.07449126243591309,0.02998915380480688,0.09670414924621581,0.03893175535590877,0,0,0.0,0.0,0.0,24,24,0.061042984326680504,0.02457506270956513,0.06156635284423828,0.02478576364892882,0.08261651992797851,0.033260270291023575,0,0,0.0,0.0,0.0,24
gait_02_half_bound__vx_pos_0p5__seed_0042,rr,53.560883763610136,325.56707931280135,77.30690002441406,136.26568969726583,147.30450439453125,23,89.5993357119353,145.91459197998046,147.30450439453125,4.389507121210513,5.620211944580078,5.6945498657226565,0.8467908902691511,0.8761261261261262,0.2330508474576271,0.0,0.7908745247148289,1.0,0.8832271762208067,0.6252587991718427,0.4705493450164795,0.4720496894409938,0.4720496894409938,0.1547094541553632,0.1547094541553632,20,0.020099115371704102,0.0080916263533748,0.01839470863342285,0.007405455732166167,0.042674398422241216,0.0171801236274284,4,3,0.25925925925925924,0.16666666666666666,0.13043478260869565,23,22,0.12721642580899326,0.051215576637138494,0.11837959289550781,0.04765798971051217,0.1947988510131836,0.07842332795822775,2,2,0.15384615384615385,0.08333333333333333,0.08333333333333333,24
gait_02_half_bound__vx_pos_1p0__seed_0042,fl,73.92838922536598,391.8368424189091,92.49557189941405,96.46168975830078,98.1319808959961,31,92.26419534990865,96.7264404296875,98.1319808959961,5.054026127476846,5.510455093383789,5.513538970947265,0.8504098360655737,0.8819599109131403,0.19202898550724637,0.0,0.7654867256637168,1.0,0.8671679197994987,0.5430327868852459,0.39623603224754333,0.39344262295081966,0.39344262295081966,0.1467967546377026,0.1467967546377026,31,0.016527740993807577,0.0052021950352172585,0.016634439229964215,0.005235778876748202,0.034191583395005054,0.01076198407576419,0,0,0.0,0.0,0.0,31,24,0.14949429512024004,0.047054130395629716,0.14628017425537188,0.0460424686318067,0.19379776000976764,0.060998883352345004,7,6,0.35135135135135137,0.22580645161290322,0.2,30
gait_02_half_bound__vx_pos_1p0__seed_0042,fr,69.05472902095678,364.60896923065184,83.29018135070801,87.98971885681154,106.58366394042969,31,82.78097608012538,89.49109649658203,106.58366394042969,4.414888677289409,4.663908081054688,4.950670013427734,0.8545081967213115,0.8775055679287305,0.2,0.0,0.759825327510917,1.0,0.8635235732009926,0.5409836065573771,0.39623603224754333,0.39549180327868855,0.39549180327868855,0.14474757430983376,0.14474757430983376,31,0.09040143024536944,0.028454334550329745,0.09040001511573692,0.028453889130695492,0.1169207441806801,0.03680143070480904,0,0,0.0,0.0,0.0,31,31,0.05422858945784958,0.017068739094481023,0.04884635925293068,0.015374653298913684,0.10559761047363203,0.03323741369994573,0,0,0.0,0.0,0.0,31
gait_02_half_bound__vx_pos_1p0__seed_0042,rl,67.53143013622744,381.5448513889313,98.21061172485352,107.09772201538084,197.1958770751953,30,102.04526392618816,127.24335365295403,197.1958770751953,5.259954176584879,5.961350166320799,7.359787597656251,0.819672131147541,0.8451327433628318,0.2536231884057971,0.0,0.7154471544715447,1.0,0.8341232227488152,0.5778688524590164,0.39623603224754333,0.3975409836065574,0.3975409836065574,0.1816328202114731,0.1816328202114731,25,0.07752647995948792,0.02440187496247824,0.07607689499855042,0.023945610328990816,0.10160103440284729,0.0319794699675812,6,5,0.3055555555555556,0.1935483870967742,0.16666666666666666,30,31,0.09826900113013483,0.030930694641601808,0.09955215454101562,0.03133457405295072,0.12517070770263672,0.03939815092753798,0,0,0.0,0.0,0.0,31
gait_02_half_bound__vx_pos_1p0__seed_0042,rr,53.837537534309156,320.2760940074921,82.90918579101562,97.05270507812612,179.3202667236328,31,91.11011726625505,164.3162612915039,179.3202667236328,4.482891682040307,6.161350479125977,6.4732286071777345,0.7889344262295082,0.8119469026548672,0.3079710144927536,0.0,0.6743295019157088,1.0,0.805491990846682,0.6086065573770492,0.39623603224754333,0.3975409836065574,0.3975409836065574,0.21237052512950583,0.21237052512950583,31,0.02240610795636331,0.007052442533604976,0.02176705002784729,0.006851295626463349,0.047385603189468384,0.014914872501050612,0,0,0.0,0.0,0.0,31,18,0.17749606238471138,0.05586783667860693,0.18192195892333984,0.05726091132857058,0.19794607162475586,0.06230458666026296,13,13,0.5909090909090909,0.41935483870967744,0.41935483870967744,31
gait_02_half_bound__vx_pos_1p5__seed_0042,fl,73.10758208206721,409.40245965957644,96.43255805969238,133.5899931335448,199.6916046142578,39,101.02700512225812,139.19098358154298,199.6916046142578,5.004778328430959,6.09874755859375,7.384087982177735,0.7520833333333333,0.7714932126696833,0.33554817275747506,0.0,0.5826446280991735,1.0,0.7362924281984333,0.5833333333333334,0.333658903837204,0.33541666666666664,0.33541666666666664,0.2496744294961294,0.2496744294961294,39,0.0313952919458719,0.007726149322310915,0.028604890108105963,0.00703945205238267,0.0669651043415076,0.01647961727569309,0,0,0.0,0.0,0.0,39,10,0.18784606933593934,0.046227529395198655,0.18770015716552813,0.046191621488418134,0.19814746856689708,0.04876262761388502,29,29,0.8529411764705882,0.7435897435897436,0.7435897435897436,39
gait_02_half_bound__vx_pos_1p5__seed_0042,fr,67.23981351504925,332.2098682880402,82.33009185791015,106.82688919067374,200.96109008789062,39,86.36112643510867,115.21472930908207,200.96109008789062,4.358411618746245,5.007873916625977,6.799486694335938,0.81875,0.8461538461538461,0.22591362126245848,0.0,0.6746411483253588,1.0,0.8057142857142856,0.5145833333333333,0.333658903837204,0.3333333333333333,0.3333333333333333,0.1809244294961293,0.1809244294961293,39,0.09650172426150551,0.023748361148872868,0.09712425351142784,0.02390156099650284,0.13266140103340085,0.03264699036588498,0,0,0.0,0.0,0.0,39,39,0.08430040017152288,0.02074570546369424,0.08441650390624744,0.020774277734750244,0.11995765686034936,0.029520692811377338,0,0,0.0,0.0,0.0,39
gait_02_half_bound__vx_pos_1p5__seed_0042,rl,69.96064874741916,373.58986431121826,100.221183013916,110.60694091796867,189.51010131835938,38,101.12946781359221,112.77104339599609,189.51010131835938,5.119113709299188,5.573065727233887,7.040959014892579,0.775,0.8031674208144797,0.29,0.0,0.6200873362445415,1.0,0.7654986522911051,0.55625,0.333658903837204,0.33125,0.33125,0.22259109616279604,0.22259109616279604,38,0.1102330229784313,0.027127532282529884,0.1105063259601593,0.0271947901264991,0.14584034085273742,0.0358902300570302,1,0,0.02564102564102564,0.02564102564102564,0.0,38,39,0.11231701190655048,0.02764038655610859,0.11376190185546875,0.027995963294139736,0.15630702972412108,0.03846600483465935,0,0,0.0,0.0,0.0,39
gait_02_half_bound__vx_pos_1p5__seed_0042,rr,59.21662407575531,328.16166627407074,87.63400268554688,126.5424288940434,196.21139526367188,39,94.32003549429086,165.2874923706055,196.21139526367188,4.615322703826123,6.278435485839845,6.801989440917969,0.7541666666666667,0.7805429864253394,0.3233333333333333,0.0,0.5941422594142259,1.0,0.7454068241469817,0.5770833333333333,0.333658903837204,0.33125,0.33125,0.2434244294961293,0.2434244294961293,39,0.03759710376079266,0.009252369375736797,0.036469727754592896,0.0089749304724354,0.07229278683662416,0.01779072056373067,0,0,0.0,0.0,0.0,39,17,0.18326523724724264,0.045100220472614874,0.1814708709716797,0.044658640193386376,0.19885520935058593,0.04893679739022272,22,22,0.7213114754098361,0.5641025641025641,0.5641025641025641,39
gait_03_half_bound__vx_neg_1p5__seed_0042,fl,88.4918185054596,480.26243403077126,133.5641326904297,135.23704986572267,155.18992614746094,39,132.58572289882562,135.70169067382812,155.18992614746094,7.21399621816782,7.434963562011719,8.144289093017578,0.76875,0.7918552036199095,0.30564784053156147,0.0,0.6051502145922747,1.0,0.7540106951871658,0.5645833333333333,0.333658903837204,0.3333333333333333,0.3333333333333333,0.23092442949612935,0.23092442949612935,38,0.1600692178701115,0.0393918515330963,0.15946403622627514,0.039242920803117344,0.19620853543281508,0.0482854704991902,1,1,0.05,0.02564102564102564,0.02564102564102564,39,39,0.06971314454689849,0.01715588966096567,0.06011688232421619,0.01479432044873086,0.15573188781738026,0.038324466661972194,0,0,0.0,0.0,0.0,39
gait_03_half_bound__vx_neg_1p5__seed_0042,fr,99.3298579968088,489.13928831458094,152.69950485229492,241.28987960815533,299.7503356933594,39,162.37234340569913,283.24700012207035,299.7503356933594,8.406306242331478,11.38993295288086,11.761717834472657,0.8229166666666666,0.8484162895927602,0.22259136212624583,0.0,0.6778846153846154,1.0,0.8080229226361032,0.5125,0.333658903837204,0.33541666666666664,0.33541666666666664,0.17884109616279598,0.17884109616279598,39,0.024186921211390055,0.005952222557711878,0.021143342256543463,0.005203220270364787,0.05344848513603467,0.013153277183224833,0,0,0.0,0.0,0.0,39,20,0.17724369049072433,0.04361836231782059,0.17696273803711016,0.04354922199535329,0.19650905609131114,0.04835942641226095,19,18,0.6491228070175439,0.48717948717948717,0.47368421052631576,38
gait_03_half_bound__vx_neg_1p5__seed_0042,rl,61.19962988652681,237.67137590441854,100.46499404907225,103.49344001770018,106.17442321777344,43,90.8834035119345,103.35487213134766,106.17442321777344,4.237801080748092,5.074615859985352,5.321915283203125,0.93125,0.9615384615384616,0.056666666666666664,0.0,0.8930817610062893,1.0,0.9435215946843853,0.3958333333333333,0.333658903837204,0.33125,0.33125,0.062174429496129335,0.062174429496129335,39,0.022570511469474204,0.00555443606623375,0.022454530000686646,0.005525893883921238,0.042257386445999176,0.010399230502945394,0,4,0.09302325581395349,0.0,0.09302325581395349,43,39,0.048375545403896235,0.011904864206490624,0.046962738037109375,0.011557182754817059,0.08605880737304689,0.021178436480555753,0,4,0.09302325581395349,0.0,0.09302325581395349,43
gait_03_half_bound__vx_neg_1p5__seed_0042,rr,53.239621608321734,200.20312468934804,88.50437927246094,102.99681427001937,154.98289489746094,45,80.51728407541911,95.59679107666015,154.98289489746094,3.628899872779846,4.483253967285156,5.783094253540039,0.925,0.9502262443438914,0.07,0.007042253521126761,0.8703703703703703,0.9929577464788732,0.9276315789473684,0.3854166666666667,0.333658903837204,0.33125,0.33125,0.051757762829462706,0.051757762829462706,39,0.02033628026644389,0.005004608279158551,0.020500868558883667,0.0050451122415452136,0.038031935691833496,0.00935937830035908,0,6,0.13333333333333333,0.0,0.13333333333333333,45,38,0.03306805460076583,0.008137803849199144,0.02757549285888672,0.006786124997066348,0.07189006805419922,0.017691614447651903,1,7,0.17391304347826086,0.02564102564102564,0.15555555555555556,45
gait_03_half_bound__vx_neg_1p0__seed_0042,fl,89.05123951505212,485.0235389554501,134.20361938476563,154.6329170227051,165.58486938476562,31,136.0755383891444,159.88076782226562,165.58486938476562,7.396495991368448,8.288155059814454,8.390957183837891,0.8258196721311475,0.8396436525612472,0.26181818181818184,0.0,0.7073170731707317,1.0,0.8285714285714285,0.5573770491803278,0.39623603224754333,0.39549180327868855,0.39549180327868855,0.1611410169327845,0.1611410169327845,31,0.13549496662232255,0.042647766741000334,0.1342118132114436,0.04224388732965201,0.1622698652744301,0.051075309554541884,0,0,0.0,0.0,0.0,31,31,0.026309967041015167,0.008281203097796579,0.02604019165039162,0.008196289848112218,0.053462142944335156,0.01682749594764939,0,0,0.0,0.0,0.0,31
gait_03_half_bound__vx_neg_1p0__seed_0042,fr,102.19090475467007,496.70653821349146,153.12317657470703,293.7986230468745,332.1910400390625,31,172.59942823840726,317.3561248779297,332.1910400390625,8.903032369306011,12.398985595703126,12.73966064453125,0.8872950819672131,0.9042316258351893,0.15579710144927536,0.0,0.8009259259259259,1.0,0.8894601542416452,0.4979508196721312,0.39623603224754333,0.39344262295081966,0.39344262295081966,0.10171478742458784,0.10171478742458784,31,0.036367745130293554,0.0114469426420552,0.036364053487776715,0.011445780677792809,0.06442115187645037,0.020276902728582825,0,0,0.0,0.0,0.0,31,22,0.1292312518033122,0.040676228940058214,0.12962615966796953,0.04080052830641797,0.151378231048583,0.04764710932340727,9,8,0.4358974358974359,0.2903225806451613,0.26666666666666666,30
gait_03_half_bound__vx_neg_1p0__seed_0042,rl,53.97435621059302,216.27808644190432,82.98648033142089,86.15101516723632,87.97361755371094,33,77.15258476950906,86.72733917236327,87.97361755371094,3.9581005298730103,4.5432638244628905,4.5895687866210935,0.9508196721311475,0.9845132743362832,0.018115942028985508,0.011363636363636364,0.9720670391061452,0.9886363636363636,0.9802816901408451,0.4057377049180328,0.39623603224754333,0.3975409836065574,0.3975409836065574,0.009501672670489458,0.009501672670489458,31,0.017128518512172085,0.005391292978153136,0.01561775803565979,0.004915773023353546,0.035884469747543335,0.01129482912589302,0,2,0.06060606060606061,0.0,0.06060606060606061,33,31,0.019430406631961945,0.00611582459762146,0.0162811279296875,0.005124572251906106,0.0428009033203125,0.013471813651918114,0,2,0.06060606060606061,0.0,0.06060606060606061,33
gait_03_half_bound__vx_neg_1p0__seed_0042,rr,54.24040026976684,234.26241669103504,96.4242774963379,101.85179748535157,139.7727508544922,32,94.1626025736332,108.06349296569823,139.7727508544922,4.523198854327202,5.173384727478027,5.898284149169922,0.8975409836065574,0.9292035398230089,0.09420289855072464,0.03409090909090909,0.8673469387755102,0.9659090909090909,0.9139784946236559,0.4385245901639344,0.39623603224754333,0.3975409836065574,0.3975409836065574,0.04228855791639108,0.04228855791639108,31,0.038418265119675665,0.01209235479562017,0.03842201828956604,0.012093536125953054,0.06775322556495667,0.02132569077564988,0,1,0.03125,0.0,0.03125,32,31,0.01594758802844632,0.00501958878084773,0.0162811279296875,0.005124572251906106,0.02869415283203125,0.009031638350243142,0,1,0.03125,0.0,0.03125,32
gait_03_half_bound__vx_neg_0p5__seed_0042,fl,80.2010816692842,412.25734562158584,129.38164978027345,131.80425598144532,132.8880615234375,24,129.5079313913981,132.52379302978517,132.8880615234375,7.128175328572591,7.454940017700196,7.4938804626464846,0.8157349896480331,0.8423423423423423,0.2109704641350211,0.0966183574879227,0.7890295358649789,0.9033816425120773,0.8423423423423425,0.5320910973084886,0.4705493450164795,0.4720496894409938,0.4720496894409938,0.06154175229200909,0.06154175229200909,24,0.09840775012969967,0.03961760155110188,0.09788430213928212,0.03940686861706208,0.11938307762146198,0.04806197880672738,0,0,0.0,0.0,0.0,24,24,0.036768639882405495,0.014802546776216396,0.035629158020019425,0.01434380711049677,0.07363861083984301,0.02964588804422914,0,0,0.0,0.0,0.0,24
gait_03_half_bound__vx_neg_0p5__seed_0042,fr,97.23966903095098,501.75669219970706,152.27366561889647,159.0779891967774,221.5313720703125,24,155.9733009338379,164.40572204589844,221.5313720703125,8.313948771158856,9.128829147338868,10.320943908691406,0.8674948240165632,0.8984198645598194,0.16101694915254236,0.033816425120772944,0.8403361344537815,0.966183574879227,0.8988764044943821,0.5341614906832298,0.4705493450164795,0.4720496894409938,0.4720496894409938,0.06361214566675033,0.06361214566675033,24,0.06016429742177324,0.024221315493101934,0.06109488487243553,0.024595957152729386,0.08093073844909568,0.03258159794210203,0,0,0.0,0.0,0.0,24,20,0.12131622314453124,0.04884023650464562,0.1194256591796865,0.04807912155417299,0.1445028114318838,0.05817483682715157,4,3,0.25925925925925924,0.16666666666666666,0.13043478260869565,23
gait_03_half_bound__vx_neg_0p5__seed_0042,rl,46.44597130208402,213.16741955146193,62.53169326782226,64.71847793579101,65.42705535888672,24,59.69063266118368,65.04132881164551,65.42705535888672,3.0661187934875493,3.5713067588806156,3.597688903808594,0.8964803312629399,0.9324324324324325,0.05084745762711865,0.08653846153846154,0.9405940594059405,0.9134615384615384,0.926829268292683,0.45962732919254656,0.4705493450164795,0.4720496894409938,0.4720496894409938,-0.010922015823932929,0.010922015823932929,19,0.017745833647878545,0.007144227621576401,0.01518559455871582,0.006113510711817554,0.04149823188781737,0.016706615219227516,5,5,0.3448275862068966,0.20833333333333334,0.20833333333333334,24,24,0.032105088233947754,0.012925065269139216,0.033036231994628906,0.013299930891499655,0.05287046432495117,0.02128491898948015,0,1,0.04,0.0,0.04,25
gait_03_half_bound__vx_neg_0p5__seed_0042,rr,50.29475403554512,267.0037830424309,85.97567443847656,90.18483299255371,93.19786071777344,25,84.07058494567872,91.0565933227539,93.19786071777344,4.076423032188416,4.797291107177735,4.797924652099609,0.8757763975155279,0.9099099099099099,0.16101694915254236,0.009615384615384616,0.8442622950819673,0.9903846153846154,0.911504424778761,0.546583850931677,0.4705493450164795,0.4720496894409938,0.4720496894409938,0.07603450591519756,0.07603450591519756,24,0.0730446179707845,0.029406754716015254,0.0721132755279541,0.029031809106964603,0.09670414924621581,0.03893175535590877,0,1,0.04,0.0,0.04,25,24,0.012419700622558594,0.005,0.012835025787353516,0.00516720417722491,0.022624111175537108,0.009108154803040773,0,1,0.04,0.0,0.04,25
gait_03_half_bound__vx_pos_0p5__seed_0042,fl,68.76551389501162,339.7963226509094,87.7000961303711,89.85431396484374,92.19816589355469,33,76.78067548347242,89.78860778808594,92.19816589355469,3.6772365859060576,5.072578125,5.270103302001953,0.8530020703933747,0.8828828828828829,0.1518987341772152,0.07729468599033816,0.8414096916299559,0.9227053140096618,0.880184331797235,0.5113871635610766,0.4705493450164795,0.4720496894409938,0.4720496894409938,0.040837818544597115,0.040837818544597115,24,0.06942797183990475,0.0279507429163787,0.0691195774078377,0.027826587575827698,0.09183266639709425,0.03697056361821374,0,9,0.2727272727272727,0.0,0.2727272727272727,33,24,0.020736923217773578,0.008348398986408719,0.012834548950195312,0.005167012209168395,0.07126052856445238,0.028688504952775556,0,9,0.2727272727272727,0.0,0.2727272727272727,33
gait_03_half_bound__vx_pos_0p5__seed_0042,fr,75.48560650313078,404.602850856781,98.53732986450196,100.51358322143551,103.34596252441406,24,98.65977954864502,102.42121047973633,103.34596252441406,5.683185046513876,5.980945320129394,6.008489532470703,0.8633540372670807,0.8939051918735892,0.1864406779661017,0.014492753623188406,0.8225806451612904,0.9855072463768116,0.8967032967032967,0.5548654244306418,0.4705493450164795,0.4720496894409938,0.4720496894409938,0.0843160794141623,0.0843160794141623,24,0.05188433806101478,0.02088791817041643,0.052299623489379776,0.021055106350303266,0.07284930229186966,0.02932812332027932,0,0,0.0,0.0,0.0,24,19,0.13529570328561868,0.054468182203954885,0.13784683227538963,0.055495231513475754,0.16035945892334205,0.06455850418490452,5,4,0.32142857142857145,0.20833333333333334,0.17391304347826086,23
gait_03_half_bound__vx_pos_0p5__seed_0042,rl,59.45648976428286,344.2161808216572,85.73252868652341,118.02554809570319,175.09005737304688,28,85.20345817293439,146.4983001708984,175.09005737304688,3.8973085389818465,5.802487510681152,6.403097686767579,0.8737060041407867,0.9054054054054054,0.17796610169491525,0.0,0.832,1.0,0.9082969432314411,0.598343685300207,0.4705493450164795,0.4720496894409938,0.4720496894409938,0.1277943402837275,0.1277943402837275,19,0.026096758089567487,0.010506194506076295,0.02326512336730957,0.00936621746141442,0.04957776069641112,0.019959321968824384,5,9,0.42424242424242425,0.20833333333333334,0.32142857142857145,28,24,0.09002268314361572,0.03624188934961223,0.0903310775756836,0.03636604469016356,0.11470575332641601,0.04617895262228365,0,5,0.1724137931034483,0.0,0.1724137931034483,29
gait_03_half_bound__vx_pos_0p5__seed_0042,rr,64.44482888000599,356.42580429434776,94.96694755554199,175.4869155883789,191.7630615234375,23,117.96855263088061,188.96624298095702,191.7630615234375,5.466501803190812,6.965478561401367,7.026796569824219,0.9006211180124224,0.9346846846846847,0.1228813559322034,0.0,0.8776371308016878,1.0,0.9348314606741573,0.5714285714285714,0.4705493450164795,0.4720496894409938,0.4720496894409938,0.1008792264120919,0.1008792264120919,20,0.03965578079223633,0.015964869845657682,0.04168820381164551,0.016783095292943254,0.06019434928894043,0.024233413959917068,4,3,0.25925925925925924,0.16666666666666666,0.13043478260869565,23,24,0.06311293443044026,0.02540839604289846,0.06311321258544922,0.025408508024264764,0.08449563980102538,0.034016778008139445,0,0,0.0,0.0,0.0,24
gait_03_half_bound__vx_pos_1p0__seed_0042,fl,67.96746695640005,352.1443195104599,87.1426773071289,89.65210083007813,102.08719635009766,31,85.62765281431136,89.7845230102539,102.08719635009766,4.482014200764318,4.757458953857422,4.910964508056641,0.7991803278688525,0.8262806236080178,0.26181818181818184,0.034482758620689655,0.7,0.9655172413793104,0.8115942028985508,0.5307377049180327,0.39623603224754333,0.39549180327868855,0.39549180327868855,0.1345016726704894,0.1345016726704894,31,0.13549496662232255,0.042647766741000334,0.1342118132114436,0.04224388732965201,0.1622698652744301,0.051075309554541884,0,0,0.0,0.0,0.0,31,31,0.02131970067178087,0.006710490019695413,0.017769699096678693,0.005593108002641219,0.04906177520752131,0.01544245662484297,0,0,0.0,0.0,0.0,31
gait_03_half_bound__vx_pos_1p0__seed_0042,fr,71.19889940166105,369.0239244890213,98.73942794799805,109.69418457031226,184.96087646484375,31,102.92101632395098,147.66064071655273,184.96087646484375,5.413988019881709,6.551217193603516,7.313853302001953,0.8586065573770492,0.8730512249443207,0.20652173913043478,0.0,0.7521739130434782,1.0,0.858560794044665,0.5307377049180327,0.39623603224754333,0.39344262295081966,0.39344262295081966,0.1345016726704894,0.1345016726704894,31,0.03235182419900027,0.010182910011193765,0.033289407491682965,0.010478019376237905,0.06134650588035662,0.019309141427027925,0,0,0.0,0.0,0.0,31,27,0.16406884935167174,0.05164154943200413,0.1638363647460963,0.051568373656721705,0.19568260192871242,0.06159214744551887,4,3,0.20588235294117646,0.12903225806451613,0.1,30
gait_03_half_bound__vx_pos_1p0__seed_0042,rl,65.22518524143338,374.6225799536705,100.92404785156248,181.29764343261712,218.69921875,30,113.75519282023112,191.1114891052246,218.69921875,5.19314224243164,6.922901535034179,7.4624183654785154,0.8094262295081968,0.834070796460177,0.2717391304347826,0.0,0.701195219123506,1.0,0.8243559718969555,0.5881147540983607,0.39623603224754333,0.3975409836065574,0.3975409836065574,0.19187872185081734,0.19187872185081734,29,0.0736872502442064,0.023193456838587072,0.07300606369972229,0.02297904972383983,0.10124054551124573,0.0318660041574113,2,1,0.09375,0.06451612903225806,0.03333333333333333,30,31,0.11671663099719633,0.036737184986647096,0.11747932434082031,0.036977246803145826,0.14490127563476562,0.04560845290268356,0,0,0.0,0.0,0.0,31
gait_03_half_bound__vx_pos_1p0__seed_0042,rr,65.33528037196241,349.23957597464323,97.09375839233398,128.6471511840817,221.27835083007812,30,105.92243220011393,175.16382751464823,221.27835083007812,5.107964182535808,6.793013717651363,7.656614532470703,0.8504098360655737,0.8783185840707964,0.19927536231884058,0.0,0.7619047619047619,1.0,0.8648648648648648,0.5471311475409836,0.39623603224754333,0.3975409836065574,0.3975409836065574,0.15089511529344024,0.15089511529344024,30,0.06842060685157776,0.02153575261151468,0.06929054856300354,0.02180957142642733,0.09750052094459533,0.03068881138560365,1,0,0.03225806451612903,0.03225806451612903,0.0,30,31,0.08187158646122102,0.02576952051544735,0.08289718627929688,0.02609233355346101,0.10851573944091797,0.03415591042804827,0,0,0.0,0.0,0.0,31
gait_03_half_bound__vx_pos_1p5__seed_0042,fl,66.36053336321653,362.35556695699694,91.55887756347656,116.81386840820215,158.81427001953125,39,94.02668938269981,143.90532073974612,158.81427001953125,4.50139271075909,5.618155334472657,5.925885314941406,0.7645833333333333,0.7805429864253394,0.3222591362126246,0.0,0.592436974789916,1.0,0.7440633245382585,0.56875,0.333658903837204,0.3333333333333333,0.3333333333333333,0.235091096162796,0.235091096162796,37,0.16110141770259914,0.03964586828344261,0.16110244870186108,0.039646122004741415,0.19623123288154573,0.04829105617357828,2,2,0.0975609756097561,0.05128205128205128,0.05128205128205128,39,39,0.07179719191330974,0.01766875831577617,0.07085716247558693,0.017437424018400115,0.11696311950683339,0.028783759299677844,0,0,0.0,0.0,0.0,39
gait_03_half_bound__vx_pos_1p5__seed_0042,fr,68.43895183628752,358.7251502418518,97.5254035949707,140.25233535766532,209.5227508544922,39,103.29651661408253,171.85572662353516,209.5227508544922,5.164835766523312,6.773586837768555,7.463016967773438,0.7895833333333333,0.8076923076923077,0.2823920265780731,0.0,0.6238938053097345,1.0,0.7683923705722071,0.5458333333333333,0.333658903837204,0.33541666666666664,0.33541666666666664,0.2121744294961293,0.2121744294961293,39,0.027521934784376575,0.006772944750748071,0.024633024930956537,0.0060620053861866465,0.06004791140556592,0.014777347215377665,0,0,0.0,0.0,0.0,39,2,0.19284236907959063,0.04745708183717075,0.19284236907959063,0.04745708183717075,0.193047504425048,0.04750756412964377,37,37,0.9736842105263158,0.9487179487179487,0.9487179487179487,39
gait_03_half_bound__vx_pos_1p5__seed_0042,rl,67.23746320377697,369.9769220066071,102.95634460449219,202.96935089111318,249.0516357421875,38,116.17226831536544,205.92905654907221,249.0516357421875,5.171323714005319,7.1873481216430655,8.022117462158203,0.7583333333333333,0.7850678733031674,0.31666666666666665,0.0,0.5991561181434599,1.0,0.7493403693931399,0.5729166666666666,0.333658903837204,0.33125,0.33125,0.23925776282946265,0.23925776282946265,38,0.10167841378011201,0.02502230618129849,0.10163334012031555,0.025011213886737545,0.13971012234687805,0.034381628587857024,1,0,0.02564102564102564,0.02564102564102564,0.0,38,31,0.11735479293331023,0.02888014723528802,0.107208251953125,0.026383158487643457,0.17751502990722656,0.04368513694289939,8,8,0.3404255319148936,0.20512820512820512,0.20512820512820512,39
gait_03_half_bound__vx_pos_1p5__seed_0042,rr,66.15294515254885,341.41193108558656,102.6392261505127,119.93877624511734,180.54994201660156,38,104.63804967779862,139.45914993286127,180.54994201660156,4.888759088014302,5.984403572082519,6.730799865722656,0.79375,0.8235294117647058,0.26,0.0,0.6454545454545455,1.0,0.7845303867403315,0.5375,0.333658903837204,0.33125,0.33125,0.203841096162796,0.203841096162796,38,0.08243010389177423,0.020285439371593106,0.08247306942939758,0.020296012872867236,0.11823013424873352,0.029095562263840975,1,0,0.02564102564102564,0.02564102564102564,0.0,38,39,0.1206523699638171,0.02969165657189314,0.12076950073242188,0.029720481588396817,0.15704517364501955,0.038647656598371244,0,0,0.0,0.0,0.0,39
gait_04_half_bound__vx_neg_1p5__seed_0042,fl,89.86228942492652,454.63939023017883,145.38821868896486,149.47371597290038,181.46768188476562,39,144.58732252854568,152.47703094482426,181.46768188476562,7.5594799648187125,7.927487014770509,8.9247509765625,0.8104166666666667,0.8329571106094809,0.24503311258278146,0.0,0.6558139534883721,1.0,0.7921348314606742,0.525,0.333658903837204,0.33541666666666664,0.33541666666666664,0.19134109616279604,0.19134109616279604,39,0.09570111907445468,0.0235513381291782,0.0950787365436554,0.023398174388040087,0.1304446041584015,0.03210145303809055,0,0,0.0,0.0,0.0,39,38,0.09460439180072985,0.023281441652430734,0.0946035385131836,0.023281231664671782,0.13036231994628905,0.03208120350160764,0,1,0.02564102564102564,0.0,0.02564102564102564,39
gait_04_half_bound__vx_neg_1p5__seed_0042,fr,90.71335037112672,495.7693194770813,129.211328125,139.37821166992126,204.1415252685547,39,129.7996280376728,159.6007675170899,204.1415252685547,6.950984105819312,8.052594543457033,9.013225860595703,0.7666666666666667,0.7855530474040632,0.31456953642384106,0.0,0.597457627118644,1.0,0.7480106100795756,0.56875,0.333658903837204,0.33541666666666664,0.33541666666666664,0.235091096162796,0.235091096162796,39,0.05819183664444166,0.014320580933906465,0.05913284420967102,0.014552155941233073,0.09495266079902649,0.023367148079044334,0,0,0.0,0.0,0.0,39,30,0.16740487416585287,0.04119710233362279,0.16700172424316406,0.04109789011711141,0.19364337921142577,0.04765420451078411,8,9,0.3617021276595745,0.21052631578947367,0.23076923076923078,39
gait_04_half_bound__vx_neg_1p5__seed_0042,rl,58.41323790242595,218.3318690850213,89.22115516662598,92.57672119140625,94.48579406738281,38,87.1462930378161,92.57672119140625,94.48579406738281,4.445369632118626,4.649880645751953,4.676295471191406,0.9458333333333333,0.9795454545454545,0.03,0.0,0.9395973154362416,1.0,0.9688581314878892,0.3875,0.333658903837204,0.3333333333333333,0.3333333333333333,0.05384109616279603,0.05384109616279603,38,0.02091950855757069,0.0051481364512810076,0.019612312316892755,0.004826445117228318,0.04123458743095653,0.010147527224295965,0,0,0.0,0.0,0.0,38,39,0.05893776526818073,0.014504148455454923,0.06019485473633068,0.014813508883100445,0.09376991271972594,0.023076082517777784,0,0,0.0,0.0,0.0,39
gait_04_half_bound__vx_neg_1p5__seed_0042,rr,54.16380815549728,237.27088408738376,95.432421875,100.90353050231931,193.09979248046875,39,93.52750592354016,101.19670791625977,193.09979248046875,4.386517028808593,4.746970062255859,6.552306442260742,0.8770833333333333,0.9117647058823529,0.12956810631229235,0.0,0.7833333333333333,1.0,0.8785046728971964,0.45416666666666666,0.333658903837204,0.33125,0.33125,0.12050776282946268,0.12050776282946268,39,0.052866771618526744,0.013010121785695111,0.05298439145088096,0.013039067157173123,0.08852153897285397,0.021784496526555265,0,0,0.0,0.0,0.0,39,39,0.06775552016037996,0.016674132767183124,0.06503402709960682,0.016004393438005426,0.1098277282714819,0.02702779225046291,0,0,0.0,0.0,0.0,39
gait_04_half_bound__vx_neg_1p0__seed_0042,fl,97.85451603299789,513.4838827055693,156.6343994140625,235.30084930419918,329.1048278808594,31,169.34030348254788,254.37769317626953,329.1048278808594,8.74686268468057,10.921239471435548,12.370487670898438,0.8586065573770492,0.8923766816143498,0.17518248175182483,0.0,0.7818181818181819,1.0,0.8775510204081634,0.5368852459016393,0.39623603224754333,0.39549180327868855,0.39549180327868855,0.140649213654096,0.140649213654096,31,0.07313514813300102,0.02301967974086261,0.07390633225440979,0.023262414075163596,0.09952393174171448,0.03132569077564988,0,0,0.0,0.0,0.0,31,30,0.06711381276448568,0.021124432170658985,0.06624412536621094,0.020850693402173263,0.09500284194946289,0.02990265353905265,0,1,0.03225806451612903,0.0,0.03225806451612903,31
gait_04_half_bound__vx_neg_1p0__seed_0042,fr,81.33231175082854,424.55466733932496,115.20873260498047,117.99664916992187,121.00469207763672,31,115.30520752937564,118.34668731689453,121.00469207763672,6.168307244085496,6.616278152465821,6.675808410644532,0.860655737704918,0.8946188340807175,0.17153284671532848,0.0,0.7853881278538812,1.0,0.8797953964194373,0.5348360655737705,0.39623603224754333,0.39549180327868855,0.39549180327868855,0.13860003332622717,0.13860003332622717,31,0.02207921301164935,0.006949550598217935,0.01959267258644104,0.006166898676232216,0.047385603189468384,0.014914872501050612,0,0,0.0,0.0,0.0,31,30,0.11794649759928386,0.03712429208941186,0.11684417724609375,0.0367773308518941,0.14496498107910155,0.04562850453262893,0,1,0.03225806451612903,0.0,0.03225806451612903,31
gait_04_half_bound__vx_neg_1p0__seed_0042,rl,57.277549663787994,234.0548301690817,80.39968795776366,82.6005744934082,83.03723907470703,31,79.30367254441784,82.72098922729492,83.03723907470703,4.209696224581812,4.500718078613282,4.589444427490235,0.9323770491803278,0.9711111111111111,0.04,0.011428571428571429,0.9402173913043478,0.9885714285714285,0.9637883008356546,0.41598360655737704,0.39623603224754333,0.3975409836065574,0.3975409836065574,0.019747574309833704,0.019747574309833704,22,0.013801533634012163,0.004344106661408999,0.012041091918943536,0.0037899981989548354,0.03783309328556167,0.011908168825419079,8,9,0.4358974358974359,0.26666666666666666,0.2903225806451613,31,31,0.017327898087040532,0.005454048767640216,0.016123657226561505,0.005075007504352212,0.037392501831057245,0.011769490304377345,0,0,0.0,0.0,0.0,31
gait_04_half_bound__vx_neg_1p0__seed_0042,rr,53.87355562067626,260.5791840326786,92.27601623535156,97.83675384521484,98.79837036132812,31,90.91573309129284,97.99431610107422,98.79837036132812,4.447784202329575,4.790314483642579,4.8170112609863285,0.9036885245901639,0.9265033407572383,0.12,0.0,0.8405797101449275,1.0,0.9133858267716535,0.49385245901639346,0.39623603224754333,0.3975409836065574,0.3975409836065574,0.09761642676885013,0.09761642676885013,31,0.055684547232044086,0.01752700960508731,0.0561936247348811,0.01768724447679735,0.08361176133155901,0.02631724987993061,0,0,0.0,0.0,0.0,31,31,0.04205847463300067,0.013238130244573848,0.04051887512207131,0.012753533049168831,0.07165252685546797,0.02255301674971459,0,0,0.0,0.0,0.0,31
gait_04_half_bound__vx_neg_0p5__seed_0042,fl,96.80178959416408,493.72529614686965,153.67114868164063,215.8898077392579,259.9258117675781,24,167.26038614908853,225.74214248657225,259.9258117675781,8.81653678894043,10.555579040527343,11.131689453125,0.937888198757764,0.9572072072072072,0.08050847457627118,0.0,0.9162995594713657,1.0,0.9563218390804598,0.5279503105590062,0.4705493450164795,0.4699792960662526,0.4699792960662526,0.057400965542526716,0.057400965542526716,24,0.034646193186442055,0.013948079039647801,0.0344393253326416,0.013864796897796208,0.05665173530578613,0.022807206480841585,0,0,0.0,0.0,0.0,24,22,0.02394602515480735,0.009640339120297655,0.024605751037597656,0.009905935652307456,0.044608020782470705,0.017958573293403977,1,1,0.08333333333333333,0.043478260869565216,0.043478260869565216,23
gait_04_half_bound__vx_neg_0p5__seed_0042,fr,81.59422883744968,385.27708483219146,110.76729774475098,111.56933059692383,112.42936706542969,24,109.53331343332927,111.57708511352538,112.42936706542969,5.974687973658244,6.491485382080079,6.511825866699219,0.9772256728778468,1.0,0.0,0.0,1.0,1.0,1.0,0.4886128364389234,0.4705493450164795,0.4699792960662526,0.4699792960662526,0.0180634914224439,0.0180634914224439,24,0.021978239218393963,0.008848135670224475,0.021658658981323242,0.008719477079014052,0.042207479476928704,0.016992148506488516,0,0,0.0,0.0,0.0,24,23,0.04043326170548149,0.01627787292716231,0.039936065673828125,0.01607770866927743,0.0634683609008789,0.025551485832757428,0,0,0.0,0.0,0.0,23
gait_04_half_bound__vx_neg_0p5__seed_0042,rl,47.95505958818922,247.2621299314499,78.34726104736328,84.00237808227541,86.0445327758789,24,78.97592067718506,85.6780517578125,86.0445327758789,4.020397020975749,4.448086204528809,4.501664428710938,0.9440993788819876,0.9775280898876404,0.04219409282700422,0.0,0.9541284403669725,1.0,0.9765258215962441,0.5279503105590062,0.4705493450164795,0.4720496894409938,0.4720496894409938,0.057400965542526716,0.057400965542526716,24,0.014944662253061866,0.006016514691955232,0.012962942123413868,0.005218701528066045,0.0308809947967509,0.01243226215157716,0,0,0.0,0.0,0.0,24,24,0.054425601959228555,0.02191099593027722,0.05370223999023338,0.021619780388542946,0.07641628265381062,0.030764140367043738,0,0,0.0,0.0,0.0,24
gait_04_half_bound__vx_neg_0p5__seed_0042,rr,46.28421915752787,263.4174648349732,71.94911079406738,74.91436859130864,78.85093688964844,24,72.06667900085449,77.6833709716797,78.85093688964844,3.8830798292160034,4.236023571014404,4.267827606201172,0.8840579710144928,0.9076576576576577,0.1729957805907173,0.0,0.8346774193548387,1.0,0.9098901098901099,0.587991718426501,0.4705493450164795,0.4720496894409938,0.4720496894409938,0.1174423734100215,0.1174423734100215,24,0.07863891601562496,0.03165894187207247,0.07874691963195879,0.03170242263687354,0.09979775428772024,0.04017719803424731,0,0,0.0,0.0,0.0,24,24,0.03868130366007483,0.01557255880621463,0.038058395385741406,0.015321784535053052,0.06027013778686569,0.02426392536281981,0,0,0.0,0.0,0.0,24
gait_04_half_bound__vx_pos_0p5__seed_0042,fl,79.62878113907654,367.8849688625336,106.64942932128906,113.77338104248047,114.42048645019531,24,107.50464121500652,114.15662956237793,114.42048645019531,5.909008143742878,6.1610448455810545,6.165014343261719,0.9627329192546584,0.9977477477477478,0.00423728813559322,0.0,0.9952153110047847,1.0,0.9976019184652278,0.4782608695652174,0.4705493450164795,0.4699792960662526,0.4699792960662526,0.007711524548737914,0.007711524548737914,24,0.012698948383331299,0.005112421293096829,0.012835502624511719,0.005167396145281425,0.02461762428283691,0.009910715656914688,0,0,0.0,0.0,0.0,24,20,0.01593918800354004,0.006416897028334485,0.013667106628417969,0.0055021884358442755,0.03193778991699219,0.01285771327651079,3,3,0.23076923076923078,0.13043478260869565,0.13043478260869565,23
gait_04_half_bound__vx_pos_0p5__seed_0042,fr,72.7670109111801,368.2010752105713,88.0345977783203,90.12239807128907,90.40168762207031,24,88.48217328389485,90.22812004089356,90.40168762207031,4.811894823710124,5.206438972473144,5.218267517089844,0.9213250517598344,0.9504504504504504,0.09322033898305085,0.0,0.9043478260869565,1.0,0.9497716894977168,0.5238095238095238,0.4705493450164795,0.4699792960662526,0.4699792960662526,0.053260178793044344,0.053260178793044344,24,0.03780233860015869,0.015218699608385164,0.03687167167663574,0.014844025954081241,0.059585714340209955,0.023988385932580816,0,0,0.0,0.0,0.0,24,23,0.09011252030082371,0.03627805654878159,0.0896148681640625,0.03607770866927743,0.11345806121826171,0.04567664900560547,0,1,0.041666666666666664,0.0,0.041666666666666664,24
gait_04_half_bound__vx_pos_0p5__seed_0042,rl,65.25158761685734,374.62150220632554,95.13825149536132,137.36711517333978,167.67013549804688,24,105.29277769724528,152.048233795166,167.67013549804688,5.121494849522908,6.370790557861327,6.6899829101562505,0.8778467908902692,0.8943820224719101,0.19831223628691982,0.0,0.8156862745098039,1.0,0.8984881209503239,0.5942028985507246,0.4705493450164795,0.4720496894409938,0.4720496894409938,0.12365355353424512,0.12365355353424512,24,0.01857532421747843,0.007478169072666306,0.017002706527710743,0.006845054902864478,0.039215116500854026,0.015787464485909355,0,0,0.0,0.0,0.0,24,24,0.14136414210001633,0.05691125188768591,0.141888027191162,0.057122160792444095,0.16293771743774615,0.06559647546648319,0,0,0.0,0.0,0.0,24
gait_04_half_bound__vx_pos_0p5__seed_0042,rr,49.67671919889771,324.885743560791,73.10748519897459,77.03100692749024,127.2510986328125,23,77.12832177203634,80.77857894897461,127.2510986328125,4.043767872685971,4.275835815429688,5.235984497070312,0.7950310559006211,0.8175675675675675,0.34177215189873417,0.0,0.71875,1.0,0.8363636363636363,0.6770186335403726,0.4705493450164795,0.4720496894409938,0.4720496894409938,0.20646928852389312,0.20646928852389312,23,0.12765726794367244,0.05139305359414277,0.12759602546691795,0.05136839821853603,0.14963143348693908,0.060239549259003544,1,0,0.041666666666666664,0.041666666666666664,0.0,23,24,0.07801067352294917,0.031406020118252304,0.07894145965576271,0.031780741764570776,0.09877759933471779,0.039766497734777334,0,0,0.0,0.0,0.0,24
gait_04_half_bound__vx_pos_1p0__seed_0042,fl,70.89246465035204,375.73006264686586,98.17601776123047,100.56444641113283,102.03556060791016,31,97.8312025993101,101.71656036376953,102.03556060791016,5.06723479855445,5.521611328125,5.573400421142578,0.8524590163934426,0.8856502242152466,0.18613138686131386,0.0,0.7713004484304933,1.0,0.8708860759493671,0.5430327868852459,0.39623603224754333,0.39549180327868855,0.39549180327868855,0.1467967546377026,0.1467967546377026,31,0.06083687178550228,0.019148731364998152,0.06160011887550354,0.019388967476136162,0.08902111649513245,0.028019873401572915,0,0,0.0,0.0,0.0,31,30,0.08617623647054036,0.027124432170658984,0.0866098403930664,0.027260911328570572,0.12007255554199218,0.03779348021852675,0,1,0.03225806451612903,0.0,0.03225806451612903,31
gait_04_half_bound__vx_pos_1p0__seed_0042,fr,68.70249726806861,379.3640470457077,87.56626892089844,91.50578689575195,96.69900512695312,31,86.11639379685924,92.01860046386719,96.69900512695312,4.585352517404865,4.877623138427735,4.928814544677734,0.8299180327868853,0.8609865470852018,0.22627737226277372,0.0,0.7350427350427351,1.0,0.8472906403940887,0.5655737704918032,0.39623603224754333,0.39549180327868855,0.39549180327868855,0.1693377382442599,0.1693377382442599,31,0.016630014104227864,0.0052343860447123846,0.016516119241714478,0.005198537026475356,0.03380909562110901,0.010641593999519722,0,0,0.0,0.0,0.0,31,30,0.16242485046386718,0.05112409197334454,0.16155529022216797,0.050850393228072284,0.19185142517089843,0.06038626403313922,0,1,0.03225806451612903,0.0,0.03225806451612903,31
gait_04_half_bound__vx_pos_1p0__seed_0042,rl,69.61294270240539,391.3219814157486,100.28487396240234,120.8560882568356,189.67015075683594,31,106.17974213630923,154.06565856933594,189.67015075683594,5.188901843409386,6.431264190673828,7.1100244140625,0.8217213114754098,0.8488888888888889,0.24727272727272728,0.0,0.720164609053498,1.0,0.8373205741626795,0.5758196721311475,0.39623603224754333,0.3975409836065574,0.3975409836065574,0.17958363988360415,0.17958363988360415,22,0.012168145071376363,0.0038299888594475425,0.012041091918943536,0.0037899981989548354,0.023534082174303705,0.00740747846250906,8,9,0.4358974358974359,0.26666666666666666,0.2903225806451613,31,23,0.17449769724970365,0.05492408518679993,0.17343795776367088,0.054590526505372806,0.19593818664551002,0.061672594104581355,8,8,0.41025641025641024,0.25806451612903225,0.25806451612903225,31
gait_04_half_bound__vx_pos_1p0__seed_0042,rr,52.185353668112505,317.286950302124,84.28203125,91.19195220947266,142.23789978027344,31,87.7937752508348,110.37298583984375,142.23789978027344,4.471747363921134,5.1147640991210945,5.7467980957031255,0.7745901639344263,0.7973273942093542,0.33090909090909093,0.0,0.6566037735849056,1.0,0.7927107061503417,0.6229508196721312,0.39623603224754333,0.3975409836065574,0.3975409836065574,0.22671478742458784,0.22671478742458784,31,0.13357303600157533,0.04204282878020888,0.13511398911476036,0.04252785202917661,0.16073158860206682,0.050591128729663454,0,0,0.0,0.0,0.0,31,31,0.09330117994739079,0.029367046306212178,0.09356033325195057,0.029448616197393685,0.12007724761962812,0.037794957075103316,0,0,0.0,0.0,0.0,31
gait_04_half_bound__vx_pos_1p5__seed_0042,fl,70.99716656163054,376.28498277664187,97.85645599365233,143.04511413574224,184.46023559570312,39,100.08150912553836,144.83552093505864,184.46023559570312,4.854280060988205,6.0241742401123055,6.842249145507813,0.7833333333333333,0.8036117381489842,0.28807947019867547,0.0,0.618421052631579,1.0,0.7642276422764228,0.5520833333333334,0.333658903837204,0.33541666666666664,0.33541666666666664,0.2184244294961294,0.2184244294961294,39,0.08944971057084891,0.02201291269720915,0.09089401364326477,0.022368345009270343,0.1264313519001007,0.031113821317092637,0,0,0.0,0.0,0.0,39,38,0.12882363168816818,0.031702543692894145,0.1282329559326172,0.03155718275481706,0.17286243438720703,0.04254016757023164,0,1,0.02564102564102564,0.0,0.02564102564102564,39
gait_04_half_bound__vx_pos_1p5__seed_0042,fr,66.73407365942514,372.3916632556915,95.4517829895019,207.8819622802733,220.1455078125,39,110.28125684689253,211.31402130126952,220.1455078125,4.974118980994592,7.045195343017578,7.246486511230469,0.7541666666666667,0.7720090293453724,0.3344370860927152,0.0,0.5826446280991735,1.0,0.7362924281984333,0.58125,0.333658903837204,0.33541666666666664,0.33541666666666664,0.24759109616279606,0.24759109616279606,39,0.029350623870507266,0.007222971619996017,0.027369767427444458,0.006735497488793448,0.06319130063056946,0.015550912072566831,0,0,0.0,0.0,0.0,39,9,0.16728443569607204,0.04116746331630511,0.158355712890625,0.03897017062123026,0.19581375122070313,0.048188317022225355,29,30,0.8676470588235294,0.7631578947368421,0.7692307692307693,39
gait_04_half_bound__vx_pos_1p5__seed_0042,rl,68.24104755265373,382.14986629486083,96.72811164855958,112.57264472961418,128.9452362060547,39,96.02384498791817,115.93401947021485,128.9452362060547,4.901677200121758,5.549415130615235,5.904486389160156,0.75,0.7727272727272727,0.3333333333333333,0.0,0.5833333333333334,1.0,0.7368421052631579,0.5833333333333334,0.333658903837204,0.3333333333333333,0.3333333333333333,0.2496744294961294,0.2496744294961294,27,0.015384490710717128,0.003786009465484035,0.015534971952440912,0.0038230417869470493,0.0325351727008794,0.008006665551878081,11,12,0.46,0.2894736842105263,0.3076923076923077,39,5,0.19527214050293154,0.04805503062733271,0.19470870971679943,0.04791637447487683,0.1983471679687497,0.04881177216081103,34,34,0.9315068493150684,0.8717948717948718,0.8717948717948718,39
gait_04_half_bound__vx_pos_1p5__seed_0042,rr,60.222009609363695,325.3067155519128,89.93112754821776,100.56856414794922,194.8634033203125,39,93.94875100942758,111.38734512329114,194.8634033203125,4.5759140249399035,5.1964856262207055,6.780812683105469,0.76875,0.7941176470588235,0.3023255813953488,0.0,0.6077586206896551,1.0,0.7560321715817694,0.5625,0.333658903837204,0.33125,0.33125,0.22884109616279602,0.22884109616279602,39,0.14038888708139233,0.03454866757263912,0.13843933224678295,0.03406889653594374,0.1771272289752954,0.0435897019995774,0,0,0.0,0.0,0.0,39,39,0.08859389085035893,0.021802301788895768,0.08978378295898182,0.022095125442980902,0.12532493591308375,0.030841540519607996,0,0,0.0,0.0,0.0,39
gait_05_half_bound__vx_neg_1p5__seed_0042,fl,85.89105835245617,461.1267228204012,128.37355041503906,130.73016067504884,131.66665649414062,40,124.86569285392761,130.78186645507813,131.66665649414062,6.81283664226532,7.30391650390625,7.623454284667969,0.7770833333333333,0.7968397291196389,0.2980132450331126,0.0,0.6103896103896104,1.0,0.7580645161290321,0.5583333333333333,0.333658903837204,0.33541666666666664,0.33541666666666664,0.22467442949612937,0.22467442949612937,39,0.0894496616644737,0.022012900661711653,0.09089401364326477,0.022368345009270343,0.1264313519001007,0.031113821317092637,0,1,0.025,0.0,0.025,40,34,0.12225723266601562,0.03008660142223474,0.11935997009277344,0.029373606515055505,0.16621513366699217,0.040904315989579665,4,6,0.22727272727272727,0.10526315789473684,0.15,40
gait_05_half_bound__vx_neg_1p5__seed_0042,fr,91.20315231751127,480.7211177641153,145.46927947998046,245.93791748046857,327.00042724609375,39,158.53995103102463,275.07443237304693,327.00042724609375,7.886583447578626,10.694960205078127,11.70175552368164,0.7875,0.8081264108352144,0.2814569536423841,0.0,0.6238938053097345,1.0,0.7683923705722071,0.5479166666666667,0.333658903837204,0.33541666666666664,0.33541666666666664,0.21425776282946274,0.21425776282946274,39,0.09570111907445468,0.0235513381291782,0.0950787365436554,0.023398174388040087,0.1304446041584015,0.03210145303809055,0,0,0.0,0.0,0.0,39,37,0.11541454212085621,0.028402665849684088,0.11257743835449219,0.02770447558027647,0.1579925537109375,0.03888079983102162,1,2,0.075,0.02631578947368421,0.05128205128205128,39
gait_05_half_bound__vx_neg_1p5__seed_0042,rl,57.230665676835656,239.16276698060335,98.51523666381836,101.91070968627929,104.95697021484375,41,90.95610413900236,101.94883728027344,104.95697021484375,4.289348716445086,4.826027908325195,4.99932258605957,0.8333333333333334,0.8642533936651584,0.17940199335548174,0.0425531914893617,0.7142857142857143,0.9574468085106383,0.8181818181818182,0.43125,0.333658903837204,0.33125,0.33125,0.09759109616279604,0.09759109616279604,39,0.08620849728584445,0.02121527406181831,0.08519760251045483,0.020966500328569712,0.12102104306221265,0.029782384296745453,0,2,0.04878048780487805,0.0,0.04878048780487805,41,39,0.027671174269455943,0.0068096714850780435,0.023245697021486933,0.005720594240654013,0.05883378601074334,0.014478559928653855,0,2,0.04878048780487805,0.0,0.04878048780487805,41
gait_05_half_bound__vx_neg_1p5__seed_0042,rr,59.142779505654666,213.6820388503745,104.98796844482422,107.34128646850586,109.28925323486328,40,98.585773062706,107.3212776184082,109.28925323486328,4.502882025241852,4.84872386932373,4.904493789672852,0.8458333333333333,0.8795454545454545,0.12,0.12142857142857143,0.7735849056603774,0.8785714285714286,0.822742474916388,0.37083333333333335,0.333658903837204,0.3333333333333333,0.3333333333333333,0.03717442949612937,0.03717442949612937,38,0.09889845477907444,0.024338178816311756,0.09889755129814404,0.024337956476331923,0.13324613451957656,0.0327908889553849,0,2,0.05,0.0,0.05,40,39,0.1339564768473324,0.032965698952490886,0.1344631958007838,0.033090398742050435,0.170282821655276,0.04190534394142146,0,1,0.025,0.0,0.025,40
gait_05_half_bound__vx_neg_1p0__seed_0042,fl,88.95419216903986,453.8829276376963,127.28391723632812,131.61186462402344,134.51438903808594,31,126.45531488233998,132.18946075439453,134.51438903808594,7.15766608453566,7.495282211303711,7.770881347656251,0.8729508196721312,0.9080717488789237,0.14963503649635038,0.0,0.8075117370892019,1.0,0.8935064935064935,0.5225409836065574,0.39623603224754333,0.39549180327868855,0.39549180327868855,0.1263049513590141,0.1263049513590141,31,0.0423896110826923,0.01334235721637905,0.04367294907569885,0.013746294725941048,0.06929054856300354,0.02180957142642733,0,0,0.0,0.0,0.0,31,30,0.08405812581380208,0.026457745492385585,0.08353519439697266,0.026293150027015672,0.1116560935974121,0.035144353725160594,0,1,0.03225806451612903,0.0,0.03225806451612903,31
gait_05_half_bound__vx_neg_1p0__seed_0042,fr,91.4136895883396,488.3273281794786,148.7870849609375,193.50849578857307,293.98309326171875,31,157.04608498850178,234.40019989013672,293.98309326171875,8.256750512892198,10.349065704345703,11.4797900390625,0.8483606557377049,0.8811659192825112,0.19343065693430658,0.0,0.7644444444444445,1.0,0.8664987405541562,0.5471311475409836,0.39623603224754333,0.39549180327868855,0.39549180327868855,0.15089511529344024,0.15089511529344024,31,0.07108542515385535,0.022374518450540025,0.07082787156105042,0.022293452077204783,0.09734764695167542,0.03064069347721679,0,0,0.0,0.0,0.0,31,30,0.07982190450032552,0.025124372135838787,0.07982158660888672,0.02512427207780513,0.10858039855957032,0.03417626223209462,0,1,0.03225806451612903,0.0,0.03225806451612903,31
gait_05_half_bound__vx_neg_1p0__seed_0042,rl,54.87468153664044,246.99047726392746,86.98269424438476,96.31529388427735,98.47283172607422,32,84.39876705408096,96.52793922424317,98.47283172607422,4.34216843008995,4.738993431091309,4.7676033020019535,0.8278688524590164,0.8530066815144766,0.17454545454545456,0.10344827586206896,0.7647058823529411,0.896551724137931,0.8253968253968255,0.45901639344262296,0.39623603224754333,0.3975409836065574,0.3975409836065574,0.06278036119507963,0.06278036119507963,31,0.08438048435795764,0.026559209571390345,0.08515099167823692,0.02680173087890946,0.11076859116554516,0.03486500757939686,0,1,0.03125,0.0,0.03125,32,31,0.029580722931893292,0.0093106910395128,0.027373199462893183,0.008615861199496514,0.06593215942383068,0.02075250045026196,0,1,0.03125,0.0,0.03125,32
gait_05_half_bound__vx_neg_1p0__seed_0042,rr,53.73015278839483,221.34864608362318,90.9570556640625,92.94747192382813,94.11055755615234,32,83.73489195108414,93.04995002746583,94.11055755615234,4.34358643770218,4.947634216308594,4.96962646484375,0.9241803278688525,0.9577777777777777,0.05454545454545454,0.022857142857142857,0.9193548387096774,0.9771428571428571,0.9473684210526316,0.42008196721311475,0.39623603224754333,0.3975409836065574,0.3975409836065574,0.023845934965571414,0.023845934965571414,22,0.05255588282238432,0.016542245718426028,0.052383874654772455,0.016488105226031904,0.09059150099754233,0.028514160337995725,8,10,0.45,0.26666666666666666,0.3125,32,31,0.07864100794638441,0.024752678618114903,0.07839096069336193,0.024673974905445966,0.10772121429443438,0.03390582938104125,0,2,0.06060606060606061,0.0,0.06060606060606061,33
gait_05_half_bound__vx_neg_0p5__seed_0042,fl,86.6897773552785,391.83779364585877,120.24033546447754,122.00820732116699,156.15133666992188,24,121.38233248392741,122.80649681091309,156.15133666992188,6.830166851679484,7.096608306884765,7.823578338623047,0.9648033126293996,0.9954954954954955,0.0,0.009615384615384616,1.0,0.9903846153846154,0.9951690821256038,0.46790890269151136,0.4705493450164795,0.4699792960662526,0.4699792960662526,-0.0026404423249681286,0.0026404423249681286,24,0.014310320218404135,0.005761137346745502,0.012835502624511719,0.005167396145281425,0.03103394508361816,0.012493837825385854,0,0,0.0,0.0,0.0,24,18,0.013786368899875216,0.005550201779757182,0.0152130126953125,0.0061245488750671885,0.02384328842163086,0.009598978729939337,5,5,0.35714285714285715,0.21739130434782608,0.21739130434782608,23
gait_05_half_bound__vx_neg_0p5__seed_0042,fr,93.31892633986199,487.12838192105295,149.3919677734375,169.5935821533198,201.66139221191406,24,154.54093170166016,183.75719146728517,201.66139221191406,8.444449240366618,9.598717620849609,9.916167602539062,0.9296066252587992,0.9572072072072072,0.08050847457627118,0.0,0.9162995594713657,1.0,0.9563218390804598,0.5403726708074534,0.4705493450164795,0.4699792960662526,0.4699792960662526,0.06982332579097394,0.06982332579097394,24,0.034646193186442055,0.013948079039647801,0.0344393253326416,0.013864796897796208,0.05665173530578613,0.022807206480841585,0,0,0.0,0.0,0.0,24,23,0.03611336583676546,0.014538742492379703,0.036609649658203125,0.01473853950702603,0.057361030578613276,0.023092758964908238,0,0,0.0,0.0,0.0,23
gait_05_half_bound__vx_neg_0p5__seed_0042,rl,48.178019088169314,257.24684065669777,70.5944320678711,74.53646942138673,76.23673248291016,27,65.44587795822709,75.40516586303711,76.23673248291016,3.460270978433115,4.100050048828125,4.150103454589844,0.7991718426501035,0.8333333333333334,0.2320675105485232,0.09178743961352658,0.7736625514403292,0.9082125603864735,0.8355555555555556,0.5486542443064182,0.4705493450164795,0.4720496894409938,0.4720496894409938,0.07810489928993869,0.07810489928993869,24,0.10140840689341224,0.04082562453607718,0.10109246253967274,0.04069842970129766,0.12259123802185261,0.04935353989096296,0,3,0.1111111111111111,0.0,0.1111111111111111,27,24,0.04804383913675947,0.01934178632675524,0.054550170898439276,0.021961145665362,0.06916624641418387,0.027845375873454373,0,3,0.1111111111111111,0.0,0.1111111111111111,27
gait_05_half_bound__vx_neg_0p5__seed_0042,rr,46.231703007922455,253.39978137508035,80.82509536743164,87.56830459594728,97.32969665527344,25,80.68586414337159,88.40965576171875,97.32969665527344,3.9993505477905273,4.620354187011719,4.682895355224609,0.9089026915113871,0.9280898876404494,0.1350210970464135,0.0,0.8666666666666667,1.0,0.9285714285714286,0.5631469979296067,0.4705493450164795,0.4720496894409938,0.4720496894409938,0.09259765291312716,0.09259765291312716,24,0.019110097090403233,0.007693461248048323,0.017002706527710743,0.006845054902864478,0.040628843307494646,0.0163566113798662,0,1,0.04,0.0,0.04,25,24,0.10824466228485112,0.04357780657298627,0.10171783447265703,0.04095019580741796,0.1707696723937978,0.06874951240113604,0,1,0.04,0.0,0.04,25
gait_05_half_bound__vx_pos_0p5__seed_0042,fl,72.80360188726651,343.63300090789795,91.81341552734375,95.83346138000488,97.53821563720703,24,92.54397106170654,96.57773056030273,97.53821563720703,5.0214023017883305,5.339678085327149,5.351541137695313,0.9648033126293996,0.990990990990991,0.01694915254237288,0.0,0.9811320754716981,1.0,0.9904761904761905,0.4886128364389234,0.4705493450164795,0.4699792960662526,0.4699792960662526,0.0180634914224439,0.0180634914224439,24,0.03366235891977946,0.013552000947042411,0.03366255760192871,0.013552080933732627,0.05504498481750488,0.02216035091760731,0,0,0.0,0.0,0.0,24,23,0.05123325016187585,0.02062579917136571,0.05110931396484375,0.02057590416954619,0.07661399841308593,0.030843738001996465,0,1,0.041666666666666664,0.0,0.041666666666666664,24
gait_05_half_bound__vx_pos_0p5__seed_0042,fr,74.76300605773926,373.89178461909296,103.08922653198242,108.90642135620116,110.55304718017578,24,104.03326034545898,109.87017135620117,110.55304718017578,5.585582920710245,5.877344917297363,6.1172041320800785,0.9523809523809523,0.9864864864864865,0.025423728813559324,0.0,0.9719626168224299,1.0,0.985781990521327,0.5175983436853002,0.4705493450164795,0.4699792960662526,0.4699792960662526,0.04704899866882073,0.04704899866882073,24,0.013895670572916666,0.005594205124267322,0.012835502624511719,0.005167396145281425,0.030515336990356436,0.012285053367119707,0,0,0.0,0.0,0.0,24,23,0.040433344633682915,0.01627790631291127,0.039936065673828125,0.01607770866927743,0.061973190307617186,0.024949550794747755,0,0,0.0,0.0,0.0,23
gait_05_half_bound__vx_pos_0p5__seed_0042,rl,55.83540622747628,350.646351108551,80.65563507080068,91.07051063537598,142.9805145263672,23,89.03105263088061,124.20445556640622,142.9805145263672,4.496047834313434,5.383849594116211,5.755137023925782,0.8219461697722568,0.8445945945945946,0.2911392405063291,0.0,0.75,1.0,0.8571428571428571,0.650103519668737,0.4705493450164795,0.4720496894409938,0.4720496894409938,0.17955417465225754,0.17955417465225754,22,0.1350934228030118,0.054386746874411,0.13484490394592363,0.0542866966136838,0.15620325088501047,0.06288527221070442,2,1,0.12,0.08333333333333333,0.043478260869565216,23,24,0.04282128334045406,0.017239257467557383,0.04209720611572365,0.016947753973739172,0.06481058120727336,0.026091845196958407,0,0,0.0,0.0,0.0,24
gait_05_half_bound__vx_pos_0p5__seed_0042,rr,62.203053227553134,350.86583488464356,94.39159240722657,99.75739540100092,165.14950561523438,24,99.06863021850586,136.063585281372,165.14950561523438,4.843028928438822,5.944945266723632,6.506107025146484,0.8136645962732919,0.8404494382022472,0.26582278481012656,0.038461538461538464,0.7604562737642585,0.9615384615384616,0.8492569002123141,0.5838509316770186,0.4705493450164795,0.4720496894409938,0.4720496894409938,0.11330158666053913,0.11330158666053913,24,0.061095361709594766,0.024596149120786316,0.0610958385467546,0.02459634108884349,0.08247759819030716,0.03320434231743819,0,0,0.0,0.0,0.0,24,24,0.17448322455088303,0.07024453722900512,0.17469108581543047,0.07032821930430808,0.19524124145507765,0.07860142824234029,0,0,0.0,0.0,0.0,24
gait_05_half_bound__vx_pos_1p0__seed_0042,fl,71.58364909597104,382.25668617248533,97.31706314086914,98.62972824096678,123.68841552734375,31,95.07213937082598,99.28792572021484,123.68841552734375,4.732361699996456,5.074790649414062,5.679453125,0.8483606557377049,0.8811659192825112,0.19343065693430658,0.0,0.7644444444444445,1.0,0.8664987405541562,0.5471311475409836,0.39623603224754333,0.39549180327868855,0.39549180327868855,0.15089511529344024,0.15089511529344024,31,0.0301001081543584,0.009474170321205655,0.030094534158706665,0.009472415876208201,0.05878773331642151,0.018503754052350364,0,0,0.0,0.0,0.0,31,30,0.12218265533447266,0.03845764543435193,0.12299537658691406,0.038713453803205865,0.154083251953125,0.04849852914690521,0,1,0.03225806451612903,0.0,0.03225806451612903,31
gait_05_half_bound__vx_pos_1p0__seed_0042,fr,69.84393679569045,347.82280524253844,97.95304870605469,120.28679504394557,204.60459899902344,31,102.6174067835654,163.5499496459961,204.60459899902344,4.983295221636372,6.409940567016601,7.2570286560058594,0.8852459016393442,0.92152466367713,0.12773722627737227,0.0,0.8309178743961353,1.0,0.9076517150395778,0.5102459016393442,0.39623603224754333,0.39549180327868855,0.39549180327868855,0.11400986939180091,0.11400986939180091,31,0.034190657638734384,0.010761692689017695,0.03317108750343323,0.010440777525965061,0.06250134110450745,0.019672632001560907,0,0,0.0,0.0,0.0,31,30,0.07982209523518881,0.025124432170658986,0.07982158660888672,0.02512427207780513,0.11183719635009765,0.03520135678693642,0,1,0.03225806451612903,0.0,0.03225806451612903,31
gait_05_half_bound__vx_pos_1p0__seed_0042,rl,62.254335908328784,359.8434911942482,93.23234863281249,97.32387969970705,114.96897888183594,31,92.68996134111958,101.45808029174805,114.96897888183594,4.787575351345924,5.119570922851563,5.35678695678711,0.7561475409836066,0.7817371937639198,0.33090909090909093,0.040229885057471264,0.6472868217054264,0.9597701149425287,0.7731481481481481,0.5922131147540983,0.39623603224754333,0.3975409836065574,0.3975409836065574,0.195977082506555,0.195977082506555,28,0.17145626936640124,0.053966779464232326,0.17059639573097307,0.05369612963018576,0.19757736802101036,0.06218853522543044,3,3,0.17647058823529413,0.0967741935483871,0.0967741935483871,31,31,0.03668895352271272,0.011548044704638294,0.030447845458986933,0.009583622501051416,0.0753661346435539,0.023721894698925133,0,0,0.0,0.0,0.0,31
gait_05_half_bound__vx_pos_1p0__seed_0042,rr,66.9570802524413,365.938326818347,99.33336639404297,176.76979858398406,199.47381591796875,30,118.94111913045248,190.96492843627928,199.47381591796875,5.4710833288828535,7.035351341247558,7.196787109375,0.8340163934426229,0.8422222222222222,0.2581818181818182,0.0,0.7113821138211383,1.0,0.831353919239905,0.5594262295081968,0.39623603224754333,0.3975409836065574,0.3975409836065574,0.16319019726065342,0.16319019726065342,29,0.03299732006829445,0.010386083294690499,0.031115030050276715,0.009793622426006772,0.059351419210435095,0.018681177207780873,1,1,0.06451612903225806,0.03333333333333333,0.03333333333333333,30,16,0.18051767826080423,0.056818906465750454,0.1833027648925789,0.05769552740589567,0.19701374053955334,0.062011130455665094,15,15,0.6521739130434783,0.4838709677419355,0.4838709677419355,31
gait_05_half_bound__vx_pos_1p5__seed_0042,fl,71.07329909243106,382.49324285030366,97.20612487792967,125.73936676025349,221.930908203125,39,101.70125188582983,172.15447235107428,221.930908203125,4.844621473459095,6.419336898803713,7.378018188476562,0.775,0.7945823927765236,0.30132450331125826,0.0,0.6077586206896551,1.0,0.7560321715817694,0.5604166666666667,0.333658903837204,0.33541666666666664,0.33541666666666664,0.2267577628294627,0.2267577628294627,39,0.06235944231351217,0.015346197888552498,0.06286361813545227,0.015470271832242016,0.09794872403144836,0.024104457098265624,0,0,0.0,0.0,0.0,39,32,0.15619999170303345,0.03843966356872961,0.15999412536621094,0.03937337182285433,0.1915914535522461,0.04714924077072919,6,7,0.28888888888888886,0.15789473684210525,0.1794871794871795,39
gait_05_half_bound__vx_pos_1p5__seed_0042,fr,68.75064894580102,354.7533485603333,100.41645736694336,185.42247970581064,225.93858337402344,39,108.52527011969151,194.31940155029298,225.93858337402344,5.048210754394532,6.930270004272462,7.580271759033203,0.7979166666666667,0.8194130925507901,0.26490066225165565,0.0,0.6380090497737556,1.0,0.7790055248618785,0.5375,0.333658903837204,0.33541666666666664,0.33541666666666664,0.203841096162796,0.203841096162796,39,0.045688824011729315,0.01124368192797838,0.045571595430374146,0.011214832840479711,0.08093727231025696,0.019918064552089935,0,0,0.0,0.0,0.0,39,37,0.1575392130258921,0.038769236038826975,0.158355712890625,0.03897017062123026,0.1907722473144531,0.04694764016991715,1,2,0.075,0.02631578947368421,0.05128205128205128,39
gait_05_half_bound__vx_pos_1p5__seed_0042,rl,67.1131275757811,357.2136811828613,97.51766204833984,192.72312927246156,234.30638122558594,39,107.20419448461288,211.80265197753909,234.30638122558594,4.9117036261925335,7.239260604858399,7.686400756835938,0.7229166666666667,0.744343891402715,0.3654485049833887,0.02127659574468085,0.5564516129032258,0.9787234042553191,0.7095115681233932,0.5541666666666667,0.333658903837204,0.33125,0.33125,0.22050776282946272,0.22050776282946272,18,0.18092637075318388,0.04452464271372023,0.18212429165840227,0.044819442195311046,0.19544941067695873,0.04809865550705313,21,21,0.7,0.5384615384615384,0.5384615384615384,39,39,0.027448227711212178,0.0067548059847712975,0.01970779418945412,0.004849942500410956,0.0626006317138647,0.015405552817479263,0,0,0.0,0.0,0.0,39
gait_05_half_bound__vx_pos_1p5__seed_0042,rr,66.13984524926474,341.4698761075735,100.0355827331543,107.71358520507813,194.36087036132812,38,101.09055669684159,115.5569747924804,194.36087036132812,4.955320398431074,5.381914581298827,6.942410125732422,0.7958333333333333,0.8204545454545454,0.2633333333333333,0.0,0.639269406392694,1.0,0.7799442896935933,0.5375,0.333658903837204,0.3333333333333333,0.3333333333333333,0.203841096162796,0.203841096162796,38,0.026473797622480675,0.00651500594141855,0.021359061002732105,0.005256307059541604,0.058102892637254835,0.014298692471074686,0,0,0.0,0.0,0.0,38,7,0.19204223632812653,0.04726017508038246,0.19425476074219006,0.04780466098711603,0.19830196380615242,0.048800647750475275,32,32,0.9014084507042254,0.8205128205128205,0.8205128205128205,39
gait_06_gallop__vx_neg_1p5__seed_0042,fl,91.03226681988502,479.5002141082287,134.46285705566405,212.62864166259752,286.9938659667969,39,143.65653502635467,237.19546051025398,286.9938659667969,7.48754614805564,9.769766860961916,10.810025634765625,0.73125,0.751131221719457,0.3521594684385382,0.028368794326241134,0.5637860082304527,0.9716312056737588,0.7135416666666666,0.5479166666666667,0.333658903837204,0.3333333333333333,0.3333333333333333,0.21425776282946274,0.21425776282946274,21,0.1780724019663688,0.04382230208741983,0.17839447140693565,0.043901560996502845,0.19659439206123608,0.04838042696378762,18,18,0.631578947368421,0.46153846153846156,0.46153846153846156,39,39,0.026710523947690728,0.006573262540536918,0.021155242919924433,0.005206148935671498,0.05876075744628659,0.014460588138655544,0,0,0.0,0.0,0.0,39
gait_06_gallop__vx_neg_1p5__seed_0042,fr,98.29670774279617,499.6318364596367,153.28649520874023,176.10895385742182,266.9446105957031,39,151.67897190191806,199.2626373291016,266.9446105957031,7.983540667020356,9.801967193603517,11.031865844726562,0.80625,0.8257918552036199,0.2558139534883721,0.0,0.6467889908256881,1.0,0.7855153203342619,0.5291666666666667,0.333658903837204,0.33541666666666664,0.33541666666666664,0.1955077628294627,0.1955077628294627,39,0.02852156146978821,0.007018945490329424,0.027913664579394037,0.0068693465582395,0.060456465482714355,0.014877889354362387,0,0,0.0,0.0,0.0,39,9,0.1876799180772587,0.04618664079837115,0.18933761596679943,0.04659458799784146,0.1983113098144557,0.04880294773404743,30,30,0.8695652173913043,0.7692307692307693,0.7692307692307693,39
gait_06_gallop__vx_neg_1p5__seed_0042,rl,57.831497305183,216.26005972234532,89.58951187133789,95.01544036865236,99.34334564208984,42,81.54685969579788,94.49943237304687,99.34334564208984,4.091272622063046,4.8765760650634755,5.172821960449219,0.9416666666666667,0.9727272727272728,0.04,0.0,0.9210526315789473,1.0,0.958904109589041,0.3875,0.333658903837204,0.3333333333333333,0.3333333333333333,0.05384109616279603,0.05384109616279603,38,0.02443421978699577,0.006013080909518852,0.021359061002732105,0.005256307059541604,0.058102892637254835,0.014298692471074686,0,4,0.09523809523809523,0.0,0.09523809523809523,42,39,0.05894036317483124,0.014504787781081895,0.06019485473633068,0.014813508883100445,0.1067583847045892,0.02627244948250354,0,4,0.09302325581395349,0.0,0.09302325581395349,43
gait_06_gallop__vx_neg_1p5__seed_0042,rr,52.54154989532396,215.80735535383224,90.29151458740235,119.6957513427734,168.3265838623047,44,82.32035528529774,116.47454528808598,168.3265838623047,3.7948779426921506,4.974850456237793,5.970759506225586,0.8229166666666666,0.8529411764705882,0.1760797342192691,0.0851063829787234,0.7087912087912088,0.9148936170212766,0.7987616099071209,0.425,0.333658903837204,0.33125,0.33125,0.09134109616279601,0.09134109616279601,39,0.06745388052402554,0.01659990148193119,0.06745544552803295,0.016600286617851318,0.10327507138252515,0.025415231817222345,0,5,0.11363636363636363,0.0,0.11363636363636363,44,39,0.036656425671699876,0.009020875450052424,0.026522521972658808,0.006526996643902153,0.10462982177734155,0.025748625877161563,0,5,0.11363636363636363,0.0,0.11363636363636363,44
gait_06_gallop__vx_neg_1p0__seed_0042,fl,93.59525902696357,483.03935562670233,138.26265716552734,162.73314193725602,330.4267272949219,31,148.7707982217112,238.60991668701172,330.4267272949219,7.920962647468813,10.239165420532228,12.277957153320314,0.7274590163934426,0.7483296213808464,0.3236363636363636,0.13793103448275862,0.6276150627615062,0.8620689655172413,0.7263922518159805,0.5286885245901639,0.39623603224754333,0.39549180327868855,0.39549180327868855,0.13245249234262058,0.13245249234262058,30,0.1693235584100094,0.05329549726341299,0.16905716538429338,0.05321164863120635,0.19566887497901977,0.06158782681455264,1,1,0.0625,0.03225806451612903,0.03225806451612903,31,31,0.038531257875504536,0.012127919870944663,0.03749931335449119,0.011803109803685825,0.0668324279785164,0.021035864801585168,0,0,0.0,0.0,0.0,31
gait_06_gallop__vx_neg_1p0__seed_0042,fr,92.31582933783056,463.72161362171175,143.86270904541016,154.19910430908203,276.8342590332031,31,146.76094744282383,196.80908203125,276.8342590332031,7.762950188421435,9.44799331665039,11.158852996826171,0.8422131147540983,0.8708240534521158,0.21014492753623187,0.0,0.7489177489177489,1.0,0.8564356435643564,0.514344262295082,0.39623603224754333,0.39344262295081966,0.39344262295081966,0.11810823004753868,0.11810823004753868,31,0.05071574445693796,0.015963052308242236,0.049944375753401715,0.015720259875727612,0.07953879714012224,0.02503526257729508,0,0,0.0,0.0,0.0,31,26,0.1641469691349919,0.051666138052378366,0.16293514251709063,0.0512847091312964,0.19637668609619396,0.06181061415621141,5,5,0.2777777777777778,0.16129032258064516,0.16129032258064516,31
gait_06_gallop__vx_neg_1p0__seed_0042,rl,53.604746645362816,216.50725764453412,79.20636749267578,82.62975311279297,83.3525390625,33,71.87833973855683,82.7915756225586,83.3525390625,3.779108644543272,4.407111633300781,4.431464385986328,0.9323770491803278,0.9711111111111111,0.03636363636363636,0.017142857142857144,0.945054945054945,0.9828571428571429,0.9635854341736695,0.41188524590163933,0.39623603224754333,0.3975409836065574,0.3975409836065574,0.015649213654095995,0.015649213654095995,22,0.013521846966309748,0.004256073784158375,0.012041091918943536,0.0037899981989548354,0.03767936098575698,0.011859780760341332,8,11,0.4634146341463415,0.26666666666666666,0.3333333333333333,33,31,0.016866019464308515,0.0053086699963399075,0.016123657226561505,0.005075007504352212,0.0343149948120125,0.010800828480518948,0,2,0.06060606060606061,0.0,0.06060606060606061,33
gait_06_gallop__vx_neg_1p0__seed_0042,rr,52.14431607230636,253.5919607232511,90.40797996520996,96.16837547302246,97.30352783203125,36,79.21443891525269,96.48649024963379,97.30352783203125,3.821810808181764,4.759783344268799,4.782320022583008,0.8278688524590164,0.8596881959910914,0.19272727272727272,0.05747126436781609,0.7557603686635944,0.9425287356321839,0.8388746803069054,0.4959016393442623,0.39623603224754333,0.3975409836065574,0.3975409836065574,0.09966560709671896,0.09966560709671896,31,0.0925792532197898,0.029139816000538606,0.09257820725441235,0.02913948677733166,0.12063244462013323,0.037969708305817626,0,5,0.1388888888888889,0.0,0.1388888888888889,36,31,0.03166631390971547,0.009967141974603414,0.034367675781250995,0.010817410097857071,0.06046295166015625,0.019031038002041187,0,5,0.1388888888888889,0.0,0.1388888888888889,36
gait_06_gallop__vx_neg_0p5__seed_0042,fl,87.56165385650377,413.29100620269776,135.62227630615234,137.78955612182617,181.56134033203125,24,136.23981730143228,137.82013168334962,181.56134033203125,7.588737576802572,7.959836044311523,8.871183319091797,0.6770186335403726,0.6914414414414415,0.3080168776371308,0.30917874396135264,0.6620370370370371,0.6908212560386473,0.6761229314420804,0.4886128364389234,0.4705493450164795,0.4720496894409938,0.4720496894409938,0.0180634914224439,0.0180634914224439,24,0.14601672172546384,0.05878431620978268,0.14601672172546554,0.05878431620978337,0.16739895820617576,0.06739250940643436,0,0,0.0,0.0,0.0,24,20,0.1277856159210204,0.05144472471780691,0.1253608512878417,0.05046854795362048,0.14964015960693597,0.06024306227443849,4,3,0.25925925925925924,0.16666666666666666,0.13043478260869565,23
gait_06_gallop__vx_neg_0p5__seed_0042,fr,92.75424117438878,469.48998143672947,139.1086883544922,168.47852294921842,225.6347198486328,24,146.04909896850586,186.65701217651366,225.6347198486328,7.77237511952718,9.16005126953125,9.915252685546875,0.8737060041407867,0.9051918735891648,0.1440677966101695,0.03864734299516908,0.8540772532188842,0.961352657004831,0.9045454545454547,0.5238095238095238,0.4705493450164795,0.4720496894409938,0.4720496894409938,0.053260178793044344,0.053260178793044344,24,0.062234247525533005,0.025054648826435266,0.06275761604309071,0.025265349765798927,0.08522198677062888,0.03430919526990668,0,0,0.0,0.0,0.0,24,19,0.10931189286081418,0.04400745886831801,0.11051452636719006,0.0444916225140147,0.1269846725463857,0.05112227597327764,5,4,0.32142857142857145,0.20833333333333334,0.17391304347826086,23
gait_06_gallop__vx_neg_0p5__seed_0042,rl,47.08530456913628,233.30478184461595,81.93190078735351,86.05551879882812,87.78286743164062,24,82.57055282592773,86.55703239440918,87.78286743164062,4.005109613736471,4.5147863998413085,4.557141723632813,0.9606625258799172,0.9932584269662922,0.012658227848101266,0.0,0.985781990521327,1.0,0.9928400954653938,0.5113871635610766,0.4705493450164795,0.4720496894409938,0.4720496894409938,0.040837818544597115,0.040837818544597115,24,0.014343700408935659,0.005774575750595146,0.012962942123413868,0.005218701528066045,0.030671815872194398,0.012348049604546616,0,0,0.0,0.0,0.0,24,24,0.04821567217508956,0.019410963935601135,0.047284965515135724,0.019036274283958748,0.06999671936035358,0.028179712815788266,0,0,0.0,0.0,0.0,24
gait_06_gallop__vx_neg_0p5__seed_0042,rr,47.15513651249773,279.5347823286057,78.857080078125,80.62238006591797,84.73538208007812,31,62.020972805638465,81.2254867553711,84.73538208007812,3.1794703065195393,4.402222213745118,4.4246601867675786,0.8074534161490683,0.831081081081081,0.2742616033755274,0.04830917874396135,0.7519083969465649,0.9516908212560387,0.8400852878464818,0.6107660455486542,0.4705493450164795,0.4720496894409938,0.4720496894409938,0.14021670053217472,0.14021670053217472,23,0.11253730069036062,0.04530596352940781,0.11309636116027733,0.04553103355601588,0.13384602546691796,0.05388456192889463,1,8,0.28125,0.041666666666666664,0.25806451612903225,31,24,0.051757532755534186,0.020836868105147437,0.047302246093751776,0.019043231206327983,0.07764689445495677,0.031259567687937015,0,8,0.25,0.0,0.25,32
gait_06_gallop__vx_pos_0p5__seed_0042,fl,69.53734711718454,315.7975312137604,88.7677017211914,92.9087925720215,94.52491760253906,24,88.95045471191406,93.90105895996093,94.52491760253906,4.693746538162231,5.14181674194336,5.19581298828125,0.7494824016563147,0.7702702702702703,0.21518987341772153,0.2463768115942029,0.7536231884057971,0.7536231884057971,0.7536231884057971,0.4699792960662526,0.4705493450164795,0.4720496894409938,0.4720496894409938,-0.0005700489502268868,0.0005700489502268868,24,0.10047770023345944,0.04045093488443521,0.09954751014709373,0.04007645319818742,0.12367299079894972,0.049789038623972784,0,0,0.0,0.0,0.0,24,20,0.09373515129089345,0.03773647777009902,0.092557792663575,0.0372624894417572,0.11581809997558494,0.046626768025800104,4,3,0.25925925925925924,0.16666666666666666,0.13043478260869565,23
gait_06_gallop__vx_pos_0p5__seed_0042,fr,76.66774350599809,421.6725892829895,99.67191085815429,100.76948211669922,101.7481460571289,24,99.1237751642863,100.75660591125488,101.37625122070312,5.604777148564657,5.977995971679688,6.019095916748047,0.8737060041407867,0.8984198645598194,0.1906779661016949,0.0,0.8214285714285714,1.0,0.9019607843137255,0.5693581780538303,0.4705493450164795,0.4720496894409938,0.4720496894409938,0.09880883303735077,0.09880883303735077,24,0.039464637438456185,0.01588791817041643,0.03946459770202715,0.015887902173078713,0.061676340103148417,0.024830043000844258,0,0,0.0,0.0,0.0,24,20,0.13870380401611326,0.05584023650464562,0.14105594635009755,0.05678717653382473,0.16375568389892478,0.06592577747062849,4,3,0.25925925925925924,0.16666666666666666,0.13043478260869565,23
gait_06_gallop__vx_pos_0p5__seed_0042,rl,59.636336849684696,357.1346356320381,95.2362594604492,120.35246093749963,172.3958740234375,24,103.57887077331543,166.3488807678222,172.3958740234375,4.7992973216374715,6.515754119873046,6.658885040283203,0.8281573498964804,0.8471910112359551,0.2869198312236287,0.0,0.7536231884057971,1.0,0.859504132231405,0.6190476190476191,0.4705493450164795,0.4720496894409938,0.4720496894409938,0.14849827403113958,0.14849827403113958,24,0.03625572204589848,0.01459605313675806,0.03625548362732012,0.0145959571527301,0.05846951484680076,0.023539019427166918,0,0,0.0,0.0,0.0,24,19,0.17966399544163747,0.07233024406212488,0.17956245422363182,0.07228936496966865,0.19565704345703025,0.07876882438762149,5,5,0.3448275862068966,0.20833333333333334,0.20833333333333334,24
gait_06_gallop__vx_pos_0p5__seed_0042,rr,51.083381683011595,322.93810689926147,84.10578155517578,87.31928710937501,88.30192565917969,24,81.24243354797363,87.39898834228515,88.30192565917969,4.377464246749878,4.7788936767578125,4.79221176147461,0.8136645962732919,0.8378378378378378,0.29957805907172996,0.004830917874396135,0.7436823104693141,0.9951690821256038,0.8512396694214877,0.6542443064182195,0.4705493450164795,0.4720496894409938,0.4720496894409938,0.18369496140174002,0.18369496140174002,23,0.1298170500216276,0.052262552040036166,0.1292573261261012,0.052037214927437105,0.15293267250060952,0.061568582507870354,1,1,0.08,0.041666666666666664,0.041666666666666664,24,24,0.05524090449015295,0.022239225472881295,0.054933662414551776,0.022115534055133626,0.07764689445495677,0.031259567687937015,0,1,0.04,0.0,0.04,25
gait_06_gallop__vx_pos_1p0__seed_0042,fl,66.50511243503556,336.5158689212799,87.97176818847656,90.67890808105469,95.55158996582031,31,86.70414044780117,91.0376968383789,95.55158996582031,4.524975106023972,4.787912826538086,4.91081283569336,0.7459016393442623,0.7683741648106904,0.29818181818181816,0.12643678160919541,0.6495726495726496,0.8735632183908046,0.7450980392156863,0.5184426229508197,0.39623603224754333,0.39549180327868855,0.39549180327868855,0.12220659070327633,0.12220659070327633,31,0.15599188877690295,0.049099282813870986,0.15701988816261192,0.04942285112865431,0.18263748764992016,0.05748612782914171,0,0,0.0,0.0,0.0,31,31,0.03407920591292899,0.010726612661150096,0.03442466735839744,0.010835348502130924,0.08502471923828203,0.02676198595185232,0,0,0.0,0.0,0.0,31
gait_06_gallop__vx_pos_1p0__seed_0042,fr,71.23456741466858,406.03703426361085,97.84313354492188,101.21036529541016,164.99386596679688,31,99.58517529887538,103.95397567749023,164.99386596679688,5.4018802642822275,5.7768507385253915,6.9893341064453125,0.8094262295081968,0.8351893095768375,0.26811594202898553,0.0,0.7004048582995951,1.0,0.8238095238095238,0.5840163934426229,0.39623603224754333,0.39344262295081966,0.39344262295081966,0.18778036119507957,0.18778036119507957,31,0.019020331559643052,0.005986751271382685,0.016634439229964215,0.005235778876748202,0.04097888350486656,0.012898323152428096,0,0,0.0,0.0,0.0,31,15,0.17578870137532596,0.05533043565267869,0.1786888885498037,0.0562432851053608,0.19752796173095852,0.0621729843309124,16,16,0.6808510638297872,0.5161290322580645,0.5161290322580645,31
gait_06_gallop__vx_pos_1p0__seed_0042,rl,65.01913537048712,373.30851537704467,101.49660339355468,175.58936279296873,197.59547424316406,31,110.88118177844632,177.1354217529297,197.59547424316406,5.026201828987367,6.764363174438477,7.160046691894531,0.8094262295081968,0.8355555555555556,0.2690909090909091,0.0,0.7028112449799196,1.0,0.8254716981132075,0.5881147540983607,0.39623603224754333,0.3975409836065574,0.3975409836065574,0.19187872185081734,0.19187872185081734,22,0.012168145071376363,0.0038299888594475425,0.012041091918943536,0.0037899981989548354,0.023534082174303705,0.00740747846250906,8,9,0.4358974358974359,0.26666666666666666,0.2903225806451613,31,20,0.17388790130615311,0.054732148646215055,0.17497623443603416,0.05507470733025124,0.19332149505615154,0.06084897640631542,11,11,0.5238095238095238,0.3548387096774194,0.3548387096774194,31
gait_06_gallop__vx_pos_1p0__seed_0042,rr,55.64590765502292,346.2216637134552,92.22404098510742,150.38742828369138,183.71685791015625,31,106.1542227960402,166.90455627441406,183.71685791015625,5.0231594159526205,6.369259414672852,6.653891754150391,0.7561475409836066,0.77728285077951,0.36,0.005747126436781609,0.6360294117647058,0.9942528735632183,0.7757847533632287,0.6372950819672131,0.39623603224754333,0.3975409836065574,0.3975409836065574,0.24105904971966974,0.24105904971966974,31,0.16431881916138505,0.051720228768976556,0.16534546494483848,0.052043371030197204,0.19096306443214672,0.06010664773068461,0,0,0.0,0.0,0.0,31,31,0.07966166096348826,0.025073934624017132,0.07998001098632557,0.025174136999458883,0.11175071716308338,0.035174136999458885,0,0,0.0,0.0,0.0,31
gait_06_gallop__vx_pos_1p5__seed_0042,fl,67.73778006210628,342.7531671142578,96.92316131591791,103.67207427978515,151.77963256835938,39,94.14227510109926,106.96897888183598,151.77963256835938,4.542446811382587,4.91341195678711,5.859201354980469,0.7479166666666667,0.7601809954751131,0.3222591362126246,0.06382978723404255,0.5764192139737991,0.9361702127659575,0.7135135135135136,0.5270833333333333,0.333658903837204,0.3333333333333333,0.3333333333333333,0.19342442949612937,0.19342442949612937,28,0.1705601731368489,0.04197359809128224,0.17161289334297258,0.04223266475392542,0.19643550992012154,0.04834132724307104,11,11,0.44,0.28205128205128205,0.28205128205128205,39,39,0.02573503151918015,0.006333201063215716,0.024624938964841192,0.006060015489684649,0.06417533874511783,0.0157930765800654,0,0,0.0,0.0,0.0,39
gait_06_gallop__vx_pos_1p5__seed_0042,fr,68.67025678715807,387.52439482212066,99.6355411529541,173.44474853515618,200.268798828125,39,107.92383634127103,196.55596008300782,200.268798828125,5.311806707137671,7.231344589233399,7.342344207763672,0.7479166666666667,0.7669683257918553,0.34219269102990035,0.0,0.5778688524590164,1.0,0.7324675324675325,0.5875,0.333658903837204,0.33541666666666664,0.33541666666666664,0.25384109616279604,0.25384109616279604,39,0.021930195398820202,0.005396859013474452,0.021143342256543463,0.005203220270364787,0.04644126772880491,0.011428852765847436,0,0,0.0,0.0,0.0,39,1,0.19962203979492443,0.04912550869534669,0.19962203979492443,0.04912550869534669,0.19962203979492443,0.04912550869534669,38,38,0.987012987012987,0.9743589743589743,0.9743589743589743,39
gait_06_gallop__vx_pos_1p5__seed_0042,rl,66.02674001455307,359.1854656791687,99.69935607910156,118.2671215057377,180.142822265625,39,101.69910606971153,136.97691497802742,180.142822265625,4.8916303644424834,6.005972015380861,6.846628570556641,0.7666666666666667,0.7909090909090909,0.30666666666666664,0.0,0.603448275862069,1.0,0.7526881720430108,0.5666666666666667,0.333658903837204,0.3333333333333333,0.3333333333333333,0.23300776282946267,0.23300776282946267,27,0.015384490710717128,0.003786009465484035,0.015534971952440912,0.0038230417869470493,0.0325351727008794,0.008006665551878081,11,12,0.46,0.2894736842105263,0.3076923076923077,39,13,0.18615997314453273,0.04581259358351558,0.1872433471679713,0.046079203924054235,0.19816635131836052,0.048767274519468,26,26,0.8,0.6666666666666666,0.6666666666666666,39
gait_06_gallop__vx_pos_1p5__seed_0042,rr,65.39078992955825,356.0808921277523,101.29286155700683,160.89691513061555,184.5533905029297,39,108.17366203894981,172.82208099365235,184.5533905029297,4.946627574822841,6.424394027709962,6.63577133178711,0.7604166666666666,0.7647058823529411,0.34551495016611294,0.0,0.5755102040816327,1.0,0.7305699481865285,0.5666666666666667,0.333658903837204,0.33125,0.33125,0.23300776282946267,0.23300776282946267,25,0.17387207150459447,0.04278863180314057,0.17347732663154858,0.042691488007229154,0.19486709713936107,0.04795535244901375,14,14,0.5283018867924528,0.358974358974359,0.358974358974359,39,39,0.04492337740384464,0.01105531117477852,0.04446327209472756,0.0109420826585935,0.11458656311034936,0.02819890633434197,0,0,0.0,0.0,0.0,39
gait_07_gallop__vx_neg_1p5__seed_0042,fl,88.97026732531461,490.3213070678711,133.3657653808594,149.9711096191405,191.7097625732422,39,134.89461126082983,161.76669464111328,191.7097625732422,7.126350560310559,8.46985610961914,9.072318878173828,0.7625,0.7828054298642534,0.31893687707641194,0.0,0.5949367088607594,1.0,0.7460317460317459,0.5729166666666666,0.333658903837204,0.33541666666666664,0.33541666666666664,0.23925776282946265,0.23925776282946265,39,0.05947469194729967,0.014636282143052338,0.05991020321846108,0.014743458248257657,0.09573173642158289,0.023558872832030252,0,0,0.0,0.0,0.0,39,25,0.16593154907226734,0.040834527916637754,0.1683148193359365,0.041421033115069346,0.19569023132324403,0.048157919688329213,14,13,0.5192307692307693,0.358974358974359,0.34210526315789475,38
gait_07_gallop__vx_neg_1p5__seed_0042,fr,93.02997165732086,476.66118032813074,125.30262565612793,128.8119155883789,141.79266357421875,39,124.38041550073868,128.7962890625,141.79266357421875,6.829508565266926,6.9924654846191405,7.772229766845704,0.8,0.8257918552036199,0.2558139534883721,0.0,0.6467889908256881,1.0,0.7855153203342619,0.5333333333333333,0.333658903837204,0.3333333333333333,0.3333333333333333,0.19967442949612935,0.19967442949612935,39,0.07149545446420483,0.017594502959529218,0.06954589962959545,0.017114731922833835,0.10790649533271726,0.02655499102302315,0,0,0.0,0.0,0.0,39,39,0.1280613356370177,0.03151494826842251,0.1273719024658213,0.03134528386021757,0.16606132507323965,0.04086646483137303,0,0,0.0,0.0,0.0,39
gait_07_gallop__vx_neg_1p5__seed_0042,rl,55.15993438183683,227.85928376421333,95.01351547241211,99.30413131713865,188.86109924316406,38,93.84424149362664,99.78121643066406,188.86109924316406,4.244741235030325,4.83800602722168,6.777495498657227,0.9041666666666667,0.9409090909090909,0.08666666666666667,0.0,0.8433734939759037,1.0,0.9150326797385622,0.42916666666666664,0.333658903837204,0.3333333333333333,0.3333333333333333,0.09550776282946266,0.09550776282946266,28,0.030696188552037817,0.007554105143782208,0.0231170654296875,0.005688938956558474,0.07258272290229666,0.017862071686732525,10,10,0.4166666666666667,0.2631578947368421,0.2631578947368421,38,39,0.06310546875000164,0.015529789481095948,0.06065261840820213,0.014926161139665085,0.09901283264160377,0.0243663263629755,0,0,0.0,0.0,0.0,39
gait_07_gallop__vx_neg_1p5__seed_0042,rr,57.33490040971728,234.78999131202698,94.94607009887694,99.55991470336913,99.96260070800781,39,91.22920461801382,99.57850036621093,99.96260070800781,4.340587477072691,4.695503402709961,4.804561004638672,0.9083333333333333,0.9457013574660633,0.07973421926910298,0.0,0.8545454545454545,1.0,0.9215686274509803,0.42291666666666666,0.333658903837204,0.33125,0.33125,0.08925776282946268,0.08925776282946268,39,0.024332231894516845,0.0059879824429169655,0.021223222017287213,0.0052228780891358535,0.053323401212692904,0.013122494954117834,0,0,0.0,0.0,0.0,39,39,0.10734880105042904,0.026417746581767862,0.10753356933593494,0.02646321669130872,0.14708396911620839,0.036196277781688685,0,0,0.0,0.0,0.0,39
gait_07_gallop__vx_neg_1p0__seed_0042,fl,90.03836041622937,488.3255935239792,125.20818710327148,126.76437149047852,128.0111846923828,31,124.81624652493385,127.38828659057617,128.0111846923828,6.951435582560878,7.379251480102539,7.461095581054687,0.8381147540983607,0.8685968819599109,0.213768115942029,0.0,0.7456896551724138,1.0,0.8543209876543211,0.555327868852459,0.39623603224754333,0.39344262295081966,0.39344262295081966,0.15909183660491566,0.15909183660491566,31,0.03742142073569687,0.011778592684563272,0.03767731308937172,0.011859136173981223,0.06419613480567854,0.020206077399891692,0,0,0.0,0.0,0.0,31,23,0.11349106830099441,0.03572192184510522,0.11387145996094006,0.03584165215825259,0.13342464447021704,0.04199612175061605,8,7,0.39473684210526316,0.25806451612903225,0.23333333333333334,30
gait_07_gallop__vx_neg_1p0__seed_0042,fr,84.29165798001522,450.52652550160883,117.57858352661133,119.4619822692871,126.83332061767578,31,116.7395733248803,120.28747940063477,126.83332061767578,6.461605047410534,6.682571258544922,7.019959106445313,0.8483606557377049,0.8797327394209354,0.19636363636363635,0.0,0.7631578947368421,1.0,0.8656716417910448,0.5471311475409836,0.39623603224754333,0.39549180327868855,0.39549180327868855,0.15089511529344024,0.15089511529344024,31,0.06375521609860155,0.02006729587434929,0.06452110886574047,0.0203083647265422,0.0919382917881002,0.028938069955573922,0,0,0.0,0.0,0.0,31,31,0.08702384948730396,0.02739122290928716,0.07907974243164162,0.024890772648136234,0.15030967712402088,0.04731077625022433,0,0,0.0,0.0,0.0,31
gait_07_gallop__vx_neg_1p0__seed_0042,rl,60.510057794196264,271.68310094594955,90.41803855895996,152.8647187805176,170.18841552734375,31,98.49327776508946,153.7051773071289,170.18841552734375,4.781528170185705,6.244594497680664,6.615954742431641,0.930327868852459,0.9511111111111111,0.08,0.0,0.8883248730964467,1.0,0.9408602150537635,0.45901639344262296,0.39623603224754333,0.3975409836065574,0.3975409836065574,0.06278036119507963,0.06278036119507963,22,0.03552296280860807,0.01118104287987003,0.04139282822608692,0.013028614471392605,0.06250593781471334,0.01967407884072788,8,9,0.4358974358974359,0.26666666666666666,0.2903225806451613,31,31,0.02959841328282584,0.009316259172255625,0.028426055908205683,0.008947253406976852,0.057759170532227344,0.018180008404875075,0,0,0.0,0.0,0.0,31
gait_07_gallop__vx_neg_1p0__seed_0042,rr,52.26980098858804,238.10957776091993,86.1572052001953,87.9411688232422,90.459716796875,31,83.80400971443423,88.7369155883789,90.459716796875,4.010941941045946,4.4454033660888665,4.514342727661133,0.9323770491803278,0.9665924276169265,0.05454545454545454,0.0,0.9206349206349206,1.0,0.9586776859504132,0.4651639344262295,0.39623603224754333,0.3975409836065574,0.3975409836065574,0.06892790217868616,0.06892790217868616,31,0.018992291919646402,0.005977925644454328,0.015456472635271723,0.004865007579396855,0.04039355635643105,0.012714088296212117,0,0,0.0,0.0,0.0,31,31,0.08305281116116348,0.0261413173188834,0.08125411987304787,0.025575169598367368,0.11328804016113025,0.03565801765023634,0,0,0.0,0.0,0.0,31
gait_07_gallop__vx_neg_0p5__seed_0042,fl,89.09013975890417,468.95463826656345,116.79875564575194,119.41495544433593,120.28357696533203,24,116.20544242858887,119.80603981018066,120.28357696533203,6.190964925289154,6.827037765502929,6.886512908935547,0.927536231884058,0.963882618510158,0.06779661016949153,0.0,0.9282511210762332,1.0,0.9627906976744186,0.5445134575569358,0.4705493450164795,0.4720496894409938,0.4720496894409938,0.07396411254045632,0.07396411254045632,24,0.024793709913889666,0.009981605300877973,0.025427217483521503,0.01023664670198919,0.04526373863220314,0.01822255624664096,0,0,0.0,0.0,0.0,24,24,0.04914677619934086,0.01978581356062353,0.04883087158203203,0.019658634723182376,0.0703289794921865,0.028313476157566977,0,0,0.0,0.0,0.0,24
gait_07_gallop__vx_neg_0p5__seed_0042,fr,69.76580384886745,380.9237530426681,101.11765136718749,102.86162872314453,103.90599060058594,24,101.45664978027344,103.01428489685058,103.90599060058594,5.689067389170329,5.877284973144532,5.880218505859375,0.906832298136646,0.9391891891891891,0.11392405063291139,0.0,0.8846153846153846,1.0,0.9387755102040816,0.5652173913043478,0.4705493450164795,0.4720496894409938,0.4720496894409938,0.09466804628786829,0.09466804628786829,24,0.013948640823364148,0.005615530215772051,0.012004852294921875,0.0048329877908316055,0.031196813583373024,0.012559406434768852,0,0,0.0,0.0,0.0,24,24,0.08535933017730717,0.03436448782922523,0.08535968780517411,0.03436463180526693,0.11269495010376075,0.04536943100668089,0,0,0.0,0.0,0.0,24
gait_07_gallop__vx_neg_0p5__seed_0042,rl,55.02955090144895,292.17117356061937,82.48855590820312,89.17427856445313,90.39753723144531,24,84.16963068644206,89.4443172454834,90.39753723144531,4.465841249624888,4.909463348388671,4.913345794677735,0.8985507246376812,0.9258426966292135,0.13924050632911392,0.0,0.8630705394190872,1.0,0.9265033407572383,0.5486542443064182,0.4705493450164795,0.4720496894409938,0.4720496894409938,0.07810489928993869,0.07810489928993869,24,0.06310224056243892,0.025404090839284323,0.06310212135314863,0.0254040428472699,0.08531615257263282,0.034347105121708146,0,0,0.0,0.0,0.0,24,24,0.017897548675537205,0.007205305997082124,0.0151957321167,0.006117591952699386,0.036692886352539575,0.014772049450971565,0,0,0.0,0.0,0.0,24
gait_07_gallop__vx_neg_0p5__seed_0042,rr,49.28397552114333,270.56836155056953,66.45527763366698,69.23841270446776,70.38101196289062,24,65.90414412816365,69.85157890319825,70.38101196289062,3.498232048352559,3.9532072257995603,4.01343002319336,0.9047619047619048,0.9346846846846847,0.12236286919831224,0.0,0.8771186440677966,1.0,0.9345372460496614,0.567287784679089,0.4705493450164795,0.4720496894409938,0.4720496894409938,0.09673843966260953,0.09673843966260953,24,0.01460874080657922,0.0058812773554479045,0.01355075836181463,0.005455348230053804,0.03369038581848044,0.013563284189510461,0,0,0.0,0.0,0.0,24,24,0.09664038340250647,0.03890608410760448,0.09653293609619062,0.038862827305536043,0.1180292797088633,0.04751695845811297,0,0,0.0,0.0,0.0,24
gait_07_gallop__vx_pos_0p5__seed_0042,fl,79.34181390037396,430.1162658500671,92.738037109375,94.24251632690431,94.62434387207031,24,90.93691476186116,92.72218818664551,93.25453186035156,4.745890997250874,5.368771560668945,5.3998927307128906,0.906832298136646,0.9345372460496614,0.1228813559322034,0.0,0.8771186440677966,1.0,0.9345372460496614,0.5610766045548654,0.4705493450164795,0.4720496894409938,0.4720496894409938,0.09052725953838592,0.09052725953838592,24,0.05575374285380049,0.022445687117663635,0.055852289199830096,0.022485360516010536,0.07735135078429974,0.03114058588650767,0,0,0.0,0.0,0.0,24,24,0.03519325892130546,0.014168320151526834,0.03528106689453114,0.014203670429240532,0.06037166595459186,0.024304799201413697,0,0,0.0,0.0,0.0,24
gait_07_gallop__vx_pos_0p5__seed_0042,fr,65.51855703164603,343.39951807022095,84.4903751373291,85.7608528137207,86.20421600341797,24,73.44447835286458,75.68257675170898,76.196533203125,4.202003426551819,4.439733253479004,4.459108123779297,0.9296066252587992,0.963963963963964,0.06751054852320675,0.0,0.9282511210762332,1.0,0.9627906976744186,0.5424430641821946,0.4705493450164795,0.4720496894409938,0.4720496894409938,0.07189371916571508,0.07189371916571508,24,0.012127230167388628,0.004882255432695884,0.012004852294921875,0.0048329877908316055,0.023308459281920157,0.009383663902326159,0,0,0.0,0.0,0.0,24,24,0.07293947060902917,0.029364423839873057,0.07335578918457042,0.029532027950549072,0.10461513519286905,0.04211660907624889,0,0,0.0,0.0,0.0,24
gait_07_gallop__vx_pos_0p5__seed_0042,rl,71.06134217310137,368.1895310461521,92.75743865966797,98.58272979736324,148.3990478515625,24,95.85088793436687,102.55918540954589,148.3990478515625,5.151972691218059,5.435822044372558,6.3188926696777346,0.9358178053830227,0.9707865168539326,0.05485232067510549,0.0,0.9411764705882353,1.0,0.9696969696969697,0.5362318840579711,0.4705493450164795,0.4720496894409938,0.4720496894409938,0.06568253904149157,0.06568253904149157,24,0.02028845389684027,0.00816785142952207,0.019840593338011914,0.007987548951854096,0.04039089202880932,0.01626081548030437,0,0,0.0,0.0,0.0,24,24,0.046145642598470094,0.018577598607591714,0.045621757507325,0.018366689702833762,0.06712081909179587,0.027021915073331394,0,0,0.0,0.0,0.0,24
gait_07_gallop__vx_pos_0p5__seed_0042,rr,50.04177190124011,305.2548085975647,65.42968139648438,72.40410278320313,76.12386322021484,24,68.411061445872,74.60618515014647,76.12386322021484,3.385603109995524,3.867532508850098,3.919644470214844,0.8405797101449275,0.8671171171171171,0.2489451476793249,0.0,0.7781954887218046,1.0,0.8752642706131079,0.6314699792960663,0.4705493450164795,0.4720496894409938,0.4720496894409938,0.1609206342795868,0.1609206342795868,24,0.051729445457458466,0.020825560546725012,0.05141413688659657,0.020698621669354177,0.07291272163391316,0.02935365507179687,0,0,0.0,0.0,0.0,24,24,0.10906032244364416,0.04390618009163274,0.10936843872070234,0.04403022345081747,0.13086573600768991,0.052684738539506816,0,0,0.0,0.0,0.0,24
gait_07_gallop__vx_pos_1p0__seed_0042,fl,75.92898910522462,417.60944007873536,87.88965072631837,90.29485916137695,90.99024200439453,31,87.85241576163999,90.80046463012695,90.99024200439453,4.773150196690713,5.241146697998047,5.245143280029297,0.8299180327868853,0.8596881959910914,0.22826086956521738,0.0,0.7330508474576272,1.0,0.8459657701711492,0.5635245901639344,0.39623603224754333,0.39344262295081966,0.39344262295081966,0.16728855791639108,0.16728855791639108,31,0.06816714236813134,0.021455973307259922,0.06791069626807911,0.021375255523202654,0.09660484910011036,0.030406893873445796,0,0,0.0,0.0,0.0,31,29,0.09659791880640575,0.03040471252636901,0.09722030639648693,0.030600612355166805,0.12314575195312613,0.03876078525544852,2,2,0.12121212121212122,0.06451612903225806,0.06451612903225806,31
gait_07_gallop__vx_pos_1p0__seed_0042,fr,66.39050316360762,351.86966676712035,82.42454681396484,84.22330291748047,85.07734680175781,31,74.97763135356288,84.04827117919922,85.07734680175781,4.15718504382718,4.4235282897949215,4.471057739257812,0.8524590163934426,0.8841870824053452,0.1890909090909091,0.0,0.7699115044247787,1.0,0.8699999999999999,0.5430327868852459,0.39623603224754333,0.39549180327868855,0.39549180327868855,0.1467967546377026,0.1467967546377026,31,0.04530789386841631,0.014260902359659156,0.04659203171729942,0.014665091628144012,0.07220963120460766,0.022728368328631413,0,0,0.0,0.0,0.0,31,31,0.10137166423182262,0.031907274477261105,0.10188400268554432,0.03206853575073462,0.14352142333984297,0.04517413699945944,0,0,0.0,0.0,0.0,31
gait_07_gallop__vx_pos_1p0__seed_0042,rl,74.2544702439938,393.82192919015887,97.24422454833984,137.88656616210966,158.95443725585938,31,103.76306989116054,153.99251556396484,158.95443725585938,5.251029355449061,6.472361373901368,6.537970428466797,0.8545081967213115,0.8844444444444445,0.1890909090909091,0.0,0.7709251101321586,1.0,0.8706467661691543,0.5430327868852459,0.39623603224754333,0.3975409836065574,0.3975409836065574,0.1467967546377026,0.1467967546377026,22,0.02982662049206717,0.00938808861412314,0.029350782632826977,0.00923831609833679,0.05644476532935858,0.017766292324547493,8,9,0.4358974358974359,0.26666666666666666,0.2903225806451613,31,31,0.11758500622164902,0.03701051074139156,0.11912429809570568,0.037495011106442544,0.144742851257325,0.04555858798102925,0,0,0.0,0.0,0.0,31
gait_07_gallop__vx_pos_1p0__seed_0042,rr,52.678555989186236,317.23324475288393,78.91991424560547,87.70889282226562,117.51122283935547,31,80.8504870014806,107.43783187866211,117.51122283935547,3.9144706258466164,4.7205593872070315,4.925498809814453,0.7807377049180327,0.8040089086859689,0.32,0.0,0.6641221374045801,1.0,0.798165137614679,0.6168032786885246,0.39623603224754333,0.3975409836065574,0.3975409836065574,0.22056724644098125,0.22056724644098125,31,0.09052953024064413,0.028494654710216026,0.09130219101905723,0.02873785383022122,0.12063244462013323,0.037969708305817626,0,0,0.0,0.0,0.0,31,31,0.1301958859351365,0.04097985270166348,0.1312171173095713,0.04130129074863453,0.15863716125488025,0.04993189649996918,0,0,0.0,0.0,0.0,31
gait_07_gallop__vx_pos_1p5__seed_0042,fl,73.18196491681067,393.7189712524414,89.92012481689453,95.46479248046874,117.95220184326172,39,90.24871532733624,95.48211898803712,117.95220184326172,4.780416830992087,5.225769805908203,5.71811508178711,0.775,0.7963800904977375,0.29900332225913623,0.0,0.6103896103896104,1.0,0.7580645161290321,0.5604166666666667,0.333658903837204,0.33541666666666664,0.33541666666666664,0.2267577628294627,0.2267577628294627,39,0.0678100500045663,0.016687552158836893,0.06737365841865284,0.016580159414677022,0.10314788937568445,0.025383933265272055,0,0,0.0,0.0,0.0,39,29,0.1563562038027024,0.03847810621197927,0.16085327148437756,0.03958480133305233,0.1880276489257824,0.0462722147903028,10,9,0.3958333333333333,0.2564102564102564,0.23684210526315788,38
gait_07_gallop__vx_pos_1p5__seed_0042,fr,62.64127135988492,335.7747911608219,78.04569129943847,88.65863601684566,127.17642974853516,39,77.78599567902394,90.6658935546875,127.17642974853516,4.0873885365021545,4.414058639526368,5.107998352050782,0.775,0.7986425339366516,0.2956810631229236,0.0,0.6130434782608696,1.0,0.7601078167115903,0.5583333333333333,0.333658903837204,0.3333333333333333,0.3333333333333333,0.22467442949612937,0.22467442949612937,39,0.07149545446420483,0.017594502959529218,0.06954589962959545,0.017114731922833835,0.10790649533271726,0.02655499102302315,0,0,0.0,0.0,0.0,39,38,0.15170324626721682,0.03733304774998079,0.15190040588378828,0.03738156727451928,0.1876568984985326,0.04618097585017187,1,1,0.05,0.02564102564102564,0.02564102564102564,39
gait_07_gallop__vx_pos_1p5__seed_0042,rl,70.61852688082942,381.3400451564789,91.33927841186524,94.83973487854004,99.29488372802734,39,88.02664116101387,96.0622787475586,99.29488372802734,4.70690254504864,5.417782684326172,5.4421630859375005,0.7708333333333334,0.7954545454545454,0.3,0.0,0.6086956521739131,1.0,0.7567567567567568,0.5625,0.333658903837204,0.3333333333333333,0.3333333333333333,0.22884109616279602,0.22884109616279602,27,0.040418583684495774,0.009946714732932911,0.030241395235059088,0.007442183869604384,0.07961292386054844,0.01959215218615749,11,12,0.46,0.2894736842105263,0.3076923076923077,39,26,0.1724352792593165,0.04243504785012957,0.17159355163574475,0.042227904902720714,0.19716632843017834,0.048521176277312936,13,13,0.5,0.3333333333333333,0.3333333333333333,39
gait_07_gallop__vx_pos_1p5__seed_0042,rr,58.79680529142681,335.1846012115479,84.07736663818359,94.55937957763685,176.703125,39,88.37799346141325,105.91023178100596,176.703125,4.364742854191706,4.889699279785158,6.264171600341797,0.7375,0.7601809954751131,0.3521594684385382,0.0,0.5708502024291497,1.0,0.7268041237113402,0.59375,0.333658903837204,0.33125,0.33125,0.260091096162796,0.260091096162796,39,0.10079560619134324,0.024805053758054387,0.10249343991279503,0.025222878089135856,0.1350362408161189,0.03323142088525961,0,0,0.0,0.0,0.0,39,39,0.15944485004131445,0.0392381992247932,0.15749656677246193,0.038758741111033126,0.1958584976196267,0.04819932878030409,0,0,0.0,0.0,0.0,39
gait_08_gallop__vx_neg_1p5__seed_0042,fl,94.42272481995244,470.0908345979452,137.36379623413083,139.5190998840332,165.91200256347656,39,135.4829355875651,139.70284423828124,165.91200256347656,7.341487197875977,7.801748596191407,8.719754028320313,0.81875,0.8438914027149321,0.2292358803986711,0.0,0.6714285714285714,1.0,0.8034188034188035,0.5166666666666667,0.333658903837204,0.33541666666666664,0.33541666666666664,0.18300776282946274,0.18300776282946274,39,0.024968602687883628,0.006144588592093282,0.021360014677046735,0.0052565417517423454,0.05368614315986378,0.013211763066487673,0,0,0.0,0.0,0.0,39,32,0.16143316507339645,0.03972750885963101,0.1629456329345711,0.04009971602243677,0.19454401016235412,0.04787584313173288,7,6,0.28888888888888886,0.1794871794871795,0.15789473684210525,38
gait_08_gallop__vx_neg_1p5__seed_0042,fr,90.05522720252766,490.413161496222,127.33063049316407,141.91489288330115,221.66859436035156,39,130.00408818171576,158.01098022460943,221.66859436035156,7.032961910932492,7.958599380493165,9.44893081665039,0.7666666666666667,0.7895927601809954,0.3089700996677741,0.0,0.6025641025641025,1.0,0.7519999999999999,0.5666666666666667,0.333658903837204,0.3333333333333333,0.3333333333333333,0.23300776282946267,0.23300776282946267,35,0.1632233113901971,0.04016805063819553,0.1643792736530294,0.04045252440798868,0.19627662777900703,0.048302227522354454,4,4,0.18604651162790697,0.10256410256410256,0.10256410256410256,39,39,0.06554553887782798,0.01613027270631964,0.06339370727538807,0.015600722851979,0.10220806121825951,0.025152648501489752,0,0,0.0,0.0,0.0,39
gait_08_gallop__vx_neg_1p5__seed_0042,rl,47.73211658362186,190.28308135807515,77.76412200927732,80.71436897277832,82.94095611572266,41,71.42118042271312,80.69107818603516,82.94095611572266,3.302217034595768,3.736120376586914,3.935766067504883,0.7770833333333333,0.8031674208144797,0.20930232558139536,0.1702127659574468,0.65,0.8297872340425532,0.7289719626168223,0.4125,0.333658903837204,0.33125,0.33125,0.078841096162796,0.078841096162796,39,0.10496330967316417,0.025830694783695415,0.10622421383857983,0.02614099398014567,0.13909488797188027,0.03423022395503352,0,2,0.04878048780487805,0.0,0.04878048780487805,41,39,0.03224841191218576,0.007936095841073975,0.030253295898440058,0.007445112534911095,0.06603782653808851,0.01625142106127877,0,2,0.04878048780487805,0.0,0.04878048780487805,41
gait_08_gallop__vx_neg_1p5__seed_0042,rr,59.65654687248931,237.6789780957997,97.10427856445312,100.08220939636232,110.96736145019531,44,85.47389167005366,99.84925994873048,110.96736145019531,4.140768484798345,4.970537925720215,5.415442199707031,0.8583333333333333,0.8931818181818182,0.14,0.03571428571428571,0.7627118644067796,0.9642857142857143,0.8517350157728707,0.4083333333333333,0.333658903837204,0.3333333333333333,0.3333333333333333,0.07467442949612935,0.07467442949612935,38,0.07323417544365092,0.018022389342627548,0.07227668642997997,0.017786758372644908,0.10849094271659804,0.02669881920486271,0,6,0.13636363636363635,0.0,0.13636363636363635,44,38,0.1323695795159607,0.03257517524713746,0.1328238296508797,0.03268696284822475,0.17522800445556594,0.04312231688140992,1,6,0.15555555555555556,0.02564102564102564,0.13636363636363635,44
gait_08_gallop__vx_neg_1p0__seed_0042,fl,95.35349138099026,475.9739138424397,136.98973999023437,153.83848144531277,177.43826293945312,31,138.93951612903226,167.11139678955078,177.43826293945312,7.634331468766735,8.852015075683594,9.049342041015626,0.8831967213114754,0.9042316258351893,0.15579710144927536,0.0,0.8009259259259259,1.0,0.8894601542416452,0.5102459016393442,0.39623603224754333,0.39344262295081966,0.39344262295081966,0.11400986939180091,0.11400986939180091,31,0.024900803988980067,0.007837661476721127,0.02278754591941734,0.00717250217626192,0.05084464430809099,0.016003624227051937,0,0,0.0,0.0,0.0,31,22,0.1270999631014745,0.04000539440148038,0.12808883666992266,0.04031664765564052,0.148391799926757,0.04670711412619294,9,8,0.4358974358974359,0.2903225806451613,0.26666666666666666,30
gait_08_gallop__vx_neg_1p0__seed_0042,fr,88.58736855341499,480.1435375595093,127.96377944946289,132.0215545654297,175.59652709960938,31,129.31211237753593,137.26849365234375,175.59652709960938,7.12889856153919,7.598375930786133,8.67255111694336,0.7909836065573771,0.8173719376391982,0.2909090909090909,0.011494252873563218,0.6825396825396826,0.9885057471264368,0.8075117370892018,0.555327868852459,0.39623603224754333,0.39549180327868855,0.39549180327868855,0.15909183660491566,0.15909183660491566,31,0.15189238129123636,0.047808940867154794,0.15086678147316235,0.04748612782914171,0.17892387986183245,0.056317249879930614,0,0,0.0,0.0,0.0,31,31,0.01636073943107347,0.005149630398534339,0.015538330078125995,0.004890772648136232,0.03372871398925881,0.01061629345020143,0,0,0.0,0.0,0.0,31
gait_08_gallop__vx_neg_1p0__seed_0042,rl,45.53624429244662,209.55081646800042,62.873810577392575,65.30326690673829,70.70712280273438,33,57.901015166080356,65.41218719482421,70.70712280273438,3.0359240346966367,3.588553771972656,3.7094087982177735,0.7315573770491803,0.7505567928730512,0.2690909090909091,0.21839080459770116,0.6476190476190476,0.7816091954022989,0.7083333333333334,0.4692622950819672,0.39623603224754333,0.3975409836065574,0.3975409836065574,0.07302626283442387,0.07302626283442387,31,0.135622758980721,0.04268799007053146,0.13638619065284985,0.04292828427988314,0.17431000351906079,0.05486500757939686,0,2,0.06060606060606061,0.0,0.06060606060606061,33,31,0.06657585882371544,0.0209551082853864,0.06683242797851463,0.02103586480158461,0.0933522033691414,0.029383106201597176,0,2,0.06060606060606061,0.0,0.06060606060606061,33
gait_08_gallop__vx_neg_1p0__seed_0042,rr,52.87863589871314,232.13162479311228,90.00526275634765,93.23381439208984,94.95661163330078,36,75.2392971780565,93.57330513000488,94.95661163330078,3.665515101220873,4.720228271484375,4.826114654541016,0.9036885245901639,0.9333333333333333,0.09454545454545454,0.022857142857142857,0.868020304568528,0.9771428571428571,0.9193548387096775,0.444672131147541,0.39623603224754333,0.3975409836065574,0.3975409836065574,0.04843609889999767,0.04843609889999767,23,0.0514898257151901,0.01620669853188785,0.05084464430809277,0.016003624227052496,0.09145057082176145,0.028784557168157334,7,13,0.46511627906976744,0.23333333333333334,0.3611111111111111,36,31,0.0929886381087773,0.02926867208787575,0.09196746826172131,0.028947253406976854,0.12129867553711016,0.03817940805667312,0,6,0.16216216216216217,0.0,0.16216216216216217,37
gait_08_gallop__vx_neg_0p5__seed_0042,fl,94.08650823987486,445.97004905700686,131.10023498535156,133.6935089111328,148.13931274414062,24,130.84257316589355,134.34315338134766,148.13931274414062,7.271103858947754,7.750628005981446,8.085238342285157,0.8944099378881988,0.927765237020316,0.08898305084745763,0.05314009661835749,0.9032258064516129,0.9468599033816425,0.9245283018867925,0.4906832298136646,0.4705493450164795,0.4720496894409938,0.4720496894409938,0.020133884797185087,0.020133884797185087,24,0.0684442567825317,0.02755471281578744,0.06751311302184959,0.02717984719342661,0.09614441871643019,0.038706415572448555,0,0,0.0,0.0,0.0,24,24,0.08847606658935551,0.035619242877985124,0.0890005874633788,0.035830407740152,0.11005046844482624,0.0443047992014137,0,0,0.0,0.0,0.0,24
gait_08_gallop__vx_neg_0p5__seed_0042,fr,88.19859497994184,451.57680629730226,129.33947372436523,132.52141571044922,179.658447265625,24,131.9840602874756,140.06980667114257,179.658447265625,7.3231832186381025,7.866421508789061,8.787198486328125,0.7846790890269151,0.8085585585585585,0.24050632911392406,0.13526570048309178,0.7584745762711864,0.8647342995169082,0.8081264108352144,0.5300207039337475,0.4705493450164795,0.4720496894409938,0.4720496894409938,0.05947135891726796,0.05947135891726796,24,0.11289732138315833,0.04545090288975913,0.11238205909728904,0.04524346540735581,0.13509514808654738,0.05438744144974257,0,0,0.0,0.0,0.0,24,24,0.05332828044891347,0.021469229440221105,0.05405128479003807,0.021760301005912214,0.0738878059387197,0.029746210550563982,0,0,0.0,0.0,0.0,24
gait_08_gallop__vx_neg_0p5__seed_0042,rl,46.36442053318024,259.4639604586363,76.23894500732422,85.6689567565918,86.99895477294922,25,73.50553215026855,86.19369506835938,86.99895477294922,3.3703120239257816,4.244505111694337,4.314558792114258,0.7060041407867494,0.7252252252252253,0.3628691983122363,0.17391304347826086,0.6653696498054474,0.8260869565217391,0.7370689655172414,0.5714285714285714,0.4705493450164795,0.4720496894409938,0.4720496894409938,0.1008792264120919,0.1008792264120919,19,0.16571423731352167,0.0667142640348857,0.16919339179992576,0.0681149235967131,0.18566182136535864,0.07474488597097531,5,6,0.36666666666666664,0.20833333333333334,0.24,25,24,0.07102704524993893,0.02859450779390308,0.07009685516357322,0.028220026107655286,0.09422233581542921,0.037932611533440644,0,1,0.04,0.0,0.04,25
gait_08_gallop__vx_neg_0p5__seed_0042,rr,39.595722102788905,233.25473885178567,73.34010925292968,83.11015960693359,84.52332305908203,24,76.09645620981853,84.06700286865234,84.52332305908203,3.5693405691782636,4.137086563110351,4.171325836181641,0.84472049689441,0.8651685393258427,0.2489451476793249,0.004807692307692308,0.7781954887218046,0.9951923076923077,0.8734177215189874,0.598343685300207,0.4705493450164795,0.4720496894409938,0.4720496894409938,0.1277943402837275,0.1277943402837275,24,0.03832583109537765,0.015429450459443566,0.0386329936981209,0.015553109882515865,0.06300862312316821,0.02536640175074838,0,0,0.0,0.0,0.0,24,12,0.11419698079427103,0.045974127825129975,0.11859596252441484,0.04774509713583691,0.1597160148620603,0.06429946248944166,12,12,0.6666666666666666,0.5,0.5,24
gait_08_gallop__vx_pos_0p5__seed_0042,fl,76.87809833685557,369.01487201690674,96.05859298706055,98.70822242736817,101.71231079101562,24,95.98272800445557,99.65008430480957,101.71231079101562,5.164390813509623,5.786678909301758,5.87957275390625,0.8799171842650103,0.9119638826185101,0.11016949152542373,0.06280193236714976,0.8818181818181818,0.9371980676328503,0.9086651053864169,0.4968944099378882,0.4705493450164795,0.4720496894409938,0.4720496894409938,0.0263450649214087,0.0263450649214087,24,0.07258407751719154,0.02922134748777802,0.07226717948913652,0.029093768716885824,0.1039758014678945,0.04185922214543459,0,0,0.0,0.0,0.0,24,24,0.09882589658101404,0.03978594153932787,0.09850872039795,0.039658250787069346,0.12000778198242087,0.04831347615756698,0,0,0.0,0.0,0.0,24
gait_08_gallop__vx_pos_0p5__seed_0042,fr,73.00278139301375,372.3141851043701,89.48234634399414,91.6091017150879,101.07243347167969,24,90.03527514139812,95.9590175628662,101.07243347167969,4.935097773869832,5.136157676696777,5.411136169433594,0.8737060041407867,0.9054054054054054,0.14767932489451477,0.033816425120772944,0.851063829787234,0.966183574879227,0.9049773755656109,0.5279503105590062,0.4705493450164795,0.4720496894409938,0.4720496894409938,0.057400965542526716,0.057400965542526716,24,0.06735802173614498,0.027117409583045367,0.06745732307433983,0.027157386930814313,0.08895409584045612,0.0358116908546426,0,0,0.0,0.0,0.0,24,24,0.015657575925191274,0.006303523893624113,0.013997917175294639,0.005635368194733069,0.03538063049316333,0.014243753359440696,0,0,0.0,0.0,0.0,24
gait_08_gallop__vx_pos_0p5__seed_0042,rl,58.7562674432019,360.18540823221207,85.7117691040039,130.75309371948234,170.4170684814453,28,88.39646710668292,162.1848777770996,170.4170684814453,3.9974764360700337,6.262722953796386,6.457403869628906,0.7515527950310559,0.7837837837837838,0.35443037974683544,0.057971014492753624,0.6989247311827957,0.9420289855072463,0.8024691358024693,0.6335403726708074,0.4705493450164795,0.4720496894409938,0.4720496894409938,0.16299102765432794,0.16299102765432794,18,0.16667034043206108,0.06709917795012244,0.170024995803832,0.06844971588727596,0.19107373237609762,0.07692364662520115,6,10,0.47058823529411764,0.25,0.35714285714285715,28,24,0.029170476595560713,0.011743631139778343,0.0268343734741201,0.010803148276126452,0.05480186462402442,0.022062474084312767,0,5,0.1724137931034483,0.0,0.1724137931034483,29
gait_08_gallop__vx_pos_0p5__seed_0042,rr,58.890153577362284,326.28288015931844,85.73257255554199,90.98510932922363,161.9488983154297,24,90.63269805908203,108.96421890258785,161.9488983154297,4.378094843228658,4.607365074157715,6.068222198486328,0.7929606625258799,0.8179775280898877,0.2742616033755274,0.07692307692307693,0.7470817120622568,0.9230769230769231,0.8258064516129032,0.5714285714285714,0.4705493450164795,0.4720496894409938,0.4720496894409938,0.1008792264120919,0.1008792264120919,22,0.0753683116219261,0.03034224169825416,0.07547820091247637,0.0303864816094605,0.095478563308715,0.038438351378330314,2,2,0.15384615384615385,0.08333333333333333,0.08333333333333333,24,21,0.17529685065859843,0.07057209186677052,0.17623794555664318,0.07095096367964474,0.195490722656249,0.07870186592950892,3,3,0.2222222222222222,0.125,0.125,24
gait_08_gallop__vx_pos_1p0__seed_0042,fl,72.89685058946962,393.642993183136,92.64935646057128,97.23544700622558,139.7781219482422,31,94.34452524492818,106.14687728881836,139.7781219482422,4.912511273660969,5.579618225097656,6.304094390869141,0.8401639344262295,0.8708240534521158,0.21014492753623187,0.0,0.7489177489177489,1.0,0.8564356435643564,0.5532786885245902,0.39623603224754333,0.39344262295081966,0.39344262295081966,0.15704265627704683,0.15704265627704683,31,0.017419424864553754,0.005482857311272834,0.016634439229964215,0.005235778876748202,0.03726432204246599,0.011729145029117136,0,0,0.0,0.0,0.0,31,28,0.16503036499023516,0.051944191631146316,0.16293514251709063,0.0512847091312964,0.19651477813720836,0.061854079366032724,3,2,0.15151515151515152,0.0967741935483871,0.06666666666666667,30
gait_08_gallop__vx_pos_1p0__seed_0042,fr,69.66199084947694,369.23266811609267,84.77567901611327,92.64630645751953,160.34750366210938,31,87.65187097364857,100.20597839355469,160.34750366210938,4.544223866616527,4.976125183105469,6.156176910400391,0.8442622950819673,0.8730512249443207,0.20727272727272728,0.0,0.7532467532467533,1.0,0.8592592592592593,0.5430327868852459,0.39623603224754333,0.39549180327868855,0.39549180327868855,0.1467967546377026,0.1467967546377026,31,0.1047493680446386,0.03297042485044575,0.10398033738136547,0.032728368328631414,0.13203743577003557,0.04155949037942031,0,0,0.0,0.0,0.0,31,31,0.042437160861107215,0.013357323763911978,0.04269325256347756,0.013437929999399967,0.07690155029296797,0.02420517500150063,0,0,0.0,0.0,0.0,31
gait_08_gallop__vx_pos_1p0__seed_0042,rl,63.4490764420608,368.23850583553315,96.41621704101566,151.08960586547852,193.01116943359375,30,102.40985260009765,172.52946624755847,193.01116943359375,4.874018899281821,6.561050453186033,6.989087524414063,0.7418032786885246,0.7616926503340757,0.3709090909090909,0.028735632183908046,0.6236162361623616,0.9712643678160919,0.7595505617977527,0.5942622950819673,0.39623603224754333,0.3975409836065574,0.3975409836065574,0.19802626283442393,0.19802626283442393,17,0.1820122138892912,0.057289319562699594,0.18327644944191235,0.05768724447679735,0.19890831589698763,0.06260745820075635,14,13,0.6136363636363636,0.45161290322580644,0.43333333333333335,30,31,0.017423971852948392,0.0054842885002333,0.016438598632809942,0.005174136999458882,0.03702068328857422,0.011652458425887016,0,0,0.0,0.0,0.0,31
gait_08_gallop__vx_pos_1p0__seed_0042,rr,63.55005377121554,333.61964303791524,92.12730903625486,170.0062910461424,180.43875122070312,30,108.21973673502605,172.15304641723628,180.43875122070312,4.939205904006958,6.35011555480957,6.513889007568359,0.8155737704918032,0.84,0.2545454545454545,0.011428571428571429,0.7119341563786008,0.9885714285714285,0.8277511961722488,0.5368852459016393,0.39623603224754333,0.3975409836065574,0.3975409836065574,0.140649213654096,0.140649213654096,22,0.04677947748791166,0.014724091188798843,0.04622981429099937,0.01455108175241609,0.06734568953514337,0.021197416626644205,8,8,0.42105263157894735,0.26666666666666666,0.26666666666666666,30,17,0.1803571454216459,0.056768377894473136,0.1826657104492213,0.05749501110644255,0.19686019897461193,0.06196280242540755,14,14,0.6222222222222222,0.45161290322580644,0.45161290322580644,31
gait_08_gallop__vx_pos_1p5__seed_0042,fl,73.94837259727976,408.2312740302086,96.56592750549316,149.53995513916016,181.4102325439453,39,101.56699919089293,155.9246719360352,181.4102325439453,4.976012945908766,6.352718261718751,6.8200381469726565,0.7604166666666666,0.7805429864253394,0.3222591362126246,0.0,0.592436974789916,1.0,0.7440633245382585,0.575,0.333658903837204,0.33541666666666664,0.33541666666666664,0.24134109616279598,0.24134109616279598,39,0.03158671149840595,0.007773256259511493,0.028604890108105963,0.00703945205238267,0.0669651043415076,0.01647961727569309,0,0,0.0,0.0,0.0,39,13,0.18165202801044344,0.044703221601792756,0.18233383178711193,0.0448710084723891,0.1976559448242213,0.0486416672533978,26,25,0.796875,0.6666666666666666,0.6578947368421053,38
gait_08_gallop__vx_pos_1p5__seed_0042,fr,68.08590852752212,351.4943435227871,88.0510040283203,155.73295532226587,201.08595275878906,39,94.23519173646585,178.07228393554692,201.08595275878906,4.571951833871694,6.3104742126464854,6.811687774658203,0.7958333333333333,0.8212669683257918,0.26245847176079734,0.0,0.6409090909090909,1.0,0.7811634349030471,0.5375,0.333658903837204,0.3333333333333333,0.3333333333333333,0.203841096162796,0.203841096162796,39,0.11734058401523648,0.02887665052556047,0.11860290646553295,0.02918729875143812,0.15114570736885327,0.037195841547561004,0,0,0.0,0.0,0.0,39,39,0.08638415409968293,0.02125850190551976,0.08487426757812244,0.02088692999131576,0.130974502563474,0.032231857119387294,0,0,0.0,0.0,0.0,39
gait_08_gallop__vx_pos_1p5__seed_0042,rl,67.23601038963785,372.6225737142563,102.99397888183593,191.6252117919922,204.2836151123047,38,110.86039131566098,193.98870315551758,204.2836151123047,5.093490032396819,6.818621368408203,6.987600860595704,0.7,0.7104072398190046,0.4019933554817276,0.04964539007092199,0.5254901960784314,0.950354609929078,0.6767676767676768,0.5770833333333333,0.333658903837204,0.33125,0.33125,0.2434244294961293,0.2434244294961293,5,0.19393859982490724,0.04772685612194653,0.19450393795967358,0.04786598165880511,0.19757934689522044,0.04862281706916442,34,33,0.9305555555555556,0.8717948717948718,0.868421052631579,38,39,0.026706317999423225,0.006572227487752167,0.023245697021486933,0.005720594240654013,0.06507923126220447,0.01601551784834127,0,0,0.0,0.0,0.0,39
gait_08_gallop__vx_pos_1p5__seed_0042,rr,60.7332736039773,331.8492954826355,96.27774963378906,104.41664093017572,165.58001708984375,46,90.44115999470587,105.57694625854492,165.58001708984375,4.01698432341866,4.944363594055176,6.151616821289062,0.7645833333333333,0.7886363636363637,0.31,0.0,0.6008583690987125,1.0,0.7506702412868632,0.56875,0.333658903837204,0.3333333333333333,0.3333333333333333,0.235091096162796,0.235091096162796,38,0.023155493108850022,0.005698395724402244,0.019612312316892755,0.004826445117228318,0.04831323504448139,0.011889530087540687,0,8,0.17391304347826086,0.0,0.17391304347826086,46,7,0.1925754765101857,0.04739140154829836,0.19425476074219006,0.04780466098711603,0.19830196380615242,0.048800647750475275,32,40,0.9113924050632911,0.8205128205128205,0.851063829787234,47
gait_09_gallop__vx_neg_1p5__seed_0042,fl,86.9823341503478,497.7629240179062,122.72123107910156,125.75447662353515,126.54409790039062,39,121.56054315811548,125.80263595581054,126.54409790039062,6.427232186733148,6.830829681396485,6.852882385253906,0.7395833333333334,0.7601809954751131,0.3521594684385382,0.0,0.5708502024291497,1.0,0.7268041237113402,0.59375,0.333658903837204,0.3333333333333333,0.3333333333333333,0.260091096162796,0.260091096162796,39,0.14234690271891237,0.03503052075040162,0.14335647702217358,0.03527896952521831,0.17843986630439695,0.04391273234527902,0,0,0.0,0.0,0.0,39,39,0.1176420769324654,0.028950845704319942,0.11663543701171619,0.02870311905935303,0.15245506286621158,0.037518064258724844,0,0,0.0,0.0,0.0,39
gait_09_gallop__vx_neg_1p5__seed_0042,fr,94.79394922993048,466.8131011724472,146.5389862060547,169.83716125488303,236.63583374023438,39,148.58385487091846,181.78224792480475,236.63583374023438,7.977999834892076,9.2395830078125,10.263814086914063,0.8229166666666666,0.8484162895927602,0.22259136212624583,0.0,0.6778846153846154,1.0,0.8080229226361032,0.5125,0.333658903837204,0.33541666666666664,0.33541666666666664,0.17884109616279598,0.17884109616279598,39,0.02313613937451218,0.005693632913414651,0.021143342256543463,0.005203220270364787,0.04995536923408253,0.012293647175478732,0,0,0.0,0.0,0.0,39,31,0.16020132741620627,0.03942436271604025,0.16130722045898338,0.03969651482081226,0.19284236907959063,0.04745708183717075,8,7,0.32608695652173914,0.20512820512820512,0.18421052631578946,38
gait_09_gallop__vx_neg_1p5__seed_0042,rl,56.772486561352444,221.27548308730127,98.93055763244628,102.10220596313476,111.11357116699219,43,88.14643416293832,102.00134811401367,111.11357116699219,4.199926456185275,5.05020051574707,5.389804382324219,0.9270833333333334,0.9502262443438914,0.07308970099667775,0.0,0.8650306748466258,1.0,0.9276315789473685,0.4041666666666667,0.333658903837204,0.33125,0.33125,0.0705077628294627,0.0705077628294627,39,0.022388754043824212,0.0055097069070518005,0.021223222017287213,0.0052228780891358535,0.047129594087603276,0.011598244795701072,0,4,0.09302325581395349,0.0,0.09302325581395349,43,39,0.05108451060759551,0.012571520522629038,0.04728424072265369,0.011636302189677608,0.09991619110107211,0.024588636203618435,0,4,0.09302325581395349,0.0,0.09302325581395349,43
gait_09_gallop__vx_neg_1p5__seed_0042,rr,59.803789110441464,222.5330231255293,94.12338714599608,106.00926849365231,117.14854431152344,40,88.1559952735901,104.89839706420895,117.14854431152344,4.3368504505157475,5.136771659851074,5.38934555053711,0.91875,0.9590909090909091,0.06,0.0,0.8860759493670886,1.0,0.9395973154362416,0.3854166666666667,0.333658903837204,0.3333333333333333,0.3333333333333333,0.051757762829462706,0.051757762829462706,38,0.0463842784731023,0.011414828131195692,0.04424915194511492,0.010889389272219677,0.09687194705009716,0.02383947024102952,0,2,0.05,0.0,0.05,40,39,0.09436319595728329,0.023222085137906145,0.08868301391601818,0.021824234316694287,0.1643473434448268,0.04044466661972886,0,1,0.025,0.0,0.025,40
gait_09_gallop__vx_neg_1p0__seed_0042,fl,85.40856769273607,476.00293862327936,120.28409385681152,122.57247810363769,124.44927978515625,31,120.3958481819399,123.29460525512695,124.44927978515625,6.507154565626576,6.780036163330078,6.930755462646484,0.8258196721311475,0.8552338530066815,0.23636363636363636,0.0,0.7280334728033473,1.0,0.8426150121065376,0.569672131147541,0.39623603224754333,0.39549180327868855,0.39549180327868855,0.17343609889999767,0.17343609889999767,31,0.08835183032097428,0.027809211992149228,0.08732536911964672,0.02748612782914171,0.11538342118263323,0.03631755005403159,0,0,0.0,0.0,0.0,31,31,0.08497388039865729,0.026745984154680456,0.08522903442382557,0.02682629525124492,0.12532627105712812,0.039447115326889354,0,0,0.0,0.0,0.0,31
gait_09_gallop__vx_neg_1p0__seed_0042,fr,97.55460771437615,483.92077516198157,142.0637176513672,145.42367111206056,300.8987121582031,31,146.75519044937627,153.0859375,300.8987121582031,8.101043740549397,8.544913635253906,11.614669189453124,0.8852459016393442,0.9198218262806236,0.13043478260869565,0.0,0.8277511961722488,1.0,0.9057591623036649,0.5081967213114754,0.39623603224754333,0.39344262295081966,0.39344262295081966,0.11196068906393208,0.11196068906393208,31,0.015903367650124317,0.005005670179833331,0.016634439229964215,0.005235778876748202,0.029594421386720526,0.009315002701567468,0,0,0.0,0.0,0.0,31,25,0.10340614318847742,0.03254763762982557,0.10156906127929588,0.031969406255627955,0.1268368530273463,0.03992257909587641,6,6,0.32432432432432434,0.1935483870967742,0.1935483870967742,31
gait_09_gallop__vx_neg_1p0__seed_0042,rl,48.23526250720024,232.36009248495102,88.36495857238769,92.04301834106445,92.7882080078125,33,83.34622319539388,92.27733154296875,92.7882080078125,4.10810026920203,4.617298278808594,4.77665756225586,0.9016393442622951,0.9309576837416481,0.11272727272727273,0.0,0.848780487804878,1.0,0.9182058047493404,0.4918032786885246,0.39623603224754333,0.3975409836065574,0.3975409836065574,0.09556724644098125,0.09556724644098125,31,0.03144588166667648,0.009897759745007192,0.03083733201026817,0.009706215479978075,0.06016949295997698,0.01893867030377644,0,2,0.06060606060606061,0.0,0.06060606060606061,33,31,0.06071818197927077,0.01911137311253402,0.06332504272460682,0.019931896499969178,0.1055966567993174,0.033237113525845303,0,2,0.06060606060606061,0.0,0.06060606060606061,33
gait_09_gallop__vx_neg_1p0__seed_0042,rr,59.64487281843673,257.1008960855007,87.99101409912109,89.47269424438477,90.18156433105469,31,85.83459718765751,89.59857559204102,90.18156433105469,4.610326040944746,4.875175704956055,4.923100891113282,0.9569672131147541,0.9866666666666667,0.02181818181818182,0.0,0.9668508287292817,1.0,0.9831460674157304,0.4405737704918033,0.39623603224754333,0.3975409836065574,0.3975409836065574,0.04433773824425996,0.04433773824425996,22,0.012168145071376363,0.0038299888594475425,0.012041091918943536,0.0037899981989548354,0.023534082174303705,0.00740747846250906,8,9,0.4358974358974359,0.26666666666666666,0.2903225806451613,31,31,0.04994507082047085,0.015720478651811864,0.04635704040527244,0.014591126853574762,0.086454277038575,0.027211946929219195,0,0,0.0,0.0,0.0,31
gait_09_gallop__vx_neg_0p5__seed_0042,fl,78.20872868410488,386.6921800893545,107.13254394531249,109.39902542114258,110.53462219238281,24,107.33485221862793,109.6606014251709,110.53462219238281,5.944720945358276,6.221631942749023,6.301369018554688,0.9565217391304348,0.9752252252252253,0.046413502109704644,0.0,0.9495412844036697,1.0,0.9741176470588235,0.5113871635610766,0.4705493450164795,0.4720496894409938,0.4720496894409938,0.040837818544597115,0.040837818544597115,24,0.01922107060750311,0.007738137653894334,0.01777852058410545,0.007157386930814312,0.041904668807982395,0.01687024111187858,0,0,0.0,0.0,0.0,24,24,0.023297692934672282,0.009379329519568042,0.023676033020019638,0.009531644014436041,0.04422552108764694,0.017804584197189773,0,0,0.0,0.0,0.0,24
gait_09_gallop__vx_neg_0p5__seed_0042,fr,101.31985753214258,474.1769332504273,139.5010887145996,146.6052349853515,222.67164611816406,24,143.9635098775228,168.35502624511713,222.67164611816406,7.9212949625651055,8.939889709472656,9.9454345703125,0.9503105590062112,0.9864559819413092,0.025423728813559324,0.0,0.971830985915493,1.0,0.9857142857142858,0.484472049689441,0.4705493450164795,0.4720496894409938,0.4720496894409938,0.013922704672961528,0.013922704672961528,24,0.04360461711883542,0.017554616831759184,0.043505315780638654,0.017514639483989465,0.06480482101440659,0.02608952622283744,0,0,0.0,0.0,0.0,24,24,0.057426536877950074,0.02311913089661882,0.05691135406494041,0.02291172540889156,0.07962458610534567,0.03205575904169506,0,0,0.0,0.0,0.0,24
gait_09_gallop__vx_neg_0p5__seed_0042,rl,43.436517270406085,274.16775325059893,70.49155120849609,73.75973449707031,75.54769134521484,24,71.4723466237386,74.20670509338379,75.54769134521484,3.841981112162273,4.082333824157715,4.099916381835937,0.8198757763975155,0.8445945945945946,0.2911392405063291,0.0,0.75,1.0,0.8571428571428571,0.6521739130434783,0.4705493450164795,0.4720496894409938,0.4720496894409938,0.18162456802699878,0.18162456802699878,24,0.08070894559224444,0.032492307200081894,0.08112442970275957,0.0326595753666593,0.10167391777038501,0.04093251554941228,0,0,0.0,0.0,0.0,24,24,0.100780283610026,0.040572750774271145,0.10936843872070234,0.04403022345081747,0.13086573600768991,0.052684738539506816,0,0,0.0,0.0,0.0,24
gait_09_gallop__vx_neg_0p5__seed_0042,rr,51.99866979157747,280.22713846445083,82.28746223449706,84.85176109313964,86.57918548583984,24,82.54844729105632,85.8923412322998,86.57918548583984,4.554658479690552,4.757390029907227,4.784128875732422,0.917184265010352,0.950561797752809,0.09282700421940929,0.0,0.9043478260869565,1.0,0.9497716894977168,0.5548654244306418,0.4705493450164795,0.4720496894409938,0.4720496894409938,0.0843160794141623,0.0843160794141623,24,0.01897171815236387,0.007637751798100705,0.017462129592894726,0.007030012285955302,0.03876382827758684,0.015605782077861821,0,0,0.0,0.0,0.0,24,24,0.0668455012639364,0.026911075916967432,0.0665386962890615,0.026787560469937403,0.09207761764526444,0.0370691776088462,0,0,0.0,0.0,0.0,24
gait_09_gallop__vx_pos_0p5__seed_0042,fl,70.88915540547389,384.4838273966312,82.82778549194336,84.75930786132812,107.04780578613281,24,80.34798940022786,83.05781135559081,84.14070129394531,4.22313554763794,4.736672355651855,4.775301361083985,0.9109730848861284,0.9346846846846847,0.12236286919831224,0.0,0.8771186440677966,1.0,0.9345372460496614,0.5610766045548654,0.4705493450164795,0.4720496894409938,0.4720496894409938,0.09052725953838592,0.09052725953838592,24,0.036308929125467904,0.01461747357239754,0.03703225135803123,0.014908673116792965,0.059745340347290544,0.024052649159180116,0,0,0.0,0.0,0.0,24,24,0.054309681256612174,0.0218643278558448,0.05006134033203047,0.020154004453658596,0.10102302551269629,0.04067047531290833,0,0,0.0,0.0,0.0,24
gait_09_gallop__vx_pos_0p5__seed_0042,fr,81.0208829857233,411.8001070928574,98.05607719421387,99.53584671020508,102.9720687866211,24,98.21001148223877,102.02201423645019,102.9720687866211,5.657292645772299,5.929754959106446,5.952333526611328,0.9461697722567288,0.9796839729119639,0.038135593220338986,0.0,0.9583333333333334,1.0,0.9787234042553191,0.525879917184265,0.4705493450164795,0.4720496894409938,0.4720496894409938,0.055330572167785474,0.055330572167785474,24,0.013759018580118854,0.005539190918631155,0.012836456298828125,0.005167780081394456,0.029587392807006372,0.011911475850418303,0,0,0.0,0.0,0.0,24,24,0.06363658587137862,0.025619210883309033,0.06332862854003807,0.02549523151347576,0.09696481704712115,0.039036696613684294,0,0,0.0,0.0,0.0,24
gait_09_gallop__vx_pos_0p5__seed_0042,rl,54.06320643098387,315.7291255569458,72.87353782653808,75.91414497375487,76.93407440185547,24,73.20271746317546,76.76424522399903,76.93407440185547,3.7860187975565593,3.9945637626647947,4.0377633666992185,0.8674948240165632,0.8963963963963963,0.1940928270042194,0.0,0.8181818181818182,1.0,0.9,0.6045548654244306,0.4705493450164795,0.4720496894409938,0.4720496894409938,0.1340055204079511,0.1340055204079511,24,0.06621909618377682,0.02665889388005834,0.06591141700744707,0.026535026491592114,0.08862450599670363,0.035679002533978155,0,0,0.0,0.0,0.0,24,24,0.06766060511271155,0.027239225472881295,0.06776868820190529,0.027282738232358536,0.08882028579711711,0.03575782077862162,0,0,0.0,0.0,0.0,24
gait_09_gallop__vx_pos_0p5__seed_0042,rr,67.61184521683124,322.00114228010176,95.72568855285644,146.61803611755337,180.29795837402344,24,104.57196235656738,176.3218696594238,180.29795837402344,5.219506066640218,6.894249389648437,6.9877223205566406,0.9544513457556936,0.9842696629213483,0.029535864978902954,0.0,0.9674418604651163,1.0,0.983451536643026,0.4927536231884058,0.4705493450164795,0.4720496894409938,0.4720496894409938,0.022204278171926328,0.022204278171926328,24,0.03625572204589848,0.01459605313675806,0.03625548362732012,0.0145959571527301,0.05846951484680076,0.023539019427166918,0,0,0.0,0.0,0.0,24,24,0.058565502166748086,0.023577662596943886,0.05845726013183672,0.02353408584811519,0.07995455741882225,0.032188600936803716,0,0,0.0,0.0,0.0,24
gait_09_gallop__vx_pos_1p0__seed_0042,fl,68.18769112611429,372.304793548584,81.6148452758789,85.52247375488281,85.95611572265625,31,81.03230704030683,85.63386917114258,85.95611572265625,4.271702035473239,4.636498565673828,4.649234619140625,0.8360655737704918,0.8663697104677061,0.21818181818181817,0.0,0.7435897435897436,1.0,0.8529411764705882,0.5594262295081968,0.39623603224754333,0.39549180327868855,0.39549180327868855,0.16319019726065342,0.16319019726065342,31,0.1047493680446386,0.03297042485044575,0.10398033738136547,0.032728368328631414,0.13203743577003557,0.04155949037942031,0,0,0.0,0.0,0.0,31,31,0.058327973888765657,0.018359042309055155,0.05934822082519631,0.018680170498889672,0.08676826477050525,0.02731077625022433,0,0,0.0,0.0,0.0,31
gait_09_gallop__vx_pos_1p0__seed_0042,fr,74.3400594985793,402.9231224822998,96.44058609008789,132.59776382446316,182.12904357910156,31,104.50291762813445,165.04026794433594,182.12904357910156,5.535292862922914,6.965952301025391,7.344102630615234,0.8381147540983607,0.8685968819599109,0.213768115942029,0.0,0.7456896551724138,1.0,0.8543209876543211,0.555327868852459,0.39623603224754333,0.39344262295081966,0.39344262295081966,0.15909183660491566,0.15909183660491566,31,0.015903367650124317,0.005005670179833331,0.016634439229964215,0.005235778876748202,0.029594421386720526,0.009315002701567468,0,0,0.0,0.0,0.0,31,28,0.1555780220031746,0.04896901602929724,0.15614784240722912,0.0491483700546325,0.18376520156860252,0.05784108182745962,3,2,0.15151515151515152,0.0967741935483871,0.06666666666666667,30
gait_09_gallop__vx_pos_1p0__seed_0042,rl,54.463171498844034,341.05544461250304,82.85075225830077,86.94946350097656,92.50993347167969,31,83.99959490376133,88.56041717529297,92.50993347167969,4.297876481086977,4.634456558227539,4.837180023193359,0.7561475409836066,0.7728285077951003,0.3709090909090909,0.0,0.6304347826086957,1.0,0.7733333333333333,0.6413934426229508,0.39623603224754333,0.3975409836065574,0.3975409836065574,0.2451574103754075,0.2451574103754075,30,0.16942585587501605,0.05332769593864466,0.1690590727329262,0.05321224897940831,0.19726990342140097,0.062091759095274944,1,1,0.0625,0.03225806451612903,0.03225806451612903,31,31,0.07485385771720557,0.02356065279152205,0.07998001098632557,0.025174136999458883,0.1055966567993174,0.033237113525845303,0,0,0.0,0.0,0.0,31
gait_09_gallop__vx_pos_1p0__seed_0042,rr,67.03138214759244,351.39904138565066,101.13987617492675,160.52658447265608,219.43699645996094,31,111.93438548426474,184.6854019165039,219.43699645996094,5.345331938343663,7.133592147827148,7.860357360839844,0.860655737704918,0.8911111111111111,0.1781818181818182,0.0,0.78125,1.0,0.8771929824561403,0.5368852459016393,0.39623603224754333,0.3975409836065574,0.3975409836065574,0.140649213654096,0.140649213654096,22,0.013521846966309748,0.004256073784158375,0.012041091918943536,0.0037899981989548354,0.03767936098575698,0.011859780760341332,8,9,0.4358974358974359,0.26666666666666666,0.2903225806451613,31,31,0.12988328256914777,0.04088145911725602,0.12962615966796776,0.040800528306417415,0.16139686584472734,0.05080052830641797,0,0,0.0,0.0,0.0,31
gait_09_gallop__vx_pos_1p5__seed_0042,fl,68.77656800188917,387.9197585380077,89.53999710083008,116.35124046325666,197.6311492919922,39,95.30127442188753,177.7572189331055,197.6311492919922,4.519769253853039,6.308021667480469,6.708338317871094,0.7458333333333333,0.7669683257918553,0.34219269102990035,0.0,0.5778688524590164,1.0,0.7324675324675325,0.5875,0.333658903837204,0.3333333333333333,0.3333333333333333,0.25384109616279604,0.25384109616279604,39,0.15901761883344562,0.03913306078197073,0.1578256237506892,0.038839719601493274,0.19618583798408445,0.04827988482480212,0,0,0.0,0.0,0.0,39,39,0.09471951215694957,0.023309771921304314,0.09515487670898182,0.02341691192001627,0.1377001953124978,0.0338870003989762,0,0,0.0,0.0,0.0,39
gait_09_gallop__vx_pos_1p5__seed_0042,fr,68.18807522638548,356.0909499382973,98.40235900878906,101.77181243896473,198.88548278808594,39,100.25410402738132,108.49005966186529,198.88548278808594,5.225082377898387,5.653208312988283,7.4186787414550786,0.7916666666666666,0.8144796380090498,0.2724252491694352,0.0,0.6322869955156951,1.0,0.7747252747252747,0.54375,0.333658903837204,0.33541666666666664,0.33541666666666664,0.21009109616279598,0.21009109616279598,39,0.020840796232223697,0.005128765929733201,0.021143342256543463,0.005203220270364787,0.042710493803026855,0.01051073687483928,0,0,0.0,0.0,0.0,39,10,0.1874726104736343,0.046135623929217204,0.18770015716552813,0.046191621488418134,0.19814746856689708,0.04876262761388502,29,28,0.8507462686567164,0.7435897435897436,0.7368421052631579,38
gait_09_gallop__vx_pos_1p5__seed_0042,rl,63.617008412860045,357.6115542984009,96.80400085449219,212.08786315917962,230.6852569580078,38,115.79303380062706,217.94899368286133,230.6852569580078,5.0819649144222865,7.180574058532715,7.46152328491211,0.7166666666666667,0.7398190045248869,0.3787375415282392,0.0070921985815602835,0.5511811023622047,0.9929078014184397,0.7088607594936709,0.5854166666666667,0.333658903837204,0.33125,0.33125,0.2517577628294627,0.2517577628294627,15,0.18335014462471194,0.04512111555070571,0.18421569943428295,0.04533412219249518,0.1959409344196345,0.04821961586754035,24,23,0.7580645161290323,0.6153846153846154,0.6052631578947368,38,39,0.048125389294745594,0.011843302636796723,0.04401123046874744,0.01083083855523418,0.11159202575683339,0.027461972822642476,0,0,0.0,0.0,0.0,39
gait_09_gallop__vx_pos_1p5__seed_0042,rr,65.04936390656691,338.31299545764927,101.31492919921875,113.6304019927982,176.37106323242188,38,103.74475981059827,127.42333717346186,176.37106323242188,5.058422056499281,5.886020278930663,6.825595550537109,0.7916666666666666,0.8181818181818182,0.26666666666666666,0.0,0.6363636363636364,1.0,0.7777777777777778,0.5416666666666666,0.333658903837204,0.3333333333333333,0.3333333333333333,0.20800776282946265,0.20800776282946265,34,0.018600688261144197,0.004577491913473101,0.0177459716796875,0.004367152479523105,0.03381793940067137,0.008322344956464217,4,4,0.19047619047619047,0.10526315789473684,0.10526315789473684,38,17,0.18146901747759822,0.044658184062191096,0.18069160461425682,0.04446686850195944,0.19807594299316592,0.04874502569879649,22,22,0.7213114754098361,0.5641025641025641,0.5641025641025641,39
