cell_id,joint_index,joint_name,leg,motor_role,configured_effort_limit_nm,effort_limit_source,normalized_torque_squared_exposure,absolute_work_j,utilization_p95,utilization_p99,saturation_fraction,soft_limit_utilization_p95,soft_limit_utilization_p99,action_clamp_fraction
gait_00_trot__vx_neg_1p5__seed_4242,0,joint_front_left_abad,fl,hip,17.0,robot.actuators['hip_legs'].effort_limit,0.17630302756396055,11.357138205552474,0.224165367378908,0.2377667516820571,0.0,0.40191673338413236,0.4085442852973938,0.0
gait_00_trot__vx_neg_1p5__seed_4242,1,joint_front_left_thigh_pitch,fl,thigh,17.0,robot.actuators['thigh_legs'].effort_limit,0.7551736530543527,113.46793356121518,0.5956173616297105,0.6451276560390696,0.0,0.264043265581131,0.2684349727630615,0.0
gait_00_trot__vx_neg_1p5__seed_4242,2,joint_front_left_calf_pitch,fl,calf,37.0,robot.actuators['calf_legs'].effort_limit,0.21664997136918884,123.46493001315743,0.3273109590685045,0.3576161678417309,0.0,0.5828059017658234,0.5857660472393036,0.0
gait_00_trot__vx_neg_1p5__seed_4242,3,joint_front_right_abad,fr,hip,17.0,robot.actuators['hip_legs'].effort_limit,0.17259932985997586,6.168310279871221,0.2767716183381922,0.2929631356632008,0.0,0.4270035862922668,0.43599138140678406,0.0
gait_00_trot__vx_neg_1p5__seed_4242,4,joint_front_right_thigh_pitch,fr,thigh,17.0,robot.actuators['thigh_legs'].effort_limit,1.0551282361075085,135.65064146563412,0.5873953763176413,0.6357215774760525,0.0,0.2861042499542236,0.28939289927482603,0.0
gait_00_trot__vx_neg_1p5__seed_4242,5,joint_front_right_calf_pitch,fr,calf,37.0,robot.actuators['calf_legs'].effort_limit,0.32174073366642497,152.46290139498188,0.3886933275171228,0.42476632556399774,0.0,0.5335551530122757,0.5401750296354294,0.0
gait_00_trot__vx_neg_1p5__seed_4242,6,joint_rear_left_abad,rl,hip,17.0,robot.actuators['hip_legs'].effort_limit,0.06246347215004903,5.341643229686888,0.15187282912871417,0.18153307872660018,0.0,0.3567748874425888,0.37184400320053096,0.0
gait_00_trot__vx_neg_1p5__seed_4242,7,joint_rear_left_thigh_pitch,rl,thigh,20.0,robot.actuators['thigh_legs'].effort_limit,0.2782252370005142,62.39317574764602,0.4396850752830504,0.4813098702430725,0.0,0.2957036733627319,0.30940551221370693,0.0
gait_00_trot__vx_neg_1p5__seed_4242,8,joint_rear_left_calf_pitch,rl,calf,37.0,robot.actuators['calf_legs'].effort_limit,0.33222492769660955,132.04611329965294,0.37017613488274653,0.4567296476621881,0.0,0.5501597821712494,0.5535816931724549,0.0
gait_00_trot__vx_neg_1p5__seed_4242,9,joint_rear_right_abad,rr,hip,17.0,robot.actuators['hip_legs'].effort_limit,0.1273559894590395,11.815694988644681,0.1771344647688024,0.18927733617670395,0.0,0.3108244240283966,0.32443519473075866,0.0
gait_00_trot__vx_neg_1p5__seed_4242,10,joint_rear_right_thigh_pitch,rr,thigh,20.0,robot.actuators['thigh_legs'].effort_limit,0.4035040444583821,63.278986712098124,0.48141894578933697,0.5228509674072265,0.0,0.28410731852054594,0.29279542684555054,0.0
gait_00_trot__vx_neg_1p5__seed_4242,11,joint_rear_right_calf_pitch,rr,calf,37.0,robot.actuators['calf_legs'].effort_limit,0.2983568987117268,89.8012650657096,0.40747408351382686,0.4940484010851056,0.0,0.5730243146419525,0.5771844160556793,0.0
gait_00_trot__vx_neg_1p0__seed_4242,0,joint_front_left_abad,fl,hip,17.0,robot.actuators['hip_legs'].effort_limit,0.21672270863774046,11.672540645175614,0.2264045561061186,0.23620180690989773,0.0,0.4298877328634262,0.4342351108789444,0.0
gait_00_trot__vx_neg_1p0__seed_4242,1,joint_front_left_thigh_pitch,fl,thigh,17.0,robot.actuators['thigh_legs'].effort_limit,0.5396753788758035,63.61653534356854,0.4897576724781709,0.5128152583627139,0.0,0.2729153633117676,0.27663116216659545,0.0
gait_00_trot__vx_neg_1p0__seed_4242,2,joint_front_left_calf_pitch,fl,calf,37.0,robot.actuators['calf_legs'].effort_limit,0.21944278460807953,79.23143579859287,0.28197641630430476,0.3146103580577953,0.0,0.5475916534662246,0.5510888612270355,0.0
gait_00_trot__vx_neg_1p0__seed_4242,3,joint_front_right_abad,fr,hip,17.0,robot.actuators['hip_legs'].effort_limit,0.07395050313533999,4.18178984886079,0.1450472824713763,0.15314161511028512,0.0,0.4071940243244171,0.42327762246131895,0.0
gait_00_trot__vx_neg_1p0__seed_4242,4,joint_front_right_thigh_pitch,fr,thigh,17.0,robot.actuators['thigh_legs'].effort_limit,0.7774694339109794,74.86214093261398,0.562792340446921,0.5996234596476835,0.0,0.3011559009552002,0.30532436847686767,0.0
gait_00_trot__vx_neg_1p0__seed_4242,5,joint_front_right_calf_pitch,fr,calf,37.0,robot.actuators['calf_legs'].effort_limit,0.2667340858171384,85.49728127468843,0.3252098199483508,0.35861720858393487,0.0,0.5131499111652374,0.5161853420734406,0.0
gait_00_trot__vx_neg_1p0__seed_4242,6,joint_rear_left_abad,rl,hip,17.0,robot.actuators['hip_legs'].effort_limit,0.08244676070621074,5.413480539972079,0.18880193023120656,0.2149962867007536,0.0,0.4025640845298767,0.4231619668006896,0.0
gait_00_trot__vx_neg_1p0__seed_4242,7,joint_rear_left_thigh_pitch,rl,thigh,20.0,robot.actuators['thigh_legs'].effort_limit,0.16246373033468267,37.96526838950813,0.25487579345703104,0.30741873216629,0.0,0.2952205777168274,0.2997976684570312,0.0
gait_00_trot__vx_neg_1p0__seed_4242,8,joint_rear_left_calf_pitch,rl,calf,37.0,robot.actuators['calf_legs'].effort_limit,0.2988821774176441,88.96807612845238,0.3587869090002936,0.3793915181546596,0.0,0.5384596526622772,0.54312056183815,0.0
gait_00_trot__vx_neg_1p0__seed_4242,9,joint_rear_right_abad,rr,hip,17.0,robot.actuators['hip_legs'].effort_limit,0.16636108935835278,9.054747065077535,0.21740247572169583,0.24268146655138798,0.0,0.3445324301719665,0.36002910375595093,0.0
gait_00_trot__vx_neg_1p0__seed_4242,10,joint_rear_right_thigh_pitch,rr,thigh,20.0,robot.actuators['thigh_legs'].effort_limit,0.252888194106773,41.101694522257894,0.2923966109752655,0.3236813881397247,0.0,0.30915088355541226,0.3180576717853546,0.0
gait_00_trot__vx_neg_1p0__seed_4242,11,joint_rear_right_calf_pitch,rr,calf,37.0,robot.actuators['calf_legs'].effort_limit,0.2493212381583909,53.09603539905511,0.34307294149656553,0.38002658070744516,0.0,0.5346827328205108,0.5387243282794952,0.0
gait_00_trot__vx_neg_0p5__seed_4242,0,joint_front_left_abad,fl,hip,17.0,robot.actuators['hip_legs'].effort_limit,0.2045420087069471,6.266076382524334,0.24712178286384134,0.2512159557903514,0.0,0.4507906883955002,0.45661529898643494,0.0
gait_00_trot__vx_neg_0p5__seed_4242,1,joint_front_left_thigh_pitch,fl,thigh,17.0,robot.actuators['thigh_legs'].effort_limit,0.2744662615871144,23.890812267563888,0.3324591272017535,0.3536306689767277,0.0,0.2574464976787567,0.25884997844696045,0.0
gait_00_trot__vx_neg_0p5__seed_4242,2,joint_front_left_calf_pitch,fl,calf,37.0,robot.actuators['calf_legs'].effort_limit,0.19906047372151597,34.750476599658946,0.23617616859642235,0.24099368018073003,0.0,0.5073546469211578,0.508906289935112,0.0
gait_00_trot__vx_neg_0p5__seed_4242,3,joint_front_right_abad,fr,hip,17.0,robot.actuators['hip_legs'].effort_limit,0.022561781178897237,2.010766302328502,0.08149333385860219,0.08804355824694914,0.0,0.41000163555145264,0.41614845395088196,0.0
gait_00_trot__vx_neg_0p5__seed_4242,4,joint_front_right_thigh_pitch,fr,thigh,17.0,robot.actuators['thigh_legs'].effort_limit,0.4431270370427856,27.662033603094752,0.48799764408784757,0.5171186082503375,0.0,0.30793923139572144,0.30954331159591675,0.0
gait_00_trot__vx_neg_0p5__seed_4242,5,joint_front_right_calf_pitch,fr,calf,37.0,robot.actuators['calf_legs'].effort_limit,0.2220879481384287,30.258194221626038,0.2827931288126353,0.30035457739958893,0.0,0.4970918446779251,0.4987802058458328,0.0
gait_00_trot__vx_neg_0p5__seed_4242,6,joint_rear_left_abad,rl,hip,17.0,robot.actuators['hip_legs'].effort_limit,0.0797549549760917,4.14025912706391,0.196480417952818,0.21082712622249827,0.0,0.42060957849025726,0.4334883689880371,0.0
gait_00_trot__vx_neg_0p5__seed_4242,7,joint_rear_left_thigh_pitch,rl,thigh,20.0,robot.actuators['thigh_legs'].effort_limit,0.07581326155366759,14.552646141042933,0.13298705816268921,0.1408834785223007,0.0,0.28039437532424927,0.288904532790184,0.0
gait_00_trot__vx_neg_0p5__seed_4242,8,joint_rear_left_calf_pitch,rl,calf,37.0,robot.actuators['calf_legs'].effort_limit,0.21654617809312693,40.10920293340925,0.3039234844413964,0.3111150329177444,0.0,0.5110961198806763,0.5129824280738831,0.0
gait_00_trot__vx_neg_0p5__seed_4242,9,joint_rear_right_abad,rr,hip,17.0,robot.actuators['hip_legs'].effort_limit,0.11247349056757251,4.176889480318641,0.197009637075312,0.20681832818424,0.0,0.34598034620285034,0.3522717356681824,0.0
gait_00_trot__vx_neg_0p5__seed_4242,10,joint_rear_right_thigh_pitch,rr,thigh,20.0,robot.actuators['thigh_legs'].effort_limit,0.21104745686395915,22.94870416871272,0.29146208763122555,0.30168647170066837,0.0,0.31383562088012695,0.3204743564128876,0.0
gait_00_trot__vx_neg_0p5__seed_4242,11,joint_rear_right_calf_pitch,rr,calf,37.0,robot.actuators['calf_legs'].effort_limit,0.17480309251218276,15.523133913294588,0.2719062985600652,0.28404438173448715,0.0,0.4853129982948303,0.48840221762657166,0.0
gait_00_trot__vx_pos_0p5__seed_4242,0,joint_front_left_abad,fl,hip,17.0,robot.actuators['hip_legs'].effort_limit,0.1449449767601381,2.2368645967781777,0.23412284079719992,0.24627072670880484,0.0,0.45450934767723083,0.46608300507068634,0.0
gait_00_trot__vx_pos_0p5__seed_4242,1,joint_front_left_thigh_pitch,fl,thigh,17.0,robot.actuators['thigh_legs'].effort_limit,0.11690470288538542,18.727883331980557,0.208656766835381,0.23262597182217765,0.0,0.2642439901828766,0.2679051160812378,0.0
gait_00_trot__vx_pos_0p5__seed_4242,2,joint_front_left_calf_pitch,fl,calf,37.0,robot.actuators['calf_legs'].effort_limit,0.2668200442550379,49.605686659105125,0.31524867624849884,0.3372153784777667,0.0,0.5093921720981598,0.511730283498764,0.0
gait_00_trot__vx_pos_0p5__seed_4242,3,joint_front_right_abad,fr,hip,17.0,robot.actuators['hip_legs'].effort_limit,0.029518890711281498,1.408838398529042,0.08254210037343641,0.08826056473395404,0.0,0.4398704171180725,0.4486989378929138,0.0
gait_00_trot__vx_pos_0p5__seed_4242,4,joint_front_right_thigh_pitch,fr,thigh,17.0,robot.actuators['thigh_legs'].effort_limit,0.28572487846558786,19.561074993433433,0.3526982069015503,0.36761292990516214,0.0,0.3239600658416748,0.32625633478164673,0.0
gait_00_trot__vx_pos_0p5__seed_4242,5,joint_front_right_calf_pitch,fr,calf,37.0,robot.actuators['calf_legs'].effort_limit,0.20033847132957935,26.867994007812815,0.3127922947342331,0.3287641164418813,0.0,0.5046916007995605,0.5068470388650894,0.0
gait_00_trot__vx_pos_0p5__seed_4242,6,joint_rear_left_abad,rl,hip,17.0,robot.actuators['hip_legs'].effort_limit,0.04890209389757921,2.0247681036454743,0.11372233664288241,0.11690722668872161,0.0,0.38819168508052826,0.3932793140411377,0.0
gait_00_trot__vx_pos_0p5__seed_4242,7,joint_rear_left_thigh_pitch,rl,thigh,20.0,robot.actuators['thigh_legs'].effort_limit,0.2535528443146964,29.080341438622273,0.2904197216033936,0.3067882478237152,0.0,0.28070105612277985,0.28193190693855286,0.0
gait_00_trot__vx_pos_0p5__seed_4242,8,joint_rear_left_calf_pitch,rl,calf,37.0,robot.actuators['calf_legs'].effort_limit,0.193776225934833,28.82648932231008,0.21575485371254585,0.2370370980855581,0.0,0.4955366253852844,0.4980241656303406,0.0
gait_00_trot__vx_pos_0p5__seed_4242,9,joint_rear_right_abad,rr,hip,17.0,robot.actuators['hip_legs'].effort_limit,0.08040330161637671,2.401436439045647,0.17360958632300882,0.18685565976535573,0.0,0.36276447772979736,0.3692267835140228,0.0
gait_00_trot__vx_pos_0p5__seed_4242,10,joint_rear_right_thigh_pitch,rr,thigh,20.0,robot.actuators['thigh_legs'].effort_limit,0.26590891209770395,27.958436757028103,0.3533658266067505,0.37248573303222654,0.0,0.2808869928121567,0.28235673904418945,0.0
gait_00_trot__vx_pos_0p5__seed_4242,11,joint_rear_right_calf_pitch,rr,calf,37.0,robot.actuators['calf_legs'].effort_limit,0.20544908877195336,19.345957930184667,0.2327036084355535,0.2521812271427464,0.0,0.47439900040626526,0.4767986536026001,0.0
gait_00_trot__vx_pos_1p0__seed_4242,0,joint_front_left_abad,fl,hip,17.0,robot.actuators['hip_legs'].effort_limit,0.1669477207110656,4.054324627924871,0.2706459382001091,0.2879525625004487,0.0,0.4638236939907074,0.4805733335018158,0.0
gait_00_trot__vx_pos_1p0__seed_4242,1,joint_front_left_thigh_pitch,fl,thigh,17.0,robot.actuators['thigh_legs'].effort_limit,0.24849837306576153,42.62093615500955,0.36846855808706835,0.4268855282839607,0.0,0.27261455059051515,0.2805370271205902,0.0
gait_00_trot__vx_pos_1p0__seed_4242,2,joint_front_left_calf_pitch,fl,calf,37.0,robot.actuators['calf_legs'].effort_limit,0.3402913317473825,115.86107985904674,0.3964389697925463,0.4600493946590936,0.0,0.5371491104364395,0.545026034116745,0.0
gait_00_trot__vx_pos_1p0__seed_4242,3,joint_front_right_abad,fr,hip,17.0,robot.actuators['hip_legs'].effort_limit,0.05067376094564877,2.7708239166392015,0.13473266293020808,0.14644650403191062,0.0,0.44609467387199403,0.4526962864398956,0.0
gait_00_trot__vx_pos_1p0__seed_4242,4,joint_front_right_thigh_pitch,fr,thigh,17.0,robot.actuators['thigh_legs'].effort_limit,0.39198379943265516,48.67407480061054,0.3609993892557475,0.483249049467199,0.0,0.3325064420700073,0.34047244668006893,0.0
gait_00_trot__vx_pos_1p0__seed_4242,5,joint_front_right_calf_pitch,fr,calf,37.0,robot.actuators['calf_legs'].effort_limit,0.2487220499290802,60.732294736356124,0.3583218819386249,0.3784074968905062,0.0,0.5445967018604279,0.5510385489463806,0.0
gait_00_trot__vx_pos_1p0__seed_4242,6,joint_rear_left_abad,rl,hip,17.0,robot.actuators['hip_legs'].effort_limit,0.055565109361848004,2.7892845491207847,0.12470302932402666,0.13475032988716573,0.0,0.40315038263797753,0.4130467873811722,0.0
gait_00_trot__vx_pos_1p0__seed_4242,7,joint_rear_left_thigh_pitch,rl,thigh,20.0,robot.actuators['thigh_legs'].effort_limit,0.5426494934697551,77.36196412894876,0.4406055331230163,0.46660864353179926,0.0,0.2956291675567627,0.29912825107574464,0.0
gait_00_trot__vx_pos_1p0__seed_4242,8,joint_rear_left_calf_pitch,rl,calf,37.0,robot.actuators['calf_legs'].effort_limit,0.2079107914073456,66.88399776051753,0.24703839791787624,0.2636590532354405,0.0,0.5256819486618042,0.5295858287811279,0.0
gait_00_trot__vx_pos_1p0__seed_4242,9,joint_rear_right_abad,rr,hip,17.0,robot.actuators['hip_legs'].effort_limit,0.07332808984381683,3.983552252215159,0.1455018302973579,0.1557568499621223,0.0,0.3591652691364288,0.36587154388427734,0.0
gait_00_trot__vx_pos_1p0__seed_4242,10,joint_rear_right_thigh_pitch,rr,thigh,20.0,robot.actuators['thigh_legs'].effort_limit,0.6042899801498612,76.47170041382313,0.48878817081451414,0.552409122467041,0.0,0.28712654709815977,0.2904042476415634,0.0
gait_00_trot__vx_pos_1p0__seed_4242,11,joint_rear_right_calf_pitch,rr,calf,37.0,robot.actuators['calf_legs'].effort_limit,0.2461514202530935,78.90792665189598,0.28886767335840174,0.3078465575140875,0.0,0.5181027412414551,0.522389122247696,0.0
gait_00_trot__vx_pos_1p5__seed_4242,0,joint_front_left_abad,fl,hip,17.0,robot.actuators['hip_legs'].effort_limit,0.12516905223252592,4.682051905432163,0.24341846353867472,0.2686149193258846,0.0,0.4426646471023559,0.4589267653226852,0.0
gait_00_trot__vx_pos_1p5__seed_4242,1,joint_front_left_thigh_pitch,fl,thigh,17.0,robot.actuators['thigh_legs'].effort_limit,0.5509247873573182,67.0110392545443,0.5921818985658532,0.6407269079544965,0.0,0.25899905562400816,0.2685386598110199,0.0
gait_00_trot__vx_pos_1p5__seed_4242,2,joint_front_left_calf_pitch,fl,calf,37.0,robot.actuators['calf_legs'].effort_limit,0.29191512721141677,132.0978617421724,0.3789087617719495,0.5594310482128243,0.0,0.555230587720871,0.5630926316976547,0.0
gait_00_trot__vx_pos_1p5__seed_4242,3,joint_front_right_abad,fr,hip,17.0,robot.actuators['hip_legs'].effort_limit,0.11162174317929015,4.497410421773675,0.2119559421258814,0.22581756844240075,0.0,0.4527738690376282,0.46485147714614866,0.0
gait_00_trot__vx_pos_1p5__seed_4242,4,joint_front_right_thigh_pitch,fr,thigh,17.0,robot.actuators['thigh_legs'].effort_limit,0.6589583144662683,81.35163375236152,0.6680172695833091,0.7305703752181109,0.0,0.29953993558883657,0.310666651725769,0.0
gait_00_trot__vx_pos_1p5__seed_4242,5,joint_front_right_calf_pitch,fr,calf,37.0,robot.actuators['calf_legs'].effort_limit,0.33131635979651874,120.4092720402591,0.42068229752617914,0.4443990016627954,0.0,0.5592587798833847,0.5668729090690613,0.0
gait_00_trot__vx_pos_1p5__seed_4242,6,joint_rear_left_abad,rl,hip,17.0,robot.actuators['hip_legs'].effort_limit,0.09731570734807457,4.051690139170969,0.19922681906644035,0.21235202396617214,0.0,0.4105622678995132,0.42434323906898497,0.0
gait_00_trot__vx_pos_1p5__seed_4242,7,joint_rear_left_thigh_pitch,rl,thigh,20.0,robot.actuators['thigh_legs'].effort_limit,0.7977483651009909,138.86952939151786,0.5313851523399352,0.5744457812309264,0.0,0.2910129129886627,0.29406383037567135,0.0
gait_00_trot__vx_pos_1p5__seed_4242,8,joint_rear_left_calf_pitch,rl,calf,37.0,robot.actuators['calf_legs'].effort_limit,0.20600706103588093,104.81303407507018,0.2697245881364152,0.3070301643577782,0.0,0.5234067022800445,0.5295847642421723,0.0
gait_00_trot__vx_pos_1p5__seed_4242,9,joint_rear_right_abad,rr,hip,17.0,robot.actuators['hip_legs'].effort_limit,0.06254323814921171,4.0357116168038925,0.13171753953484927,0.14030367935405058,0.0,0.36326979398727416,0.37419560074806213,0.0
gait_00_trot__vx_pos_1p5__seed_4242,10,joint_rear_right_thigh_pitch,rr,thigh,20.0,robot.actuators['thigh_legs'].effort_limit,0.9132933922681457,149.87365551143884,0.55072448015213,0.5760501790046691,0.0,0.2796860128641129,0.2839861106872558,0.0
gait_00_trot__vx_pos_1p5__seed_4242,11,joint_rear_right_calf_pitch,rr,calf,37.0,robot.actuators['calf_legs'].effort_limit,0.2843562649486351,143.5396953814104,0.34694448677269185,0.37261637146408494,0.0,0.5516957223415374,0.5591034412384033,0.0
gait_01_bound__vx_neg_1p5__seed_4242,0,joint_front_left_abad,fl,hip,17.0,robot.actuators['hip_legs'].effort_limit,0.09428976962330245,4.550377387714198,0.1836838546921225,0.20530660306706144,0.0,0.22769874930381775,0.2312319767475128,0.0
gait_01_bound__vx_neg_1p5__seed_4242,1,joint_front_left_thigh_pitch,fl,thigh,17.0,robot.actuators['thigh_legs'].effort_limit,1.3805063404411404,142.0487897823006,0.8269104789285098,0.8897025646882896,0.0,0.34780080914497374,0.35844281196594235,0.0
gait_01_bound__vx_neg_1p5__seed_4242,2,joint_front_left_calf_pitch,fl,calf,37.0,robot.actuators['calf_legs'].effort_limit,0.47698444660418,322.1759477415681,0.47349958677549614,0.5272403763435982,0.0,0.4599425196647644,0.4624855411052704,0.0
gait_01_bound__vx_neg_1p5__seed_4242,3,joint_front_right_abad,fr,hip,17.0,robot.actuators['hip_legs'].effort_limit,0.07678536202795491,3.9428737054159866,0.17921145172680125,0.20066066769992605,0.0,0.1744930565357208,0.17769872784614563,0.0
gait_01_bound__vx_neg_1p5__seed_4242,4,joint_front_right_thigh_pitch,fr,thigh,17.0,robot.actuators['thigh_legs'].effort_limit,1.2193688578150141,156.4344291986525,0.7593888843760771,0.8288804895737589,0.0,0.35089807510375975,0.3610818791389465,0.0
gait_01_bound__vx_neg_1p5__seed_4242,5,joint_front_right_calf_pitch,fr,calf,37.0,robot.actuators['calf_legs'].effort_limit,0.40532890153393136,250.34261565882713,0.49340240633165516,0.5447650218654323,0.0,0.480403059720993,0.48902799546718595,0.0
gait_01_bound__vx_neg_1p5__seed_4242,6,joint_rear_left_abad,rl,hip,17.0,robot.actuators['hip_legs'].effort_limit,0.21959814701648422,9.717611370972591,0.24081754123463348,0.248779239654541,0.0,0.2958862692117691,0.3124904239177704,0.0
gait_01_bound__vx_neg_1p5__seed_4242,7,joint_rear_left_thigh_pitch,rl,thigh,20.0,robot.actuators['thigh_legs'].effort_limit,1.1021108161721815,190.9057572041452,0.673673460483551,0.7580376863479612,0.0,0.30372546911239623,0.30970339179039,0.0
gait_01_bound__vx_neg_1p5__seed_4242,8,joint_rear_left_calf_pitch,rl,calf,37.0,robot.actuators['calf_legs'].effort_limit,0.6218810671310033,714.4880478102714,0.4028387507876834,0.49450640652630773,0.0,0.5830869555473326,0.5997873318195343,0.0
gait_01_bound__vx_neg_1p5__seed_4242,9,joint_rear_right_abad,rr,hip,17.0,robot.actuators['hip_legs'].effort_limit,0.18508981974252486,5.480073297570925,0.24147894242230583,0.25682586305281696,0.0,0.316152024269104,0.3417970561981201,0.0
gait_01_bound__vx_neg_1p5__seed_4242,10,joint_rear_right_thigh_pitch,rr,thigh,20.0,robot.actuators['thigh_legs'].effort_limit,1.0272845563637873,178.77516906410457,0.5822054100036619,0.6261473808288572,0.0,0.30635774731636045,0.31954888105392454,0.0
gait_01_bound__vx_neg_1p5__seed_4242,11,joint_rear_right_calf_pitch,rr,calf,37.0,robot.actuators['calf_legs'].effort_limit,0.6169513672208232,741.6114439091366,0.4005852815267202,0.4639643200023752,0.0,0.5398413658142089,0.553756331205368,0.0
gait_01_bound__vx_neg_1p0__seed_4242,0,joint_front_left_abad,fl,hip,17.0,robot.actuators['hip_legs'].effort_limit,0.13886129075032705,6.099954233830795,0.20344986214357255,0.22755051921395691,0.0,0.23078456223011015,0.23601338267326355,0.0
gait_01_bound__vx_neg_1p0__seed_4242,1,joint_front_left_thigh_pitch,fl,thigh,17.0,robot.actuators['thigh_legs'].effort_limit,1.0179048421454537,98.09388737265022,0.7092359206255744,0.7521630881814395,0.0,0.37711972594261167,0.3824752604961395,0.0
gait_01_bound__vx_neg_1p0__seed_4242,2,joint_front_left_calf_pitch,fl,calf,37.0,robot.actuators['calf_legs'].effort_limit,0.3946877773640229,337.5388114787638,0.3977291919089649,0.43808122222487983,0.0,0.45099252462387085,0.45548676311969755,0.0
gait_01_bound__vx_neg_1p0__seed_4242,3,joint_front_right_abad,fr,hip,17.0,robot.actuators['hip_legs'].effort_limit,0.1090621854207629,5.875045372564346,0.2036392864058999,0.22284657155766205,0.0,0.17714316844940184,0.1830468451976776,0.0
gait_01_bound__vx_neg_1p0__seed_4242,4,joint_front_right_thigh_pitch,fr,thigh,17.0,robot.actuators['thigh_legs'].effort_limit,1.0241885113388514,109.31432150192559,0.6356318053077248,0.7226475979300105,0.0,0.3773983418941498,0.38413758754730226,0.0
gait_01_bound__vx_neg_1p0__seed_4242,5,joint_front_right_calf_pitch,fr,calf,37.0,robot.actuators['calf_legs'].effort_limit,0.33926573441240565,289.34672556910664,0.38775639405121665,0.438961893030115,0.0,0.44531058371067045,0.44997090518474575,0.0
gait_01_bound__vx_neg_1p0__seed_4242,6,joint_rear_left_abad,rl,hip,17.0,robot.actuators['hip_legs'].effort_limit,0.11479571173732059,6.24579557471443,0.19561197266859165,0.20772774626226986,0.0,0.21047521233558653,0.22317319452762602,0.0
gait_01_bound__vx_neg_1p0__seed_4242,7,joint_rear_left_thigh_pitch,rl,thigh,20.0,robot.actuators['thigh_legs'].effort_limit,0.7741022991182877,147.42953221759876,0.46874682426452635,0.5055164461135859,0.0,0.2992374628782272,0.3088108509778976,0.0
gait_01_bound__vx_neg_1p0__seed_4242,8,joint_rear_left_calf_pitch,rl,calf,37.0,robot.actuators['calf_legs'].effort_limit,0.5357869024529663,696.557240323415,0.3717057614713101,0.429927097784506,0.0,0.4702226758003235,0.4785754704475403,0.0
gait_01_bound__vx_neg_1p0__seed_4242,9,joint_rear_right_abad,rr,hip,17.0,robot.actuators['hip_legs'].effort_limit,0.08278798131727752,3.698305899547413,0.1741746958564309,0.19237962386187382,0.0,0.22237486839294432,0.2481980836391449,0.0
gait_01_bound__vx_neg_1p0__seed_4242,10,joint_rear_right_thigh_pitch,rr,thigh,20.0,robot.actuators['thigh_legs'].effort_limit,0.8006769483108866,129.12467851532622,0.5073864674568175,0.539479968547821,0.0,0.30133493244647963,0.32542248129844664,0.0
gait_01_bound__vx_neg_1p0__seed_4242,11,joint_rear_right_calf_pitch,rr,calf,37.0,robot.actuators['calf_legs'].effort_limit,0.38062509854152077,490.20174992218614,0.32827527458603317,0.3649340420800286,0.0,0.4664920449256897,0.4730188953876495,0.0
gait_01_bound__vx_neg_0p5__seed_4242,0,joint_front_left_abad,fl,hip,17.0,robot.actuators['hip_legs'].effort_limit,0.1359766230370094,5.949139332775958,0.204432792523328,0.24010788693147547,0.0,0.21865098178386688,0.2245294600725174,0.0
gait_01_bound__vx_neg_0p5__seed_4242,1,joint_front_left_thigh_pitch,fl,thigh,17.0,robot.actuators['thigh_legs'].effort_limit,0.6239083233110901,54.96879544690251,0.5520679109236774,0.5934939384460449,0.0,0.3887641131877899,0.39419564604759216,0.0
gait_01_bound__vx_neg_0p5__seed_4242,2,joint_front_left_calf_pitch,fl,calf,37.0,robot.actuators['calf_legs'].effort_limit,0.3927265265248525,404.7359475951642,0.37457441639255834,0.4011140965126656,0.0,0.5049828141927719,0.5084952563047409,0.0
gait_01_bound__vx_neg_0p5__seed_4242,3,joint_front_right_abad,fr,hip,17.0,robot.actuators['hip_legs'].effort_limit,0.11713099618165573,6.265164679473673,0.19040052329792695,0.2208210931104772,0.0,0.1861385703086853,0.1959148347377777,0.0
gait_01_bound__vx_neg_0p5__seed_4242,4,joint_front_right_thigh_pitch,fr,thigh,17.0,robot.actuators['thigh_legs'].effort_limit,0.7947890130606841,69.0240865695104,0.5399343125960406,0.6207227286170511,0.0,0.38785815238952637,0.39315932989120483,0.0
gait_01_bound__vx_neg_0p5__seed_4242,5,joint_front_right_calf_pitch,fr,calf,37.0,robot.actuators['calf_legs'].effort_limit,0.3366733226599436,369.8560799267143,0.38012950484817093,0.45081549721795156,0.0,0.5002750754356384,0.5038425922393799,0.0
gait_01_bound__vx_neg_0p5__seed_4242,6,joint_rear_left_abad,rl,hip,17.0,robot.actuators['hip_legs'].effort_limit,0.0856777758645395,5.6564090664219115,0.17002183198928833,0.19792800791123333,0.0,0.1669500470161438,0.17403511703014374,0.0
gait_01_bound__vx_neg_0p5__seed_4242,7,joint_rear_left_thigh_pitch,rl,thigh,20.0,robot.actuators['thigh_legs'].effort_limit,0.5934098672632824,111.76196534737944,0.4589183211326599,0.4739427208900452,0.0,0.2931954860687256,0.29830099642276764,0.0
gait_01_bound__vx_neg_0p5__seed_4242,8,joint_rear_left_calf_pitch,rl,calf,37.0,robot.actuators['calf_legs'].effort_limit,0.5345419003866905,707.316256768927,0.41407217206181707,0.4654681489274308,0.0,0.5165751576423645,0.5248883962631226,0.0
gait_01_bound__vx_neg_0p5__seed_4242,9,joint_rear_right_abad,rr,hip,17.0,robot.actuators['hip_legs'].effort_limit,0.06987743505249445,3.278741999255144,0.14774518854477825,0.1566365817013909,0.0,0.1784178912639618,0.18579751253128052,0.0
gait_01_bound__vx_neg_0p5__seed_4242,10,joint_rear_right_thigh_pitch,rr,thigh,20.0,robot.actuators['thigh_legs'].effort_limit,0.5926693265396074,85.49403503082692,0.4864221930503845,0.5130465149879455,0.0,0.30547474324703217,0.3243315517902374,0.0
gait_01_bound__vx_neg_0p5__seed_4242,11,joint_rear_right_calf_pitch,rr,calf,37.0,robot.actuators['calf_legs'].effort_limit,0.35031938434263593,406.4075259153359,0.347741919594842,0.38695051863386826,0.0,0.5187919735908508,0.5244728028774261,0.0
gait_01_bound__vx_pos_0p5__seed_4242,0,joint_front_left_abad,fl,hip,17.0,robot.actuators['hip_legs'].effort_limit,0.039100350611657356,2.7734033143566923,0.12542489346335917,0.14982454917010138,0.0,0.1962420791387558,0.20457561314105988,0.0
gait_01_bound__vx_pos_0p5__seed_4242,1,joint_front_left_thigh_pitch,fl,thigh,17.0,robot.actuators['thigh_legs'].effort_limit,0.4498279232074436,70.82195539737586,0.40077661065494313,0.4387149039436789,0.0,0.3085820972919464,0.31648582220077515,0.0
gait_01_bound__vx_pos_0p5__seed_4242,2,joint_front_left_calf_pitch,fl,calf,37.0,robot.actuators['calf_legs'].effort_limit,0.5808028211968543,740.735803885758,0.46533628412195155,0.5127647760752085,0.0,0.5077572166919708,0.5200174152851105,0.0
gait_01_bound__vx_pos_0p5__seed_4242,3,joint_front_right_abad,fr,hip,17.0,robot.actuators['hip_legs'].effort_limit,0.024783016614977435,2.4477406492747833,0.09547434659565196,0.10751565414316515,0.0,0.1712682843208313,0.1775369942188263,0.0
gait_01_bound__vx_pos_0p5__seed_4242,4,joint_front_right_thigh_pitch,fr,thigh,17.0,robot.actuators['thigh_legs'].effort_limit,0.6394987339885622,81.92819456543774,0.46305598230922923,0.5184564450207878,0.0,0.3268183767795563,0.336597740650177,0.0
gait_01_bound__vx_pos_0p5__seed_4242,5,joint_front_right_calf_pitch,fr,calf,37.0,robot.actuators['calf_legs'].effort_limit,0.4113217823771884,549.7569276938588,0.3865322486774342,0.5008913632985708,0.0,0.5108969956636429,0.5214135050773621,0.0
gait_01_bound__vx_pos_0p5__seed_4242,6,joint_rear_left_abad,rl,hip,17.0,robot.actuators['hip_legs'].effort_limit,0.05967893196726066,3.478576461256016,0.13348454236984253,0.16754407742444208,0.0,0.20535124838352203,0.2124287635087967,0.0
gait_01_bound__vx_pos_0p5__seed_4242,7,joint_rear_left_thigh_pitch,rl,thigh,20.0,robot.actuators['thigh_legs'].effort_limit,0.5732304761027434,78.74208013413474,0.48652331829071044,0.5161852598190307,0.0,0.3662855178117752,0.3774219751358032,0.0
gait_01_bound__vx_pos_0p5__seed_4242,8,joint_rear_left_calf_pitch,rl,calf,37.0,robot.actuators['calf_legs'].effort_limit,0.4783774330400976,608.8075256307795,0.45602683763246277,0.4964886871544091,0.0,0.4924480617046356,0.49836790561676025,0.0
gait_01_bound__vx_pos_0p5__seed_4242,9,joint_rear_right_abad,rr,hip,17.0,robot.actuators['hip_legs'].effort_limit,0.08542025726513686,2.7482311619864777,0.20417896088431864,0.2474905392702888,0.0,0.19960248470306396,0.2045179307460785,0.0
gait_01_bound__vx_pos_0p5__seed_4242,10,joint_rear_right_thigh_pitch,rr,thigh,20.0,robot.actuators['thigh_legs'].effort_limit,0.8042923720779734,102.48736037922325,0.5477437615394593,0.6070050477981568,0.0,0.38489268720149994,0.3935144245624542,0.0
gait_01_bound__vx_pos_0p5__seed_4242,11,joint_rear_right_calf_pitch,rr,calf,37.0,robot.actuators['calf_legs'].effort_limit,0.2658195119240304,351.02410586209504,0.3549155802340121,0.41013636460175384,0.0,0.49544280767440796,0.5037066638469696,0.0
gait_01_bound__vx_pos_1p0__seed_4242,0,joint_front_left_abad,fl,hip,17.0,robot.actuators['hip_legs'].effort_limit,0.028314194644244034,2.4389453384373336,0.1159125328063964,0.145578538530013,0.0,0.18425318300724028,0.1914877766370773,0.0
gait_01_bound__vx_pos_1p0__seed_4242,1,joint_front_left_thigh_pitch,fl,thigh,17.0,robot.actuators['thigh_legs'].effort_limit,0.480132113527565,100.76261152513325,0.4155365579268511,0.477814104977776,0.0,0.29025564193725584,0.2945763921737671,0.0
gait_01_bound__vx_pos_1p0__seed_4242,2,joint_front_left_calf_pitch,fl,calf,37.0,robot.actuators['calf_legs'].effort_limit,0.682852165964888,805.7867977862061,0.4308500831191602,0.48347847294163054,0.0,0.4574703216552734,0.46501386821269985,0.0
gait_01_bound__vx_pos_1p0__seed_4242,3,joint_front_right_abad,fr,hip,17.0,robot.actuators['hip_legs'].effort_limit,0.012285250835057467,0.9409599225578131,0.061807601592119975,0.07559707396170673,0.0,0.16231216192245482,0.1762274658679962,0.0
gait_01_bound__vx_pos_1p0__seed_4242,4,joint_front_right_thigh_pitch,fr,thigh,17.0,robot.actuators['thigh_legs'].effort_limit,0.718768201254985,120.06554507878725,0.4998384559855738,0.568361390057732,0.0,0.2979879260063171,0.3050871157646179,0.0
gait_01_bound__vx_pos_1p0__seed_4242,5,joint_front_right_calf_pitch,fr,calf,37.0,robot.actuators['calf_legs'].effort_limit,0.5425735957874772,673.1150639718771,0.3961970934996732,0.48084540908401074,0.0,0.470485258102417,0.4779342544078827,0.0
gait_01_bound__vx_pos_1p0__seed_4242,6,joint_rear_left_abad,rl,hip,17.0,robot.actuators['hip_legs'].effort_limit,0.16097570997219562,5.669679370180238,0.27302410462323357,0.2920228068968828,0.0,0.27254860401153563,0.2811274641752243,0.0
gait_01_bound__vx_pos_1p0__seed_4242,7,joint_rear_left_thigh_pitch,rl,thigh,20.0,robot.actuators['thigh_legs'].effort_limit,0.7872412083283773,107.02523305141221,0.5976457834243774,0.6343665599822996,0.0,0.3689661830663681,0.3748839694261551,0.0
gait_01_bound__vx_pos_1p0__seed_4242,8,joint_rear_left_calf_pitch,rl,calf,37.0,robot.actuators['calf_legs'].effort_limit,0.5056222112721076,592.1863765733689,0.4311140524374471,0.4658841560982368,0.0,0.4334690749645233,0.43998078703880306,0.0
gait_01_bound__vx_pos_1p0__seed_4242,9,joint_rear_right_abad,rr,hip,17.0,robot.actuators['hip_legs'].effort_limit,0.19637418660315212,3.991178273756523,0.306062279028051,0.33936328944037936,0.0,0.25072897672653194,0.25914481282234186,0.0
gait_01_bound__vx_pos_1p0__seed_4242,10,joint_rear_right_thigh_pitch,rr,thigh,20.0,robot.actuators['thigh_legs'].effort_limit,1.0127917961972366,130.19517094686628,0.6791094589233398,0.6993538336753845,0.0,0.3867896050214767,0.39172646462917327,0.0
gait_01_bound__vx_pos_1p0__seed_4242,11,joint_rear_right_calf_pitch,rr,calf,37.0,robot.actuators['calf_legs'].effort_limit,0.36243525713275987,381.259056206387,0.42245037104632394,0.4699626927762418,0.0,0.4458191335201263,0.45248900532722475,0.0
gait_01_bound__vx_pos_1p5__seed_4242,0,joint_front_left_abad,fl,hip,17.0,robot.actuators['hip_legs'].effort_limit,0.039700710888775644,2.520147853078088,0.12401635506573845,0.14283940960379196,0.0,0.209254491329193,0.23433834373950957,0.0
gait_01_bound__vx_pos_1p5__seed_4242,1,joint_front_left_thigh_pitch,fl,thigh,17.0,robot.actuators['thigh_legs'].effort_limit,0.7742288037690169,123.77251619696385,0.6710735208847943,0.717569766325109,0.0,0.2905515134334564,0.2956983232498169,0.0
gait_01_bound__vx_pos_1p5__seed_4242,2,joint_front_left_calf_pitch,fl,calf,37.0,robot.actuators['calf_legs'].effort_limit,0.7266375229807889,721.0475548210741,0.4216231938954945,0.4711433792114258,0.0,0.5066345810890197,0.5197572588920594,0.0
gait_01_bound__vx_pos_1p5__seed_4242,3,joint_front_right_abad,fr,hip,17.0,robot.actuators['hip_legs'].effort_limit,0.01967173067446485,1.4955522570161384,0.07637627124786375,0.08783160966985365,0.0,0.21558143496513366,0.23137728333473204,0.0
gait_01_bound__vx_pos_1p5__seed_4242,4,joint_front_right_thigh_pitch,fr,thigh,17.0,robot.actuators['thigh_legs'].effort_limit,1.0997905734766884,149.3134434356168,0.7400107944712919,0.781691992142621,0.0,0.30365030765533446,0.31055276751518246,0.0
gait_01_bound__vx_pos_1p5__seed_4242,5,joint_front_right_calf_pitch,fr,calf,37.0,robot.actuators['calf_legs'].effort_limit,0.6278797253208835,731.4491310961358,0.38931280471183116,0.4929051796165671,0.0,0.523351714015007,0.5411291170120239,0.0
gait_01_bound__vx_pos_1p5__seed_4242,6,joint_rear_left_abad,rl,hip,17.0,robot.actuators['hip_legs'].effort_limit,0.2329257953070162,7.838334850026294,0.37269103527069025,0.4423981977911556,0.0,0.33324313461780547,0.33999950587749483,0.0
gait_01_bound__vx_pos_1p5__seed_4242,7,joint_rear_left_thigh_pitch,rl,thigh,20.0,robot.actuators['thigh_legs'].effort_limit,1.068177042414311,145.48121280641294,0.7026140356063842,0.7691246438026428,0.0,0.3589442372322082,0.3691397148370743,0.0
gait_01_bound__vx_pos_1p5__seed_4242,8,joint_rear_left_calf_pitch,rl,calf,37.0,robot.actuators['calf_legs'].effort_limit,0.5542615936959789,598.9797094685771,0.4589667423351388,0.4799983070992134,0.0,0.452975332736969,0.45657689452171324,0.0
gait_01_bound__vx_pos_1p5__seed_4242,9,joint_rear_right_abad,rr,hip,17.0,robot.actuators['hip_legs'].effort_limit,0.211035452986619,4.534550490970723,0.3398814481847425,0.3747958455366247,0.0,0.2957650303840637,0.30969871044158936,0.0
gait_01_bound__vx_pos_1p5__seed_4242,10,joint_rear_right_thigh_pitch,rr,thigh,20.0,robot.actuators['thigh_legs'].effort_limit,1.3690547431141302,194.73592787976844,0.8065151453018187,0.8841945858001709,0.0,0.37173829078674314,0.38033641517162325,0.0
gait_01_bound__vx_pos_1p5__seed_4242,11,joint_rear_right_calf_pitch,rr,calf,37.0,robot.actuators['calf_legs'].effort_limit,0.47617131280240416,530.117913657967,0.471753844699344,0.5144826682838234,0.0,0.46636081933975215,0.4725485754013061,0.0
gait_02_half_bound__vx_neg_1p5__seed_4242,0,joint_front_left_abad,fl,hip,17.0,robot.actuators['hip_legs'].effort_limit,0.12085625426456517,6.554407253905156,0.19433570469126976,0.24062306404113765,0.0,0.3341091454029083,0.34201424539089204,0.0
gait_02_half_bound__vx_neg_1p5__seed_4242,1,joint_front_left_thigh_pitch,fl,thigh,17.0,robot.actuators['thigh_legs'].effort_limit,1.094811963876605,149.24933893375098,0.6302243429071763,0.6848050336276784,0.0,0.2975614845752716,0.3055822229385376,0.0
gait_02_half_bound__vx_neg_1p5__seed_4242,2,joint_front_left_calf_pitch,fl,calf,37.0,robot.actuators['calf_legs'].effort_limit,0.3225274294018972,249.7129820859863,0.3876029839386811,0.4366620852496173,0.0,0.39810801744461055,0.4283862197399139,0.0
gait_02_half_bound__vx_neg_1p5__seed_4242,3,joint_front_right_abad,fr,hip,17.0,robot.actuators['hip_legs'].effort_limit,0.1809662027910185,7.250386634714669,0.2754561564501594,0.2878758705363554,0.0,0.2687609314918517,0.2910152077674866,0.0
gait_02_half_bound__vx_neg_1p5__seed_4242,4,joint_front_right_thigh_pitch,fr,thigh,17.0,robot.actuators['thigh_legs'].effort_limit,1.2792362915344528,167.83546436108648,0.7439767528982724,0.7825958863426655,0.0,0.3823526859283447,0.3882049345970153,0.0
gait_02_half_bound__vx_neg_1p5__seed_4242,5,joint_front_right_calf_pitch,fr,calf,37.0,robot.actuators['calf_legs'].effort_limit,0.4180832730206114,307.5883242343366,0.43659129013886305,0.4825571431340397,0.0,0.5910423129796982,0.6000211852788925,0.0
gait_02_half_bound__vx_neg_1p5__seed_4242,6,joint_rear_left_abad,rl,hip,17.0,robot.actuators['hip_legs'].effort_limit,0.40165236452604747,23.953601355112625,0.3311225386226878,0.3480023182139677,0.0,0.3650432020425796,0.38734919130802153,0.0
gait_02_half_bound__vx_neg_1p5__seed_4242,7,joint_rear_left_thigh_pitch,rl,thigh,20.0,robot.actuators['thigh_legs'].effort_limit,0.8093422695723896,161.01773146510124,0.6567015385627746,0.6953950576782225,0.0,0.2917295932769775,0.29634953320026397,0.0
gait_02_half_bound__vx_neg_1p5__seed_4242,8,joint_rear_left_calf_pitch,rl,calf,37.0,robot.actuators['calf_legs'].effort_limit,0.3954741453692763,488.1324054467678,0.36228794407200143,0.4513861362354175,0.0,0.5381216347217556,0.563228508234024,0.0
gait_02_half_bound__vx_neg_1p5__seed_4242,9,joint_rear_right_abad,rr,hip,17.0,robot.actuators['hip_legs'].effort_limit,0.1149264273726116,5.398078333731392,0.19190239906311035,0.20271733031553377,0.0,0.3181353151798248,0.3322760653495788,0.0
gait_02_half_bound__vx_neg_1p5__seed_4242,10,joint_rear_right_thigh_pitch,rr,thigh,20.0,robot.actuators['thigh_legs'].effort_limit,0.7778900793152229,172.36851603727789,0.518632619380951,0.5326219463348388,0.0,0.3213538110256195,0.3302968192100525,0.0
gait_02_half_bound__vx_neg_1p5__seed_4242,11,joint_rear_right_calf_pitch,rr,calf,37.0,robot.actuators['calf_legs'].effort_limit,0.6191733913094798,675.2914334264025,0.4287139157991151,0.5065197640496331,0.0,0.5108822405338287,0.5267898666858672,0.0
gait_02_half_bound__vx_neg_1p0__seed_4242,0,joint_front_left_abad,fl,hip,17.0,robot.actuators['hip_legs'].effort_limit,0.11830061314406656,6.852541292663373,0.1794416280353768,0.21035886946846455,0.0,0.35088200271129605,0.3579160064458847,0.0
gait_02_half_bound__vx_neg_1p0__seed_4242,1,joint_front_left_thigh_pitch,fl,thigh,17.0,robot.actuators['thigh_legs'].effort_limit,0.8840645997912602,93.28872867867351,0.5800843603470744,0.643335796804989,0.0,0.32419038414955137,0.32976228594779966,0.0
gait_02_half_bound__vx_neg_1p0__seed_4242,2,joint_front_left_calf_pitch,fl,calf,37.0,robot.actuators['calf_legs'].effort_limit,0.30803000701565453,241.29894325171685,0.35894160786190543,0.3782591760480726,0.0,0.46819798052310946,0.4773485791683197,0.0
gait_02_half_bound__vx_neg_1p0__seed_4242,3,joint_front_right_abad,fr,hip,17.0,robot.actuators['hip_legs'].effort_limit,0.1891146713419532,9.19521645537403,0.2800506030811982,0.3022531585132374,0.0,0.2012706577777862,0.24129923701286315,0.0
gait_02_half_bound__vx_neg_1p0__seed_4242,4,joint_front_right_thigh_pitch,fr,thigh,17.0,robot.actuators['thigh_legs'].effort_limit,0.8979854470586769,104.85893899995834,0.6018968890695009,0.6533641450545365,0.0,0.40731092691421505,0.41506659984588623,0.0
gait_02_half_bound__vx_neg_1p0__seed_4242,5,joint_front_right_calf_pitch,fr,calf,37.0,robot.actuators['calf_legs'].effort_limit,0.32451494124043595,297.9445102976449,0.32720890689540555,0.35853774431589486,0.0,0.5820088148117064,0.5925113993883133,0.0
gait_02_half_bound__vx_neg_1p0__seed_4242,6,joint_rear_left_abad,rl,hip,17.0,robot.actuators['hip_legs'].effort_limit,0.29395296077813443,14.956422217860819,0.36579711016486666,0.41754242055556345,0.0,0.2749861031770706,0.28323930740356446,0.0
gait_02_half_bound__vx_neg_1p0__seed_4242,7,joint_rear_left_thigh_pitch,rl,thigh,20.0,robot.actuators['thigh_legs'].effort_limit,0.4922985124860922,114.62710959823802,0.39291039586067195,0.41561702823638913,0.0,0.28382783234119413,0.28768613815307614,0.0
gait_02_half_bound__vx_neg_1p0__seed_4242,8,joint_rear_left_calf_pitch,rl,calf,37.0,robot.actuators['calf_legs'].effort_limit,0.42417484247547327,503.9317346712947,0.3829683290945517,0.41639424220935695,0.0,0.4784188330173492,0.48340531587600705,0.0
gait_02_half_bound__vx_neg_1p0__seed_4242,9,joint_rear_right_abad,rr,hip,17.0,robot.actuators['hip_legs'].effort_limit,0.0324544657918722,2.600697686370404,0.10656447691075942,0.1339696707445031,0.0,0.26211425662040705,0.3148046612739562,0.0
gait_02_half_bound__vx_neg_1p0__seed_4242,10,joint_rear_right_thigh_pitch,rr,thigh,20.0,robot.actuators['thigh_legs'].effort_limit,0.47942715862113594,109.27941308690235,0.39336025834083554,0.4139305067062377,0.0,0.30890638828277583,0.3154503494501114,0.0
gait_02_half_bound__vx_neg_1p0__seed_4242,11,joint_rear_right_calf_pitch,rr,calf,37.0,robot.actuators['calf_legs'].effort_limit,0.4594575977458735,522.2044861927628,0.3511714832202806,0.470208235044737,0.0,0.4551921308040619,0.4587330877780914,0.0
gait_02_half_bound__vx_neg_0p5__seed_4242,0,joint_front_left_abad,fl,hip,17.0,robot.actuators['hip_legs'].effort_limit,0.0879002700888584,5.212347247381695,0.15517212362850413,0.17878301704631133,0.0,0.33159565925598145,0.33855104446411133,0.0
gait_02_half_bound__vx_neg_0p5__seed_4242,1,joint_front_left_thigh_pitch,fl,thigh,17.0,robot.actuators['thigh_legs'].effort_limit,0.4881424695175721,34.79620863356627,0.4952092170715332,0.5211194403031293,0.0,0.3258460462093353,0.3342187702655792,0.0
gait_02_half_bound__vx_neg_0p5__seed_4242,2,joint_front_left_calf_pitch,fl,calf,37.0,robot.actuators['calf_legs'].effort_limit,0.267965603336755,180.60182367640897,0.31419163136868866,0.32716124766581767,0.0,0.5034449845552444,0.5128873139619827,0.0
gait_02_half_bound__vx_neg_0p5__seed_4242,3,joint_front_right_abad,fr,hip,17.0,robot.actuators['hip_legs'].effort_limit,0.10685010649352805,4.9497321936790835,0.19249261828029857,0.2084348061505486,0.0,0.16333803534507751,0.19042307138442993,0.0
gait_02_half_bound__vx_neg_0p5__seed_4242,4,joint_front_right_thigh_pitch,fr,thigh,17.0,robot.actuators['thigh_legs'].effort_limit,0.560384336348959,57.06385501809418,0.4279623873093549,0.47329198612886314,0.0,0.41086676716804504,0.41468706727027893,0.0
gait_02_half_bound__vx_neg_0p5__seed_4242,5,joint_front_right_calf_pitch,fr,calf,37.0,robot.actuators['calf_legs'].effort_limit,0.23586005657328332,247.533930482734,0.27901663006962957,0.3468112494494464,0.0,0.5592527687549591,0.5672841221094131,0.0
gait_02_half_bound__vx_neg_0p5__seed_4242,6,joint_rear_left_abad,rl,hip,17.0,robot.actuators['hip_legs'].effort_limit,0.23687074590261778,8.918515689684318,0.3830733439501594,0.41275501251220703,0.0,0.2347995787858963,0.27736832201480865,0.0
gait_02_half_bound__vx_neg_0p5__seed_4242,7,joint_rear_left_thigh_pitch,rl,thigh,20.0,robot.actuators['thigh_legs'].effort_limit,0.35525868062130295,70.52343254499254,0.3670538067817688,0.3888906896114349,0.0,0.29731978476047516,0.30227674543857574,0.0
gait_02_half_bound__vx_neg_0p5__seed_4242,8,joint_rear_left_calf_pitch,rl,calf,37.0,robot.actuators['calf_legs'].effort_limit,0.5010496160579786,567.8236028252146,0.4366717467436919,0.46509725983078415,0.0,0.5165909230709076,0.52273029088974,0.0
gait_02_half_bound__vx_neg_0p5__seed_4242,9,joint_rear_right_abad,rr,hip,17.0,robot.actuators['hip_legs'].effort_limit,0.07739988705179243,4.540816409395484,0.20898001334246466,0.25389835413764505,0.0,0.306117981672287,0.3450062870979309,0.0
gait_02_half_bound__vx_neg_0p5__seed_4242,10,joint_rear_right_thigh_pitch,rr,thigh,20.0,robot.actuators['thigh_legs'].effort_limit,0.36339188785201354,60.57224410546944,0.3883610486984253,0.4158226251602173,0.0,0.3008797764778137,0.3053654283285141,0.0
gait_02_half_bound__vx_neg_0p5__seed_4242,11,joint_rear_right_calf_pitch,rr,calf,37.0,robot.actuators['calf_legs'].effort_limit,0.3576022222386003,414.8122404241562,0.37190563614304,0.43525257626095337,0.0,0.49365806579589844,0.5028429329395294,0.0
gait_02_half_bound__vx_pos_0p5__seed_4242,0,joint_front_left_abad,fl,hip,17.0,robot.actuators['hip_legs'].effort_limit,0.04872019765404659,3.107225159922382,0.11888416374430937,0.13696584982030532,0.0,0.26959608495235443,0.2788354307413101,0.0
gait_02_half_bound__vx_pos_0p5__seed_4242,1,joint_front_left_thigh_pitch,fl,thigh,17.0,robot.actuators['thigh_legs'].effort_limit,0.43495009453813455,33.180110833607614,0.44181550951565013,0.4701091892579023,0.0,0.3132641613483429,0.3325441777706146,0.0
gait_02_half_bound__vx_pos_0p5__seed_4242,2,joint_front_left_calf_pitch,fl,calf,37.0,robot.actuators['calf_legs'].effort_limit,0.1918770033481234,141.55783109797514,0.26417332726555903,0.3129495350090233,0.0,0.5068811774253845,0.514486625790596,0.0
gait_02_half_bound__vx_pos_0p5__seed_4242,3,joint_front_right_abad,fr,hip,17.0,robot.actuators['hip_legs'].effort_limit,0.028268391750607386,3.2960271045971603,0.08889240377089556,0.11257240526816424,0.0,0.2032168209552765,0.20952463150024414,0.0
gait_02_half_bound__vx_pos_0p5__seed_4242,4,joint_front_right_thigh_pitch,fr,thigh,17.0,robot.actuators['thigh_legs'].effort_limit,0.4016959330896082,63.41487221201882,0.37901423257939953,0.39929890632629395,0.0,0.31537050008773804,0.31877002120018005,0.0
gait_02_half_bound__vx_pos_0p5__seed_4242,5,joint_front_right_calf_pitch,fr,calf,37.0,robot.actuators['calf_legs'].effort_limit,0.5241141388335463,592.4464930028282,0.43269001471029744,0.5129252382226892,0.0,0.5247149169445038,0.5334747731685638,0.0
gait_02_half_bound__vx_pos_0p5__seed_4242,6,joint_rear_left_abad,rl,hip,17.0,robot.actuators['hip_legs'].effort_limit,0.13286702350390223,6.463157142356504,0.24413446819081025,0.28047678751104016,0.0,0.2660638689994812,0.27475883066654205,0.0
gait_02_half_bound__vx_pos_0p5__seed_4242,7,joint_rear_left_thigh_pitch,rl,thigh,20.0,robot.actuators['thigh_legs'].effort_limit,0.4629153147219981,61.93659598584229,0.44078636169433594,0.4698091745376587,0.0,0.33131028711795807,0.33744578063488007,0.0
gait_02_half_bound__vx_pos_0p5__seed_4242,8,joint_rear_left_calf_pitch,rl,calf,37.0,robot.actuators['calf_legs'].effort_limit,0.3586899482458107,366.33545953891706,0.38305455285149653,0.43481194006430135,0.0,0.5074127316474915,0.5104316771030426,0.0
gait_02_half_bound__vx_pos_0p5__seed_4242,9,joint_rear_right_abad,rr,hip,17.0,robot.actuators['hip_legs'].effort_limit,0.07520228215135122,3.3448121797597925,0.21991860165315516,0.29433103168711944,0.0,0.23391872644424438,0.2554229199886322,0.0
gait_02_half_bound__vx_pos_0p5__seed_4242,10,joint_rear_right_thigh_pitch,rr,thigh,20.0,robot.actuators['thigh_legs'].effort_limit,0.4088990925119241,69.50755593616748,0.4789198160171509,0.5500046730041505,0.0,0.37389007210731506,0.3785315603017807,0.0
gait_02_half_bound__vx_pos_0p5__seed_4242,11,joint_rear_right_calf_pitch,rr,calf,37.0,robot.actuators['calf_legs'].effort_limit,0.3883585125956847,438.27843380946666,0.3942224592775912,0.4694848447232633,0.0,0.4750150144100189,0.4790184795856476,0.0
gait_02_half_bound__vx_pos_1p0__seed_4242,0,joint_front_left_abad,fl,hip,17.0,robot.actuators['hip_legs'].effort_limit,0.0817884160873668,4.7440503784375325,0.18897844272501307,0.25095722563126505,0.0,0.2673225075006485,0.2759746563434601,0.0
gait_02_half_bound__vx_pos_1p0__seed_4242,1,joint_front_left_thigh_pitch,fl,thigh,17.0,robot.actuators['thigh_legs'].effort_limit,0.36285156448763367,49.23586316969246,0.3776329363093656,0.40306419596952553,0.0,0.29410423040390005,0.31810531616210935,0.0
gait_02_half_bound__vx_pos_1p0__seed_4242,2,joint_front_left_calf_pitch,fl,calf,37.0,robot.actuators['calf_legs'].effort_limit,0.22165613043931465,179.3779754495621,0.27120594849457613,0.3385281258660379,0.0,0.45392033755779265,0.45949757158756255,0.0
gait_02_half_bound__vx_pos_1p0__seed_4242,3,joint_front_right_abad,fr,hip,17.0,robot.actuators['hip_legs'].effort_limit,0.04820462983626535,5.5746263397362785,0.16612145129372086,0.20233659646090335,0.0,0.26142026185989375,0.2721681821346283,0.0
gait_02_half_bound__vx_pos_1p0__seed_4242,4,joint_front_right_thigh_pitch,fr,thigh,17.0,robot.actuators['thigh_legs'].effort_limit,0.5078760777441513,79.3053475592658,0.5100524341358857,0.5605035282583798,0.0,0.3015125095844269,0.3059925103187561,0.0
gait_02_half_bound__vx_pos_1p0__seed_4242,5,joint_front_right_calf_pitch,fr,calf,37.0,robot.actuators['calf_legs'].effort_limit,0.8230072131251697,773.5505473567546,0.462695193935085,0.4915201125273833,0.0,0.5487732052803039,0.553176988363266,0.0
gait_02_half_bound__vx_pos_1p0__seed_4242,6,joint_rear_left_abad,rl,hip,17.0,robot.actuators['hip_legs'].effort_limit,0.146265235157903,9.17536695310846,0.2027969388400807,0.2176251592355615,0.0,0.314667010307312,0.3312738937139511,0.0
gait_02_half_bound__vx_pos_1p0__seed_4242,7,joint_rear_left_thigh_pitch,rl,thigh,20.0,robot.actuators['thigh_legs'].effort_limit,0.7169838176787208,106.02060331357643,0.5331298136711119,0.6171739931106567,0.0,0.3448178589344024,0.351877566576004,0.0
gait_02_half_bound__vx_pos_1p0__seed_4242,8,joint_rear_left_calf_pitch,rl,calf,37.0,robot.actuators['calf_legs'].effort_limit,0.36507140634121327,315.6553222316482,0.41086800033981735,0.4690191500895731,0.0,0.4588691174983978,0.46425083518028254,0.0
gait_02_half_bound__vx_pos_1p0__seed_4242,9,joint_rear_right_abad,rr,hip,17.0,robot.actuators['hip_legs'].effort_limit,0.11818018245413182,5.627166055149282,0.2786516932880177,0.31745058227987843,0.0,0.2296459913253784,0.23531408071517945,0.0
gait_02_half_bound__vx_pos_1p0__seed_4242,10,joint_rear_right_thigh_pitch,rr,thigh,20.0,robot.actuators['thigh_legs'].effort_limit,0.624897724110125,102.73916645373218,0.561144163608551,0.626675260066986,0.0,0.3825671970844269,0.38781239569187165,0.0
gait_02_half_bound__vx_pos_1p0__seed_4242,11,joint_rear_right_calf_pitch,rr,calf,37.0,robot.actuators['calf_legs'].effort_limit,0.4077056060499138,381.9577174588107,0.3981047011710501,0.42915549200934316,0.0,0.4552144467830658,0.4611555576324463,0.0
gait_02_half_bound__vx_pos_1p5__seed_4242,0,joint_front_left_abad,fl,hip,17.0,robot.actuators['hip_legs'].effort_limit,0.060396519998470975,4.701269069870468,0.16492429130217603,0.1929334497451782,0.0,0.2684517890214919,0.28259331464767456,0.0
gait_02_half_bound__vx_pos_1p5__seed_4242,1,joint_front_left_thigh_pitch,fl,thigh,17.0,robot.actuators['thigh_legs'].effort_limit,0.43185070531637265,85.09132830383257,0.5373578744776109,0.5604687645856072,0.0,0.2929491400718689,0.29995869517326357,0.0
gait_02_half_bound__vx_pos_1p5__seed_4242,2,joint_front_left_calf_pitch,fl,calf,37.0,robot.actuators['calf_legs'].effort_limit,0.33835380820358874,269.26767385259274,0.3403169747945424,0.3952281194119835,0.0,0.408574777841568,0.415029958486557,0.0
gait_02_half_bound__vx_pos_1p5__seed_4242,3,joint_front_right_abad,fr,hip,17.0,robot.actuators['hip_legs'].effort_limit,0.04585158909176788,4.291352712856606,0.1407589477651259,0.15915145397186276,0.0,0.29521988630294793,0.3170628821849823,0.0
gait_02_half_bound__vx_pos_1p5__seed_4242,4,joint_front_right_thigh_pitch,fr,thigh,17.0,robot.actuators['thigh_legs'].effort_limit,0.9317852307617842,129.18994010308757,0.7460470564225139,0.8041487974279066,0.0,0.30136033296585074,0.3139235413074493,0.0
gait_02_half_bound__vx_pos_1p5__seed_4242,5,joint_front_right_calf_pitch,fr,calf,37.0,robot.actuators['calf_legs'].effort_limit,0.9211868529613244,847.8757145211101,0.5308297234612541,0.5541686186919341,0.0,0.5496103197336197,0.5603303146362305,0.0
gait_02_half_bound__vx_pos_1p5__seed_4242,6,joint_rear_left_abad,rl,hip,17.0,robot.actuators['hip_legs'].effort_limit,0.20057965215729265,11.375630166912451,0.28540496124940756,0.3155784188999849,0.0,0.3598893046379089,0.3725584805011749,0.0
gait_02_half_bound__vx_pos_1p5__seed_4242,7,joint_rear_left_thigh_pitch,rl,thigh,20.0,robot.actuators['thigh_legs'].effort_limit,1.0096515560560666,165.51505735049025,0.6448830914497375,0.6805733666419982,0.0,0.34278085529804225,0.3526055157184601,0.0
gait_02_half_bound__vx_pos_1p5__seed_4242,8,joint_rear_left_calf_pitch,rl,calf,37.0,robot.actuators['calf_legs'].effort_limit,0.5288485111231213,480.78334010630846,0.4529267775045856,0.509204036094047,0.0,0.4609643042087555,0.4661203157901764,0.0
gait_02_half_bound__vx_pos_1p5__seed_4242,9,joint_rear_right_abad,rr,hip,17.0,robot.actuators['hip_legs'].effort_limit,0.15605510413223728,8.466286985987098,0.29043059489306267,0.3479373157725612,0.0,0.27163848876953123,0.284582587480545,0.0
gait_02_half_bound__vx_pos_1p5__seed_4242,10,joint_rear_right_thigh_pitch,rr,thigh,20.0,robot.actuators['thigh_legs'].effort_limit,1.088307421476931,176.06895883257502,0.7006909942626945,0.7870270552635191,0.0,0.3719653576612472,0.3805173122882843,0.0
gait_02_half_bound__vx_pos_1p5__seed_4242,11,joint_rear_right_calf_pitch,rr,calf,37.0,robot.actuators['calf_legs'].effort_limit,0.4958465685954251,472.068626784645,0.45991512504783816,0.5130468863409917,0.0,0.4785332143306732,0.48728567361831665,0.0
gait_03_half_bound__vx_neg_1p5__seed_4242,0,joint_front_left_abad,fl,hip,17.0,robot.actuators['hip_legs'].effort_limit,0.2172038953564245,5.9196321509330305,0.30542589636409984,0.3293550381940954,0.0,0.28275878727436066,0.3046358639001846,0.0
gait_03_half_bound__vx_neg_1p5__seed_4242,1,joint_front_left_thigh_pitch,fl,thigh,17.0,robot.actuators['thigh_legs'].effort_limit,1.1798228686885956,151.73080363333224,0.796034089256735,0.855442796594956,0.0,0.35680397152900695,0.3605922484397888,0.0
gait_03_half_bound__vx_neg_1p5__seed_4242,2,joint_front_left_calf_pitch,fl,calf,37.0,robot.actuators['calf_legs'].effort_limit,0.44666433201254313,344.2990025176853,0.4327383891956225,0.487388696928282,0.0,0.5881938606500624,0.5984892040491104,0.0
gait_03_half_bound__vx_neg_1p5__seed_4242,3,joint_front_right_abad,fr,hip,17.0,robot.actuators['hip_legs'].effort_limit,0.10881697490954055,6.355494791735837,0.19645878076553322,0.22159645950092988,0.0,0.3116437613964079,0.3267892253398895,0.0
gait_03_half_bound__vx_neg_1p5__seed_4242,4,joint_front_right_thigh_pitch,fr,thigh,17.0,robot.actuators['thigh_legs'].effort_limit,0.8568760185679107,123.2545275354013,0.5610398601083194,0.6032987588994643,0.0,0.2995018780231476,0.3049923264980316,0.0
gait_03_half_bound__vx_neg_1p5__seed_4242,5,joint_front_right_calf_pitch,fr,calf,37.0,robot.actuators['calf_legs'].effort_limit,0.3550803425266794,261.24043219275774,0.4110082536130336,0.46186586070705105,0.0,0.40830970704555514,0.4246453100442886,0.0
gait_03_half_bound__vx_neg_1p5__seed_4242,6,joint_rear_left_abad,rl,hip,17.0,robot.actuators['hip_legs'].effort_limit,0.037833846289682754,3.76008142045117,0.1119681673891404,0.13601742716396553,0.0,0.23772533833980558,0.25153472483158107,0.0
gait_03_half_bound__vx_neg_1p5__seed_4242,7,joint_rear_left_thigh_pitch,rl,thigh,20.0,robot.actuators['thigh_legs'].effort_limit,0.9226016594752529,185.99801770746708,0.5970452070236204,0.6221709523200988,0.0,0.31993168890476226,0.32358875691890715,0.0
gait_03_half_bound__vx_neg_1p5__seed_4242,8,joint_rear_left_calf_pitch,rl,calf,37.0,robot.actuators['calf_legs'].effort_limit,0.802036495079307,868.8452809634432,0.4514663026139541,0.5233798284788388,0.0,0.5865803778171539,0.6130390071868896,0.0
gait_03_half_bound__vx_neg_1p5__seed_4242,9,joint_rear_right_abad,rr,hip,17.0,robot.actuators['hip_legs'].effort_limit,0.12558468226519298,8.503028583546984,0.20235705656163833,0.23206360227921405,0.0,0.3132812917232513,0.3393527889251709,0.0
gait_03_half_bound__vx_neg_1p5__seed_4242,10,joint_rear_right_thigh_pitch,rr,thigh,20.0,robot.actuators['thigh_legs'].effort_limit,0.7626686781918135,165.38377256905662,0.5506637954711914,0.5680599722862243,0.0,0.3008933424949646,0.30620091140270234,0.0
gait_03_half_bound__vx_neg_1p5__seed_4242,11,joint_rear_right_calf_pitch,rr,calf,37.0,robot.actuators['calf_legs'].effort_limit,0.4407597384934914,597.6540557792783,0.3644673592335469,0.45266512226414024,0.0,0.5270394742488861,0.5389120066165924,0.0
gait_03_half_bound__vx_neg_1p0__seed_4242,0,joint_front_left_abad,fl,hip,17.0,robot.actuators['hip_legs'].effort_limit,0.16221461898674647,5.565916694692569,0.25987805338466863,0.27174188838285557,0.0,0.25435578525066377,0.27022596120834347,0.0
gait_03_half_bound__vx_neg_1p0__seed_4242,1,joint_front_left_thigh_pitch,fl,thigh,17.0,robot.actuators['thigh_legs'].effort_limit,0.7656714562870163,91.16954496735707,0.6161427946651683,0.6939457169701071,0.0,0.38325764536857604,0.3870461058616638,0.0
gait_03_half_bound__vx_neg_1p0__seed_4242,2,joint_front_left_calf_pitch,fl,calf,37.0,robot.actuators['calf_legs'].effort_limit,0.3487865231474354,326.2751763764024,0.3360582171259697,0.37803291372350745,0.0,0.5731757164001464,0.5828638273477554,0.0
gait_03_half_bound__vx_neg_1p0__seed_4242,3,joint_front_right_abad,fr,hip,17.0,robot.actuators['hip_legs'].effort_limit,0.09297087802518014,4.318614133643423,0.19951216122683357,0.2256453162081101,0.0,0.31970586180686944,0.33297829508781435,0.0
gait_03_half_bound__vx_neg_1p0__seed_4242,4,joint_front_right_thigh_pitch,fr,thigh,17.0,robot.actuators['thigh_legs'].effort_limit,0.656030932219539,83.27295195339248,0.44465494857114896,0.47582720251644345,0.0,0.3246302545070648,0.3304903054237366,0.0
gait_03_half_bound__vx_neg_1p0__seed_4242,5,joint_front_right_calf_pitch,fr,calf,37.0,robot.actuators['calf_legs'].effort_limit,0.27017385231072055,207.83602822098416,0.37563247938413863,0.4350593360694679,0.0,0.45013322234153746,0.4605102288722992,0.0
gait_03_half_bound__vx_neg_1p0__seed_4242,6,joint_rear_left_abad,rl,hip,17.0,robot.actuators['hip_legs'].effort_limit,0.068485575970722,2.8507351609547187,0.18462871593587518,0.24841766553766573,0.0,0.31847693026065826,0.36051027595996843,0.0
gait_03_half_bound__vx_neg_1p0__seed_4242,7,joint_rear_left_thigh_pitch,rl,thigh,20.0,robot.actuators['thigh_legs'].effort_limit,0.6287870456938522,127.412124162931,0.48664671897888184,0.5108173823356629,0.0,0.2964915126562119,0.3000093245506287,0.0
gait_03_half_bound__vx_neg_1p0__seed_4242,8,joint_rear_left_calf_pitch,rl,calf,37.0,robot.actuators['calf_legs'].effort_limit,0.6258393996820089,774.260073905848,0.4052748860539615,0.4923735438166434,0.0,0.4829718053340912,0.4932196223735809,0.0
gait_03_half_bound__vx_neg_1p0__seed_4242,9,joint_rear_right_abad,rr,hip,17.0,robot.actuators['hip_legs'].effort_limit,0.10865876579918954,5.391807982276659,0.24953363783219273,0.29149472601273474,0.0,0.22858616709709165,0.23890226840972897,0.0
gait_03_half_bound__vx_neg_1p0__seed_4242,10,joint_rear_right_thigh_pitch,rr,thigh,20.0,robot.actuators['thigh_legs'].effort_limit,0.5744085970575852,122.2138000543043,0.4044517159461975,0.42813513803482056,0.0,0.2862014830112457,0.28961536705493923,0.0
gait_03_half_bound__vx_neg_1p0__seed_4242,11,joint_rear_right_calf_pitch,rr,calf,37.0,robot.actuators['calf_legs'].effort_limit,0.3656009406669905,486.1854108219594,0.3633234462222537,0.45301391086062864,0.0,0.4760531783103943,0.48257055521011355,0.0
gait_03_half_bound__vx_neg_0p5__seed_4242,0,joint_front_left_abad,fl,hip,17.0,robot.actuators['hip_legs'].effort_limit,0.082715301033763,3.08002415648858,0.1849264327217551,0.20869912119472728,0.0,0.23173798620700836,0.2370714545249939,0.0
gait_03_half_bound__vx_neg_0p5__seed_4242,1,joint_front_left_thigh_pitch,fl,thigh,17.0,robot.actuators['thigh_legs'].effort_limit,0.41999248094515906,48.76836398229003,0.442400806090411,0.4889330583460191,0.0,0.3987814784049988,0.405321329832077,0.0
gait_03_half_bound__vx_neg_0p5__seed_4242,2,joint_front_left_calf_pitch,fl,calf,37.0,robot.actuators['calf_legs'].effort_limit,0.28027829604148785,286.9284230013192,0.30949485624158707,0.4254988850773992,0.0,0.5529530644416809,0.5696006715297699,0.0
gait_03_half_bound__vx_neg_0p5__seed_4242,3,joint_front_right_abad,fr,hip,17.0,robot.actuators['hip_legs'].effort_limit,0.0864502862188395,3.927001784996828,0.18321001529693604,0.203905372058644,0.0,0.3401646018028259,0.3695780038833618,0.0
gait_03_half_bound__vx_neg_0p5__seed_4242,4,joint_front_right_thigh_pitch,fr,thigh,17.0,robot.actuators['thigh_legs'].effort_limit,0.4965169762599693,48.0654105576314,0.39681113467496987,0.4513145404703477,0.0,0.34094882011413574,0.34885382652282715,0.0
gait_03_half_bound__vx_neg_0p5__seed_4242,5,joint_front_right_calf_pitch,fr,calf,37.0,robot.actuators['calf_legs'].effort_limit,0.2533877127325879,180.20997549544555,0.35031631186201767,0.3797545561919341,0.0,0.4939839094877243,0.4995168000459671,0.0
gait_03_half_bound__vx_neg_0p5__seed_4242,6,joint_rear_left_abad,rl,hip,17.0,robot.actuators['hip_legs'].effort_limit,0.12056238892100225,3.5898062522691907,0.29698601189781637,0.35068582787233243,0.0,0.4068010002374649,0.4426201730966568,0.0
gait_03_half_bound__vx_neg_0p5__seed_4242,7,joint_rear_left_thigh_pitch,rl,thigh,20.0,robot.actuators['thigh_legs'].effort_limit,0.5278430791992914,100.70577747963603,0.44310483932495115,0.4612729072570801,0.0,0.29030726850032806,0.29632268846035004,0.0
gait_03_half_bound__vx_neg_0p5__seed_4242,8,joint_rear_left_calf_pitch,rl,calf,37.0,robot.actuators['calf_legs'].effort_limit,0.54583219849029,709.7950843052369,0.4395773732984388,0.48863940625577357,0.0,0.5064060389995575,0.5100659728050232,0.0
gait_03_half_bound__vx_neg_0p5__seed_4242,9,joint_rear_right_abad,rr,hip,17.0,robot.actuators['hip_legs'].effort_limit,0.11356445725480731,4.661037665307958,0.26278931954327756,0.3027832367840935,0.0,0.22059661149978638,0.22643843293190002,0.0
gait_03_half_bound__vx_neg_0p5__seed_4242,10,joint_rear_right_thigh_pitch,rr,thigh,20.0,robot.actuators['thigh_legs'].effort_limit,0.45571259112376616,87.7702097085421,0.38727781772613523,0.4317419171333313,0.0,0.2945074886083603,0.31589508056640625,0.0
gait_03_half_bound__vx_neg_0p5__seed_4242,11,joint_rear_right_calf_pitch,rr,calf,37.0,robot.actuators['calf_legs'].effort_limit,0.35437583751728996,439.196015844699,0.37424286636146337,0.44370727281312683,0.0,0.5240634977817535,0.5283610820770264,0.0
gait_03_half_bound__vx_pos_0p5__seed_4242,0,joint_front_left_abad,fl,hip,17.0,robot.actuators['hip_legs'].effort_limit,0.0460574092804109,3.530208897419361,0.1415478236535016,0.16208387122434728,0.0,0.24057221412658691,0.29644422233104706,0.0
gait_03_half_bound__vx_pos_0p5__seed_4242,1,joint_front_left_thigh_pitch,fl,thigh,17.0,robot.actuators['thigh_legs'].effort_limit,0.5351594708657599,64.2531146462448,0.48289286389070396,0.5001924879410687,0.0,0.3227264881134033,0.3262373208999634,0.0
gait_03_half_bound__vx_pos_0p5__seed_4242,2,joint_front_left_calf_pitch,fl,calf,37.0,robot.actuators['calf_legs'].effort_limit,0.46768696638866103,504.6575107910484,0.42081486856615224,0.47214206489356786,0.0,0.5607907176017761,0.5647280663251877,0.0
gait_03_half_bound__vx_pos_0p5__seed_4242,3,joint_front_right_abad,fr,hip,17.0,robot.actuators['hip_legs'].effort_limit,0.06049009588130578,3.361166114304433,0.11766675991170547,0.12224836910472196,0.0,0.2516520917415619,0.2578966021537781,0.0
gait_03_half_bound__vx_pos_0p5__seed_4242,4,joint_front_right_thigh_pitch,fr,thigh,17.0,robot.actuators['thigh_legs'].effort_limit,0.7199861550188016,35.756778453537265,0.521740618874045,0.5609065925373751,0.0,0.3413185775279999,0.37900784611701965,0.0
gait_03_half_bound__vx_pos_0p5__seed_4242,5,joint_front_right_calf_pitch,fr,calf,37.0,robot.actuators['calf_legs'].effort_limit,0.18138921860095408,127.61056136945263,0.30025364901568435,0.3329443738267229,0.0,0.503325417637825,0.508074551820755,0.0
gait_03_half_bound__vx_pos_0p5__seed_4242,6,joint_rear_left_abad,rl,hip,17.0,robot.actuators['hip_legs'].effort_limit,0.06301482212144495,3.8110518168366982,0.16897744992200064,0.20428066043292775,0.0,0.27116169035434723,0.3183763176202774,0.0
gait_03_half_bound__vx_pos_0p5__seed_4242,7,joint_rear_left_thigh_pitch,rl,thigh,20.0,robot.actuators['thigh_legs'].effort_limit,0.4294341512912264,63.97425611700863,0.4656246185302734,0.5050447344779968,0.0,0.36906033754348755,0.3741842806339264,0.0
gait_03_half_bound__vx_pos_0p5__seed_4242,8,joint_rear_left_calf_pitch,rl,calf,37.0,robot.actuators['calf_legs'].effort_limit,0.3906814061168973,457.93822910390793,0.40459957638302363,0.47358368538521434,0.0,0.4802500605583191,0.48603904247283936,0.0
gait_03_half_bound__vx_pos_0p5__seed_4242,9,joint_rear_right_abad,rr,hip,17.0,robot.actuators['hip_legs'].effort_limit,0.0914073471648421,5.33048770238529,0.18941966926350312,0.22621448951608997,0.0,0.2654070556163788,0.27595239877700806,0.0
gait_03_half_bound__vx_pos_0p5__seed_4242,10,joint_rear_right_thigh_pitch,rr,thigh,20.0,robot.actuators['thigh_legs'].effort_limit,0.6855591705802465,68.81504850838334,0.5320647120475769,0.6632714986801147,0.0,0.36135318875312805,0.36418986320495605,0.0
gait_03_half_bound__vx_pos_0p5__seed_4242,11,joint_rear_right_calf_pitch,rr,calf,37.0,robot.actuators['calf_legs'].effort_limit,0.26480620042295444,244.9343990470143,0.3603469745532886,0.39288260485674886,0.0,0.5019220411777496,0.5079952478408813,0.0
gait_03_half_bound__vx_pos_1p0__seed_4242,0,joint_front_left_abad,fl,hip,17.0,robot.actuators['hip_legs'].effort_limit,0.07011113540693799,5.509561617377913,0.14802545238943662,0.16075947312747718,0.0,0.29837966859340664,0.3088909375667572,0.0
gait_03_half_bound__vx_pos_1p0__seed_4242,1,joint_front_left_thigh_pitch,fl,thigh,17.0,robot.actuators['thigh_legs'].effort_limit,0.7534135290592755,98.37428787867539,0.5335190296173096,0.5740051875394933,0.0,0.297944039106369,0.30342164039611813,0.0
gait_03_half_bound__vx_pos_1p0__seed_4242,2,joint_front_left_calf_pitch,fl,calf,37.0,robot.actuators['calf_legs'].effort_limit,0.6929659929129579,656.3520768398047,0.39924400432689766,0.4817933850675015,0.0,0.5876675963401794,0.5961212861537933,0.0
gait_03_half_bound__vx_pos_1p0__seed_4242,3,joint_front_right_abad,fr,hip,17.0,robot.actuators['hip_legs'].effort_limit,0.06860834249995282,5.831969556519762,0.12699995040893552,0.16643848783829623,0.0,0.262167364358902,0.2689344477653503,0.0
gait_03_half_bound__vx_pos_1p0__seed_4242,4,joint_front_right_thigh_pitch,fr,thigh,17.0,robot.actuators['thigh_legs'].effort_limit,0.730643599859828,83.0661261485517,0.49267871800590957,0.5552817754184498,0.0,0.36034381389617914,0.3783853828907013,0.0
gait_03_half_bound__vx_pos_1p0__seed_4242,5,joint_front_right_calf_pitch,fr,calf,37.0,robot.actuators['calf_legs'].effort_limit,0.21803729320358878,186.62740788911003,0.305430777008469,0.3383573506329507,0.0,0.46709395647048946,0.47580758154392244,0.0
gait_03_half_bound__vx_pos_1p0__seed_4242,6,joint_rear_left_abad,rl,hip,17.0,robot.actuators['hip_legs'].effort_limit,0.08067828569226068,4.601697529081867,0.18960300894344553,0.21254703171112954,0.0,0.26553410291671753,0.2981818175315857,0.0
gait_03_half_bound__vx_pos_1p0__seed_4242,7,joint_rear_left_thigh_pitch,rl,thigh,20.0,robot.actuators['thigh_legs'].effort_limit,0.6916383627073974,108.47825062658637,0.5303802084922791,0.5841467599868774,0.0,0.3843508094549179,0.3880571419000626,0.0
gait_03_half_bound__vx_pos_1p0__seed_4242,8,joint_rear_left_calf_pitch,rl,calf,37.0,robot.actuators['calf_legs'].effort_limit,0.36531749578476025,370.6405634426855,0.359122456731023,0.4276096949706202,0.0,0.4610104560852051,0.4661834728717804,0.0
gait_03_half_bound__vx_pos_1p0__seed_4242,9,joint_rear_right_abad,rr,hip,17.0,robot.actuators['hip_legs'].effort_limit,0.081511075519307,5.990806979069021,0.1514803241280948,0.1727355282446917,0.0,0.27659958600997925,0.283926842212677,0.0
gait_03_half_bound__vx_pos_1p0__seed_4242,10,joint_rear_right_thigh_pitch,rr,thigh,20.0,robot.actuators['thigh_legs'].effort_limit,1.057155867595538,126.32322058882565,0.6351124000549315,0.7893089456558228,0.0,0.3657529324293136,0.37179947078227993,0.0
gait_03_half_bound__vx_pos_1p0__seed_4242,11,joint_rear_right_calf_pitch,rr,calf,37.0,robot.actuators['calf_legs'].effort_limit,0.30246705987407796,272.49484600829953,0.3915941869890364,0.4570739251214104,0.0,0.478209638595581,0.49486984014511104,0.0
gait_03_half_bound__vx_pos_1p5__seed_4242,0,joint_front_left_abad,fl,hip,17.0,robot.actuators['hip_legs'].effort_limit,0.13582425260157882,6.530684208174352,0.2072436669293571,0.22928852025200333,0.0,0.34513296186923975,0.3769266867637633,0.0
gait_03_half_bound__vx_pos_1p5__seed_4242,1,joint_front_left_thigh_pitch,fl,thigh,17.0,robot.actuators['thigh_legs'].effort_limit,1.0538364083735288,135.50515050236135,0.6141020298004148,0.6570128878425149,0.0,0.2935598909854889,0.297627112865448,0.0
gait_03_half_bound__vx_pos_1p5__seed_4242,2,joint_front_left_calf_pitch,fl,calf,37.0,robot.actuators['calf_legs'].effort_limit,0.8141322962266091,678.9656402838231,0.47495055585294155,0.48612353041365336,0.0,0.618136328458786,0.6292785567045212,0.0
gait_03_half_bound__vx_pos_1p5__seed_4242,3,joint_front_right_abad,fr,hip,17.0,robot.actuators['hip_legs'].effort_limit,0.06591063442285447,6.064667489663698,0.1532525293967303,0.17295131725423474,0.0,0.2747400522232056,0.2901972794532775,0.0
gait_03_half_bound__vx_pos_1p5__seed_4242,4,joint_front_right_thigh_pitch,fr,thigh,17.0,robot.actuators['thigh_legs'].effort_limit,0.7808199048560459,119.64559661902487,0.6195231381584615,0.6783502141167135,0.0,0.35723351836204525,0.3693628871440887,0.0
gait_03_half_bound__vx_pos_1p5__seed_4242,5,joint_front_right_calf_pitch,fr,calf,37.0,robot.actuators['calf_legs'].effort_limit,0.30510803990600555,236.82680702779442,0.3377523203153867,0.4667172040166077,0.0,0.47295874655246734,0.4887182509899139,0.0
gait_03_half_bound__vx_pos_1p5__seed_4242,6,joint_rear_left_abad,rl,hip,17.0,robot.actuators['hip_legs'].effort_limit,0.16456076287103374,7.745086560116361,0.30610821527593274,0.3268767373702105,0.0,0.2974928736686706,0.3038731914758682,0.0
gait_03_half_bound__vx_pos_1p5__seed_4242,7,joint_rear_left_thigh_pitch,rl,thigh,20.0,robot.actuators['thigh_legs'].effort_limit,0.9489932783199317,143.4747161563486,0.6244539284706115,0.6671233687400817,0.0,0.36861981749534606,0.3794751435518265,0.0
gait_03_half_bound__vx_pos_1p5__seed_4242,8,joint_rear_left_calf_pitch,rl,calf,37.0,robot.actuators['calf_legs'].effort_limit,0.3827693201126284,345.25707510817796,0.3805424123196987,0.42882970114012015,0.0,0.47031216621398925,0.47731037855148317,0.0
gait_03_half_bound__vx_pos_1p5__seed_4242,9,joint_rear_right_abad,rr,hip,17.0,robot.actuators['hip_legs'].effort_limit,0.12468246579016473,5.888974219844677,0.24764848877401913,0.2638466262817383,0.0,0.30446781516075133,0.3170645570755004,0.0
gait_03_half_bound__vx_pos_1p5__seed_4242,10,joint_rear_right_thigh_pitch,rr,thigh,20.0,robot.actuators['thigh_legs'].effort_limit,1.3652389624513765,189.04696389900522,0.7126692295074463,0.788402091503143,0.0,0.34902265071868893,0.3611138075590133,0.0
gait_03_half_bound__vx_pos_1p5__seed_4242,11,joint_rear_right_calf_pitch,rr,calf,37.0,robot.actuators['calf_legs'].effort_limit,0.37833602051065535,324.5561080383649,0.42925695213111664,0.46869665970673396,0.0,0.47591061592102046,0.48444464087486266,0.0
gait_04_half_bound__vx_neg_1p5__seed_4242,0,joint_front_left_abad,fl,hip,17.0,robot.actuators['hip_legs'].effort_limit,0.1361151964741086,7.185045534684323,0.19469137472264902,0.20649930210674508,0.0,0.32003002762794486,0.3331099015474319,0.0
gait_04_half_bound__vx_neg_1p5__seed_4242,1,joint_front_left_thigh_pitch,fl,thigh,17.0,robot.actuators['thigh_legs'].effort_limit,1.520304261111455,166.39389914393425,0.7617035585291244,0.8003528482773724,0.0,0.3360341191291809,0.34362801551818845,0.0
gait_04_half_bound__vx_neg_1p5__seed_4242,2,joint_front_left_calf_pitch,fl,calf,37.0,robot.actuators['calf_legs'].effort_limit,0.4083989131476825,307.3882449343614,0.4039001941680908,0.4491324481448611,0.0,0.44059765338897705,0.44412779331207275,0.0
gait_04_half_bound__vx_neg_1p5__seed_4242,3,joint_front_right_abad,fr,hip,17.0,robot.actuators['hip_legs'].effort_limit,0.05966930774612321,3.5653237949684264,0.14374581785763002,0.1613863121761995,0.0,0.17838164567947384,0.1870222735404968,0.0
gait_04_half_bound__vx_neg_1p5__seed_4242,4,joint_front_right_thigh_pitch,fr,thigh,17.0,robot.actuators['thigh_legs'].effort_limit,1.1361836907774412,168.17828797087074,0.7946638303644517,0.8444602663376751,0.0,0.3475913643836975,0.35313994288444517,0.0
gait_04_half_bound__vx_neg_1p5__seed_4242,5,joint_front_right_calf_pitch,fr,calf,37.0,robot.actuators['calf_legs'].effort_limit,0.4481723049285506,265.8241175803635,0.48222482011124884,0.5272823514165105,0.0,0.5383942782878876,0.5430980032682419,0.0
gait_04_half_bound__vx_neg_1p5__seed_4242,6,joint_rear_left_abad,rl,hip,17.0,robot.actuators['hip_legs'].effort_limit,0.13253678931157184,8.694820937371114,0.1809511808788075,0.22153061572243182,0.0,0.3031680345535278,0.3101428151130676,0.0
gait_04_half_bound__vx_neg_1p5__seed_4242,7,joint_rear_left_thigh_pitch,rl,thigh,20.0,robot.actuators['thigh_legs'].effort_limit,0.5148964482171876,132.88575479961932,0.5321552062034606,0.5563570365905762,0.0,0.29795973300933837,0.3020237553119659,0.0
gait_04_half_bound__vx_neg_1p5__seed_4242,8,joint_rear_left_calf_pitch,rl,calf,37.0,robot.actuators['calf_legs'].effort_limit,0.3064644336294811,295.45910561522817,0.32245744370125423,0.40535988266403494,0.0,0.43674989938735953,0.45718072295188905,0.0
gait_04_half_bound__vx_neg_1p5__seed_4242,9,joint_rear_right_abad,rr,hip,17.0,robot.actuators['hip_legs'].effort_limit,0.19970975256485968,6.7503410785240705,0.3055478348451502,0.32572447664597454,0.0,0.33591127991676323,0.34643144607543946,0.0
gait_04_half_bound__vx_neg_1p5__seed_4242,10,joint_rear_right_thigh_pitch,rr,thigh,20.0,robot.actuators['thigh_legs'].effort_limit,1.0977772777016035,198.43585634121672,0.5787186741828918,0.6078871064186095,0.0,0.28388413190841677,0.2920995151996612,0.0
gait_04_half_bound__vx_neg_1p5__seed_4242,11,joint_rear_right_calf_pitch,rr,calf,37.0,robot.actuators['calf_legs'].effort_limit,1.033034479509139,861.2317984533311,0.6017260886527392,0.6383200965056546,0.0,0.5768805921077729,0.5814288663864136,0.0
gait_04_half_bound__vx_neg_1p0__seed_4242,0,joint_front_left_abad,fl,hip,17.0,robot.actuators['hip_legs'].effort_limit,0.21105374131436602,11.75886113469489,0.22327879597158992,0.2417689446841969,0.0,0.3234260261058807,0.3294112521409988,0.0
gait_04_half_bound__vx_neg_1p0__seed_4242,1,joint_front_left_thigh_pitch,fl,thigh,17.0,robot.actuators['thigh_legs'].effort_limit,1.2686858792118256,120.88736617580057,0.7377191767973058,0.8444758757422952,0.0,0.36048139929771417,0.36863308429718017,0.0
gait_04_half_bound__vx_neg_1p0__seed_4242,2,joint_front_left_calf_pitch,fl,calf,37.0,robot.actuators['calf_legs'].effort_limit,0.3561137853991572,279.56302814397964,0.38422326783876154,0.4157541455449284,0.0,0.4763402700424194,0.48703171908855436,0.0
gait_04_half_bound__vx_neg_1p0__seed_4242,3,joint_front_right_abad,fr,hip,17.0,robot.actuators['hip_legs'].effort_limit,0.07192588064479949,3.188191018373182,0.17271321661332073,0.20999717726426964,0.0,0.16738262176513666,0.17610928535461426,0.0
gait_04_half_bound__vx_neg_1p0__seed_4242,4,joint_front_right_thigh_pitch,fr,thigh,17.0,robot.actuators['thigh_legs'].effort_limit,0.7911947554223021,118.89130763530731,0.6665345584644992,0.7144933936175177,0.0,0.3803356051445007,0.3834695267677307,0.0
gait_04_half_bound__vx_neg_1p0__seed_4242,5,joint_front_right_calf_pitch,fr,calf,37.0,robot.actuators['calf_legs'].effort_limit,0.3787264462434101,272.94592167736033,0.40456906267114573,0.44004926166018926,0.0,0.5148484945297241,0.5244949781894683,0.0
gait_04_half_bound__vx_neg_1p0__seed_4242,6,joint_rear_left_abad,rl,hip,17.0,robot.actuators['hip_legs'].effort_limit,0.10395914166116363,8.32336327938363,0.1663462989470538,0.1790388096080107,0.0,0.2441741079092024,0.25658155500888824,0.0
gait_04_half_bound__vx_neg_1p0__seed_4242,7,joint_rear_left_thigh_pitch,rl,thigh,20.0,robot.actuators['thigh_legs'].effort_limit,0.4225981950870878,94.32499048359692,0.36105272531509397,0.3800000081062316,0.0,0.3183548182249069,0.32884153485298157,0.0
gait_04_half_bound__vx_neg_1p0__seed_4242,8,joint_rear_left_calf_pitch,rl,calf,37.0,robot.actuators['calf_legs'].effort_limit,0.32406534234808204,319.8694501426443,0.3465682390573862,0.40978865494599215,0.0,0.46347316503524777,0.4710504162311554,0.0
gait_04_half_bound__vx_neg_1p0__seed_4242,9,joint_rear_right_abad,rr,hip,17.0,robot.actuators['hip_legs'].effort_limit,0.07370894546198546,3.628761607662864,0.2008575102862188,0.23211189466364243,0.0,0.2452634394168853,0.26649348139762863,0.0
gait_04_half_bound__vx_neg_1p0__seed_4242,10,joint_rear_right_thigh_pitch,rr,thigh,20.0,robot.actuators['thigh_legs'].effort_limit,0.6861436765613499,132.9458125820756,0.45986216068267816,0.4754497828483581,0.0,0.3014062076807022,0.3086597365140915,0.0
gait_04_half_bound__vx_neg_1p0__seed_4242,11,joint_rear_right_calf_pitch,rr,calf,37.0,robot.actuators['calf_legs'].effort_limit,0.7687321078208532,776.9079261565477,0.4802981015798207,0.515651160575248,0.0,0.517516577243805,0.5255437159538269,0.0
gait_04_half_bound__vx_neg_0p5__seed_4242,0,joint_front_left_abad,fl,hip,17.0,robot.actuators['hip_legs'].effort_limit,0.23476211291097562,10.55322646529763,0.2887251938090605,0.3319925350301406,0.0,0.3119335472583771,0.3171911835670471,0.0
gait_04_half_bound__vx_neg_0p5__seed_4242,1,joint_front_left_thigh_pitch,fl,thigh,17.0,robot.actuators['thigh_legs'].effort_limit,0.7145955124950286,63.39385100618005,0.5444995094748104,0.7305186496061438,0.0,0.3658815920352936,0.3711939752101898,0.0
gait_04_half_bound__vx_neg_0p5__seed_4242,2,joint_front_left_calf_pitch,fl,calf,37.0,robot.actuators['calf_legs'].effort_limit,0.2721087208171482,207.15436468265952,0.36024425480816813,0.3887318533820075,0.0,0.5148095637559891,0.5197475850582123,0.0
gait_04_half_bound__vx_neg_0p5__seed_4242,3,joint_front_right_abad,fr,hip,17.0,robot.actuators['hip_legs'].effort_limit,0.0775108901192558,3.9198318496858704,0.1743665372624117,0.2091068099526798,0.0,0.18434548377990723,0.2186095118522644,0.0
gait_04_half_bound__vx_neg_0p5__seed_4242,4,joint_front_right_thigh_pitch,fr,thigh,17.0,robot.actuators['thigh_legs'].effort_limit,0.46622686605652497,54.85899116963148,0.5352281682631548,0.5869106124429142,0.0,0.38568389415740967,0.38946232199668884,0.0
gait_04_half_bound__vx_neg_0p5__seed_4242,5,joint_front_right_calf_pitch,fr,calf,37.0,robot.actuators['calf_legs'].effort_limit,0.3296950347124731,302.41413406617943,0.34784199740435623,0.3830679945043616,0.0,0.4999063313007355,0.5041007697582245,0.0
gait_04_half_bound__vx_neg_0p5__seed_4242,6,joint_rear_left_abad,rl,hip,17.0,robot.actuators['hip_legs'].effort_limit,0.056229752194511616,4.7100875253602865,0.1214644382981693,0.14621397677589865,0.0,0.20607984066009521,0.21479424834251404,0.0
gait_04_half_bound__vx_neg_0p5__seed_4242,7,joint_rear_left_thigh_pitch,rl,thigh,20.0,robot.actuators['thigh_legs'].effort_limit,0.3363917516745063,40.246990139707925,0.36617159843444824,0.3832408308982849,0.0,0.3279799222946167,0.3409257084131241,0.0
gait_04_half_bound__vx_neg_0p5__seed_4242,8,joint_rear_left_calf_pitch,rl,calf,37.0,robot.actuators['calf_legs'].effort_limit,0.26131892032981446,195.72830826699735,0.3199505612656877,0.3832703603280557,0.0,0.505034863948822,0.5095856785774231,0.0
gait_04_half_bound__vx_neg_0p5__seed_4242,9,joint_rear_right_abad,rr,hip,17.0,robot.actuators['hip_legs'].effort_limit,0.040828933977086986,2.138465258756478,0.1369517831241383,0.16038648521198945,0.0,0.20906397700309753,0.21830743551254272,0.0
gait_04_half_bound__vx_neg_0p5__seed_4242,10,joint_rear_right_thigh_pitch,rr,thigh,20.0,robot.actuators['thigh_legs'].effort_limit,0.43081277615071517,77.85558896404692,0.44019953012466434,0.4615119814872742,0.0,0.29466503858566284,0.3024590462446213,0.0
gait_04_half_bound__vx_neg_0p5__seed_4242,11,joint_rear_right_calf_pitch,rr,calf,37.0,robot.actuators['calf_legs'].effort_limit,0.48464146230055777,582.1172191280779,0.41555579288585764,0.4702066215308937,0.0,0.5031984150409698,0.5073964595794678,0.0
gait_04_half_bound__vx_pos_0p5__seed_4242,0,joint_front_left_abad,fl,hip,17.0,robot.actuators['hip_legs'].effort_limit,0.1433696483249608,10.169108270900288,0.2745242749943453,0.2986724236432244,0.0,0.27926719188690186,0.30125299096107483,0.0
gait_04_half_bound__vx_pos_0p5__seed_4242,1,joint_front_left_thigh_pitch,fl,thigh,17.0,robot.actuators['thigh_legs'].effort_limit,0.2944189885551657,70.95652974091237,0.27683019638061523,0.31131500356337605,0.0,0.30749794840812683,0.31857728958129883,0.0
gait_04_half_bound__vx_pos_0p5__seed_4242,2,joint_front_left_calf_pitch,fl,calf,37.0,robot.actuators['calf_legs'].effort_limit,0.5799842946924357,769.976004348062,0.4820695825525232,0.5079346089749723,0.0,0.4948297291994095,0.4993804097175598,0.0
gait_04_half_bound__vx_pos_0p5__seed_4242,3,joint_front_right_abad,fr,hip,17.0,robot.actuators['hip_legs'].effort_limit,0.09652078337080948,4.463447592083685,0.2753249757430133,0.31676196350770836,0.0,0.36397162079811096,0.39293721318244934,0.0
gait_04_half_bound__vx_pos_0p5__seed_4242,4,joint_front_right_thigh_pitch,fr,thigh,17.0,robot.actuators['thigh_legs'].effort_limit,0.5186280183444295,74.16702551531606,0.4241843924802893,0.43868540315067067,0.0,0.3082715570926666,0.3096597194671631,0.0
gait_04_half_bound__vx_pos_0p5__seed_4242,5,joint_front_right_calf_pitch,fr,calf,37.0,robot.actuators['calf_legs'].effort_limit,0.48590702504198374,712.2261500275135,0.4648956994752626,0.5274385246070656,0.0,0.47847670316696167,0.48309585452079773,0.0
gait_04_half_bound__vx_pos_0p5__seed_4242,6,joint_rear_left_abad,rl,hip,17.0,robot.actuators['hip_legs'].effort_limit,0.06024176092615128,2.527807502063224,0.17041430052588968,0.19309610829633825,0.0,0.28519876301288605,0.29235295951366425,0.0
gait_04_half_bound__vx_pos_0p5__seed_4242,7,joint_rear_left_thigh_pitch,rl,thigh,20.0,robot.actuators['thigh_legs'].effort_limit,0.23579578380307273,28.9403909050941,0.28942816257476806,0.32323728799819945,0.0,0.3072921633720398,0.31052491068840027,0.0
gait_04_half_bound__vx_pos_0p5__seed_4242,8,joint_rear_left_calf_pitch,rl,calf,37.0,robot.actuators['calf_legs'].effort_limit,0.2635600189076703,180.04157671605847,0.3285805599109547,0.3529857235985833,0.0,0.5063310265541077,0.5121296644210815,0.0
gait_04_half_bound__vx_pos_0p5__seed_4242,9,joint_rear_right_abad,rr,hip,17.0,robot.actuators['hip_legs'].effort_limit,0.06858682300193172,3.9368098636608555,0.152072292916915,0.18358676223193898,0.0,0.21831220388412476,0.22285279631614685,0.0
gait_04_half_bound__vx_pos_0p5__seed_4242,10,joint_rear_right_thigh_pitch,rr,thigh,20.0,robot.actuators['thigh_legs'].effort_limit,0.5405798246233439,45.18076797096059,0.4054778695106506,0.45666328668594364,0.0,0.41604022681713104,0.41934916377067566,0.0
gait_04_half_bound__vx_pos_0p5__seed_4242,11,joint_rear_right_calf_pitch,rr,calf,37.0,robot.actuators['calf_legs'].effort_limit,0.12681161984838848,126.29538450678811,0.177272384231155,0.2031723873035328,0.0,0.5454340577125549,0.5532483458518982,0.0
gait_04_half_bound__vx_pos_1p0__seed_4242,0,joint_front_left_abad,fl,hip,17.0,robot.actuators['hip_legs'].effort_limit,0.13781304856324847,12.15521494389046,0.24562785344965296,0.29037153524511,0.0,0.23277654647827148,0.23513128638267516,0.0
gait_04_half_bound__vx_pos_1p0__seed_4242,1,joint_front_left_thigh_pitch,fl,thigh,17.0,robot.actuators['thigh_legs'].effort_limit,0.22867391521376576,77.69784777887341,0.3246603236478915,0.3963531802682315,0.0,0.2997442901134491,0.30374442458152767,0.0
gait_04_half_bound__vx_pos_1p0__seed_4242,2,joint_front_left_calf_pitch,fl,calf,37.0,robot.actuators['calf_legs'].effort_limit,0.5997908102729398,670.9883520973101,0.4588989824862093,0.48707639333364117,0.0,0.44097618758678436,0.4480360263586044,0.0
gait_04_half_bound__vx_pos_1p0__seed_4242,3,joint_front_right_abad,fr,hip,17.0,robot.actuators['hip_legs'].effort_limit,0.04589085312296502,2.623119606654218,0.14231094753040968,0.19046990001902855,0.0,0.2689186334609984,0.3036085259914397,0.0
gait_04_half_bound__vx_pos_1p0__seed_4242,4,joint_front_right_thigh_pitch,fr,thigh,17.0,robot.actuators['thigh_legs'].effort_limit,0.27227062418301673,74.46655641387217,0.29212240471559414,0.3177254295349121,0.0,0.32650110125541687,0.329998242855072,0.0
gait_04_half_bound__vx_pos_1p0__seed_4242,5,joint_front_right_calf_pitch,fr,calf,37.0,robot.actuators['calf_legs'].effort_limit,0.6172937714848262,741.029322369732,0.4439486142751332,0.5244824471344819,0.0,0.4608891040086746,0.4693714702129364,0.0
gait_04_half_bound__vx_pos_1p0__seed_4242,6,joint_rear_left_abad,rl,hip,17.0,robot.actuators['hip_legs'].effort_limit,0.1732058729952286,7.9126294327700455,0.2787694720660938,0.33600351305568915,0.0,0.33091728091239925,0.3415334814786911,0.0
gait_04_half_bound__vx_pos_1p0__seed_4242,7,joint_rear_left_thigh_pitch,rl,thigh,20.0,robot.actuators['thigh_legs'].effort_limit,0.5321291688751719,77.1406896684831,0.42758850812911975,0.4599015522003173,0.0,0.30111237466335294,0.306337496638298,0.0
gait_04_half_bound__vx_pos_1p0__seed_4242,8,joint_rear_left_calf_pitch,rl,calf,37.0,robot.actuators['calf_legs'].effort_limit,0.3149051691356152,245.7190749455383,0.39058861345858187,0.4144068692181561,0.0,0.4678542733192444,0.47514729380607607,0.0
gait_04_half_bound__vx_pos_1p0__seed_4242,9,joint_rear_right_abad,rr,hip,17.0,robot.actuators['hip_legs'].effort_limit,0.20634859417295462,11.355024163648487,0.2681249085594626,0.29163898468017574,0.0,0.2867735028266907,0.29241878509521485,0.0
gait_04_half_bound__vx_pos_1p0__seed_4242,10,joint_rear_right_thigh_pitch,rr,thigh,20.0,robot.actuators['thigh_legs'].effort_limit,0.7354843903621024,98.62779545713217,0.5402278685569762,0.6152397570610043,0.0,0.41745624840259554,0.42508505284786224,0.0
gait_04_half_bound__vx_pos_1p0__seed_4242,11,joint_rear_right_calf_pitch,rr,calf,37.0,robot.actuators['calf_legs'].effort_limit,0.28371188788876145,265.3017800898291,0.3174406090298214,0.3470383025504447,0.0,0.5447966277599334,0.5522009217739106,0.0
gait_04_half_bound__vx_pos_1p5__seed_4242,0,joint_front_left_abad,fl,hip,17.0,robot.actuators['hip_legs'].effort_limit,0.14353136623160373,9.057352134399116,0.23068372712415788,0.28439029749702,0.0,0.24780056774616238,0.2610058391094207,0.0
gait_04_half_bound__vx_pos_1p5__seed_4242,1,joint_front_left_thigh_pitch,fl,thigh,17.0,robot.actuators['thigh_legs'].effort_limit,0.6046398196476678,100.42275146341417,0.6161968062905704,0.6472110058279598,0.0,0.29521816968917847,0.29967485547065736,0.0
gait_04_half_bound__vx_pos_1p5__seed_4242,2,joint_front_left_calf_pitch,fl,calf,37.0,robot.actuators['calf_legs'].effort_limit,0.5655438061307864,545.4601450317354,0.3825727836505783,0.4585938118599554,0.0,0.4426800459623337,0.45173175632953644,0.0
gait_04_half_bound__vx_pos_1p5__seed_4242,3,joint_front_right_abad,fr,hip,17.0,robot.actuators['hip_legs'].effort_limit,0.04687219491732823,3.8010152955367813,0.11506615736905264,0.13316400752348043,0.0,0.2113598644733429,0.21875201940536493,0.0
gait_04_half_bound__vx_pos_1p5__seed_4242,4,joint_front_right_thigh_pitch,fr,thigh,17.0,robot.actuators['thigh_legs'].effort_limit,0.8099861539481756,144.70622841821984,0.5581464823554543,0.5754987761553596,0.0,0.3306354522705078,0.33641406416893005,0.0
gait_04_half_bound__vx_pos_1p5__seed_4242,5,joint_front_right_calf_pitch,fr,calf,37.0,robot.actuators['calf_legs'].effort_limit,0.7391904677309337,757.9196373006702,0.42626868067560963,0.49322669982910133,0.0,0.5155537188053131,0.5228759557008743,0.0
gait_04_half_bound__vx_pos_1p5__seed_4242,6,joint_rear_left_abad,rl,hip,17.0,robot.actuators['hip_legs'].effort_limit,0.2536428002836125,10.828064887316431,0.3583222473368924,0.41417229932897226,0.0,0.37501866221427915,0.3941871076822281,0.0
gait_04_half_bound__vx_pos_1p5__seed_4242,7,joint_rear_left_thigh_pitch,rl,thigh,20.0,robot.actuators['thigh_legs'].effort_limit,0.8113701838311105,148.81002210995183,0.49505269527435297,0.5382199807167052,0.0,0.2915307492017746,0.2974946910142899,0.0
gait_04_half_bound__vx_pos_1p5__seed_4242,8,joint_rear_left_calf_pitch,rl,calf,37.0,robot.actuators['calf_legs'].effort_limit,0.3447828043583814,254.63712713454063,0.42869856293137004,0.4550414157558132,0.0,0.40090397000312805,0.4085062301158905,0.0
gait_04_half_bound__vx_pos_1p5__seed_4242,9,joint_rear_right_abad,rr,hip,17.0,robot.actuators['hip_legs'].effort_limit,0.2665350035591602,11.104791800566018,0.3178327279932358,0.36420658672557155,0.0,0.3406723141670227,0.3479908061027527,0.0
gait_04_half_bound__vx_pos_1p5__seed_4242,10,joint_rear_right_thigh_pitch,rr,thigh,20.0,robot.actuators['thigh_legs'].effort_limit,1.0049171142029165,157.74734468176962,0.6431137061119079,0.6970122117996216,0.0,0.4114958792924881,0.42069587409496306,0.0
gait_04_half_bound__vx_pos_1p5__seed_4242,11,joint_rear_right_calf_pitch,rr,calf,37.0,robot.actuators['calf_legs'].effort_limit,0.49911213092920037,471.29074548348785,0.4230817176200248,0.47115036062292154,0.0,0.5576506912708282,0.5629035699367523,0.0
gait_05_half_bound__vx_neg_1p5__seed_4242,0,joint_front_left_abad,fl,hip,17.0,robot.actuators['hip_legs'].effort_limit,0.0955658190983449,5.629564504124865,0.19991466087453505,0.2176629045430351,0.0,0.27344180345535274,0.30188859164714815,0.0
gait_05_half_bound__vx_neg_1p5__seed_4242,1,joint_front_left_thigh_pitch,fl,thigh,17.0,robot.actuators['thigh_legs'].effort_limit,1.1753541961845582,149.0131242659688,0.8207195730770335,0.9136578369140624,0.0020833333333333333,0.3351128041744232,0.3465573227405548,0.0
gait_05_half_bound__vx_neg_1p5__seed_4242,2,joint_front_left_calf_pitch,fl,calf,37.0,robot.actuators['calf_legs'].effort_limit,0.45456483936389847,285.3668113037851,0.48931452776934614,0.5317169627627811,0.0,0.4828616946935653,0.491576874256134,0.0
gait_05_half_bound__vx_neg_1p5__seed_4242,3,joint_front_right_abad,fr,hip,17.0,robot.actuators['hip_legs'].effort_limit,0.1512650751846627,7.683962613616022,0.22364984961117013,0.2461986735287834,0.0,0.3470391511917114,0.3623285722732544,0.0
gait_05_half_bound__vx_neg_1p5__seed_4242,4,joint_front_right_thigh_pitch,fr,thigh,17.0,robot.actuators['thigh_legs'].effort_limit,1.2997081188339195,163.36507079094648,0.696811460046207,0.7400776739681467,0.0,0.33402397632598874,0.3453577256202698,0.0
gait_05_half_bound__vx_neg_1p5__seed_4242,5,joint_front_right_calf_pitch,fr,calf,37.0,robot.actuators['calf_legs'].effort_limit,0.3351050649033713,217.55988953128457,0.45260473199792806,0.4886238139384501,0.0,0.44876744151115416,0.45326987087726595,0.0
gait_05_half_bound__vx_neg_1p5__seed_4242,6,joint_rear_left_abad,rl,hip,17.0,robot.actuators['hip_legs'].effort_limit,0.3809039846326619,12.384367017489858,0.351632334204281,0.3614604167377247,0.0,0.4115636944770813,0.42488338649272916,0.0
gait_05_half_bound__vx_neg_1p5__seed_4242,7,joint_rear_left_thigh_pitch,rl,thigh,20.0,robot.actuators['thigh_legs'].effort_limit,1.3049131960432765,220.93265894412994,0.625830051898956,0.6699884033203125,0.0,0.28816441297531126,0.2949290412664413,0.0
gait_05_half_bound__vx_neg_1p5__seed_4242,8,joint_rear_left_calf_pitch,rl,calf,37.0,robot.actuators['calf_legs'].effort_limit,1.0237361277372237,839.2492095538973,0.5854302870260704,0.6023329843057168,0.0,0.6784814774990081,0.7015498387813568,0.0
gait_05_half_bound__vx_neg_1p5__seed_4242,9,joint_rear_right_abad,rr,hip,17.0,robot.actuators['hip_legs'].effort_limit,0.11190579468554428,5.00363338391704,0.16213300578734455,0.17233349982429952,0.0,0.4034006893634795,0.4290464448928833,0.0
gait_05_half_bound__vx_neg_1p5__seed_4242,10,joint_rear_right_thigh_pitch,rr,thigh,20.0,robot.actuators['thigh_legs'].effort_limit,0.4823984873272425,110.77572316529229,0.4117682838439941,0.5216287994384765,0.0,0.33482597172260287,0.35265270233154294,0.0
gait_05_half_bound__vx_neg_1p5__seed_4242,11,joint_rear_right_calf_pitch,rr,calf,37.0,robot.actuators['calf_legs'].effort_limit,0.22088162407892578,184.60182388082146,0.27129714037920927,0.43379630965155513,0.0,0.4965136587619781,0.5187725985050201,0.0
gait_05_half_bound__vx_neg_1p0__seed_4242,0,joint_front_left_abad,fl,hip,17.0,robot.actuators['hip_legs'].effort_limit,0.06665241766176289,3.831357692288002,0.17207418680191036,0.2017115851009593,0.0,0.24097682833671566,0.25670611679553984,0.0
gait_05_half_bound__vx_neg_1p0__seed_4242,1,joint_front_left_thigh_pitch,fl,thigh,17.0,robot.actuators['thigh_legs'].effort_limit,0.6805729757713733,93.3358633428067,0.6729608115027924,0.7512410511690026,0.0,0.36721745133399963,0.36950236558914185,0.0
gait_05_half_bound__vx_neg_1p0__seed_4242,2,joint_front_left_calf_pitch,fl,calf,37.0,robot.actuators['calf_legs'].effort_limit,0.3694743876060359,280.69691028610106,0.41447953404606996,0.4559482265163112,0.0,0.48173644244670866,0.48979091525077817,0.0
gait_05_half_bound__vx_neg_1p0__seed_4242,3,joint_front_right_abad,fr,hip,17.0,robot.actuators['hip_legs'].effort_limit,0.152338188378463,9.370037930206163,0.20005584043615,0.21311486819211176,0.0,0.35778515338897704,0.3704594373703003,0.0
gait_05_half_bound__vx_neg_1p0__seed_4242,4,joint_front_right_thigh_pitch,fr,thigh,17.0,robot.actuators['thigh_legs'].effort_limit,1.1081066112136062,117.89634845979512,0.6174352000741397,0.7074583799698771,0.0,0.3482137858867645,0.3532020151615143,0.0
gait_05_half_bound__vx_neg_1p0__seed_4242,5,joint_front_right_calf_pitch,fr,calf,37.0,robot.actuators['calf_legs'].effort_limit,0.2907106309345477,245.5901391659677,0.38355178575258,0.4515545087247281,0.0,0.4544855862855911,0.47182437002658845,0.0
gait_05_half_bound__vx_neg_1p0__seed_4242,6,joint_rear_left_abad,rl,hip,17.0,robot.actuators['hip_legs'].effort_limit,0.1823844945153912,9.653316981467652,0.2577510258730719,0.28200026091407326,0.0,0.32231042385101316,0.3386627298593521,0.0
gait_05_half_bound__vx_neg_1p0__seed_4242,7,joint_rear_left_thigh_pitch,rl,thigh,20.0,robot.actuators['thigh_legs'].effort_limit,0.7588510620649044,127.45789707466669,0.5428424668312072,0.5734678592681884,0.0,0.2877006202936172,0.2935971873998642,0.0
gait_05_half_bound__vx_neg_1p0__seed_4242,8,joint_rear_left_calf_pitch,rl,calf,37.0,robot.actuators['calf_legs'].effort_limit,0.9905142851388999,832.9490623527043,0.5590553129041517,0.5842863979855099,0.0,0.590865272283554,0.598885463476181,0.0
gait_05_half_bound__vx_neg_1p0__seed_4242,9,joint_rear_right_abad,rr,hip,17.0,robot.actuators['hip_legs'].effort_limit,0.07729542666197914,4.7958203755971045,0.14392993099549234,0.15929142222684972,0.0,0.3162047564983367,0.3249400103092194,0.0
gait_05_half_bound__vx_neg_1p0__seed_4242,10,joint_rear_right_thigh_pitch,rr,thigh,20.0,robot.actuators['thigh_legs'].effort_limit,0.5761590522645643,116.85882854286581,0.4183228278160095,0.45614629554748526,0.0,0.3359307616949081,0.3554184013605117,0.0
gait_05_half_bound__vx_neg_1p0__seed_4242,11,joint_rear_right_calf_pitch,rr,calf,37.0,robot.actuators['calf_legs'].effort_limit,0.34264536829446685,574.8217072696611,0.4297763218750824,0.528285824543721,0.0,0.4558190286159515,0.46019252538681027,0.0
gait_05_half_bound__vx_neg_0p5__seed_4242,0,joint_front_left_abad,fl,hip,17.0,robot.actuators['hip_legs'].effort_limit,0.05174615729807121,4.158075104846502,0.14718541678260355,0.18799345282947316,0.0,0.27978287637233734,0.3187987506389618,0.0
gait_05_half_bound__vx_neg_0p5__seed_4242,1,joint_front_left_thigh_pitch,fl,thigh,17.0,robot.actuators['thigh_legs'].effort_limit,0.3353113897558319,38.960081545629514,0.5053671388065113,0.5678706870359533,0.0,0.3797374963760376,0.3846203684806824,0.0
gait_05_half_bound__vx_neg_0p5__seed_4242,2,joint_front_left_calf_pitch,fl,calf,37.0,robot.actuators['calf_legs'].effort_limit,0.3699353943060176,301.1534879072383,0.3579682981645739,0.40484617851875926,0.0,0.4913851171731949,0.4961903244256973,0.0
gait_05_half_bound__vx_neg_0p5__seed_4242,3,joint_front_right_abad,fr,hip,17.0,robot.actuators['hip_legs'].effort_limit,0.15801404382127002,9.205243863394644,0.23331674758125753,0.2914062738418579,0.0,0.3517831861972809,0.3771050274372101,0.0
gait_05_half_bound__vx_neg_0p5__seed_4242,4,joint_front_right_thigh_pitch,fr,thigh,17.0,robot.actuators['thigh_legs'].effort_limit,0.8286457766748914,64.67984536454081,0.5485843910890468,0.6496179384343764,0.0,0.35519838333129883,0.35912975668907166,0.0
gait_05_half_bound__vx_neg_0p5__seed_4242,5,joint_front_right_calf_pitch,fr,calf,37.0,robot.actuators['calf_legs'].effort_limit,0.2690369092103163,261.4639222562313,0.33066378413019953,0.3477462626792289,0.0,0.5100632309913635,0.5193184167146683,0.0
gait_05_half_bound__vx_neg_0p5__seed_4242,6,joint_rear_left_abad,rl,hip,17.0,robot.actuators['hip_legs'].effort_limit,0.07566092268187664,4.904501244533458,0.17818337328293743,0.21177303440430584,0.0,0.21971061825752258,0.23392634093761444,0.0
gait_05_half_bound__vx_neg_0p5__seed_4242,7,joint_rear_left_thigh_pitch,rl,thigh,20.0,robot.actuators['thigh_legs'].effort_limit,0.4279025416730341,82.7785474138776,0.40798524618148807,0.4282085418701172,0.0,0.2930907607078552,0.2965119034051895,0.0
gait_05_half_bound__vx_neg_0p5__seed_4242,8,joint_rear_left_calf_pitch,rl,calf,37.0,robot.actuators['calf_legs'].effort_limit,0.6794954840568447,704.4905449757259,0.4504382545883591,0.4683329221364614,0.0,0.5607496798038483,0.5749927163124084,0.0
gait_05_half_bound__vx_neg_0p5__seed_4242,9,joint_rear_right_abad,rr,hip,17.0,robot.actuators['hip_legs'].effort_limit,0.05827659065715523,3.8860415822766665,0.12318254218381994,0.15475397250231576,0.0,0.23837661743164062,0.24469205737113953,0.0
gait_05_half_bound__vx_neg_0p5__seed_4242,10,joint_rear_right_thigh_pitch,rr,thigh,20.0,robot.actuators['thigh_legs'].effort_limit,0.5451883651085768,81.5461107185483,0.38883509635925295,0.4032247066497803,0.0,0.35470321774482727,0.3825889676809311,0.0
gait_05_half_bound__vx_neg_0p5__seed_4242,11,joint_rear_right_calf_pitch,rr,calf,37.0,robot.actuators['calf_legs'].effort_limit,0.37195377292716353,578.4246727169306,0.4210486218735978,0.5259240382426493,0.0,0.5249897241592407,0.5292373895645142,0.0
gait_05_half_bound__vx_pos_0p5__seed_4242,0,joint_front_left_abad,fl,hip,17.0,robot.actuators['hip_legs'].effort_limit,0.06777551011434191,4.27691182817216,0.19419378743452184,0.28260065527523265,0.0,0.3570459336042404,0.41993381083011627,0.0
gait_05_half_bound__vx_pos_0p5__seed_4242,1,joint_front_left_thigh_pitch,fl,thigh,17.0,robot.actuators['thigh_legs'].effort_limit,0.3429872938967841,57.07021366669098,0.40942735531750846,0.4393235725515029,0.0,0.32549846172332764,0.33129584789276123,0.0
gait_05_half_bound__vx_pos_0p5__seed_4242,2,joint_front_left_calf_pitch,fl,calf,37.0,robot.actuators['calf_legs'].effort_limit,0.5577462819499404,673.8891286759521,0.4815819199020798,0.5139734165088551,0.0,0.4894343167543411,0.49700668454170227,0.0
gait_05_half_bound__vx_pos_0p5__seed_4242,3,joint_front_right_abad,fr,hip,17.0,robot.actuators['hip_legs'].effort_limit,0.08192036051440801,3.856609063106589,0.1864919241736917,0.2507883380441105,0.0,0.2881695628166199,0.30126136541366577,0.0
gait_05_half_bound__vx_pos_0p5__seed_4242,4,joint_front_right_thigh_pitch,fr,thigh,17.0,robot.actuators['thigh_legs'].effort_limit,0.5660097927633644,55.2246747210063,0.4193412556367762,0.4795666301951689,0.0,0.2992626428604126,0.30314886569976807,0.0
gait_05_half_bound__vx_pos_0p5__seed_4242,5,joint_front_right_calf_pitch,fr,calf,37.0,robot.actuators['calf_legs'].effort_limit,0.38665823828440415,358.6235783330165,0.4019775906124631,0.4696119798196329,0.0,0.5233106166124344,0.531014084815979,0.0
gait_05_half_bound__vx_pos_0p5__seed_4242,6,joint_rear_left_abad,rl,hip,17.0,robot.actuators['hip_legs'].effort_limit,0.07497675236813632,3.2295657981658588,0.14926918815164003,0.1642443993512322,0.0,0.237077996134758,0.2507106214761734,0.0
gait_05_half_bound__vx_pos_0p5__seed_4242,7,joint_rear_left_thigh_pitch,rl,thigh,20.0,robot.actuators['thigh_legs'].effort_limit,0.29897428163478357,56.47499166900292,0.3536889672279358,0.3844125151634217,0.0,0.3858898729085922,0.3914180397987366,0.0
gait_05_half_bound__vx_pos_0p5__seed_4242,8,joint_rear_left_calf_pitch,rl,calf,37.0,robot.actuators['calf_legs'].effort_limit,0.4702376882182903,534.7724411688373,0.4410096761342641,0.5018124967008023,0.0,0.5346892178058624,0.5487454235553741,0.0
gait_05_half_bound__vx_pos_0p5__seed_4242,9,joint_rear_right_abad,rr,hip,17.0,robot.actuators['hip_legs'].effort_limit,0.06182651509337929,4.088301095063798,0.15398989705478444,0.1698184574351591,0.0,0.2662462294101715,0.27422845363616943,0.0
gait_05_half_bound__vx_pos_0p5__seed_4242,10,joint_rear_right_thigh_pitch,rr,thigh,20.0,robot.actuators['thigh_legs'].effort_limit,0.4138566964230715,31.08831756004598,0.3848075091838837,0.41132789850234985,0.0,0.3367258310317993,0.3442835360765457,0.0
gait_05_half_bound__vx_pos_0p5__seed_4242,11,joint_rear_right_calf_pitch,rr,calf,37.0,robot.actuators['calf_legs'].effort_limit,0.2202875368500331,179.75595485002734,0.36665239205231537,0.40682693429895345,0.0,0.517882764339447,0.5210442841053009,0.0
gait_05_half_bound__vx_pos_1p0__seed_4242,0,joint_front_left_abad,fl,hip,17.0,robot.actuators['hip_legs'].effort_limit,0.07379263591591045,4.522507193636265,0.19885170389624202,0.226293852890239,0.0,0.3219588667154308,0.3667729794979095,0.0
gait_05_half_bound__vx_pos_1p0__seed_4242,1,joint_front_left_thigh_pitch,fl,thigh,17.0,robot.actuators['thigh_legs'].effort_limit,0.445470951716811,95.43955520637334,0.362257629282334,0.41260253737954533,0.0,0.3250232875347137,0.33052844166755674,0.0
gait_05_half_bound__vx_pos_1p0__seed_4242,2,joint_front_left_calf_pitch,fl,calf,37.0,robot.actuators['calf_legs'].effort_limit,0.6929496377169128,723.2563315384836,0.4572415222992768,0.5018991769326699,0.0,0.5304984897375107,0.5411594051122666,0.0
gait_05_half_bound__vx_pos_1p0__seed_4242,3,joint_front_right_abad,fr,hip,17.0,robot.actuators['hip_legs'].effort_limit,0.06578838080948927,4.253239807391074,0.13617535198436057,0.15129081010818465,0.0,0.23778493404388426,0.24804009318351744,0.0
gait_05_half_bound__vx_pos_1p0__seed_4242,4,joint_front_right_thigh_pitch,fr,thigh,17.0,robot.actuators['thigh_legs'].effort_limit,0.5716996564820026,103.6052602878213,0.4714547437780043,0.5038743226668414,0.0,0.29396790862083433,0.3016637825965881,0.0
gait_05_half_bound__vx_pos_1p0__seed_4242,5,joint_front_right_calf_pitch,fr,calf,37.0,robot.actuators['calf_legs'].effort_limit,0.4341673279145817,515.6473009032011,0.41056512368691933,0.4986468521324362,0.0,0.48759588301181794,0.4943475890159607,0.0
gait_05_half_bound__vx_pos_1p0__seed_4242,6,joint_rear_left_abad,rl,hip,17.0,robot.actuators['hip_legs'].effort_limit,0.2239696416964911,7.492567052738232,0.27109741603626925,0.2882626079110538,0.0,0.294928714632988,0.30517692089080806,0.0
gait_05_half_bound__vx_pos_1p0__seed_4242,7,joint_rear_left_thigh_pitch,rl,thigh,20.0,robot.actuators['thigh_legs'].effort_limit,0.516121515191848,105.59633378134109,0.4258031010627746,0.4503632616996764,0.0,0.40373353660106653,0.4144050580263137,0.0
gait_05_half_bound__vx_pos_1p0__seed_4242,8,joint_rear_left_calf_pitch,rl,calf,37.0,robot.actuators['calf_legs'].effort_limit,0.4950856062952289,486.51535428091887,0.4073124112309635,0.5042172210280959,0.0,0.5778218090534211,0.5879023432731628,0.0
gait_05_half_bound__vx_pos_1p0__seed_4242,9,joint_rear_right_abad,rr,hip,17.0,robot.actuators['hip_legs'].effort_limit,0.1103658203386463,7.431543193217367,0.23105092609629907,0.2678582505618824,0.0,0.2958091676235199,0.30306620717048643,0.0
gait_05_half_bound__vx_pos_1p0__seed_4242,10,joint_rear_right_thigh_pitch,rr,thigh,20.0,robot.actuators['thigh_legs'].effort_limit,0.5975118223524121,81.32846447845688,0.45988687992095945,0.5169197378158569,0.0,0.32719229757785795,0.3339148712158203,0.0
gait_05_half_bound__vx_pos_1p0__seed_4242,11,joint_rear_right_calf_pitch,rr,calf,37.0,robot.actuators['calf_legs'].effort_limit,0.2826247920756698,221.6120476402709,0.44242896518191777,0.4911720193398965,0.0,0.4768101632595062,0.48609935998916626,0.0
gait_05_half_bound__vx_pos_1p5__seed_4242,0,joint_front_left_abad,fl,hip,17.0,robot.actuators['hip_legs'].effort_limit,0.05185568131770104,5.033174505765201,0.1314370835528654,0.1470847324764027,0.0,0.25607180297374726,0.27962913215160357,0.0
gait_05_half_bound__vx_pos_1p5__seed_4242,1,joint_front_left_thigh_pitch,fl,thigh,17.0,robot.actuators['thigh_legs'].effort_limit,0.8560243642811721,152.5912364854105,0.5605010032653808,0.5770766207751106,0.0,0.32603405714035033,0.3361834800243378,0.0
gait_05_half_bound__vx_pos_1p5__seed_4242,2,joint_front_left_calf_pitch,fl,calf,37.0,robot.actuators['calf_legs'].effort_limit,0.8416362879047915,723.2033303327859,0.46490328505232525,0.47822125048250763,0.0,0.562429803609848,0.5834604233503341,0.0
gait_05_half_bound__vx_pos_1p5__seed_4242,3,joint_front_right_abad,fr,hip,17.0,robot.actuators['hip_legs'].effort_limit,0.056677792501473485,7.559540610588738,0.14335961061365465,0.17658798273871923,0.0,0.23101360797882078,0.23920740842819213,0.0
gait_05_half_bound__vx_pos_1p5__seed_4242,4,joint_front_right_thigh_pitch,fr,thigh,17.0,robot.actuators['thigh_legs'].effort_limit,1.0505294177477928,141.58755160026251,0.7599981364081887,0.8017325648139505,0.0,0.30007455348968504,0.30429104804992674,0.0
gait_05_half_bound__vx_pos_1p5__seed_4242,5,joint_front_right_calf_pitch,fr,calf,37.0,robot.actuators['calf_legs'].effort_limit,0.44817474399327384,546.1985976426676,0.3904247399922957,0.47367427207328167,0.0,0.5061789512634277,0.5190731793642044,0.0
gait_05_half_bound__vx_pos_1p5__seed_4242,6,joint_rear_left_abad,rl,hip,17.0,robot.actuators['hip_legs'].effort_limit,0.3760281427113936,8.939106287271716,0.3531324428670545,0.38484832819770365,0.0,0.3718085467815398,0.4059145218133926,0.0
gait_05_half_bound__vx_pos_1p5__seed_4242,7,joint_rear_left_thigh_pitch,rl,thigh,20.0,robot.actuators['thigh_legs'].effort_limit,0.8035270212669753,160.82570510864258,0.5646058845520019,0.5963046855926512,0.0,0.39613396823406216,0.4054033768177032,0.0
gait_05_half_bound__vx_pos_1p5__seed_4242,8,joint_rear_left_calf_pitch,rl,calf,37.0,robot.actuators['calf_legs'].effort_limit,0.5383816855295702,478.81497847020626,0.4364874710907807,0.47984686877276445,0.0,0.5893994390964508,0.6059693348407745,0.0
gait_05_half_bound__vx_pos_1p5__seed_4242,9,joint_rear_right_abad,rr,hip,17.0,robot.actuators['hip_legs'].effort_limit,0.18077154043731938,10.256415180191398,0.27776311285355504,0.3021255156573127,0.0,0.3329646825790405,0.34273382663726804,0.0
gait_05_half_bound__vx_pos_1p5__seed_4242,10,joint_rear_right_thigh_pitch,rr,thigh,20.0,robot.actuators['thigh_legs'].effort_limit,0.9633651561983156,154.4145372567326,0.5685725474357605,0.6236858205795284,0.0,0.30872543454170226,0.31247103095054624,0.0
gait_05_half_bound__vx_pos_1p5__seed_4242,11,joint_rear_right_calf_pitch,rr,calf,37.0,robot.actuators['calf_legs'].effort_limit,0.31720958490591195,257.87069497858874,0.4556723646215489,0.5157712941556362,0.0,0.441419118642807,0.4485760486125946,0.0
gait_06_gallop__vx_neg_1p5__seed_4242,0,joint_front_left_abad,fl,hip,17.0,robot.actuators['hip_legs'].effort_limit,0.27593187308257183,6.193489830736071,0.30199941607082575,0.3182059251560884,0.0,0.2973738580942154,0.30258756458759306,0.0
gait_06_gallop__vx_neg_1p5__seed_4242,1,joint_front_left_thigh_pitch,fl,thigh,17.0,robot.actuators['thigh_legs'].effort_limit,1.3051202217133184,169.35855305135252,0.7978520028731401,0.8452416397543511,0.0,0.3583390831947327,0.36296034932136534,0.0
gait_06_gallop__vx_neg_1p5__seed_4242,2,joint_front_left_calf_pitch,fl,calf,37.0,robot.actuators['calf_legs'].effort_limit,0.41403845729403654,313.3181242563203,0.40432982444763166,0.44897347372931395,0.0,0.5551943123340607,0.5633164721727372,0.0
gait_06_gallop__vx_neg_1p5__seed_4242,3,joint_front_right_abad,fr,hip,17.0,robot.actuators['hip_legs'].effort_limit,0.09977272754181896,6.0174229159893,0.23009554077597222,0.24564869684331556,0.0,0.23106730580329896,0.2353222358226776,0.0
gait_06_gallop__vx_neg_1p5__seed_4242,4,joint_front_right_thigh_pitch,fr,thigh,17.0,robot.actuators['thigh_legs'].effort_limit,0.848520147106985,138.3260894522816,0.5932465076446533,0.6255775866788976,0.0,0.2884126305580139,0.29277646660804746,0.0
gait_06_gallop__vx_neg_1p5__seed_4242,5,joint_front_right_calf_pitch,fr,calf,37.0,robot.actuators['calf_legs'].effort_limit,0.35064790623434733,239.56617053880822,0.3890923048998858,0.4210488561681799,0.0,0.4142209380865097,0.4185976868867874,0.0
gait_06_gallop__vx_neg_1p5__seed_4242,6,joint_rear_left_abad,rl,hip,17.0,robot.actuators['hip_legs'].effort_limit,0.07354066064694248,6.6923685977811695,0.15161948765025415,0.16758262606228097,0.0,0.2908789813518524,0.3160250920057296,0.0
gait_06_gallop__vx_neg_1p5__seed_4242,7,joint_rear_left_thigh_pitch,rl,thigh,20.0,robot.actuators['thigh_legs'].effort_limit,0.5702620381550969,144.86417647616005,0.5201120233535766,0.53385422706604,0.0,0.3076995134353638,0.3143208038806915,0.0
gait_06_gallop__vx_neg_1p5__seed_4242,8,joint_rear_left_calf_pitch,rl,calf,37.0,robot.actuators['calf_legs'].effort_limit,0.39978397138603,411.77316663425415,0.37824200423988136,0.454943537840972,0.0,0.45557732582092286,0.47204641461372376,0.0
gait_06_gallop__vx_neg_1p5__seed_4242,9,joint_rear_right_abad,rr,hip,17.0,robot.actuators['hip_legs'].effort_limit,0.30131627933809024,13.31311116024037,0.3631688454571892,0.4036861366384168,0.0,0.32804957032203674,0.3446342539787292,0.0
gait_06_gallop__vx_neg_1p5__seed_4242,10,joint_rear_right_thigh_pitch,rr,thigh,20.0,robot.actuators['thigh_legs'].effort_limit,1.0265766712224988,188.0126064911115,0.5370405554771422,0.5594719376564025,0.0,0.27019296288490297,0.2767792624235153,0.0
gait_06_gallop__vx_neg_1p5__seed_4242,11,joint_rear_right_calf_pitch,rr,calf,37.0,robot.actuators['calf_legs'].effort_limit,0.7988391075553583,804.8093116939068,0.5617078806902911,0.5908633293976654,0.0,0.5472969233989714,0.5584612953662872,0.0
gait_06_gallop__vx_neg_1p0__seed_4242,0,joint_front_left_abad,fl,hip,17.0,robot.actuators['hip_legs'].effort_limit,0.37914420917670477,10.409410565611907,0.3694825452916762,0.44223596741171445,0.0,0.27620977461338037,0.308755537867546,0.0
gait_06_gallop__vx_neg_1p0__seed_4242,1,joint_front_left_thigh_pitch,fl,thigh,17.0,robot.actuators['thigh_legs'].effort_limit,0.9355524235007484,113.39519105200888,0.6105238353504854,0.6884605890161845,0.0,0.3787072956562042,0.3818995320796967,0.0
gait_06_gallop__vx_neg_1p0__seed_4242,2,joint_front_left_calf_pitch,fl,calf,37.0,robot.actuators['calf_legs'].effort_limit,0.3154414731644419,252.29818014543505,0.3217327800956932,0.354860362748842,0.0,0.5610654711723327,0.5676303040981293,0.0
gait_06_gallop__vx_neg_1p0__seed_4242,3,joint_front_right_abad,fr,hip,17.0,robot.actuators['hip_legs'].effort_limit,0.09032476547358183,4.710776275813987,0.19891438554315,0.22745892650940833,0.0,0.2622535943984985,0.2729613888263702,0.0
gait_06_gallop__vx_neg_1p0__seed_4242,4,joint_front_right_thigh_pitch,fr,thigh,17.0,robot.actuators['thigh_legs'].effort_limit,0.4733417689932475,83.5323332489282,0.4101679325103758,0.42946376856635593,0.0,0.3190347194671631,0.3251951491832733,0.0
gait_06_gallop__vx_neg_1p0__seed_4242,5,joint_front_right_calf_pitch,fr,calf,37.0,robot.actuators['calf_legs'].effort_limit,0.2913260714137343,204.47209702644497,0.34487181096463587,0.3673160921560751,0.0,0.45772861540317533,0.46521793127059935,0.0
gait_06_gallop__vx_neg_1p0__seed_4242,6,joint_rear_left_abad,rl,hip,17.0,robot.actuators['hip_legs'].effort_limit,0.1299471954622887,8.142911499490438,0.23668650038102085,0.25914545059204097,0.0,0.39547230601310696,0.44169147968292227,0.0
gait_06_gallop__vx_neg_1p0__seed_4242,7,joint_rear_left_thigh_pitch,rl,thigh,20.0,robot.actuators['thigh_legs'].effort_limit,0.5209359564394356,105.05666694015265,0.4637776494026184,0.48999842882156375,0.0,0.30058853030204774,0.3057228618860245,0.0
gait_06_gallop__vx_neg_1p0__seed_4242,8,joint_rear_left_calf_pitch,rl,calf,37.0,robot.actuators['calf_legs'].effort_limit,0.4143529277515408,456.56186277683827,0.39602518210539944,0.44125730102126637,0.0,0.45960445404052735,0.4665412390232086,0.0
gait_06_gallop__vx_neg_1p0__seed_4242,9,joint_rear_right_abad,rr,hip,17.0,robot.actuators['hip_legs'].effort_limit,0.23831793432443124,8.964780211308389,0.3785087333006016,0.3963122729694142,0.0,0.2586183071136474,0.26601680159568786,0.0
gait_06_gallop__vx_neg_1p0__seed_4242,10,joint_rear_right_thigh_pitch,rr,thigh,20.0,robot.actuators['thigh_legs'].effort_limit,0.6729253685384362,136.307525677979,0.4640180730819702,0.4997818160057067,0.0,0.28176685869693757,0.28710595071315764,0.0
gait_06_gallop__vx_neg_1p0__seed_4242,11,joint_rear_right_calf_pitch,rr,calf,37.0,robot.actuators['calf_legs'].effort_limit,0.6276215081449433,753.064274599813,0.47147900864884656,0.4962073599325643,0.0,0.4879621684551239,0.4960880625247955,0.0
gait_06_gallop__vx_neg_0p5__seed_4242,0,joint_front_left_abad,fl,hip,17.0,robot.actuators['hip_legs'].effort_limit,0.3535200175247375,13.719579593513627,0.4218107742421767,0.44537424339967613,0.0,0.23503707349300385,0.2616513669490814,0.0
gait_06_gallop__vx_neg_0p5__seed_4242,1,joint_front_left_thigh_pitch,fl,thigh,17.0,robot.actuators['thigh_legs'].effort_limit,0.43251898541833683,58.36093993324786,0.4803471845739028,0.5562014579772949,0.0,0.38495075702667236,0.4042466878890991,0.0
gait_06_gallop__vx_neg_0p5__seed_4242,2,joint_front_left_calf_pitch,fl,calf,37.0,robot.actuators['calf_legs'].effort_limit,0.2451902626225864,204.4269325318653,0.2425456820307551,0.2776987939267545,0.0,0.5478309094905853,0.5573903769254684,0.0
gait_06_gallop__vx_neg_0p5__seed_4242,3,joint_front_right_abad,fr,hip,17.0,robot.actuators['hip_legs'].effort_limit,0.09228315319998533,6.568325288827182,0.1692167029661291,0.18734100986929503,0.0,0.26215413212776184,0.27097460627555847,0.0
gait_06_gallop__vx_neg_0p5__seed_4242,4,joint_front_right_thigh_pitch,fr,thigh,17.0,robot.actuators['thigh_legs'].effort_limit,0.43605158741378847,51.325037801424045,0.4827714106615852,0.5409513782052433,0.0,0.31750136613845825,0.32542893290519714,0.0
gait_06_gallop__vx_neg_0p5__seed_4242,5,joint_front_right_calf_pitch,fr,calf,37.0,robot.actuators['calf_legs'].effort_limit,0.28037784627509565,178.4531106016785,0.3421981076936464,0.3623477059441644,0.0,0.4978002905845642,0.5018000453710556,0.0
gait_06_gallop__vx_neg_0p5__seed_4242,6,joint_rear_left_abad,rl,hip,17.0,robot.actuators['hip_legs'].effort_limit,0.18818552837578872,10.430866933611687,0.3410726364921121,0.37084202205433564,0.0,0.4730820506811142,0.4988209456205368,0.0
gait_06_gallop__vx_neg_0p5__seed_4242,7,joint_rear_left_thigh_pitch,rl,thigh,20.0,robot.actuators['thigh_legs'].effort_limit,0.35536198314984974,76.06552838563803,0.3750391364097595,0.4127758383750915,0.0,0.29212090373039246,0.2960227131843567,0.0
gait_06_gallop__vx_neg_0p5__seed_4242,8,joint_rear_left_calf_pitch,rl,calf,37.0,robot.actuators['calf_legs'].effort_limit,0.4866873511115153,556.663435184285,0.4341273823299924,0.4793804014051283,0.0,0.49733495712280273,0.5037316381931305,0.0
gait_06_gallop__vx_neg_0p5__seed_4242,9,joint_rear_right_abad,rr,hip,17.0,robot.actuators['hip_legs'].effort_limit,0.17803237582511017,5.402464045260567,0.3302868464413811,0.3440299454857321,0.0,0.2194826900959015,0.22852015495300293,0.0
gait_06_gallop__vx_neg_0p5__seed_4242,10,joint_rear_right_thigh_pitch,rr,thigh,20.0,robot.actuators['thigh_legs'].effort_limit,0.36774887727996636,89.60957311466336,0.3710930049419403,0.407446551322937,0.0,0.2977609187364578,0.3038683086633682,0.0
gait_06_gallop__vx_neg_0p5__seed_4242,11,joint_rear_right_calf_pitch,rr,calf,37.0,robot.actuators['calf_legs'].effort_limit,0.4987381469275594,681.1711962620186,0.4368879472887194,0.5131674843865472,0.0,0.5154782831668854,0.5215385258197784,0.0
gait_06_gallop__vx_pos_0p5__seed_4242,0,joint_front_left_abad,fl,hip,17.0,robot.actuators['hip_legs'].effort_limit,0.25388033746482924,11.708752249369864,0.3824069149353925,0.44680576464709115,0.0,0.25624561309814453,0.2659388482570648,0.0
gait_06_gallop__vx_pos_0p5__seed_4242,1,joint_front_left_thigh_pitch,fl,thigh,17.0,robot.actuators['thigh_legs'].effort_limit,0.2738446099238316,57.246022057933736,0.30029675539802103,0.3266507597530589,0.0,0.2939579486846924,0.29736530780792236,0.0
gait_06_gallop__vx_pos_0p5__seed_4242,2,joint_front_left_calf_pitch,fl,calf,37.0,robot.actuators['calf_legs'].effort_limit,0.4358332861744267,466.4439348872937,0.3844554875348065,0.46176594656866954,0.0,0.5097960531711578,0.513308510184288,0.0
gait_06_gallop__vx_pos_0p5__seed_4242,3,joint_front_right_abad,fr,hip,17.0,robot.actuators['hip_legs'].effort_limit,0.1781705928160329,14.532335449075326,0.2638222890741685,0.2943893320420209,0.0,0.3848464787006378,0.40357789397239685,0.0
gait_06_gallop__vx_pos_0p5__seed_4242,4,joint_front_right_thigh_pitch,fr,thigh,17.0,robot.actuators['thigh_legs'].effort_limit,0.6722550363973036,41.861872808933256,0.5084375914405374,0.5385439536150763,0.0,0.30442896485328674,0.30788660049438477,0.0
gait_06_gallop__vx_pos_0p5__seed_4242,5,joint_front_right_calf_pitch,fr,calf,37.0,robot.actuators['calf_legs'].effort_limit,0.23535942341991273,154.035847704988,0.31715028994792216,0.3477686289194468,0.0,0.48992714285850525,0.4949859231710434,0.0
gait_06_gallop__vx_pos_0p5__seed_4242,6,joint_rear_left_abad,rl,hip,17.0,robot.actuators['hip_legs'].effort_limit,0.13073379078855532,11.889871028431227,0.25197335551766786,0.28215823454015393,0.0,0.3458443880081177,0.37657684087753296,0.0
gait_06_gallop__vx_pos_0p5__seed_4242,7,joint_rear_left_thigh_pitch,rl,thigh,20.0,robot.actuators['thigh_legs'].effort_limit,0.3238888856696825,48.97363740367466,0.373356556892395,0.4398777365684509,0.0,0.3092047721147537,0.3131404370069504,0.0
gait_06_gallop__vx_pos_0p5__seed_4242,8,joint_rear_left_calf_pitch,rl,calf,37.0,robot.actuators['calf_legs'].effort_limit,0.2470175484782841,178.85578871664592,0.32530983718665873,0.3452377834835568,0.0,0.49063435196876526,0.49412277340888977,0.0
gait_06_gallop__vx_pos_0p5__seed_4242,9,joint_rear_right_abad,rr,hip,17.0,robot.actuators['hip_legs'].effort_limit,0.22624560901933233,11.365770485514076,0.34707075006821575,0.36580128529492545,0.0,0.21523422002792358,0.25540444254875183,0.0
gait_06_gallop__vx_pos_0p5__seed_4242,10,joint_rear_right_thigh_pitch,rr,thigh,20.0,robot.actuators['thigh_legs'].effort_limit,0.31939578460141294,49.362540117874744,0.3532258152961731,0.38018674254417417,0.0,0.3984769135713577,0.40227439999580383,0.0
gait_06_gallop__vx_pos_0p5__seed_4242,11,joint_rear_right_calf_pitch,rr,calf,37.0,robot.actuators['calf_legs'].effort_limit,0.19598097535096254,159.91834797972814,0.21588341609851733,0.23871530068887248,0.0,0.5366838276386261,0.5413911938667297,0.0
gait_06_gallop__vx_pos_1p0__seed_4242,0,joint_front_left_abad,fl,hip,17.0,robot.actuators['hip_legs'].effort_limit,0.3215084812642423,18.989675395325758,0.4520537502625409,0.5039022703731761,0.0,0.2378934681415558,0.24552329719066618,0.0
gait_06_gallop__vx_pos_1p0__seed_4242,1,joint_front_left_thigh_pitch,fl,thigh,17.0,robot.actuators['thigh_legs'].effort_limit,0.5532474298068824,97.00923837523908,0.45895371156580284,0.49709048495573155,0.0,0.2934242606163025,0.2967027997970581,0.0
gait_06_gallop__vx_pos_1p0__seed_4242,2,joint_front_left_calf_pitch,fl,calf,37.0,robot.actuators['calf_legs'].effort_limit,0.5946807683427113,636.7035845594853,0.4203423216536238,0.4688956817420753,0.0,0.5250563055276871,0.5347897708415985,0.0
gait_06_gallop__vx_pos_1p0__seed_4242,3,joint_front_right_abad,fr,hip,17.0,robot.actuators['hip_legs'].effort_limit,0.29102180174868136,17.81683106494136,0.2867184989592608,0.3073659422818352,0.0,0.33555189967155424,0.36206341981887813,0.0
gait_06_gallop__vx_pos_1p0__seed_4242,4,joint_front_right_thigh_pitch,fr,thigh,17.0,robot.actuators['thigh_legs'].effort_limit,0.518581959639622,59.98624690897763,0.46461276166579296,0.49112506081076224,0.0,0.3085560977458954,0.3218939769268036,0.0
gait_06_gallop__vx_pos_1p0__seed_4242,5,joint_front_right_calf_pitch,fr,calf,37.0,robot.actuators['calf_legs'].effort_limit,0.293237337551249,246.1295254725963,0.2835879480516588,0.36184676428098916,0.0,0.45566185414791105,0.4601805150508881,0.0
gait_06_gallop__vx_pos_1p0__seed_4242,6,joint_rear_left_abad,rl,hip,17.0,robot.actuators['hip_legs'].effort_limit,0.22043131240771444,16.40010999752907,0.26940531169666954,0.30554564560160913,0.0,0.3564330130815505,0.3876935440301895,0.0
gait_06_gallop__vx_pos_1p0__seed_4242,7,joint_rear_left_thigh_pitch,rl,thigh,20.0,robot.actuators['thigh_legs'].effort_limit,0.4721787096971415,88.2797242262587,0.40085718154907213,0.4466064977645874,0.0,0.3254480004310608,0.3319374287128448,0.0
gait_06_gallop__vx_pos_1p0__seed_4242,8,joint_rear_left_calf_pitch,rl,calf,37.0,robot.actuators['calf_legs'].effort_limit,0.262803884340539,196.51116853745188,0.34672796919539156,0.3861767325530181,0.0,0.47016264796257007,0.48976844787597656,0.0
gait_06_gallop__vx_pos_1p0__seed_4242,9,joint_rear_right_abad,rr,hip,17.0,robot.actuators['hip_legs'].effort_limit,0.263877083070966,12.690019831743557,0.3060056433958165,0.33956276753369496,0.0,0.24802921414375304,0.25629750967025755,0.0
gait_06_gallop__vx_pos_1p0__seed_4242,10,joint_rear_right_thigh_pitch,rr,thigh,20.0,robot.actuators['thigh_legs'].effort_limit,0.7756422631366965,107.04363186255098,0.5414435696601867,0.632430802822113,0.0,0.40661606192588806,0.411047043800354,0.0
gait_06_gallop__vx_pos_1p0__seed_4242,11,joint_rear_right_calf_pitch,rr,calf,37.0,robot.actuators['calf_legs'].effort_limit,0.27410546739318575,226.3939489189163,0.27797003178983104,0.31637378202902305,0.0,0.541124701499939,0.5469846212863922,0.0
gait_06_gallop__vx_pos_1p5__seed_4242,0,joint_front_left_abad,fl,hip,17.0,robot.actuators['hip_legs'].effort_limit,0.25715347927844195,11.511281350439749,0.32736687660217284,0.3604366762497845,0.0,0.2930676162242889,0.302752730846405,0.0
gait_06_gallop__vx_pos_1p5__seed_4242,1,joint_front_left_thigh_pitch,fl,thigh,17.0,robot.actuators['thigh_legs'].effort_limit,0.9533181888729044,145.49119504407048,0.6233212919796214,0.63720677095301,0.0,0.2803164780139923,0.28463996171951295,0.0
gait_06_gallop__vx_pos_1p5__seed_4242,2,joint_front_left_calf_pitch,fl,calf,37.0,robot.actuators['calf_legs'].effort_limit,0.6291298388402378,643.5376715739071,0.40124391736211,0.4484806591755635,0.0,0.5602576524019242,0.5688001090288162,0.0
gait_06_gallop__vx_pos_1p5__seed_4242,3,joint_front_right_abad,fr,hip,17.0,robot.actuators['hip_legs'].effort_limit,0.21391325989788162,13.329992404290824,0.2645442079095279,0.28874974391039676,0.0,0.30539633631706237,0.3157564151287079,0.0
gait_06_gallop__vx_pos_1p5__seed_4242,4,joint_front_right_thigh_pitch,fr,thigh,17.0,robot.actuators['thigh_legs'].effort_limit,0.5950772946800809,106.61001594731468,0.5928434315849753,0.617213154961081,0.0,0.309482204914093,0.31447847485542296,0.0
gait_06_gallop__vx_pos_1p5__seed_4242,5,joint_front_right_calf_pitch,fr,calf,37.0,robot.actuators['calf_legs'].effort_limit,0.3661055172572318,296.1679297797382,0.337834543795199,0.3479896767074997,0.0,0.4696773469448089,0.4809855455160141,0.0
gait_06_gallop__vx_pos_1p5__seed_4242,6,joint_rear_left_abad,rl,hip,17.0,robot.actuators['hip_legs'].effort_limit,0.2587350813256741,13.440712174944347,0.357239068255705,0.40586895101210646,0.0,0.3560588419437408,0.36677114248275744,0.0
gait_06_gallop__vx_pos_1p5__seed_4242,7,joint_rear_left_thigh_pitch,rl,thigh,20.0,robot.actuators['thigh_legs'].effort_limit,0.7565599879445184,143.04311538339155,0.47674560785293574,0.5166996192932127,0.0,0.3116137057542801,0.3184062045812607,0.0
gait_06_gallop__vx_pos_1p5__seed_4242,8,joint_rear_left_calf_pitch,rl,calf,37.0,robot.actuators['calf_legs'].effort_limit,0.2938651329693755,225.7945015818009,0.3956166757119667,0.43685031890869136,0.0,0.4099689662456511,0.4264168715476989,0.0
gait_06_gallop__vx_pos_1p5__seed_4242,9,joint_rear_right_abad,rr,hip,17.0,robot.actuators['hip_legs'].effort_limit,0.22177361338049514,5.442469953493274,0.26375524717218735,0.2780144542806289,0.0,0.31603367328643794,0.32636925578117365,0.0
gait_06_gallop__vx_pos_1p5__seed_4242,10,joint_rear_right_thigh_pitch,rr,thigh,20.0,robot.actuators['thigh_legs'].effort_limit,1.0852577713631808,167.4372874621302,0.6432539796829223,0.6831873908042908,0.0,0.39636573791503904,0.4049735689163208,0.0
gait_06_gallop__vx_pos_1p5__seed_4242,11,joint_rear_right_calf_pitch,rr,calf,37.0,robot.actuators['calf_legs'].effort_limit,0.4054080252587277,337.3269095192198,0.379679286802137,0.42335273407601015,0.0,0.5395827531814575,0.5436931395530701,0.0
gait_07_gallop__vx_neg_1p5__seed_4242,0,joint_front_left_abad,fl,hip,17.0,robot.actuators['hip_legs'].effort_limit,0.17975226848622028,11.451444359101588,0.2593332543092615,0.2797151517868042,0.0,0.402031859755516,0.42046820402145385,0.0
gait_07_gallop__vx_neg_1p5__seed_4242,1,joint_front_left_thigh_pitch,fl,thigh,17.0,robot.actuators['thigh_legs'].effort_limit,1.7026188477974935,172.92835598349572,0.816362428665161,0.8986718480727246,0.004166666666666667,0.27144875526428225,0.28319444894790646,0.0
gait_07_gallop__vx_neg_1p5__seed_4242,2,joint_front_left_calf_pitch,fl,calf,37.0,robot.actuators['calf_legs'].effort_limit,0.2722226170356132,223.4717795645073,0.346375748917863,0.43674997639011687,0.0,0.4148093283176422,0.4226709109544754,0.0
gait_07_gallop__vx_neg_1p5__seed_4242,3,joint_front_right_abad,fr,hip,17.0,robot.actuators['hip_legs'].effort_limit,0.11006479646128747,10.246984388704877,0.20722822091158696,0.22750738298191742,0.0,0.23930128216743463,0.2531318306922912,0.0
gait_07_gallop__vx_neg_1p5__seed_4242,4,joint_front_right_thigh_pitch,fr,thigh,17.0,robot.actuators['thigh_legs'].effort_limit,1.2100163883831907,187.41086154341698,0.7387369324179255,0.7990464866862577,0.0,0.36712952256202697,0.3765058934688568,0.0
gait_07_gallop__vx_neg_1p5__seed_4242,5,joint_front_right_calf_pitch,fr,calf,37.0,robot.actuators['calf_legs'].effort_limit,0.3941221613034842,281.77730156719684,0.3871722479124327,0.4384504070797482,0.0,0.6692192196846009,0.6748976463079452,0.0
gait_07_gallop__vx_neg_1p5__seed_4242,6,joint_rear_left_abad,rl,hip,17.0,robot.actuators['hip_legs'].effort_limit,0.1900249939829201,19.003688926373144,0.21562468725092268,0.23641587509828454,0.0,0.3683205813169479,0.38906486868858337,0.0
gait_07_gallop__vx_neg_1p5__seed_4242,7,joint_rear_left_thigh_pitch,rl,thigh,20.0,robot.actuators['thigh_legs'].effort_limit,0.4568401590233584,89.2238216181472,0.5117816591262817,0.5432857999801636,0.0,0.3036760151386261,0.31387412726879116,0.0
gait_07_gallop__vx_neg_1p5__seed_4242,8,joint_rear_left_calf_pitch,rl,calf,37.0,robot.actuators['calf_legs'].effort_limit,0.17528415243305548,134.83810907796956,0.30674569155718795,0.4067722781928809,0.0,0.4167971074581146,0.42473032355308526,0.0
gait_07_gallop__vx_neg_1p5__seed_4242,9,joint_rear_right_abad,rr,hip,17.0,robot.actuators['hip_legs'].effort_limit,0.09516480589435983,6.849230486182205,0.1930195969693801,0.21124445831074432,0.0,0.3831066370010376,0.4596637833118438,0.0
gait_07_gallop__vx_neg_1p5__seed_4242,10,joint_rear_right_thigh_pitch,rr,thigh,20.0,robot.actuators['thigh_legs'].effort_limit,0.8025897360395479,165.4650424400717,0.4593800497055053,0.48777984046936035,0.0,0.31453661322593685,0.3240890860557556,0.0
gait_07_gallop__vx_neg_1p5__seed_4242,11,joint_rear_right_calf_pitch,rr,calf,37.0,robot.actuators['calf_legs'].effort_limit,0.7866732078886582,423.5995455877483,0.49931189562823314,0.5135836967262062,0.0,0.5493034660816193,0.5526148617267609,0.0
gait_07_gallop__vx_neg_1p0__seed_4242,0,joint_front_left_abad,fl,hip,17.0,robot.actuators['hip_legs'].effort_limit,0.19154753654160586,8.972091020373627,0.2686866507810704,0.313019429094651,0.0,0.43389366567134857,0.46711382031440735,0.0
gait_07_gallop__vx_neg_1p0__seed_4242,1,joint_front_left_thigh_pitch,fl,thigh,17.0,robot.actuators['thigh_legs'].effort_limit,1.2656277252110169,92.91478860709816,0.7774912974413704,0.8404778721753289,0.0,0.2971115469932556,0.3024117851257324,0.0
gait_07_gallop__vx_neg_1p0__seed_4242,2,joint_front_left_calf_pitch,fl,calf,37.0,robot.actuators['calf_legs'].effort_limit,0.2665864901227146,189.76438028800303,0.32674430898717904,0.405084062266994,0.0,0.4405550301074982,0.44854756534099577,0.0
gait_07_gallop__vx_neg_1p0__seed_4242,3,joint_front_right_abad,fr,hip,17.0,robot.actuators['hip_legs'].effort_limit,0.07979771804269423,8.429724612797727,0.18323011258069205,0.21323275720371918,0.0,0.22828193902969354,0.2357471430301666,0.0
gait_07_gallop__vx_neg_1p0__seed_4242,4,joint_front_right_thigh_pitch,fr,thigh,17.0,robot.actuators['thigh_legs'].effort_limit,0.5364810158867508,92.5798375491798,0.5308705021353328,0.571368730769438,0.0,0.39598438143730164,0.40223071932792664,0.0
gait_07_gallop__vx_neg_1p0__seed_4242,5,joint_front_right_calf_pitch,fr,calf,37.0,robot.actuators['calf_legs'].effort_limit,0.266401220165669,193.54701716978104,0.29163023458944787,0.3194719861004804,0.0,0.6393504410982132,0.6576305335760116,0.0
gait_07_gallop__vx_neg_1p0__seed_4242,6,joint_rear_left_abad,rl,hip,17.0,robot.actuators['hip_legs'].effort_limit,0.12521134222540437,13.183758006771678,0.2143446263144998,0.2276524008021635,0.0,0.30435632169246674,0.31020391225814814,0.0
gait_07_gallop__vx_neg_1p0__seed_4242,7,joint_rear_left_thigh_pitch,rl,thigh,20.0,robot.actuators['thigh_legs'].effort_limit,0.2687335754505141,56.24126146864146,0.28519815325736997,0.3002412123680115,0.0,0.32350547015666964,0.34236979603767387,0.0
gait_07_gallop__vx_neg_1p0__seed_4242,8,joint_rear_left_calf_pitch,rl,calf,37.0,robot.actuators['calf_legs'].effort_limit,0.19526880258254634,118.81985012236983,0.3233367958584347,0.3952276183463431,0.0,0.4449976921081543,0.45041970133781434,0.0
gait_07_gallop__vx_neg_1p0__seed_4242,9,joint_rear_right_abad,rr,hip,17.0,robot.actuators['hip_legs'].effort_limit,0.10877242688688023,6.008100723222306,0.21968508538077847,0.3110000004487878,0.0,0.4618870377540587,0.5312571609020232,0.0
gait_07_gallop__vx_neg_1p0__seed_4242,10,joint_rear_right_thigh_pitch,rr,thigh,20.0,robot.actuators['thigh_legs'].effort_limit,0.3561185139583731,73.23525247588753,0.31501768112182615,0.34713463330268857,0.0,0.3093253195285797,0.31418763637542724,0.0
gait_07_gallop__vx_neg_1p0__seed_4242,11,joint_rear_right_calf_pitch,rr,calf,37.0,robot.actuators['calf_legs'].effort_limit,0.5120275705989034,296.629019767195,0.3911985732413627,0.3990985785303889,0.0,0.5337138473987579,0.5402950429916382,0.0
gait_07_gallop__vx_neg_0p5__seed_4242,0,joint_front_left_abad,fl,hip,17.0,robot.actuators['hip_legs'].effort_limit,0.19214774773390564,8.352980225696228,0.27132505529067097,0.28286736852982464,0.0,0.482469841837883,0.5124436914920807,0.0
gait_07_gallop__vx_neg_0p5__seed_4242,1,joint_front_left_thigh_pitch,fl,thigh,17.0,robot.actuators['thigh_legs'].effort_limit,0.7286981408830464,33.539595715478065,0.6005986858816708,0.6459962059469784,0.0,0.29349416494369507,0.2953307032585144,0.0
gait_07_gallop__vx_neg_0p5__seed_4242,2,joint_front_left_calf_pitch,fl,calf,37.0,robot.actuators['calf_legs'].effort_limit,0.23655563185969614,134.7934401992557,0.2816313666266364,0.3271308782938364,0.0,0.4582880437374115,0.46207262575626373,0.0
gait_07_gallop__vx_neg_0p5__seed_4242,3,joint_front_right_abad,fr,hip,17.0,robot.actuators['hip_legs'].effort_limit,0.09427153155453347,6.919360940595798,0.18843514779034784,0.21004624927745147,0.0,0.23967891931533813,0.24846866726875305,0.0
gait_07_gallop__vx_neg_0p5__seed_4242,4,joint_front_right_thigh_pitch,fr,thigh,17.0,robot.actuators['thigh_legs'].effort_limit,0.28016450592976305,50.5132293798402,0.40008849256178913,0.444217744995566,0.0,0.39400017261505127,0.3965347111225128,0.0
gait_07_gallop__vx_neg_0p5__seed_4242,5,joint_front_right_calf_pitch,fr,calf,37.0,robot.actuators['calf_legs'].effort_limit,0.20637232474092185,137.8267129352689,0.2676198031451251,0.2789703897527746,0.0,0.5972441732883453,0.6032879948616028,0.0
gait_07_gallop__vx_neg_0p5__seed_4242,6,joint_rear_left_abad,rl,hip,17.0,robot.actuators['hip_legs'].effort_limit,0.13230473874749732,8.155318335845369,0.2321784811861375,0.28118126532610727,0.0,0.36839285492897034,0.37694354355335236,0.0
gait_07_gallop__vx_neg_0p5__seed_4242,7,joint_rear_left_thigh_pitch,rl,thigh,20.0,robot.actuators['thigh_legs'].effort_limit,0.24660332617214095,33.714057164080444,0.2260708451271057,0.23254938125610353,0.0,0.3217017501592636,0.3367907702922821,0.0
gait_07_gallop__vx_neg_0p5__seed_4242,8,joint_rear_left_calf_pitch,rl,calf,37.0,robot.actuators['calf_legs'].effort_limit,0.20631858991919752,95.1572648845613,0.3042469540157834,0.31186450494302287,0.0,0.4761869013309479,0.47858262062072754,0.0
gait_07_gallop__vx_neg_0p5__seed_4242,9,joint_rear_right_abad,rr,hip,17.0,robot.actuators['hip_legs'].effort_limit,0.14004953200329678,5.319745641191258,0.2919482904322007,0.34788288789636945,0.0,0.4561615586280823,0.48808810114860535,0.0
gait_07_gallop__vx_neg_0p5__seed_4242,10,joint_rear_right_thigh_pitch,rr,thigh,20.0,robot.actuators['thigh_legs'].effort_limit,0.2082057619073915,33.65375380537938,0.2956449747085571,0.30335008502006533,0.0,0.2862031161785126,0.28874045610427856,0.0
gait_07_gallop__vx_neg_0p5__seed_4242,11,joint_rear_right_calf_pitch,rr,calf,37.0,robot.actuators['calf_legs'].effort_limit,0.27703621216101804,160.53011926533364,0.2836576990179113,0.29559793987789673,0.0,0.5408406555652618,0.5438469052314758,0.0
gait_07_gallop__vx_pos_0p5__seed_4242,0,joint_front_left_abad,fl,hip,17.0,robot.actuators['hip_legs'].effort_limit,0.22791016932190417,11.761269412217661,0.2706964997684254,0.30251700737897086,0.0,0.4170273244380951,0.43205608427524567,0.0
gait_07_gallop__vx_pos_0p5__seed_4242,1,joint_front_left_thigh_pitch,fl,thigh,17.0,robot.actuators['thigh_legs'].effort_limit,0.4109661892648539,43.29475555002689,0.3074793815612793,0.31997496240279255,0.0,0.33361008763313293,0.3424059748649597,0.0
gait_07_gallop__vx_pos_0p5__seed_4242,2,joint_front_left_calf_pitch,fl,calf,37.0,robot.actuators['calf_legs'].effort_limit,0.14928879001400486,95.68006787145161,0.2618218434823526,0.2976807516974372,0.0,0.4605998694896698,0.46503232419490814,0.0
gait_07_gallop__vx_pos_0p5__seed_4242,3,joint_front_right_abad,fr,hip,17.0,robot.actuators['hip_legs'].effort_limit,0.10986122383538373,7.632700247373432,0.28301117700688977,0.31859542341793284,0.0,0.44638916850090027,0.4629407227039337,0.0
gait_07_gallop__vx_pos_0p5__seed_4242,4,joint_front_right_thigh_pitch,fr,thigh,17.0,robot.actuators['thigh_legs'].effort_limit,0.258263218589077,44.06235631340649,0.3228769723106833,0.3368956762201646,0.0,0.31001293659210205,0.31339484453201294,0.0
gait_07_gallop__vx_pos_0p5__seed_4242,5,joint_front_right_calf_pitch,fr,calf,37.0,robot.actuators['calf_legs'].effort_limit,0.41513456737483756,273.895884880285,0.3630144789412215,0.37738714347014557,0.0,0.5452919751405716,0.5513190925121307,0.0
gait_07_gallop__vx_pos_0p5__seed_4242,6,joint_rear_left_abad,rl,hip,17.0,robot.actuators['hip_legs'].effort_limit,0.1448088039432276,10.128884502132424,0.2878386202980491,0.3064737880931181,0.0,0.43971164524555206,0.4533575177192688,0.0
gait_07_gallop__vx_pos_0p5__seed_4242,7,joint_rear_left_thigh_pitch,rl,thigh,20.0,robot.actuators['thigh_legs'].effort_limit,0.29109787116401076,31.2160311062471,0.3529077053070068,0.406235671043396,0.0,0.2771194130182266,0.28035683929920197,0.0
gait_07_gallop__vx_pos_0p5__seed_4242,8,joint_rear_left_calf_pitch,rl,calf,37.0,robot.actuators['calf_legs'].effort_limit,0.30325590437651445,144.26521312522263,0.29590638908180034,0.3059611707120329,0.0,0.4583274722099304,0.46344617009162903,0.0
gait_07_gallop__vx_pos_0p5__seed_4242,9,joint_rear_right_abad,rr,hip,17.0,robot.actuators['hip_legs'].effort_limit,0.13412063595549706,9.93889625401971,0.19441170902813182,0.21215137664009542,0.0,0.266931414604187,0.2759322226047516,0.0
gait_07_gallop__vx_pos_0p5__seed_4242,10,joint_rear_right_thigh_pitch,rr,thigh,20.0,robot.actuators['thigh_legs'].effort_limit,0.33241887991516195,48.23593729584711,0.3197589755058289,0.32914389967918395,0.0,0.41513028740882874,0.4226517826318741,0.0
gait_07_gallop__vx_pos_0p5__seed_4242,11,joint_rear_right_calf_pitch,rr,calf,37.0,robot.actuators['calf_legs'].effort_limit,0.11893497698333316,92.63279713707045,0.18416104123399066,0.20155301931742076,0.0,0.6004376113414764,0.6070882380008698,0.0
gait_07_gallop__vx_pos_1p0__seed_4242,0,joint_front_left_abad,fl,hip,17.0,robot.actuators['hip_legs'].effort_limit,0.17475187775401663,8.738524989334401,0.21983737735187306,0.25219440656549774,0.0,0.3500301718711853,0.3576708894968032,0.0
gait_07_gallop__vx_pos_1p0__seed_4242,1,joint_front_left_thigh_pitch,fl,thigh,17.0,robot.actuators['thigh_legs'].effort_limit,0.48930287627823765,63.976697602383794,0.3272076059790218,0.3423586152581607,0.0,0.28342127799987793,0.2898948132991791,0.0
gait_07_gallop__vx_pos_1p0__seed_4242,2,joint_front_left_calf_pitch,fl,calf,37.0,robot.actuators['calf_legs'].effort_limit,0.16040095343800148,110.62698785653338,0.30022627469655616,0.4142045487584286,0.0,0.4124622493982315,0.41934745132923124,0.0
gait_07_gallop__vx_pos_1p0__seed_4242,3,joint_front_right_abad,fr,hip,17.0,robot.actuators['hip_legs'].effort_limit,0.045911457964244964,2.9540521670808086,0.15069603639490464,0.20492998277439786,0.0,0.3876647770404814,0.43180227279663064,0.0
gait_07_gallop__vx_pos_1p0__seed_4242,4,joint_front_right_thigh_pitch,fr,thigh,17.0,robot.actuators['thigh_legs'].effort_limit,0.36713489719849235,54.8546184559731,0.3864395337946272,0.4264279682496014,0.0,0.3196839034557342,0.324850093126297,0.0
gait_07_gallop__vx_pos_1p0__seed_4242,5,joint_front_right_calf_pitch,fr,calf,37.0,robot.actuators['calf_legs'].effort_limit,0.651049266840775,417.91944200955334,0.4809349549783242,0.49963411434276683,0.0,0.5517449855804444,0.5561575049161911,0.0
gait_07_gallop__vx_pos_1p0__seed_4242,6,joint_rear_left_abad,rl,hip,17.0,robot.actuators['hip_legs'].effort_limit,0.09709867244898476,6.729816478850553,0.1952301319907693,0.2088674625228433,0.0,0.39952532947063446,0.41431183993816373,0.0
gait_07_gallop__vx_pos_1p0__seed_4242,7,joint_rear_left_thigh_pitch,rl,thigh,20.0,robot.actuators['thigh_legs'].effort_limit,0.5761639036365872,79.23668000370265,0.45017776250839214,0.48629183483123767,0.0,0.27459698319435116,0.28004914343357085,0.0
gait_07_gallop__vx_pos_1p0__seed_4242,8,joint_rear_left_calf_pitch,rl,calf,37.0,robot.actuators['calf_legs'].effort_limit,0.2878419294454117,189.13107928953832,0.3210008518115893,0.3634941835661192,0.0,0.419749504327774,0.42623271107673644,0.0
gait_07_gallop__vx_pos_1p0__seed_4242,9,joint_rear_right_abad,rr,hip,17.0,robot.actuators['hip_legs'].effort_limit,0.13062262724347715,15.931603530189022,0.23683569150812478,0.27520376962773935,0.0,0.3265752732753754,0.33154681205749514,0.0
gait_07_gallop__vx_pos_1p0__seed_4242,10,joint_rear_right_thigh_pitch,rr,thigh,20.0,robot.actuators['thigh_legs'].effort_limit,0.45214143171374765,101.66558175627142,0.3516456592082977,0.3685531759262084,0.0,0.4137418299913406,0.4185197931528091,0.0
gait_07_gallop__vx_pos_1p0__seed_4242,11,joint_rear_right_calf_pitch,rr,calf,37.0,robot.actuators['calf_legs'].effort_limit,0.1904569313378626,142.40834047473967,0.25507514283463745,0.2978707354777568,0.0,0.5983471274375916,0.6053830146789551,0.0
gait_07_gallop__vx_pos_1p5__seed_4242,0,joint_front_left_abad,fl,hip,17.0,robot.actuators['hip_legs'].effort_limit,0.17840304591058254,7.250869079909753,0.2258107774397906,0.24624474833993346,0.0,0.3379182368516922,0.3503752881288528,0.0
gait_07_gallop__vx_pos_1p5__seed_4242,1,joint_front_left_thigh_pitch,fl,thigh,17.0,robot.actuators['thigh_legs'].effort_limit,0.5477119080561146,94.04939047790133,0.5480170025545008,0.575504373101627,0.0,0.2699714362621307,0.27744355916976926,0.0
gait_07_gallop__vx_pos_1p5__seed_4242,2,joint_front_left_calf_pitch,fl,calf,37.0,robot.actuators['calf_legs'].effort_limit,0.22535033801778043,160.20310058487578,0.3473777435921332,0.47467841895850904,0.0,0.39026736915111543,0.40225911617279053,0.0
gait_07_gallop__vx_pos_1p5__seed_4242,3,joint_front_right_abad,fr,hip,17.0,robot.actuators['hip_legs'].effort_limit,0.03905269594632542,5.224772916821748,0.11556130332105301,0.13600564269458545,0.0,0.3215515673160553,0.34017932415008534,0.0
gait_07_gallop__vx_pos_1p5__seed_4242,4,joint_front_right_thigh_pitch,fr,thigh,17.0,robot.actuators['thigh_legs'].effort_limit,0.7227823138341873,124.26125042550267,0.45593526363372805,0.48525644190171174,0.0,0.3432712256908417,0.3511190927028656,0.0
gait_07_gallop__vx_pos_1p5__seed_4242,5,joint_front_right_calf_pitch,fr,calf,37.0,robot.actuators['calf_legs'].effort_limit,0.8937268031230485,606.9155928817391,0.5547707454578297,0.5799447100871316,0.0,0.5476610749959946,0.5539276003837585,0.0
gait_07_gallop__vx_pos_1p5__seed_4242,6,joint_rear_left_abad,rl,hip,17.0,robot.actuators['hip_legs'].effort_limit,0.09623577133385411,10.536176287308335,0.21953369519289798,0.25983022297129904,0.0,0.3564809471368789,0.3705938029289246,0.0
gait_07_gallop__vx_pos_1p5__seed_4242,7,joint_rear_left_thigh_pitch,rl,thigh,20.0,robot.actuators['thigh_legs'].effort_limit,0.7289421344691264,118.66237456094416,0.5065736031532286,0.5663045544624328,0.0,0.2603680342435837,0.2678215980529785,0.0
gait_07_gallop__vx_pos_1p5__seed_4242,8,joint_rear_left_calf_pitch,rl,calf,37.0,robot.actuators['calf_legs'].effort_limit,0.29819778630536314,220.1854067374766,0.34825425792384773,0.39312568458350916,0.0,0.3843104004859924,0.3906870460510254,0.0
gait_07_gallop__vx_pos_1p5__seed_4242,9,joint_rear_right_abad,rr,hip,17.0,robot.actuators['hip_legs'].effort_limit,0.18702737126970792,19.366535522895866,0.2370025760987224,0.26105239110834455,0.0,0.35896400809288026,0.36405683398246763,0.0
gait_07_gallop__vx_pos_1p5__seed_4242,10,joint_rear_right_thigh_pitch,rr,thigh,20.0,robot.actuators['thigh_legs'].effort_limit,0.7843129514120227,166.7827938745916,0.478613064289093,0.5156910572052001,0.0,0.40411213338375085,0.41027366697788237,0.0
gait_07_gallop__vx_pos_1p5__seed_4242,11,joint_rear_right_calf_pitch,rr,calf,37.0,robot.actuators['calf_legs'].effort_limit,0.35543220295121225,266.2812503834255,0.3482793601783545,0.4026861162443418,0.0,0.5908311307430267,0.5971356642246246,0.0
gait_08_gallop__vx_neg_1p5__seed_4242,0,joint_front_left_abad,fl,hip,17.0,robot.actuators['hip_legs'].effort_limit,0.11019192311772054,7.036693109829212,0.2405279426013722,0.25398597268497236,0.0,0.29757856726646426,0.30786997020244594,0.0
gait_08_gallop__vx_neg_1p5__seed_4242,1,joint_front_left_thigh_pitch,fl,thigh,17.0,robot.actuators['thigh_legs'].effort_limit,0.950204231584988,143.17153006633745,0.6759523055132697,0.7334412569158216,0.0,0.29498701691627494,0.3028800928592682,0.0
gait_08_gallop__vx_neg_1p5__seed_4242,2,joint_front_left_calf_pitch,fl,calf,37.0,robot.actuators['calf_legs'].effort_limit,0.34937811174224204,232.95028402448634,0.37288921459301094,0.3938806956523173,0.0,0.39101252555847166,0.39736006140708924,0.0
gait_08_gallop__vx_neg_1p5__seed_4242,3,joint_front_right_abad,fr,hip,17.0,robot.actuators['hip_legs'].effort_limit,0.26403524175540916,9.607988788092044,0.29268839920268336,0.30689605684841376,0.0,0.3305171430110931,0.3419533801078796,0.0
gait_08_gallop__vx_neg_1p5__seed_4242,4,joint_front_right_thigh_pitch,fr,thigh,17.0,robot.actuators['thigh_legs'].effort_limit,1.3848509652579293,169.54022610254586,0.718767121258904,0.7517260921702665,0.0,0.37447724938392635,0.3783953058719635,0.0
gait_08_gallop__vx_neg_1p5__seed_4242,5,joint_front_right_calf_pitch,fr,calf,37.0,robot.actuators['calf_legs'].effort_limit,0.27405851492704275,229.13677551722154,0.3596121040550438,0.39650914681924354,0.0,0.5453242093324661,0.5538097316026688,0.0
gait_08_gallop__vx_neg_1p5__seed_4242,6,joint_rear_left_abad,rl,hip,17.0,robot.actuators['hip_legs'].effort_limit,0.8623670062428189,24.537816651621835,0.557582762662102,0.5762596309886259,0.0,0.4562208533287048,0.46399847865104676,0.0
gait_08_gallop__vx_neg_1p5__seed_4242,7,joint_rear_left_thigh_pitch,rl,thigh,20.0,robot.actuators['thigh_legs'].effort_limit,1.2231957355791268,187.78482864800375,0.6295305085182188,0.6814067335128784,0.0,0.2629729032516479,0.26715436398983,0.0
gait_08_gallop__vx_neg_1p5__seed_4242,8,joint_rear_left_calf_pitch,rl,calf,37.0,robot.actuators['calf_legs'].effort_limit,0.6311074367085019,619.6728936380148,0.425678843420905,0.4456491862116633,0.0,0.6439008116722107,0.6645771646499634,0.0
gait_08_gallop__vx_neg_1p5__seed_4242,9,joint_rear_right_abad,rr,hip,17.0,robot.actuators['hip_legs'].effort_limit,0.2590740055080001,9.857963781219441,0.30603231402004466,0.31785603803746837,0.0,0.44883962273597716,0.47299385547637934,0.0
gait_08_gallop__vx_neg_1p5__seed_4242,10,joint_rear_right_thigh_pitch,rr,thigh,20.0,robot.actuators['thigh_legs'].effort_limit,0.4453344984761997,90.92618026572745,0.4326131963729858,0.49184236049652097,0.0,0.3073886632919311,0.3218803882598877,0.0
gait_08_gallop__vx_neg_1p5__seed_4242,11,joint_rear_right_calf_pitch,rr,calf,37.0,robot.actuators['calf_legs'].effort_limit,0.25970631434755204,190.05751462575049,0.2969934708363301,0.33187089997368885,0.0,0.46590569019317624,0.4795678234100342,0.0
gait_08_gallop__vx_neg_1p0__seed_4242,0,joint_front_left_abad,fl,hip,17.0,robot.actuators['hip_legs'].effort_limit,0.17369201971739404,12.557828304720461,0.2739660361233877,0.3374618479784797,0.0,0.3135337859392166,0.3198350965976715,0.0
gait_08_gallop__vx_neg_1p0__seed_4242,1,joint_front_left_thigh_pitch,fl,thigh,17.0,robot.actuators['thigh_legs'].effort_limit,0.6623842279410501,100.58656995935365,0.5856584745294907,0.6249908806295955,0.0,0.3233729422092438,0.32851451754570005,0.0
gait_08_gallop__vx_neg_1p0__seed_4242,2,joint_front_left_calf_pitch,fl,calf,37.0,robot.actuators['calf_legs'].effort_limit,0.3026392627490926,211.4600290354705,0.3494128691183554,0.36462407704946154,0.0,0.4400636553764343,0.45241222202777864,0.0
gait_08_gallop__vx_neg_1p0__seed_4242,3,joint_front_right_abad,fr,hip,17.0,robot.actuators['hip_legs'].effort_limit,0.3554915478984452,17.433027168162226,0.32726967054254863,0.3601182432735666,0.0,0.3227759540081023,0.3424385643005371,0.0
gait_08_gallop__vx_neg_1p0__seed_4242,4,joint_front_right_thigh_pitch,fr,thigh,17.0,robot.actuators['thigh_legs'].effort_limit,1.05618090337596,124.7452985405922,0.6219993843751794,0.6650281535877901,0.0,0.3797996699810028,0.3847670781612396,0.0
gait_08_gallop__vx_neg_1p0__seed_4242,5,joint_front_right_calf_pitch,fr,calf,37.0,robot.actuators['calf_legs'].effort_limit,0.2659875363377693,263.41549090176824,0.3212787898811133,0.35615082019084204,0.0,0.523933333158493,0.5323476803302765,0.0
gait_08_gallop__vx_neg_1p0__seed_4242,6,joint_rear_left_abad,rl,hip,17.0,robot.actuators['hip_legs'].effort_limit,0.7236672393386033,20.969694573072555,0.6065742604872759,0.633200174780453,0.0,0.3790740430355071,0.39060267090797424,0.0
gait_08_gallop__vx_neg_1p0__seed_4242,7,joint_rear_left_thigh_pitch,rl,thigh,20.0,robot.actuators['thigh_legs'].effort_limit,0.7495602473867614,125.07126385279,0.5416577267646789,0.5708735561370849,0.0,0.27281211614608764,0.27815026342868804,0.0
gait_08_gallop__vx_neg_1p0__seed_4242,8,joint_rear_left_calf_pitch,rl,calf,37.0,robot.actuators['calf_legs'].effort_limit,0.7691331283108267,677.658440664485,0.4716088346532872,0.5368106955450933,0.0,0.5682471454143524,0.5789120292663574,0.0
gait_08_gallop__vx_neg_1p0__seed_4242,9,joint_rear_right_abad,rr,hip,17.0,robot.actuators['hip_legs'].effort_limit,0.17696097930276763,12.33489945075009,0.24175420228172714,0.2689525155460133,0.0,0.33483147621154785,0.3431933307647705,0.0
gait_08_gallop__vx_neg_1p0__seed_4242,10,joint_rear_right_thigh_pitch,rr,thigh,20.0,robot.actuators['thigh_legs'].effort_limit,0.5436824724963036,76.0435284752911,0.4590723443031311,0.4744808573722839,0.0,0.31381066143512726,0.3182342863082886,0.0
gait_08_gallop__vx_neg_1p0__seed_4242,11,joint_rear_right_calf_pitch,rr,calf,37.0,robot.actuators['calf_legs'].effort_limit,0.2338006188155657,311.86174872029574,0.2767835513965503,0.31633207140742114,0.0,0.4568337559700012,0.46332787632942196,0.0
gait_08_gallop__vx_neg_0p5__seed_4242,0,joint_front_left_abad,fl,hip,17.0,robot.actuators['hip_legs'].effort_limit,0.16514870193816608,12.85574040689913,0.2619801970089183,0.2813311675015618,0.0,0.33215461671352386,0.371628075838089,0.0
gait_08_gallop__vx_neg_0p5__seed_4242,1,joint_front_left_thigh_pitch,fl,thigh,17.0,robot.actuators['thigh_legs'].effort_limit,0.3695999367882557,49.62865534847602,0.44283613036660585,0.4968832520877614,0.0,0.3191332519054413,0.32478442788124084,0.0
gait_08_gallop__vx_neg_0p5__seed_4242,2,joint_front_left_calf_pitch,fl,calf,37.0,robot.actuators['calf_legs'].effort_limit,0.3090106671498964,178.77298368311952,0.348348314697678,0.3622450699677338,0.0,0.4907575845718384,0.49562428891658783,0.0
gait_08_gallop__vx_neg_0p5__seed_4242,3,joint_front_right_abad,fr,hip,17.0,robot.actuators['hip_legs'].effort_limit,0.3840181463495553,17.688352558754268,0.4062439063016106,0.4365244753220502,0.0,0.2677661180496216,0.3110271394252777,0.0
gait_08_gallop__vx_neg_0p5__seed_4242,4,joint_front_right_thigh_pitch,fr,thigh,17.0,robot.actuators['thigh_legs'].effort_limit,0.561967822190897,67.38892665616237,0.5212410197538488,0.5858155839583453,0.0,0.3823024332523346,0.3865535259246826,0.0
gait_08_gallop__vx_neg_0p5__seed_4242,5,joint_front_right_calf_pitch,fr,calf,37.0,robot.actuators['calf_legs'].effort_limit,0.25321692899067283,282.33690847934514,0.3157575645962277,0.3669749788335852,0.0,0.5217089951038361,0.5316757261753082,0.0
gait_08_gallop__vx_neg_0p5__seed_4242,6,joint_rear_left_abad,rl,hip,17.0,robot.actuators['hip_legs'].effort_limit,0.4854486708789905,15.635391310288396,0.5497175104477826,0.5790659680086023,0.0,0.27252544462680817,0.2828062027692795,0.0
gait_08_gallop__vx_neg_0p5__seed_4242,7,joint_rear_left_thigh_pitch,rl,thigh,20.0,robot.actuators['thigh_legs'].effort_limit,0.382145474095341,74.36865892742819,0.4378100037574768,0.45451543331146244,0.0,0.28057411313056946,0.2835739552974701,0.0
gait_08_gallop__vx_neg_0p5__seed_4242,8,joint_rear_left_calf_pitch,rl,calf,37.0,robot.actuators['calf_legs'].effort_limit,0.6137292640758036,585.4233807155583,0.41242030504587535,0.47215920525628163,0.0,0.5281527936458588,0.5514707565307617,0.0
gait_08_gallop__vx_neg_0p5__seed_4242,9,joint_rear_right_abad,rr,hip,17.0,robot.actuators['hip_legs'].effort_limit,0.13256902470825094,13.495887480585953,0.23086126411662383,0.26086079373079185,0.0,0.2939917743206024,0.31844618916511536,0.0
gait_08_gallop__vx_neg_0p5__seed_4242,10,joint_rear_right_thigh_pitch,rr,thigh,20.0,robot.actuators['thigh_legs'].effort_limit,0.5185953133969292,72.61166943624616,0.38611607551574706,0.4031271696090698,0.0,0.3101077675819397,0.3211781680583954,0.0
gait_08_gallop__vx_neg_0p5__seed_4242,11,joint_rear_right_calf_pitch,rr,calf,37.0,robot.actuators['calf_legs'].effort_limit,0.2885496378659842,438.4549428961426,0.34622725280555516,0.4462641380928658,0.0,0.5103445947170258,0.5159511268138885,0.0
gait_08_gallop__vx_pos_0p5__seed_4242,0,joint_front_left_abad,fl,hip,17.0,robot.actuators['hip_legs'].effort_limit,0.10652918797861533,9.569445228560362,0.21202158577301922,0.3034039665670956,0.0,0.3749721050262451,0.4409772604703903,0.0
gait_08_gallop__vx_pos_0p5__seed_4242,1,joint_front_left_thigh_pitch,fl,thigh,17.0,robot.actuators['thigh_legs'].effort_limit,0.40166014475305156,34.28086739499355,0.4282766300089219,0.45467376708984375,0.0,0.32384613156318665,0.32887041568756104,0.0
gait_08_gallop__vx_pos_0p5__seed_4242,2,joint_front_left_calf_pitch,fl,calf,37.0,robot.actuators['calf_legs'].effort_limit,0.29277231996194153,174.03618544243275,0.30826633685343974,0.32589490993602854,0.0,0.4957578778266907,0.5002226680517197,0.0
gait_08_gallop__vx_pos_0p5__seed_4242,3,joint_front_right_abad,fr,hip,17.0,robot.actuators['hip_legs'].effort_limit,0.16408938138686677,9.075822025351227,0.3349922194200403,0.36845167945413027,0.0,0.278583824634552,0.2901977002620697,0.0
gait_08_gallop__vx_pos_0p5__seed_4242,4,joint_front_right_thigh_pitch,fr,thigh,17.0,robot.actuators['thigh_legs'].effort_limit,0.41795375962427195,65.29882739352296,0.3662725196165197,0.38625847592073326,0.0,0.29484933614730835,0.29758867621421814,0.0
gait_08_gallop__vx_pos_0p5__seed_4242,5,joint_front_right_calf_pitch,fr,calf,37.0,robot.actuators['calf_legs'].effort_limit,0.4146345008843621,514.9176558915526,0.4375211225973593,0.4934896649541082,0.0,0.5182372480630875,0.5217189639806747,0.0
gait_08_gallop__vx_pos_0p5__seed_4242,6,joint_rear_left_abad,rl,hip,17.0,robot.actuators['hip_legs'].effort_limit,0.34539511636075904,11.862899746656767,0.4132605510599473,0.4389609238680671,0.0,0.267366886138916,0.2939908504486084,0.0
gait_08_gallop__vx_pos_0p5__seed_4242,7,joint_rear_left_thigh_pitch,rl,thigh,20.0,robot.actuators['thigh_legs'].effort_limit,0.2640654280889026,58.07939065201208,0.3855923116207123,0.4327683329582214,0.0,0.36840322613716125,0.3731618970632553,0.0
gait_08_gallop__vx_pos_0p5__seed_4242,8,joint_rear_left_calf_pitch,rl,calf,37.0,robot.actuators['calf_legs'].effort_limit,0.37416714358866165,366.48245530329643,0.34884490837921966,0.42270008937732595,0.0,0.5469325184822083,0.5584622919559479,0.0
gait_08_gallop__vx_pos_0p5__seed_4242,9,joint_rear_right_abad,rr,hip,17.0,robot.actuators['hip_legs'].effort_limit,0.08387627280756568,8.081462216977961,0.1645939455312841,0.1778903323061326,0.0,0.25430676341056824,0.26606956124305725,0.0
gait_08_gallop__vx_pos_0p5__seed_4242,10,joint_rear_right_thigh_pitch,rr,thigh,20.0,robot.actuators['thigh_legs'].effort_limit,0.3810855596191097,52.17562990552746,0.4153010487556458,0.484210216999054,0.0,0.3156000226736069,0.3213089853525162,0.0
gait_08_gallop__vx_pos_0p5__seed_4242,11,joint_rear_right_calf_pitch,rr,calf,37.0,robot.actuators['calf_legs'].effort_limit,0.23210131619743407,192.55624618683942,0.3417905987919988,0.3709515107644571,0.0,0.5037069618701935,0.5079715847969055,0.0
gait_08_gallop__vx_pos_1p0__seed_4242,0,joint_front_left_abad,fl,hip,17.0,robot.actuators['hip_legs'].effort_limit,0.09438852160432391,8.18563004271593,0.18966342210769654,0.20432193587808048,0.0,0.2958201467990873,0.3519288581609725,0.0
gait_08_gallop__vx_pos_1p0__seed_4242,1,joint_front_left_thigh_pitch,fl,thigh,17.0,robot.actuators['thigh_legs'].effort_limit,0.33113004535721174,48.7384444699809,0.3748142102185418,0.3958481179966646,0.0,0.3179217934608459,0.3220020532608032,0.0
gait_08_gallop__vx_pos_1p0__seed_4242,2,joint_front_left_calf_pitch,fl,calf,37.0,robot.actuators['calf_legs'].effort_limit,0.34033884154176364,229.18567164227366,0.31887530507268125,0.35396578969182113,0.0,0.4463113993406296,0.45258112132549283,0.0
gait_08_gallop__vx_pos_1p0__seed_4242,3,joint_front_right_abad,fr,hip,17.0,robot.actuators['hip_legs'].effort_limit,0.1380397594112558,7.849317727836315,0.28351898193359365,0.3305426457348992,0.0,0.26952691078186036,0.280000616312027,0.0
gait_08_gallop__vx_pos_1p0__seed_4242,4,joint_front_right_thigh_pitch,fr,thigh,17.0,robot.actuators['thigh_legs'].effort_limit,0.649969767187136,113.68445975448937,0.5137772560119628,0.6240977601444018,0.0,0.28783875703811646,0.2969555270671844,0.0
gait_08_gallop__vx_pos_1p0__seed_4242,5,joint_front_right_calf_pitch,fr,calf,37.0,robot.actuators['calf_legs'].effort_limit,0.6319132096039286,791.2516637498885,0.4545718193054199,0.5154435425835685,0.0,0.5049822598695755,0.5115573126077652,0.0
gait_08_gallop__vx_pos_1p0__seed_4242,6,joint_rear_left_abad,rl,hip,17.0,robot.actuators['hip_legs'].effort_limit,0.5050921749592525,12.301356834804174,0.4277111572377822,0.4644933167625875,0.0,0.277923074364662,0.31973500728607174,0.0
gait_08_gallop__vx_pos_1p0__seed_4242,7,joint_rear_left_thigh_pitch,rl,thigh,20.0,robot.actuators['thigh_legs'].effort_limit,0.563721985242842,107.91414197683335,0.46908437967300404,0.513885540485382,0.0,0.39012750089168546,0.39851697921752927,0.0
gait_08_gallop__vx_pos_1p0__seed_4242,8,joint_rear_left_calf_pitch,rl,calf,37.0,robot.actuators['calf_legs'].effort_limit,0.45854487106508257,396.0307725283527,0.3565916435138599,0.3984302239804653,0.0,0.569103580713272,0.5799674201011658,0.0
gait_08_gallop__vx_pos_1p0__seed_4242,9,joint_rear_right_abad,rr,hip,17.0,robot.actuators['hip_legs'].effort_limit,0.18050883094071982,9.47598282576073,0.2704547517439898,0.2882032742219812,0.0,0.30188204646110534,0.31755366444587707,0.0
gait_08_gallop__vx_pos_1p0__seed_4242,10,joint_rear_right_thigh_pitch,rr,thigh,20.0,robot.actuators['thigh_legs'].effort_limit,0.4517068484683281,82.00273043498397,0.4043221354484556,0.4602611389160155,0.0,0.32247187197208405,0.3258159989118576,0.0
gait_08_gallop__vx_pos_1p0__seed_4242,11,joint_rear_right_calf_pitch,rr,calf,37.0,robot.actuators['calf_legs'].effort_limit,0.26700802746947494,199.76261863576715,0.39169210872134624,0.4388734590685045,0.0,0.4690957903861999,0.47409270286560057,0.0
gait_08_gallop__vx_pos_1p5__seed_4242,0,joint_front_left_abad,fl,hip,17.0,robot.actuators['hip_legs'].effort_limit,0.035556897142803454,4.729910676996224,0.1014478904359481,0.11667942271513089,0.0,0.26706278324127186,0.29051541090011596,0.0
gait_08_gallop__vx_pos_1p5__seed_4242,1,joint_front_left_thigh_pitch,fl,thigh,17.0,robot.actuators['thigh_legs'].effort_limit,0.446672195770016,96.91547083178536,0.5532247122596291,0.5997505429211785,0.0,0.31539758443832394,0.3215423989295959,0.0
gait_08_gallop__vx_pos_1p5__seed_4242,2,joint_front_left_calf_pitch,fl,calf,37.0,robot.actuators['calf_legs'].effort_limit,0.47123808096441006,337.47772446110844,0.3930119024740683,0.5430372124749258,0.0,0.4581284016370773,0.46815046429634094,0.0
gait_08_gallop__vx_pos_1p5__seed_4242,3,joint_front_right_abad,fr,hip,17.0,robot.actuators['hip_legs'].effort_limit,0.1029121064072026,11.938056834567105,0.18203802178887757,0.20188656849019662,0.0,0.30482937693595885,0.3142909550666809,0.0
gait_08_gallop__vx_pos_1p5__seed_4242,4,joint_front_right_thigh_pitch,fr,thigh,17.0,robot.actuators['thigh_legs'].effort_limit,1.1703307251713881,156.92461401849985,0.738117638756247,0.7833028456744026,0.0,0.2738572835922241,0.2827743172645569,0.0
gait_08_gallop__vx_pos_1p5__seed_4242,5,joint_front_right_calf_pitch,fr,calf,37.0,robot.actuators['calf_legs'].effort_limit,0.6809673732504667,825.6111575676501,0.43198856405309727,0.48823254353291246,0.0,0.5431552559137344,0.5552980178594589,0.0
gait_08_gallop__vx_pos_1p5__seed_4242,6,joint_rear_left_abad,rl,hip,17.0,robot.actuators['hip_legs'].effort_limit,0.46324387521603505,13.816801451522043,0.3842992431977216,0.40096343713648175,0.0,0.3914649963378906,0.40392240703105925,0.0
gait_08_gallop__vx_pos_1p5__seed_4242,7,joint_rear_left_thigh_pitch,rl,thigh,20.0,robot.actuators['thigh_legs'].effort_limit,0.7618462204277845,158.26534307733178,0.5648696804046631,0.5993607511520386,0.0,0.3847830861806869,0.39175968945026396,0.0
gait_08_gallop__vx_pos_1p5__seed_4242,8,joint_rear_left_calf_pitch,rl,calf,37.0,robot.actuators['calf_legs'].effort_limit,0.5489854181297462,487.5808414025605,0.41875896711607236,0.4574273398115828,0.0,0.5726960957050323,0.5823818933963776,0.0
gait_08_gallop__vx_pos_1p5__seed_4242,9,joint_rear_right_abad,rr,hip,17.0,robot.actuators['hip_legs'].effort_limit,0.20491654608714235,11.17585173629661,0.31337156576268815,0.33901088882895075,0.0,0.3289184272289276,0.3398101806640625,0.0
gait_08_gallop__vx_pos_1p5__seed_4242,10,joint_rear_right_thigh_pitch,rr,thigh,20.0,robot.actuators['thigh_legs'].effort_limit,0.8762461820043804,151.57169354046695,0.6082315945625305,0.6593911604881283,0.0,0.2997993171215057,0.30635046303272245,0.0
gait_08_gallop__vx_pos_1p5__seed_4242,11,joint_rear_right_calf_pitch,rr,calf,37.0,robot.actuators['calf_legs'].effort_limit,0.31013018712641566,255.32693600928877,0.39710007487116633,0.444892297693201,0.0,0.4316521823406219,0.4434562003612518,0.0
gait_09_gallop__vx_neg_1p5__seed_4242,0,joint_front_left_abad,fl,hip,17.0,robot.actuators['hip_legs'].effort_limit,0.19592591196671272,10.652000538669526,0.2776555790620691,0.29904115452485924,0.0,0.4061728626489639,0.41499990105628964,0.0
gait_09_gallop__vx_neg_1p5__seed_4242,1,joint_front_left_thigh_pitch,fl,thigh,17.0,robot.actuators['thigh_legs'].effort_limit,0.8720156331058699,129.87540616812186,0.7034999763264376,0.7484067546620088,0.0,0.3435345351696014,0.34901015043258665,0.0
gait_09_gallop__vx_neg_1p5__seed_4242,2,joint_front_left_calf_pitch,fl,calf,37.0,robot.actuators['calf_legs'].effort_limit,0.27996836062854163,281.87111668244006,0.31269383688230773,0.3572061984603469,0.0,0.6162879049777985,0.6217147487401963,0.0
gait_09_gallop__vx_neg_1p5__seed_4242,3,joint_front_right_abad,fr,hip,17.0,robot.actuators['hip_legs'].effort_limit,0.11872839040785615,6.8619282161979935,0.23193768964094275,0.25104704632478597,0.0,0.4508837997913359,0.4686502158641815,0.0
gait_09_gallop__vx_neg_1p5__seed_4242,4,joint_front_right_thigh_pitch,fr,thigh,17.0,robot.actuators['thigh_legs'].effort_limit,1.0202187195332395,138.960975853391,0.6039809311137478,0.6770853373583625,0.0,0.27556629180908204,0.2806038534641266,0.0
gait_09_gallop__vx_neg_1p5__seed_4242,5,joint_front_right_calf_pitch,fr,calf,37.0,robot.actuators['calf_legs'].effort_limit,0.37386747686180705,230.51913824513554,0.4092808646124762,0.465728260246483,0.0,0.3923950135707855,0.40015788495540616,0.0
gait_09_gallop__vx_neg_1p5__seed_4242,6,joint_rear_left_abad,rl,hip,17.0,robot.actuators['hip_legs'].effort_limit,0.10046367587367439,5.511728808099579,0.19685191967908072,0.21323796075933116,0.0,0.3300252258777618,0.351036865711212,0.0
gait_09_gallop__vx_neg_1p5__seed_4242,7,joint_rear_left_thigh_pitch,rl,thigh,20.0,robot.actuators['thigh_legs'].effort_limit,1.1201504017859367,179.65682462722063,0.5568803262710571,0.6158358049392699,0.0,0.3044160336256027,0.3146365386247635,0.0
gait_09_gallop__vx_neg_1p5__seed_4242,8,joint_rear_left_calf_pitch,rl,calf,37.0,robot.actuators['calf_legs'].effort_limit,1.1285132078081404,583.6242255020887,0.6366381439002784,0.6686270440591348,0.0,0.6114209175109864,0.623787055015564,0.0
gait_09_gallop__vx_neg_1p5__seed_4242,9,joint_rear_right_abad,rr,hip,17.0,robot.actuators['hip_legs'].effort_limit,0.07905017281242387,4.495887238444193,0.15719308993395634,0.1669247216336867,0.0,0.3890461206436157,0.4137847244739532,0.0
gait_09_gallop__vx_neg_1p5__seed_4242,10,joint_rear_right_thigh_pitch,rr,thigh,20.0,robot.actuators['thigh_legs'].effort_limit,0.3479762863644541,78.4684494061023,0.3971227514743805,0.40932744216918937,0.0,0.3162456780672073,0.32534146964550015,0.0
gait_09_gallop__vx_neg_1p5__seed_4242,11,joint_rear_right_calf_pitch,rr,calf,37.0,robot.actuators['calf_legs'].effort_limit,0.1278318618910201,103.69861912119494,0.2652767323158882,0.3256076196722082,0.0,0.5109696805477142,0.5253721857070922,0.0
gait_09_gallop__vx_neg_1p0__seed_4242,0,joint_front_left_abad,fl,hip,17.0,robot.actuators['hip_legs'].effort_limit,0.11555384293484855,8.37763579589082,0.1963080286979675,0.21956213460249058,0.0,0.37507650256156916,0.38799444735050204,0.0
gait_09_gallop__vx_neg_1p0__seed_4242,1,joint_front_left_thigh_pitch,fl,thigh,17.0,robot.actuators['thigh_legs'].effort_limit,0.4079716345688691,70.7228100062441,0.4731220862444707,0.5153318371492274,0.0,0.3747162103652954,0.38048449635505666,0.0
gait_09_gallop__vx_neg_1p0__seed_4242,2,joint_front_left_calf_pitch,fl,calf,37.0,robot.actuators['calf_legs'].effort_limit,0.2349023555286402,205.02248288184404,0.2640942444672455,0.28395080411756335,0.0,0.6036073833703994,0.6196963745355606,0.0
gait_09_gallop__vx_neg_1p0__seed_4242,3,joint_front_right_abad,fr,hip,17.0,robot.actuators['hip_legs'].effort_limit,0.1621159704322766,6.213760633147613,0.23925841415629664,0.2522643689548268,0.0,0.508703601360321,0.5348231112957,0.0
gait_09_gallop__vx_neg_1p0__seed_4242,4,joint_front_right_thigh_pitch,fr,thigh,17.0,robot.actuators['thigh_legs'].effort_limit,0.8551004714116341,79.54201073087752,0.6653528353747195,0.747443764630486,0.0,0.30519530177116394,0.31627804756164546,0.0
gait_09_gallop__vx_neg_1p0__seed_4242,5,joint_front_right_calf_pitch,fr,calf,37.0,robot.actuators['calf_legs'].effort_limit,0.29959782324315276,186.75868833057584,0.382686473227836,0.4364128953057366,0.0,0.4077142477035522,0.41498017370700835,0.0
gait_09_gallop__vx_neg_1p0__seed_4242,6,joint_rear_left_abad,rl,hip,17.0,robot.actuators['hip_legs'].effort_limit,0.09862925913558795,4.584969333693152,0.21679123640060394,0.2896654381471521,0.0,0.39347461163997627,0.4655879664421081,0.0
gait_09_gallop__vx_neg_1p0__seed_4242,7,joint_rear_left_thigh_pitch,rl,thigh,20.0,robot.actuators['thigh_legs'].effort_limit,0.6079739780911573,96.94422761218622,0.5462129831314085,0.592536443710327,0.0,0.3068545311689377,0.3134278708696365,0.0
gait_09_gallop__vx_neg_1p0__seed_4242,8,joint_rear_left_calf_pitch,rl,calf,37.0,robot.actuators['calf_legs'].effort_limit,0.9146435947139152,610.6234743048251,0.5342305647360311,0.5628701663661647,0.0,0.5746948599815369,0.5807595360279083,0.0
gait_09_gallop__vx_neg_1p0__seed_4242,9,joint_rear_right_abad,rr,hip,17.0,robot.actuators['hip_legs'].effort_limit,0.03726496046223982,3.530191743107207,0.13710703499176918,0.15019858528585994,0.0,0.2680779218673706,0.2830700290203094,0.0
gait_09_gallop__vx_neg_1p0__seed_4242,10,joint_rear_right_thigh_pitch,rr,thigh,20.0,robot.actuators['thigh_legs'].effort_limit,0.31513722558383844,57.384633187428115,0.2810843062400817,0.39155814409255973,0.0,0.321443298459053,0.32941744565963726,0.0
gait_09_gallop__vx_neg_1p0__seed_4242,11,joint_rear_right_calf_pitch,rr,calf,37.0,robot.actuators['calf_legs'].effort_limit,0.13484555659173406,112.87594425355084,0.2916450745350601,0.3548442350851522,0.0,0.4374335765838623,0.44525051951408384,0.0
gait_09_gallop__vx_neg_0p5__seed_4242,0,joint_front_left_abad,fl,hip,17.0,robot.actuators['hip_legs'].effort_limit,0.05920370393090968,4.307918947405706,0.1245392596020418,0.13122481808942907,0.0,0.3255821019411087,0.3367162048816681,0.0
gait_09_gallop__vx_neg_0p5__seed_4242,1,joint_front_left_thigh_pitch,fl,thigh,17.0,robot.actuators['thigh_legs'].effort_limit,0.2220693270867724,31.56231453706976,0.29872452511506925,0.3553048582638011,0.0,0.38076040148735046,0.3912118077278137,0.0
gait_09_gallop__vx_neg_0p5__seed_4242,2,joint_front_left_calf_pitch,fl,calf,37.0,robot.actuators['calf_legs'].effort_limit,0.18600528906852876,150.46123071663663,0.2306720630542652,0.2736252771841513,0.0,0.5881920456886292,0.5980584174394608,0.0
gait_09_gallop__vx_neg_0p5__seed_4242,3,joint_front_right_abad,fr,hip,17.0,robot.actuators['hip_legs'].effort_limit,0.17110079855815985,7.854445121371246,0.2551634101306691,0.2756023406982422,0.0,0.5521520674228668,0.5619394481182098,0.0
gait_09_gallop__vx_neg_0p5__seed_4242,4,joint_front_right_thigh_pitch,fr,thigh,17.0,robot.actuators['thigh_legs'].effort_limit,0.667290160680896,41.32543645553291,0.6141192772809196,0.6673602917615105,0.0,0.31220361590385437,0.3175395727157593,0.0
gait_09_gallop__vx_neg_0p5__seed_4242,5,joint_front_right_calf_pitch,fr,calf,37.0,robot.actuators['calf_legs'].effort_limit,0.2731432981502041,143.0497378663253,0.36005315909514557,0.39286079922237915,0.0,0.45945385098457336,0.46471504867076874,0.0
gait_09_gallop__vx_neg_0p5__seed_4242,6,joint_rear_left_abad,rl,hip,17.0,robot.actuators['hip_legs'].effort_limit,0.1451826226720205,3.9741051887552024,0.3399564588771147,0.40625429153442383,0.0,0.48716306686401367,0.5409110188484192,0.0
gait_09_gallop__vx_neg_0p5__seed_4242,7,joint_rear_left_thigh_pitch,rl,thigh,20.0,robot.actuators['thigh_legs'].effort_limit,0.3064254317316435,66.07909682252445,0.413841986656189,0.4509143948554993,0.0,0.2934509515762329,0.2978246510028839,0.0
gait_09_gallop__vx_neg_0p5__seed_4242,8,joint_rear_left_calf_pitch,rl,calf,37.0,robot.actuators['calf_legs'].effort_limit,0.6551609940503231,569.8460971800238,0.4436730951876254,0.483335559432571,0.0,0.5680145919322968,0.576680600643158,0.0
gait_09_gallop__vx_neg_0p5__seed_4242,9,joint_rear_right_abad,rr,hip,17.0,robot.actuators['hip_legs'].effort_limit,0.046442744992316966,3.696564592613431,0.143573242075303,0.17596375591614669,0.0,0.24651789665222168,0.2564701437950134,0.0
gait_09_gallop__vx_neg_0p5__seed_4242,10,joint_rear_right_thigh_pitch,rr,thigh,20.0,robot.actuators['thigh_legs'].effort_limit,0.35371995706518033,40.91448584392667,0.39265908598899846,0.4642790913581848,0.0,0.3437986522912979,0.3702104836702347,0.0
gait_09_gallop__vx_neg_0p5__seed_4242,11,joint_rear_right_calf_pitch,rr,calf,37.0,robot.actuators['calf_legs'].effort_limit,0.1419494035272644,114.7303271541372,0.3004896383027773,0.3534460840998469,0.0,0.49059155583381653,0.4935682415962219,0.0
gait_09_gallop__vx_pos_0p5__seed_4242,0,joint_front_left_abad,fl,hip,17.0,robot.actuators['hip_legs'].effort_limit,0.06438173822242539,3.1781902339018417,0.13288268622230082,0.1929881923338946,0.0,0.4258497655391693,0.47827161848545074,0.0
gait_09_gallop__vx_pos_0p5__seed_4242,1,joint_front_left_thigh_pitch,fl,thigh,17.0,robot.actuators['thigh_legs'].effort_limit,0.4153944598666744,39.18478601455398,0.4745633321649888,0.49591238358441525,0.0,0.32946425676345825,0.3323698043823242,0.0
gait_09_gallop__vx_pos_0p5__seed_4242,2,joint_front_left_calf_pitch,fl,calf,37.0,robot.actuators['calf_legs'].effort_limit,0.28414630948548253,190.59728763814084,0.2725333136481208,0.31131634841094147,0.0,0.6190916001796722,0.6305376589298248,0.0
gait_09_gallop__vx_pos_0p5__seed_4242,3,joint_front_right_abad,fr,hip,17.0,robot.actuators['hip_legs'].effort_limit,0.11668804122177402,6.4730459563356275,0.2306839613353505,0.2501494744244744,0.0,0.38763627409935,0.39838504791259766,0.0
gait_09_gallop__vx_pos_0p5__seed_4242,4,joint_front_right_thigh_pitch,fr,thigh,17.0,robot.actuators['thigh_legs'].effort_limit,0.6907566013402514,37.03227333255112,0.41691330601187315,0.4409915629555197,0.0,0.33549797534942627,0.34148111939430237,0.0
gait_09_gallop__vx_pos_0p5__seed_4242,5,joint_front_right_calf_pitch,fr,calf,37.0,robot.actuators['calf_legs'].effort_limit,0.23321209545365498,90.52110087545822,0.33662082697894125,0.37578098194019216,0.0,0.4736889451742172,0.4816810041666031,0.0
gait_09_gallop__vx_pos_0p5__seed_4242,6,joint_rear_left_abad,rl,hip,17.0,robot.actuators['hip_legs'].effort_limit,0.07663329910773216,3.91896520968432,0.1814514714128831,0.21142797960954554,0.0,0.3080281764268875,0.3349350243806839,0.0
gait_09_gallop__vx_pos_0p5__seed_4242,7,joint_rear_left_thigh_pitch,rl,thigh,20.0,robot.actuators['thigh_legs'].effort_limit,0.19250343873988002,44.645054319584744,0.3191080689430237,0.3413139343261719,0.0,0.3655660003423691,0.37198854982852936,0.0
gait_09_gallop__vx_pos_0p5__seed_4242,8,joint_rear_left_calf_pitch,rl,calf,37.0,robot.actuators['calf_legs'].effort_limit,0.32097971461667407,200.34384843163193,0.29674899255907217,0.30273315713212295,0.0,0.5472334921360016,0.5564688742160797,0.0
gait_09_gallop__vx_pos_0p5__seed_4242,9,joint_rear_right_abad,rr,hip,17.0,robot.actuators['hip_legs'].effort_limit,0.14629562313357183,4.839944064801675,0.2876478153116563,0.30120179232429056,0.0,0.4088779389858246,0.42213594913482666,0.0
gait_09_gallop__vx_pos_0p5__seed_4242,10,joint_rear_right_thigh_pitch,rr,thigh,20.0,robot.actuators['thigh_legs'].effort_limit,0.43645172849818514,25.951958946750967,0.5050062298774719,0.5871552109718323,0.0,0.3197767287492752,0.3242556303739548,0.0
gait_09_gallop__vx_pos_0p5__seed_4242,11,joint_rear_right_calf_pitch,rr,calf,37.0,robot.actuators['calf_legs'].effort_limit,0.19469653236991158,122.28893702073489,0.3026276085827802,0.37360388523823507,0.0,0.48016291856765747,0.486440509557724,0.0
gait_09_gallop__vx_pos_1p0__seed_4242,0,joint_front_left_abad,fl,hip,17.0,robot.actuators['hip_legs'].effort_limit,0.1038019669651208,7.5237344740917615,0.17345502446679506,0.18306510911268345,0.0,0.3896273285150528,0.4350519734621048,0.0
gait_09_gallop__vx_pos_1p0__seed_4242,1,joint_front_left_thigh_pitch,fl,thigh,17.0,robot.actuators['thigh_legs'].effort_limit,0.3883216461372201,50.38409789779224,0.43156275468714095,0.46939754233640774,0.0,0.31243011355400085,0.3231869435310364,0.0
gait_09_gallop__vx_pos_1p0__seed_4242,2,joint_front_left_calf_pitch,fl,calf,37.0,robot.actuators['calf_legs'].effort_limit,0.49493753567049215,381.7350937252317,0.3874574068430307,0.40528030498607676,0.0,0.6528692573308944,0.6598827433586121,0.0
gait_09_gallop__vx_pos_1p0__seed_4242,3,joint_front_right_abad,fr,hip,17.0,robot.actuators['hip_legs'].effort_limit,0.05831776862864468,5.322307200506475,0.1251690247479607,0.13814739563885847,0.0,0.3667231440544128,0.37555136799812316,0.0
gait_09_gallop__vx_pos_1p0__seed_4242,4,joint_front_right_thigh_pitch,fr,thigh,17.0,robot.actuators['thigh_legs'].effort_limit,0.5871662692007501,56.03333819134161,0.420488795112161,0.4327456036735983,0.0,0.31579182744026185,0.32576933622360227,0.0
gait_09_gallop__vx_pos_1p0__seed_4242,5,joint_front_right_calf_pitch,fr,calf,37.0,robot.actuators['calf_legs'].effort_limit,0.231438196236976,112.01856886519585,0.3470917327983959,0.42347420872868646,0.0,0.42277150750160214,0.4291950225830078,0.0
gait_09_gallop__vx_pos_1p0__seed_4242,6,joint_rear_left_abad,rl,hip,17.0,robot.actuators['hip_legs'].effort_limit,0.09084295884683685,6.866211895313463,0.1966756301767686,0.20658480349708994,0.0,0.3469995468854904,0.3613289779424667,0.0
gait_09_gallop__vx_pos_1p0__seed_4242,7,joint_rear_left_thigh_pitch,rl,thigh,20.0,robot.actuators['thigh_legs'].effort_limit,0.46490406955360386,100.73607555706054,0.33715953946113586,0.3583433592319489,0.0,0.378810715675354,0.385896737575531,0.0
gait_09_gallop__vx_pos_1p0__seed_4242,8,joint_rear_left_calf_pitch,rl,calf,37.0,robot.actuators['calf_legs'].effort_limit,0.3296136564131586,209.64178454853595,0.2991054238499821,0.3505145023964547,0.0,0.574311089515686,0.5844014823436737,0.0
gait_09_gallop__vx_pos_1p0__seed_4242,9,joint_rear_right_abad,rr,hip,17.0,robot.actuators['hip_legs'].effort_limit,0.11517668110270243,9.237527915503597,0.21547137218363144,0.23382300685433774,0.0,0.3123254954814911,0.33511478900909414,0.0
gait_09_gallop__vx_pos_1p0__seed_4242,10,joint_rear_right_thigh_pitch,rr,thigh,20.0,robot.actuators['thigh_legs'].effort_limit,0.5507743962459835,67.51164496482117,0.5296814417839046,0.6398671507835386,0.0,0.31957917213439935,0.32884655237197874,0.0
gait_09_gallop__vx_pos_1p0__seed_4242,11,joint_rear_right_calf_pitch,rr,calf,37.0,robot.actuators['calf_legs'].effort_limit,0.20723559872496036,143.7106026484177,0.32226723207009805,0.39705513747962745,0.0,0.4497780084609985,0.4577330148220062,0.0
gait_09_gallop__vx_pos_1p5__seed_4242,0,joint_front_left_abad,fl,hip,17.0,robot.actuators['hip_legs'].effort_limit,0.16739737747348707,9.698877524379641,0.22933642653857958,0.257387146949768,0.0,0.3967061221599578,0.42361481487751007,0.0
gait_09_gallop__vx_pos_1p5__seed_4242,1,joint_front_left_thigh_pitch,fl,thigh,17.0,robot.actuators['thigh_legs'].effort_limit,0.66712219487594,101.18184227826075,0.46020270235398236,0.4786789776297176,0.0,0.3011838376522064,0.31976706862449644,0.0
gait_09_gallop__vx_pos_1p5__seed_4242,2,joint_front_left_calf_pitch,fl,calf,37.0,robot.actuators['calf_legs'].effort_limit,0.780875952769694,518.6751307588629,0.5113686561584472,0.538151389457084,0.0,0.6490140914916992,0.6606295335292816,0.0
gait_09_gallop__vx_pos_1p5__seed_4242,3,joint_front_right_abad,fr,hip,17.0,robot.actuators['hip_legs'].effort_limit,0.08947069274836317,10.352140263430556,0.1479880178675932,0.1611112502041985,0.0,0.3900928139686584,0.412929710149765,0.0
gait_09_gallop__vx_pos_1p5__seed_4242,4,joint_front_right_thigh_pitch,fr,thigh,17.0,robot.actuators['thigh_legs'].effort_limit,0.7107558652364466,93.79331514569,0.6360511162701774,0.7216600855659036,0.0,0.3130460262298584,0.3202911603450775,0.0
gait_09_gallop__vx_pos_1p5__seed_4242,5,joint_front_right_calf_pitch,fr,calf,37.0,robot.actuators['calf_legs'].effort_limit,0.24785452129414373,135.08824347715824,0.38336847537272684,0.45826311369199835,0.0,0.4789818942546844,0.4909982144832611,0.0
gait_09_gallop__vx_pos_1p5__seed_4242,6,joint_rear_left_abad,rl,hip,17.0,robot.actuators['hip_legs'].effort_limit,0.2388827462137313,10.620664151039964,0.2654473234625423,0.28654068890739887,0.0,0.39790327847003937,0.4508854740858078,0.0
gait_09_gallop__vx_pos_1p5__seed_4242,7,joint_rear_left_thigh_pitch,rl,thigh,20.0,robot.actuators['thigh_legs'].effort_limit,0.7092470482179841,171.06394966326656,0.4601024985313415,0.48885150337219224,0.0,0.370166090130806,0.37555680394172664,0.0
gait_09_gallop__vx_pos_1p5__seed_4242,8,joint_rear_left_calf_pitch,rl,calf,37.0,robot.actuators['calf_legs'].effort_limit,0.36677524415128226,283.34834448240696,0.35702092454240125,0.40677677644265664,0.0,0.5951236844062805,0.6057214164733886,0.0
gait_09_gallop__vx_pos_1p5__seed_4242,9,joint_rear_right_abad,rr,hip,17.0,robot.actuators['hip_legs'].effort_limit,0.07528113832139481,10.320939458846114,0.15252017694361064,0.1688377586533041,0.0,0.3070647656917571,0.32820793747901916,0.0
gait_09_gallop__vx_pos_1p5__seed_4242,10,joint_rear_right_thigh_pitch,rr,thigh,20.0,robot.actuators['thigh_legs'].effort_limit,0.9559690792121441,160.57744059793652,0.6121950745582578,0.7272250094413757,0.0,0.2933252334594724,0.30896297872066497,0.0
gait_09_gallop__vx_pos_1p5__seed_4242,11,joint_rear_right_calf_pitch,rr,calf,37.0,robot.actuators['calf_legs'].effort_limit,0.26916929853612986,197.40111461929163,0.36939677934388837,0.4473169703096956,0.0,0.4658607721328735,0.48323741436004636,0.0
