cell_id,foot,contact_mean_force_n,vertical_impulse_ns,force_p95_n,force_p99_n,force_max_n,impact_event_count,impact_peak_mean_n,impact_peak_p95_n,impact_peak_max_n,impact_impulse_mean_ns,impact_impulse_p95_ns,impact_impulse_max_ns,agreement,agreement_boundary_excluded,false_swing_contact_fraction,missed_stance_contact_fraction,contact_precision,contact_recall,contact_f1,measured_duty_factor,commanded_duty_factor,sampled_desired_stance_fraction,desired_duty_factor,duty_factor_error,duty_factor_abs_error,touchdown_matched,touchdown_abs_error_mean_cycles,touchdown_abs_error_mean_s,touchdown_abs_error_median_cycles,touchdown_abs_error_median_s,touchdown_abs_error_p95_cycles,touchdown_abs_error_p95_s,touchdown_unmatched_expected,touchdown_unmatched_actual,touchdown_unmatched_fraction,touchdown_expected_unmatched_fraction,touchdown_actual_unmatched_fraction,touchdown_event_count,liftoff_matched,liftoff_abs_error_mean_cycles,liftoff_abs_error_mean_s,liftoff_abs_error_median_cycles,liftoff_abs_error_median_s,liftoff_abs_error_p95_cycles,liftoff_abs_error_p95_s,liftoff_unmatched_expected,liftoff_unmatched_actual,liftoff_unmatched_fraction,liftoff_expected_unmatched_fraction,liftoff_actual_unmatched_fraction,liftoff_event_count
gait_00_trot__vx_neg_1p5__seed_4242,fl,91.11242274667175,517.5617491185665,124.44220123291015,126.81552406311037,259.5711975097656,39,126.8912124633789,133.10624389648444,259.5711975097656,6.8040394807473215,7.158294418334963,9.814738616943359,0.74375,0.7607223476297968,0.3509933774834437,0.0,0.5708502024291497,1.0,0.7268041237113402,0.5916666666666667,0.333658903837204,0.33541666666666664,0.33541666666666664,0.2580077628294627,0.2580077628294627,39,0.03761254442043793,0.009256169207961963,0.03810623288154602,0.009377662289657114,0.07319381833076477,0.018012457755403787,0,0,0.0,0.0,0.0,39,9,0.1892375946044922,0.04656997347978127,0.18966293334960938,0.04667464620150673,0.19581375122070313,0.048188317022225355,29,30,0.8676470588235294,0.7631578947368421,0.7692307692307693,39
gait_00_trot__vx_neg_1p5__seed_4242,fr,76.51423119944195,397.2490589046478,115.59040565490723,123.37957061767582,192.58290100097656,39,116.81351960011018,128.18826828002932,192.58290100097656,6.04695461468819,6.971777236938477,8.252424774169922,0.79375,0.8235294117647058,0.26,0.0,0.6454545454545455,1.0,0.7845303867403315,0.5375,0.333658903837204,0.33125,0.33125,0.203841096162796,0.203841096162796,39,0.04373061274870848,0.010761780608225902,0.04347732663154602,0.010699448766692484,0.07929695248603821,0.01951439396606351,0,0,0.0,0.0,0.0,39,33,0.14806331287730823,0.036437287043496996,0.15253067016601562,0.03753667065643409,0.18904190063476561,0.04652181464009951,6,6,0.26666666666666666,0.15384615384615385,0.15384615384615385,39
gait_00_trot__vx_neg_1p5__seed_4242,rl,52.474336244946436,227.402525934577,81.58940963745117,83.89448303222656,85.21334838867188,43,74.2846669263618,83.88691864013671,85.21334838867188,3.8523354769861977,4.682717239379882,4.713931579589844,0.8770833333333333,0.8981900452488688,0.15,0.0,0.7593582887700535,1.0,0.8632218844984804,0.4375,0.333658903837204,0.33125,0.33125,0.10384109616279602,0.10384109616279602,39,0.06456932578331386,0.015890033878421018,0.06450393795967102,0.015873942418268443,0.10036895871162416,0.02470005896641555,0,4,0.09302325581395349,0.0,0.09302325581395349,43,39,0.032479261740660056,0.007992906277775672,0.03249359130859375,0.007996432678542092,0.0680307388305664,0.016741862047924147,0,4,0.09302325581395349,0.0,0.09302325581395349,43
gait_00_trot__vx_neg_1p5__seed_4242,rr,60.24863709259033,301.90433546304706,98.55488052368165,125.99328407287554,167.9127655029297,39,102.19788830096905,150.35490722656252,167.9127655029297,5.1194916016016245,6.470654022216797,6.821155548095703,0.8145833333333333,0.837471783295711,0.23841059602649006,0.0,0.6619718309859155,1.0,0.7966101694915254,0.5208333333333334,0.333658903837204,0.33541666666666664,0.33541666666666664,0.1871744294961294,0.1871744294961294,39,0.02950349144446544,0.007260591200185828,0.027369767427444458,0.006735497488793448,0.0632366955280304,0.015562083421342913,0,0,0.0,0.0,0.0,39,29,0.14566750362001615,0.03584769609140371,0.16864013671875,0.04150109131873548,0.19366607666015626,0.04765979018517215,9,10,0.3958333333333333,0.23684210526315788,0.2564102564102564,39
gait_00_trot__vx_neg_1p0__seed_4242,fl,91.92661869353142,507.53124754190446,118.78543472290039,290.6387710571289,303.64422607421875,31,149.56778766262917,299.28977966308594,303.64422607421875,7.149946286601405,10.534622421264649,10.590919799804688,0.8299180327868853,0.8609865470852018,0.22627737226277372,0.0,0.7350427350427351,1.0,0.8472906403940887,0.5655737704918032,0.39623603224754333,0.39549180327868855,0.39549180327868855,0.1693377382442599,0.1693377382442599,31,0.017967300068947575,0.005655303967430142,0.016516119241714478,0.005198537026475356,0.0390571653842926,0.01229345207720478,0,0,0.0,0.0,0.0,31,30,0.1581888198852539,0.04979077865161794,0.1584787368774414,0.04988203157831543,0.1866903305053711,0.058761781833463415,0,1,0.03225806451612903,0.0,0.03225806451612903,31
gait_00_trot__vx_neg_1p0__seed_4242,fr,75.85100946107319,408.9015622383356,105.83359069824219,108.77504364013672,110.23614501953125,31,105.69164916007749,109.26763534545898,110.23614501953125,5.627691804209062,6.156783599853515,6.179801940917969,0.8463114754098361,0.8738938053097345,0.20652173913043478,0.0,0.7553648068669528,1.0,0.8606356968215159,0.5512295081967213,0.39623603224754333,0.3975409836065574,0.3975409836065574,0.154993475949178,0.154993475949178,31,0.038485489545329925,0.01211351404379056,0.03842201828956604,0.012093536125953054,0.07082882523536682,0.02229375225130576,0,0,0.0,0.0,0.0,31,31,0.11671638488769531,0.03673710752236298,0.11620712280273438,0.03657681455244042,0.158477783203125,0.04988173140421445,0,0,0.0,0.0,0.0,31
gait_00_trot__vx_neg_1p0__seed_4242,rl,47.5115328700517,269.52737915396693,79.1089859008789,81.44739685058593,82.82637023925781,30,78.3210075378418,81.49891662597656,82.82637023925781,4.301941212972005,4.713026077270508,4.760754852294922,0.8217213114754098,0.8473451327433629,0.25,0.0,0.7183673469387755,1.0,0.836104513064133,0.5758196721311475,0.39623603224754333,0.3975409836065574,0.3975409836065574,0.17958363988360415,0.17958363988360415,30,0.07053865393002828,0.022202419278181347,0.07082882523536682,0.02229375225130576,0.0995857298374176,0.03134514205739329,1,0,0.03225806451612903,0.03225806451612903,0.0,30,28,0.0976466451372419,0.030734804758188322,0.107879638671875,0.033955694302695565,0.15586366653442382,0.049058924176022096,3,3,0.17647058823529413,0.0967741935483871,0.0967741935483871,31
gait_00_trot__vx_neg_1p0__seed_4242,rr,61.00282328832345,298.555211686492,91.71288452148437,95.65649650573728,161.13441467285156,31,93.08650921237084,108.21784591674805,161.13441467285156,4.9959712613013485,5.638510131835938,6.593244171142579,0.8954918032786885,0.9327354260089686,0.10948905109489052,0.0,0.8514851485148515,1.0,0.9197860962566845,0.5,0.39623603224754333,0.39549180327868855,0.39549180327868855,0.10376396775245667,0.10376396775245667,31,0.02596237870954698,0.00817179780805125,0.026019662618637085,0.008189828225370717,0.0526374876499176,0.016567931275139582,0,0,0.0,0.0,0.0,31,30,0.07770411173502605,0.024457785515599052,0.07828426361083984,0.024640391427027678,0.1289253234863281,0.04057993636309059,0,1,0.03225806451612903,0.0,0.03225806451612903,31
gait_00_trot__vx_neg_0p5__seed_4242,fl,86.70281053656963,464.89369621753696,103.79987258911133,106.15104766845702,108.21405792236328,24,104.44365469614665,106.68807220458984,108.21405792236328,5.917092450459798,6.183583702087402,6.218850860595703,0.9151138716356108,0.9436936936936937,0.1059322033898305,0.0,0.8927038626609443,1.0,0.9433106575963719,0.5548654244306418,0.4705493450164795,0.4699792960662526,0.4699792960662526,0.0843160794141623,0.0843160794141623,24,0.01603849728902181,0.0064568775755714245,0.012862920761108398,0.00517843430853106,0.034162569046020504,0.01375337863779467,0,0,0.0,0.0,0.0,24,23,0.0965924884961999,0.03888680227957894,0.09603309631347656,0.03866159870997466,0.11821174621582031,0.04759041695461875,0,1,0.041666666666666664,0.0,0.041666666666666664,24
gait_00_trot__vx_neg_0p5__seed_4242,fr,72.09595074276744,419.81009339571,94.63555908203125,99.11275863647461,99.3893814086914,23,95.27274322509766,99.2113265991211,99.3893814086914,5.370958096048106,5.760773345947266,5.773238983154297,0.8695652173913043,0.9009009009009009,0.1864406779661017,0.0,0.8253968253968254,1.0,0.9043478260869565,0.6024844720496895,0.4705493450164795,0.4720496894409938,0.4720496894409938,0.13193512703320998,0.13193512703320998,20,0.01802189350128174,0.007255365507179605,0.01601719856262207,0.006448303002380404,0.04093976020812989,0.01648178223143669,4,3,0.25925925925925924,0.16666666666666666,0.13043478260869565,23,24,0.11279221375783284,0.04540858801095497,0.1127920150756836,0.045408508024264764,0.13417282104492187,0.05401612531674729,0,0,0.0,0.0,0.0,24
gait_00_trot__vx_neg_0p5__seed_4242,rl,52.42519337313992,300.3888434267044,75.81157875061035,78.7736888885498,80.80973815917969,23,75.5621921705163,80.02042922973632,80.80973815917969,4.053299276932427,4.584918228149414,4.614389801025391,0.8799171842650103,0.9121621621621622,0.1652542372881356,0.0,0.8421052631578947,1.0,0.9142857142857143,0.5921325051759835,0.4705493450164795,0.4720496894409938,0.4720496894409938,0.12158316015950399,0.12158316015950399,20,0.024752235412597655,0.009964908239268985,0.022434473037719727,0.0090318091069646,0.04735608100891114,0.019064904399907857,4,3,0.25925925925925924,0.16666666666666666,0.13043478260869565,23,24,0.09623253345489502,0.03874188934961222,0.09674739837646484,0.038949166858634726,0.116583251953125,0.04693480764800737,0,0,0.0,0.0,0.0,24
gait_00_trot__vx_neg_0p5__seed_4242,rr,51.63561160327824,270.765431098938,80.13068313598632,82.84667152404785,87.85063171386719,24,78.59019915262859,83.1254669189453,87.85063171386719,4.137445747057597,4.614341033935546,4.823718414306641,0.927536231884058,0.9662162162162162,0.0635593220338983,0.0,0.9327354260089686,1.0,0.9651972157772621,0.5424430641821946,0.4705493450164795,0.4699792960662526,0.4699792960662526,0.07189371916571508,0.07189371916571508,24,0.013086060682932535,0.005268267360311244,0.012835502624511719,0.005167396145281425,0.02622570991516113,0.01055810873070721,0,0,0.0,0.0,0.0,24,23,0.06635305155878482,0.02671282246460276,0.06703567504882812,0.02698763725716041,0.08778533935546874,0.03534116563003916,0,1,0.041666666666666664,0.0,0.041666666666666664,24
gait_00_trot__vx_pos_0p5__seed_4242,fl,73.64396119444338,430.31089706659316,91.57675514221191,92.22286712646485,92.43366241455078,24,77.46087074279785,82.01352806091309,82.26883697509766,4.457861812909445,4.672355262756348,4.757268371582032,0.865424430641822,0.8986486486486487,0.1906779661016949,0.0,0.8221343873517787,1.0,0.9023861171366594,0.6045548654244306,0.4705493450164795,0.4699792960662526,0.4699792960662526,0.1340055204079511,0.1340055204079511,24,0.04499610265096029,0.01811480969566664,0.04489636421203613,0.018074656377178838,0.06619586944580078,0.026649543116025493,0,0,0.0,0.0,0.0,24,23,0.09011256176492442,0.036278073241656064,0.0896148681640625,0.03607770866927743,0.11165037155151367,0.0449488981033556,0,1,0.041666666666666664,0.0,0.041666666666666664,24
gait_00_trot__vx_pos_0p5__seed_4242,fr,69.1914282642427,422.43771298348906,81.27543792724609,82.37770080566406,82.79075622558594,24,76.08479658762614,78.75078926086425,79.48326110839844,4.191702893575033,4.586317504882813,4.614607543945312,0.8405797101449275,0.8693693693693694,0.2457627118644068,0.0,0.7819548872180451,1.0,0.8776371308016877,0.6314699792960663,0.4705493450164795,0.4720496894409938,0.4720496894409938,0.1609206342795868,0.1609206342795868,24,0.06269478797912598,0.025240056054672503,0.06331849098205566,0.025491150272594642,0.08386945724487305,0.03376468555632343,0,0,0.0,0.0,0.0,24,24,0.09830256303151448,0.039575254677621644,0.09841060638427734,0.03961875143976042,0.12632837295532223,0.0508580588190125,0,0,0.0,0.0,0.0,24
gait_00_trot__vx_pos_0p5__seed_4242,rl,55.63080042761725,329.38537184238436,71.25566291809082,76.41376342773438,77.67672729492188,23,72.18855186130689,76.83645477294922,77.67672729492188,3.817797304236371,4.132836334228516,4.2166796875,0.8592132505175983,0.8896396396396397,0.2076271186440678,0.0,0.8093385214007782,1.0,0.8946236559139785,0.6128364389233955,0.4705493450164795,0.4720496894409938,0.4720496894409938,0.14228709390691596,0.14228709390691596,20,0.032203960418701175,0.012964869845657683,0.03205990791320801,0.01290687629578438,0.05377421379089355,0.02164875604699378,4,3,0.25925925925925924,0.16666666666666666,0.13043478260869565,23,24,0.11072226365407307,0.04457525467762164,0.11124610900878906,0.04478614758504185,0.1322956085205078,0.053260385471857484,0,0,0.0,0.0,0.0,24
gait_00_trot__vx_pos_0p5__seed_4242,rr,55.39357092147483,294.97602735638617,66.74542045593262,70.34756622314457,71.76789093017578,24,62.48650519053141,71.26263732910157,71.76789093017578,3.2820079263051354,3.710454071044922,3.729715347290039,0.9192546583850931,0.9572072072072072,0.08050847457627118,0.0,0.9162995594713657,1.0,0.9563218390804598,0.5507246376811594,0.4705493450164795,0.4699792960662526,0.4699792960662526,0.08017529266467993,0.08017529266467993,24,0.015218456586201986,0.0061267405103790735,0.012835502624511719,0.005167396145281425,0.03264365196228027,0.013141883590570528,0,0,0.0,0.0,0.0,24,23,0.06851299949314284,0.027582387681994065,0.06870079040527344,0.02765798971051217,0.08944854736328124,0.03601075021116486,0,1,0.041666666666666664,0.0,0.041666666666666664,24
gait_00_trot__vx_pos_1p0__seed_4242,fl,68.61190038643136,414.41587833404543,88.18061218261718,89.48497177124024,90.47232818603516,31,77.68809829219695,81.1401596069336,81.49584197998047,4.264797677686137,4.472517623901368,4.503244323730469,0.7766393442622951,0.8026905829596412,0.32116788321167883,0.0,0.6615384615384615,1.0,0.7962962962962964,0.6188524590163934,0.39623603224754333,0.39549180327868855,0.39549180327868855,0.22261642676885007,0.22261642676885007,31,0.09158253189056151,0.02882609262162377,0.09183540940284729,0.02890568717356067,0.11925259232521057,0.03753539240259351,0,0,0.0,0.0,0.0,31,30,0.1306547164916992,0.04112427207780513,0.12978363037109375,0.04085009305397131,0.15854253768920898,0.04990211322567089,0,1,0.03225806451612903,0.0,0.03225806451612903,31
gait_00_trot__vx_pos_1p0__seed_4242,fr,70.02314200353781,421.61524440824985,83.90615844726562,85.30974578857422,85.53703308105469,30,75.87006607055665,78.95779113769531,79.42772674560547,4.169699110031128,4.523589912414551,4.5273298645019535,0.7807377049180327,0.8030973451327433,0.322463768115942,0.0,0.6641509433962264,1.0,0.7981859410430839,0.6168032786885246,0.39623603224754333,0.3975409836065574,0.3975409836065574,0.22056724644098125,0.22056724644098125,26,0.07694855332374573,0.024219969457285228,0.07544174790382385,0.02374569437773909,0.1015109121799469,0.03195110351503873,5,4,0.2571428571428571,0.16129032258064516,0.13333333333333333,30,31,0.13926321460354713,0.0438338429837693,0.13901138305664062,0.04375457765503993,0.16988086700439453,0.05347091312961518,0,0,0.0,0.0,0.0,31
gait_00_trot__vx_pos_1p0__seed_4242,rl,60.938877282553165,368.0708187866211,76.94416694641113,81.46279052734376,83.16831970214844,31,76.08983956613848,82.40787124633789,83.16831970214844,4.079485990462765,4.479599304199219,4.486058959960937,0.7786885245901639,0.8008849557522124,0.32608695652173914,0.0,0.6616541353383458,1.0,0.7963800904977375,0.6188524590163934,0.39623603224754333,0.3975409836065574,0.3975409836065574,0.22261642676885007,0.22261642676885007,31,0.04661715703625833,0.014672999956910494,0.045849233865737915,0.014431292024374138,0.07390633225440979,0.023262414075163596,0,0,0.0,0.0,0.0,31,27,0.1721057891845703,0.05417121930719818,0.1705188751220703,0.05367172960316984,0.19729290008544922,0.06209899741850274,4,4,0.22857142857142856,0.12903225806451613,0.12903225806451613,31
gait_00_trot__vx_pos_1p0__seed_4242,rr,55.63579685286382,310.8018944871426,70.14866790771484,71.07843002319335,75.18649291992188,31,68.96755427698935,71.28266525268555,75.18649291992188,3.577741325747583,3.9090346908569336,3.9308653259277344,0.8237704918032787,0.8542600896860987,0.23722627737226276,0.0,0.7257383966244726,1.0,0.8410757946210269,0.5717213114754098,0.39623603224754333,0.39549180327868855,0.39549180327868855,0.1754852792278665,0.1754852792278665,31,0.04853871849275405,0.015277821721275762,0.048023611307144165,0.015115688974605272,0.07761803269386292,0.02443069167617218,0,0,0.0,0.0,0.0,31,30,0.12641862233479817,0.039790938744471795,0.126708984375,0.03988233175241641,0.15546684265136718,0.048934021732604915,0,1,0.03225806451612903,0.0,0.03225806451612903,31
gait_00_trot__vx_pos_1p5__seed_4242,fl,68.51970905435496,397.4143125152588,82.36562156677246,83.73869659423829,101.03363037109375,39,79.56420350686098,83.7027801513672,85.68224334716797,4.148914035894931,4.464568618774414,4.540314331054687,0.73125,0.7471783295711061,0.3708609271523179,0.0,0.5573122529644269,1.0,0.7157360406091371,0.6041666666666666,0.333658903837204,0.33541666666666664,0.33541666666666664,0.27050776282946265,0.27050776282946265,39,0.08319820425449273,0.020474463194245108,0.08388641476631165,0.02064382671501326,0.11970604062080384,0.02945877191438429,0,0,0.0,0.0,0.0,39,25,0.17248374938964844,0.042446975990987824,0.17237091064453125,0.042419207209744424,0.19375686645507811,0.047682132882724305,13,14,0.5192307692307693,0.34210526315789475,0.358974358974359,39
gait_00_trot__vx_pos_1p5__seed_4242,fr,67.52485623425001,394.34516040802004,83.06497840881347,84.21783416748046,85.20179748535156,38,75.6849704541658,79.0694751739502,82.03620910644531,3.966176873257286,4.404378547668457,4.573634643554688,0.7229166666666667,0.746606334841629,0.37333333333333335,0.0,0.5590551181102362,1.0,0.7171717171717172,0.6083333333333333,0.333658903837204,0.33125,0.33125,0.2746744294961293,0.2746744294961293,38,0.07601398386453327,0.018706479650950937,0.07687786221504211,0.018919073728555003,0.11122520565986632,0.027371701107747188,1,0,0.02564102564102564,0.02564102564102564,0.0,38,21,0.17547344026111422,0.04318271681927248,0.17773818969726562,0.04374005491797508,0.19876480102539062,0.048914548569551033,18,18,0.631578947368421,0.46153846153846156,0.46153846153846156,39
gait_00_trot__vx_pos_1p5__seed_4242,rl,65.92800047339463,378.42672271728514,80.68571472167969,89.76051773071288,91.88507843017578,39,81.36072618533403,90.7560646057129,91.88507843017578,4.572481216039413,4.754415069580078,4.759920043945312,0.7333333333333333,0.7579185520361991,0.3566666666666667,0.0,0.570281124497992,1.0,0.7263427109974424,0.5979166666666667,0.333658903837204,0.33125,0.33125,0.2642577628294627,0.2642577628294627,39,0.02108743939644251,0.005189462989641649,0.020500868558883667,0.0050451122415452136,0.043805009126663214,0.010780089007017298,0,0,0.0,0.0,0.0,39,0,,,,,,,39,39,1.0,1.0,1.0,39
gait_00_trot__vx_pos_1p5__seed_4242,rr,57.19803618296924,300.9567742538452,73.12836074829102,82.44783432006835,82.89619445800781,39,73.42384103628305,82.51703491210938,82.89619445800781,3.8114878126291134,4.305442657470703,4.343595733642578,0.7875,0.8081264108352144,0.2814569536423841,0.0,0.6238938053097345,1.0,0.7683923705722071,0.5479166666666667,0.333658903837204,0.33541666666666664,0.33541666666666664,0.21425776282946274,0.21425776282946274,39,0.06235954012626257,0.01534622195954749,0.06286361813545227,0.015470271832242016,0.09794872403144836,0.024104457098265624,0,0,0.0,0.0,0.0,39,38,0.1523493716591283,0.03749205443376801,0.1529855728149414,0.037648618836396065,0.18726511001586912,0.046084559600084486,0,1,0.02564102564102564,0.0,0.02564102564102564,39
gait_01_bound__vx_neg_1p5__seed_4242,fl,90.39627496047541,449.2418786096573,152.3857879638672,179.4183993530273,272.59246826171875,41,148.05985194880788,181.79254150390625,272.59246826171875,7.301769749711199,8.995780487060546,10.615823211669921,0.8208333333333333,0.8442437923250564,0.22847682119205298,0.0,0.6714285714285714,1.0,0.8034188034188035,0.5145833333333333,0.333658903837204,0.33541666666666664,0.33541666666666664,0.1809244294961293,0.1809244294961293,39,0.08528200708902799,0.020987271671568122,0.08434036374092102,0.020755540202774064,0.12270057797431946,0.030195705426083692,0,2,0.04878048780487805,0.0,0.04878048780487805,41,35,0.08309435163225447,0.020448905831430653,0.08081626892089844,0.0198882865122392,0.11226100921630859,0.027626604707925558,3,5,0.18604651162790697,0.07894736842105263,0.125,40
gait_01_bound__vx_neg_1p5__seed_4242,fr,87.52133184141111,492.32809242129326,127.52098083496094,142.9407257080077,240.10562133789062,39,130.20559809758112,151.81829071044922,240.10562133789062,6.955609400822566,7.564119781494141,9.308169250488282,0.75,0.7674943566591422,0.34105960264900664,0.0,0.5778688524590164,1.0,0.7324675324675325,0.5854166666666667,0.333658903837204,0.33541666666666664,0.33541666666666664,0.2517577628294627,0.2517577628294627,39,0.03761254442043793,0.009256169207961963,0.03810623288154602,0.009377662289657114,0.07319381833076477,0.018012457755403787,0,0,0.0,0.0,0.0,39,12,0.1861888567606608,0.04581970162798157,0.1866140365600586,0.04592433523434016,0.19532222747802735,0.048067356661738135,26,27,0.8153846153846154,0.6842105263157895,0.6923076923076923,39
gait_01_bound__vx_neg_1p5__seed_4242,rl,59.04622437852494,223.64730122208596,101.14156723022461,173.10490051269528,193.61239624023438,40,101.79537632465363,172.7626739501953,193.61239624023438,4.526696665287018,6.371053356170655,6.604126968383789,0.9229166666666667,0.9479638009049773,0.07666666666666666,0.0,0.8606060606060606,1.0,0.9250814332247557,0.39166666666666666,0.333658903837204,0.33125,0.33125,0.058007762829462683,0.058007762829462683,39,0.023826985022960566,0.005863644921832453,0.020500868558883667,0.0050451122415452136,0.05380886197090149,0.013241963258935906,0,1,0.025,0.0,0.025,40,38,0.03636360168457031,0.008948813630923045,0.030853271484375,0.007592762092515666,0.07865085601806635,0.019355394400244065,1,2,0.07317073170731707,0.02564102564102564,0.05,40
gait_01_bound__vx_neg_1p5__seed_4242,rr,62.66602951797409,252.20152609167621,109.620890045166,136.48596130371104,220.96681213378906,39,109.5628425402519,137.1832244873047,220.96681213378906,5.009939160469252,6.03230633544922,7.580409698486328,0.9166666666666666,0.9479638009049773,0.07666666666666666,0.0,0.8606060606060606,1.0,0.9250814332247557,0.41458333333333336,0.333658903837204,0.33125,0.33125,0.08092442949612938,0.08092442949612938,39,0.030629901549755,0.007537792402411673,0.02750656008720398,0.0067691611513999396,0.0658669650554657,0.016209373313149804,0,0,0.0,0.0,0.0,39,39,0.11023311125926483,0.02712755400779058,0.11048507690429688,0.027189560890891598,0.14630470275878907,0.03600450609026262,0,0,0.0,0.0,0.0,39
gait_01_bound__vx_neg_1p0__seed_4242,fl,91.91709936740352,468.8738154089451,154.4471893310547,158.40033172607423,321.3937683105469,31,160.23942122920866,195.53789520263672,321.3937683105469,8.191648574336883,9.494175338745118,12.025457153320312,0.8729508196721312,0.9080717488789237,0.14963503649635038,0.0,0.8075117370892019,1.0,0.8935064935064935,0.5225409836065574,0.39623603224754333,0.39549180327868855,0.39549180327868855,0.1263049513590141,0.1263049513590141,31,0.056737487354586204,0.017858428150424023,0.05724945664405823,0.018019573227471934,0.08377018570899963,0.02636711480158492,0,0,0.0,0.0,0.0,31,30,0.0692318598429362,0.02179109883732565,0.06778240203857422,0.021334874227051694,0.09807748794555664,0.030870414840607555,0,1,0.03225806451612903,0.0,0.03225806451612903,31
gait_01_bound__vx_neg_1p0__seed_4242,fr,85.6084403068247,486.74174092411994,126.65204200744628,130.61687973022464,241.38348388671875,31,132.12477530202557,167.17776489257812,241.38348388671875,7.325899850168537,8.199677276611329,9.80303207397461,0.8135245901639344,0.8430493273542601,0.25547445255474455,0.0,0.7107438016528925,1.0,0.8309178743961353,0.5819672131147541,0.39623603224754333,0.39549180327868855,0.39549180327868855,0.18573118086721074,0.18573118086721074,31,0.021229125799671296,0.006681981093389005,0.017788320779800415,0.005598969277180765,0.04738464951515198,0.014914572326949632,0,0,0.0,0.0,0.0,31,27,0.16137829533329717,0.05079468313844253,0.1591167449951172,0.05008284805187009,0.19204254150390626,0.06044641892297534,3,4,0.20588235294117646,0.1,0.12903225806451613,31
gait_01_bound__vx_neg_1p0__seed_4242,rl,56.652211988889256,221.8742759925127,101.08498153686523,104.83925231933594,163.6222381591797,35,92.07941153390067,104.86911315917969,163.6222381591797,4.2226769191196984,5.017301116943359,6.361107330322266,0.9077868852459017,0.9402654867256637,0.050724637681159424,0.07386363636363637,0.9209039548022598,0.9261363636363636,0.9235127478753541,0.39959016393442626,0.39623603224754333,0.3975409836065574,0.3975409836065574,0.003354131686882922,0.003354131686882922,31,0.017832935817780032,0.005613012099437029,0.01561775803565979,0.004915773023353546,0.03751984238624573,0.011809571426427329,0,4,0.11428571428571428,0.0,0.11428571428571428,35,31,0.018644886632119457,0.005868577968770275,0.0162811279296875,0.005124572251906106,0.040470123291015625,0.012738188149126495,0,4,0.11428571428571428,0.0,0.11428571428571428,35
gait_01_bound__vx_neg_1p0__seed_4242,rr,55.00285470108101,244.98551806032657,97.13252258300781,101.4206481933594,105.1336669921875,38,79.64731246546695,101.79875030517579,105.1336669921875,3.929985020035192,5.182434204101563,5.252503967285157,0.944672131147541,0.9646017699115044,0.057971014492753624,0.0,0.9166666666666666,1.0,0.9565217391304348,0.45286885245901637,0.39623603224754333,0.3975409836065574,0.3975409836065574,0.056632820211473034,0.056632820211473034,31,0.027832124502428116,0.008760310314659923,0.026919931173324585,0.008473192576694483,0.05561599135398865,0.017505431275139583,0,7,0.18421052631578946,0.0,0.18421052631578946,38,31,0.06957300247684602,0.02189847530922774,0.06009101867675781,0.018913970102659543,0.14182376861572266,0.04463979107882572,0,7,0.18421052631578946,0.0,0.18421052631578946,38
gait_01_bound__vx_neg_0p5__seed_4242,fl,92.66109241593269,459.71363102436067,151.3999397277832,156.28525466918947,248.45278930664062,24,154.63429323832193,165.81478576660155,248.45278930664062,8.346559861501058,9.056369049072265,10.751035461425781,0.94824016563147,0.9707207207207207,0.05508474576271186,0.0,0.9411764705882353,1.0,0.9696969696969697,0.5134575569358178,0.4705493450164795,0.4699792960662526,0.4699792960662526,0.04290821191933836,0.04290821191933836,24,0.022297998269399006,0.00897686624945609,0.021602392196655273,0.008696824848345235,0.043815279006958,0.01763942639944713,0,0,0.0,0.0,0.0,24,21,0.02287896474202474,0.009210755330313035,0.023773193359375,0.009570759425631575,0.04302978515625,0.01732319741994932,2,2,0.16,0.08695652173913043,0.08695652173913043,23
gait_01_bound__vx_neg_0p5__seed_4242,fr,88.27886606864779,446.78608258247374,128.2210266113281,135.11594360351555,191.42892456054688,24,131.53067874908447,145.08280792236326,191.42892456054688,7.461378084818523,7.981889137268067,8.9830322265625,0.9461697722567288,0.9864864864864865,0.025423728813559324,0.0,0.9719626168224299,1.0,0.985781990521327,0.5238095238095238,0.4705493450164795,0.4699792960662526,0.4699792960662526,0.053260178793044344,0.053260178793044344,24,0.01269437869389852,0.0051105815992218894,0.012835502624511719,0.005167396145281425,0.024609255790710445,0.009907346617522843,0,0,0.0,0.0,0.0,24,23,0.05123333309007728,0.02062583255711467,0.04944801330566406,0.01990708746064655,0.07892112731933593,0.031772556246640556,0,1,0.041666666666666664,0.0,0.041666666666666664,24
gait_01_bound__vx_neg_0p5__seed_4242,rl,55.714184417902864,239.45129929065706,94.05133781433105,97.1165853881836,97.88299560546875,24,89.65448045730591,97.60409088134766,97.88299560546875,4.519737621943157,5.034488250732422,5.142024688720703,0.9254658385093167,0.9617117117117117,0.00847457627118644,0.07211538461538461,0.9897435897435898,0.9278846153846154,0.9578163771712159,0.44306418219461696,0.4705493450164795,0.4720496894409938,0.4720496894409938,-0.02748516282186253,0.02748516282186253,23,0.013617339341536812,0.005482152813250136,0.012093782424926758,0.004868789833371727,0.02791037559509277,0.011236331874376103,1,1,0.08,0.041666666666666664,0.041666666666666664,24,24,0.025895357131958008,0.010425113261153343,0.02661895751953125,0.010716424786915457,0.046453857421874994,0.018701681640175074,0,1,0.04,0.0,0.04,25
gait_01_bound__vx_neg_0p5__seed_4242,rr,54.495470772896496,245.69359380494512,77.19303550720215,79.31988838195801,79.62677764892578,26,72.58520078659058,79.48225021362305,79.62677764892578,3.9081660270690923,4.509269447326661,4.533724975585938,0.9834368530020704,0.9954954954954955,0.00847457627118644,0.0,0.9904761904761905,1.0,0.9952153110047847,0.463768115942029,0.4705493450164795,0.4720496894409938,0.4720496894409938,-0.006781229074450501,0.006781229074450501,24,0.03687131404876709,0.014843881978038855,0.036870718002319336,0.014843642017968211,0.05825152397155761,0.02345125931045074,0,2,0.07692307692307693,0.0,0.07692307692307693,26,24,0.025853713353474934,0.010408348050884333,0.025438308715820312,0.010241111878983336,0.04765005111694336,0.019183252706749594,0,2,0.07692307692307693,0.0,0.07692307692307693,26
gait_01_bound__vx_pos_0p5__seed_4242,fl,73.0309521579326,334.51341577291487,108.4074005126953,112.72225189208984,113.95944213867188,24,108.04688994089763,113.37035064697265,113.95944213867188,5.693672453562418,5.913114227294922,5.961993865966797,0.9503105590062112,0.9797297297297297,0.012711864406779662,0.028846153846153848,0.9853658536585366,0.9711538461538461,0.9782082324455206,0.474120082815735,0.4705493450164795,0.4699792960662526,0.4699792960662526,0.0035707377992554856,0.0035707377992554856,24,0.012555857499440512,0.005054814878804167,0.012835502624511719,0.005167396145281425,0.023197150230407713,0.009338852414958151,0,0,0.0,0.0,0.0,24,17,0.01793855779311236,0.007221815701631954,0.014265060424804688,0.005742916378714582,0.036942672729492185,0.014872609997696382,6,6,0.41379310344827586,0.2608695652173913,0.2608695652173913,23
gait_01_bound__vx_pos_0p5__seed_4242,fr,72.46264088998629,368.1503140926361,104.46454658508301,107.45772552490234,109.74593353271484,24,105.09813594818115,108.08716011047363,109.74593353271484,5.537387628555298,5.734586029052735,5.933456115722656,0.9440993788819876,0.9819819819819819,0.03389830508474576,0.0,0.9629629629629629,1.0,0.9811320754716981,0.525879917184265,0.4705493450164795,0.4699792960662526,0.4699792960662526,0.055330572167785474,0.055330572167785474,24,0.013484676678975424,0.005428744656889094,0.012835502624511719,0.005167396145281425,0.024571013450622556,0.009891950779390308,0,0,0.0,0.0,0.0,24,23,0.05123333309007728,0.02062583255711467,0.05110931396484375,0.02057590416954619,0.07495098114013672,0.030174230208093376,0,1,0.041666666666666664,0.0,0.041666666666666664,24
gait_01_bound__vx_pos_0p5__seed_4242,rl,64.7230584018833,353.45664629131556,88.78493499755858,142.1740863037104,190.62008666992188,23,100.62404864767323,154.26490936279293,190.50633239746094,5.094453243587329,6.454109817504882,7.164974365234375,0.906832298136646,0.9414414414414415,0.11016949152542373,0.0,0.8888888888888888,1.0,0.9411764705882353,0.5652173913043478,0.4705493450164795,0.4720496894409938,0.4720496894409938,0.09466804628786829,0.09466804628786829,22,0.013476393439553001,0.005425409939058868,0.011289596557617188,0.004545035706058512,0.027937030792236327,0.011247062888735313,2,1,0.12,0.08333333333333333,0.043478260869565216,23,24,0.08588262399037679,0.034575158693593386,0.08557605743408203,0.03445173923059203,0.1149200439453125,0.04626522306688167,0,0,0.0,0.0,0.0,24
gait_01_bound__vx_pos_0p5__seed_4242,rr,64.55136897680643,369.6093794506043,94.0740966796875,106.59275207519485,163.30955505371094,23,101.53708117941152,142.6031372070312,163.30955505371094,5.009401835565981,6.10702783203125,6.449488830566406,0.8799171842650103,0.9121621621621622,0.1652542372881356,0.0,0.8421052631578947,1.0,0.9142857142857143,0.5921325051759835,0.4705493450164795,0.4720496894409938,0.4720496894409938,0.12158316015950399,0.12158316015950399,20,0.014652228355407715,0.005898784842202257,0.011262178421020508,0.0045339975428088765,0.03625435829162598,0.01459550410811641,4,3,0.25925925925925924,0.16666666666666666,0.13043478260869565,23,24,0.10658236344655354,0.04290858801095498,0.1048274040222168,0.042202065576288104,0.134160041809082,0.05401098057283267,0,0,0.0,0.0,0.0,24
gait_01_bound__vx_pos_1p0__seed_4242,fl,71.35368037026775,345.44402714729307,106.85117263793946,161.47248825073243,190.47451782226562,31,112.18765652564264,170.2859878540039,190.47451782226562,5.254763058077906,6.760461807250977,7.162850189208984,0.8995901639344263,0.9372197309417041,0.10218978102189781,0.0,0.86,1.0,0.924731182795699,0.4959016393442623,0.39623603224754333,0.39549180327868855,0.39549180327868855,0.09966560709671896,0.09966560709671896,31,0.036240380617880055,0.011406853979340277,0.03444710373878479,0.010842410473074384,0.06404057145118713,0.020157113000540315,0,0,0.0,0.0,0.0,31,30,0.0628777821858724,0.019791118848932383,0.05791759490966797,0.018229873326529387,0.12385005950927733,0.03898246983250285,0,1,0.03225806451612903,0.0,0.03225806451612903,31
gait_01_bound__vx_pos_1p0__seed_4242,fr,65.73579793752626,339.24586527347566,95.01923332214355,101.96609291076662,103.60145568847656,31,93.26885174166772,103.20931625366211,103.60145568847656,4.601455941969349,5.025943222045898,5.097824401855469,0.8668032786885246,0.9013452914798207,0.16058394160583941,0.0,0.7962962962962963,1.0,0.8865979381443299,0.5286885245901639,0.39623603224754333,0.39549180327868855,0.39549180327868855,0.13245249234262058,0.13245249234262058,31,0.021997073965687907,0.0069236968933917165,0.01959267258644104,0.006166898676232216,0.047385603189468384,0.014914872501050612,0,0,0.0,0.0,0.0,31,30,0.11159241994222005,0.035124312101018594,0.11159229278564453,0.03512427207780513,0.14287891387939453,0.04497190370414841,0,1,0.03225806451612903,0.0,0.03225806451612903,31
gait_01_bound__vx_pos_1p0__seed_4242,rl,69.57743515185456,372.9567475658655,99.39101943969723,159.85235351562412,229.53245544433594,31,111.03170702534337,210.95734405517578,229.53245544433594,5.434138784100932,7.632089538574219,7.985271301269531,0.8483606557377049,0.8761061946902655,0.2028985507246377,0.0,0.7586206896551724,1.0,0.8627450980392156,0.5491803278688525,0.39623603224754333,0.3975409836065574,0.3975409836065574,0.15294429562130918,0.15294429562130918,31,0.044567557111863165,0.014027877398729974,0.04277077317237854,0.013462330026415323,0.07236805558204651,0.022778233250285166,0,0,0.0,0.0,0.0,31,31,0.10851773908061366,0.034156539825356776,0.10697746276855469,0.033671729603169845,0.13811111450195312,0.04347121330371616,0,0,0.0,0.0,0.0,31
gait_01_bound__vx_pos_1p0__seed_4242,rr,68.29352688041713,392.0752439117432,103.55973052978514,143.24004272460937,165.7416534423828,31,106.78123671008694,144.73993682861328,165.7416534423828,5.293383333759923,6.238898391723633,6.66740005493164,0.8094262295081968,0.834070796460177,0.2717391304347826,0.0,0.701195219123506,1.0,0.8243559718969555,0.5881147540983607,0.39623603224754333,0.3975409836065574,0.3975409836065574,0.19187872185081734,0.19187872185081734,31,0.04866675696065349,0.015318122515091013,0.04892197251319885,0.015398452977727083,0.07544174790382385,0.02374569437773909,0,0,0.0,0.0,0.0,31,31,0.14336266056183847,0.04512416556441447,0.14336395263671875,0.04512457225190611,0.16988086700439453,0.05347091312961518,0,0,0.0,0.0,0.0,31
gait_01_bound__vx_pos_1p5__seed_4242,fl,68.38999771981184,359.8280839920044,104.2132614135742,119.43130187988268,224.9706573486328,39,105.01052073943309,144.94047698974623,224.9706573486328,4.897382711752868,6.038156845092776,7.54328109741211,0.7875,0.8081264108352144,0.2814569536423841,0.0,0.6238938053097345,1.0,0.7683923705722071,0.5479166666666667,0.333658903837204,0.33541666666666664,0.33541666666666664,0.21425776282946274,0.21425776282946274,39,0.07486274838447571,0.01842316910746556,0.07360580563545227,0.01811384478631275,0.10975292325019838,0.02700938328756836,0,0,0.0,0.0,0.0,39,38,0.13951698102449117,0.03433409793582033,0.13896942138671875,0.03419934755568073,0.19060840606689453,0.046907320049754744,0,1,0.02564102564102564,0.0,0.02564102564102564,39
gait_01_bound__vx_pos_1p5__seed_4242,fr,62.6590978830241,322.10912375450135,86.02893829345703,100.47858398437499,190.3106231689453,39,87.7404065254407,108.52297363281261,190.3106231689453,4.239921296926645,4.789128112792971,6.484049224853516,0.8,0.8216704288939052,0.26158940397350994,0.0,0.6409090909090909,1.0,0.7811634349030471,0.5354166666666667,0.333658903837204,0.33541666666666664,0.33541666666666664,0.20175776282946267,0.20175776282946267,39,0.022870397720581446,0.005628235856334674,0.020364075899124146,0.005011448578938722,0.049176102876663214,0.012101875484052668,0,0,0.0,0.0,0.0,39,25,0.1716429138183594,0.042240052571053066,0.17237091064453125,0.042419207209744424,0.19375686645507811,0.047682132882724305,13,14,0.5192307692307693,0.34210526315789475,0.358974358974359,39
gait_01_bound__vx_pos_1p5__seed_4242,rl,74.04690482292646,359.8793595016003,102.35177001953124,156.65667175292944,243.00570678710938,39,110.31282728146284,171.15236053466808,243.00570678710938,5.445437543820113,6.776307403564455,8.114017791748047,0.825,0.8574660633484162,0.21,0.0,0.6926829268292682,1.0,0.8184438040345821,0.50625,0.333658903837204,0.33125,0.33125,0.172591096162796,0.172591096162796,39,0.05206606861872551,0.01281307469500545,0.05376365780830383,0.013230838848600062,0.0863049328327179,0.02123900613720106,0,0,0.0,0.0,0.0,39,39,0.1206522721510667,0.02969163250089815,0.12076950073242188,0.029720481588396817,0.15630702972412108,0.03846600483465935,0,0,0.0,0.0,0.0,39
gait_01_bound__vx_pos_1p5__seed_4242,rr,71.50916582282777,404.7418785572052,104.76686401367186,194.18470764160173,239.6624298095703,39,116.2041978102464,216.29135894775393,239.6624298095703,5.450710824819711,7.55905046081543,8.004767913818359,0.7416666666666667,0.7669683257918553,0.3433333333333333,0.0,0.5795918367346938,1.0,0.7338501291989664,0.5895833333333333,0.333658903837204,0.33125,0.33125,0.25592442949612937,0.25592442949612937,39,0.054149969266011164,0.013325907243323458,0.054215699434280396,0.013342082951958507,0.08930290341377259,0.02197678454082471,0,0,0.0,0.0,0.0,39,19,0.1735401153564453,0.04270693984838884,0.17073440551757812,0.042016475392522706,0.19881000518798828,0.048925672979886876,20,20,0.6779661016949152,0.5128205128205128,0.5128205128205128,39
gait_02_half_bound__vx_neg_1p5__seed_4242,fl,95.1328620252938,443.81046686410906,149.57153854370117,176.54380004882807,240.3361358642578,39,151.8518524169922,186.14654541015628,240.3361358642578,7.85057380871895,9.055580688476562,10.088098754882813,0.8520833333333333,0.8800904977375565,0.1760797342192691,0.0,0.7268041237113402,1.0,0.8417910447761193,0.48333333333333334,0.333658903837204,0.33541666666666664,0.33541666666666664,0.14967442949612936,0.14967442949612936,39,0.022547080791914125,0.005548669949649639,0.021143342256543463,0.005203220270364787,0.04971771121025342,0.01223516129221589,0,0,0.0,0.0,0.0,39,31,0.15962881518948627,0.039283471688171694,0.16130722045898338,0.03969651482081226,0.19470775604248125,0.04791613978267522,8,7,0.32608695652173914,0.20512820512820512,0.18421052631578946,38
gait_02_half_bound__vx_neg_1p5__seed_4242,fr,91.85747713102421,521.8834016537667,120.03687858581543,121.39108917236328,146.6221466064453,39,119.81919821714743,121.39015350341796,146.6221466064453,6.736237393892727,6.911605194091797,7.62239013671875,0.7416666666666667,0.7624434389140271,0.3488372093023256,0.0,0.573170731707317,1.0,0.7286821705426356,0.5916666666666667,0.333658903837204,0.3333333333333333,0.3333333333333333,0.2580077628294627,0.2580077628294627,39,0.1256758931661279,0.030927908505847528,0.12560669064522045,0.03091087827689049,0.1614301311969779,0.03972676224506614,0,0,0.0,0.0,0.0,39,39,0.132228892399713,0.03254055318757104,0.1339236450195287,0.03295761928231062,0.16646987915038808,0.04096700697035775,0,0,0.0,0.0,0.0,39
gait_02_half_bound__vx_neg_1p5__seed_4242,rl,56.118397640627485,194.72968659445644,89.48840980529785,100.33931900024389,131.75631713867188,42,83.80295333408174,91.16804237365723,131.75631713867188,3.85697202546256,4.414213146209717,5.311085281372071,0.8479166666666667,0.8778280542986425,0.11,0.14788732394366197,0.7857142857142857,0.852112676056338,0.8175675675675675,0.35833333333333334,0.333658903837204,0.33125,0.33125,0.024674429496129358,0.024674429496129358,39,0.04176475833623837,0.010277998365880328,0.040200501680374146,0.009893046363444343,0.07893550992012024,0.01942544562181699,0,3,0.07142857142857142,0.0,0.07142857142857142,42,39,0.02756333962464944,0.0067831341759385134,0.023569107055664062,0.005800183059916919,0.05980911254882813,0.014718580581567277,0,3,0.07142857142857142,0.0,0.07142857142857142,42
gait_02_half_bound__vx_neg_1p5__seed_4242,rr,56.52188709093177,262.51810469836,105.7765857696533,118.45749794006355,175.9838409423828,39,103.22667165902945,122.42368164062502,175.9838409423828,4.933924807035006,5.671706130981446,6.656237945556641,0.8520833333333333,0.8868778280542986,0.16666666666666666,0.0,0.7395833333333334,1.0,0.8502994011976047,0.4791666666666667,0.333658903837204,0.33125,0.33125,0.1455077628294627,0.1455077628294627,39,0.020572274923324585,0.005062684820108428,0.020500868558883667,0.0050451122415452136,0.04111682772636414,0.010118547431293859,0,0,0.0,0.0,0.0,39,35,0.14311316353934153,0.03521909187529128,0.14597702026367188,0.03592386584993781,0.19044647216796873,0.04686746931399469,4,4,0.18604651162790697,0.10256410256410256,0.10256410256410256,39
gait_02_half_bound__vx_neg_1p0__seed_4242,fl,95.71162314918952,471.29013365507126,148.68388748168945,176.8075119018556,275.3719482421875,31,155.01407795567667,198.41928100585938,275.3719482421875,8.282567109138734,9.630602569580077,11.126219787597657,0.8811475409836066,0.8975501113585747,0.16666666666666666,0.0,0.7899543378995434,1.0,0.8826530612244898,0.5040983606557377,0.39623603224754333,0.39344262295081966,0.39344262295081966,0.10786232840819432,0.10786232840819432,31,0.036367745130293554,0.0114469426420552,0.036364053487776715,0.011445780677792809,0.06442115187645037,0.020276902728582825,0,0,0.0,0.0,0.0,31,24,0.1394168186187752,0.04388219067058919,0.13641727447509666,0.042938068079485796,0.17603195190429888,0.055407000060035454,7,6,0.35135135135135137,0.22580645161290322,0.2,30
gait_02_half_bound__vx_neg_1p0__seed_4242,fr,89.15587264887044,506.4964489018917,124.77755928039551,130.252158584595,177.17410278320312,31,126.8523436515562,148.5950927734375,177.17410278320312,6.932540514546056,7.801442565917969,8.334903106689453,0.8135245901639344,0.8418708240534521,0.2581818181818182,0.0,0.710204081632653,1.0,0.8305489260143197,0.5819672131147541,0.39623603224754333,0.39549180327868855,0.39549180327868855,0.18573118086721074,0.18573118086721074,31,0.0986001991072016,0.031034940979478006,0.09782723069191235,0.030791645029117697,0.12742260575294573,0.04010694790478503,0,0,0.0,0.0,0.0,31,31,0.08702372643255346,0.0273911841771451,0.08830749511718494,0.027795257249203738,0.11392509460449318,0.035858533949691136,0,0,0.0,0.0,0.0,31
gait_02_half_bound__vx_neg_1p0__seed_4242,rl,54.7565148845315,210.72188778772951,95.91996765136717,98.18697036743164,99.8608169555664,31,93.27633051718435,98.61383056640625,99.8608169555664,4.456645441362935,4.838406295776368,4.878174667358398,0.8237704918032787,0.8495575221238938,0.11956521739130435,0.19886363636363635,0.8103448275862069,0.8011363636363636,0.8057142857142857,0.39344262295081966,0.39623603224754333,0.3975409836065574,0.3975409836065574,-0.00279340929672367,0.00279340929672367,31,0.054815925898090485,0.017253606386058756,0.05507507920265198,0.0173351762772408,0.08748379349708557,0.027535992750795463,0,0,0.0,0.0,0.0,31,31,0.05750840710055444,0.01810107927113855,0.056488037109375,0.017779912349162517,0.08582019805908203,0.02701236717296032,0,0,0.0,0.0,0.0,31
gait_02_half_bound__vx_neg_1p0__seed_4242,rr,46.01155670233599,237.71463362932207,82.89943885803223,85.4546541595459,87.92505645751953,42,63.59284207934425,85.60615196228028,87.92505645751953,3.1909982669353485,4.672948432922363,4.707080383300782,0.8770491803278688,0.8960176991150443,0.17028985507246377,0.0,0.7892376681614349,1.0,0.8822055137844611,0.5204918032786885,0.39623603224754333,0.3975409836065574,0.3975409836065574,0.12425577103114516,0.12425577103114516,31,0.016182819681782878,0.005093629204131946,0.01561775803565979,0.004915773023353546,0.028695106506347656,0.00903193852434412,0,11,0.2619047619047619,0.0,0.2619047619047619,42,26,0.0792996333195613,0.024959984483308016,0.08507347106933594,0.026777330851894102,0.15182209014892578,0.04778681635348503,5,16,0.44680851063829785,0.16129032258064516,0.38095238095238093,42
gait_02_half_bound__vx_neg_0p5__seed_4242,fl,93.54710640694931,462.1299783444405,140.5945831298828,143.26932006835938,170.40408325195312,24,142.43063100179037,162.70234680175776,170.40408325195312,7.811073280970255,8.718852447509764,8.850828857421876,0.8819875776397516,0.9142212189616253,0.1228813559322034,0.043478260869565216,0.8722466960352423,0.9565217391304348,0.9124423963133641,0.5113871635610766,0.4705493450164795,0.4720496894409938,0.4720496894409938,0.040837818544597115,0.040837818544597115,24,0.06430419762929278,0.025887982159768605,0.06430447578430343,0.025888094141135586,0.08568575859069778,0.03449590340167378,0,0,0.0,0.0,0.0,24,23,0.10388835575269625,0.04182401770780129,0.10409820556640881,0.04190850034554353,0.1248461532592767,0.05026133763341754,1,1,0.08,0.041666666666666664,0.041666666666666664,24
gait_02_half_bound__vx_neg_0p5__seed_4242,fr,79.21688600050078,456.2892633628845,119.32082443237304,120.46774337768555,121.2106704711914,24,119.44769446055095,120.52572669982911,121.2106704711914,6.695000960032146,6.82252409362793,6.8374417114257815,0.8757763975155279,0.8986486486486487,0.189873417721519,0.0,0.8214285714285714,1.0,0.9019607843137255,0.5962732919254659,0.4705493450164795,0.4720496894409938,0.4720496894409938,0.12572394690898636,0.12572394690898636,24,0.07977788130442298,0.03211747357239754,0.08029377937316795,0.03232516701220877,0.10012896537780662,0.040310539046302295,0,0,0.0,0.0,0.0,24,24,0.04602980136871341,0.01853096252783538,0.04530632019043068,0.018239698994087783,0.07631475448608498,0.030723266528450064,0,0,0.0,0.0,0.0,24
gait_02_half_bound__vx_neg_0p5__seed_4242,rl,50.677876852784564,251.05986625522377,93.13464813232422,98.74286422729492,99.27761840820312,24,93.67851034800212,99.18970527648926,99.27761840820312,4.692346143722534,5.022016960144043,5.079055633544922,0.8488612836438924,0.8783783783783784,0.15254237288135594,0.08653846153846154,0.8407079646017699,0.9134615384615384,0.8755760368663594,0.5113871635610766,0.4705493450164795,0.4720496894409938,0.4720496894409938,0.040837818544597115,0.040837818544597115,24,0.07097466786702473,0.02857342138268192,0.0704500675201416,0.028362224525838902,0.09194912910461425,0.03701744989633725,0,0,0.0,0.0,0.0,24,24,0.03309579690297445,0.013323910901226036,0.034698486328125,0.013969131536512325,0.05287046432495117,0.02128491898948015,0,0,0.0,0.0,0.0,24
gait_02_half_bound__vx_neg_0p5__seed_4242,rr,37.222389852805215,227.66970485627652,65.11127319335938,69.63630981445311,72.01625061035156,28,60.11081794330052,69.9038688659668,72.01625061035156,2.845712330852236,3.581264209747314,3.625404663085938,0.8364389233954451,0.8648648648648649,0.2542372881355932,0.0,0.7761194029850746,1.0,0.8739495798319328,0.6314699792960663,0.4705493450164795,0.4720496894409938,0.4720496894409938,0.1609206342795868,0.1609206342795868,23,0.013079549955285114,0.005265646231249729,0.012093782424926758,0.004868789833371727,0.0276012897491455,0.011111898180142821,1,5,0.20689655172413793,0.041666666666666664,0.17857142857142858,28,23,0.15130938654360565,0.0609150699932227,0.1584300994873047,0.0637817707133533,0.17918167114257813,0.07213606695845812,1,6,0.23333333333333334,0.041666666666666664,0.20689655172413793,29
gait_02_half_bound__vx_pos_0p5__seed_4242,fl,74.53692518492214,363.74019490242006,98.65973281860352,99.62784111022948,100.99874877929688,24,98.36295000712077,100.29744300842285,100.99874877929688,5.554223044713338,5.947581222534179,5.979065856933594,0.9296066252587992,0.963882618510158,0.06779661016949153,0.0,0.9282511210762332,1.0,0.9627906976744186,0.505175983436853,0.4705493450164795,0.4720496894409938,0.4720496894409938,0.0346266384203735,0.0346266384203735,24,0.04360461711883542,0.017554616831759184,0.043505315780638654,0.017514639483989465,0.06480482101440659,0.02608952622283744,0,0,0.0,0.0,0.0,24,24,0.07812607765197759,0.0314524802272902,0.07854211807250877,0.03161997235659946,0.09909017562866164,0.03989233663518372,0,0,0.0,0.0,0.0,24
gait_02_half_bound__vx_pos_0p5__seed_4242,fr,67.74305611404718,345.4895861816406,82.25555953979492,85.48534881591797,87.85843658447266,24,82.91657733917236,86.35216064453125,87.85843658447266,4.513808466593424,4.9618507003784185,5.020093536376954,0.8157349896480331,0.8423423423423423,0.20675105485232068,0.10144927536231885,0.7914893617021277,0.8985507246376812,0.8416289592760181,0.5279503105590062,0.4705493450164795,0.4720496894409938,0.4720496894409938,0.057400965542526716,0.057400965542526716,24,0.09633772055308021,0.03878423622309246,0.09633744239807296,0.03878412424172685,0.1177185344696035,0.047391856715042216,0,0,0.0,0.0,0.0,24,24,0.03883847077687571,0.0156358321175356,0.03479850769042958,0.01400939875604695,0.08287036895751848,0.03336246640558969,0,0,0.0,0.0,0.0,24
gait_02_half_bound__vx_pos_0p5__seed_4242,rl,64.87298082884125,367.3037274032831,96.71627655029295,131.4003717041016,185.6361541748047,24,106.71996720631917,137.2748825073242,185.6361541748047,4.944127250512441,5.920585243225098,6.871472625732422,0.8861283643892339,0.918918918918919,0.15254237288135594,0.0,0.8524590163934426,1.0,0.9203539823008848,0.5859213250517599,0.4705493450164795,0.4720496894409938,0.4720496894409938,0.11537198003528037,0.11537198003528037,22,0.05179008570584384,0.02084997347350492,0.05286049842834473,0.021280906857098977,0.07119765281677246,0.028663192044843737,2,2,0.15384615384615385,0.08333333333333333,0.08333333333333333,24,24,0.06518288453420003,0.026241729376231794,0.06465911865234375,0.026030868463487674,0.08615751266479492,0.0346858250787069,0,0,0.0,0.0,0.0,24
gait_02_half_bound__vx_pos_0p5__seed_4242,rr,58.812400219015,349.51112446546557,91.86960144042968,99.5390075683594,155.2364044189453,23,98.00021926216458,125.8590682983398,155.2364044189453,4.772162644759469,5.611459899902343,6.147007446289063,0.8571428571428571,0.8873873873873874,0.211864406779661,0.0,0.8062015503875969,1.0,0.8927038626609441,0.6149068322981367,0.4705493450164795,0.4720496894409938,0.4720496894409938,0.1443574872816572,0.1443574872816572,20,0.022342562675476074,0.008994807264071258,0.020772218704223633,0.00836260846195193,0.0456946849822998,0.018396049297396914,4,3,0.25925925925925924,0.16666666666666666,0.13043478260869565,23,24,0.1210720141728719,0.04874192134428831,0.1207571029663086,0.04861514244029794,0.15130023956298827,0.06091138754511249,0,0,0.0,0.0,0.0,24
gait_02_half_bound__vx_pos_1p0__seed_4242,fl,72.2991473985755,366.0986077785492,94.56561126708984,97.76807708740233,135.17576599121094,31,95.34727551860195,98.5306167602539,135.17576599121094,5.05004218439902,5.4860846710205085,6.168433532714844,0.875,0.9086859688195991,0.14855072463768115,0.0,0.8084112149532711,1.0,0.8940568475452196,0.5184426229508197,0.39623603224754333,0.39344262295081966,0.39344262295081966,0.12220659070327633,0.12220659070327633,31,0.01702257329417825,0.005357946153123688,0.016634439229964215,0.005235778876748202,0.03572890639305193,0.01124586472654164,0,0,0.0,0.0,0.0,31,22,0.12070644378662188,0.03799299993996543,0.1197603988647451,0.03769522723179413,0.14087465286255121,0.04434105181005058,9,8,0.4358974358974359,0.2903225806451613,0.26666666666666666,30
gait_02_half_bound__vx_pos_1p0__seed_4242,fr,64.66406948995773,337.5687276697159,80.92446899414062,90.50704345703123,124.72633361816406,31,83.05892206007435,102.28107452392578,124.72633361816406,4.263600087319651,4.778617630004883,5.24049819946289,0.8483606557377049,0.8730512249443207,0.20727272727272728,0.0,0.7532467532467533,1.0,0.8592592592592593,0.5348360655737705,0.39623603224754333,0.39549180327868855,0.39549180327868855,0.13860003332622717,0.13860003332622717,31,0.10269964506549292,0.03232526356012317,0.1009018766880061,0.0317594063306726,0.13140038132667442,0.04135897407996607,0,0,0.0,0.0,0.0,31,31,0.03655833582724249,0.011506932085125359,0.03526603698730568,0.011100174100978882,0.07382690429687422,0.023237413699945725,0,0,0.0,0.0,0.0,31
gait_02_half_bound__vx_pos_1p0__seed_4242,rl,72.15202935536702,381.00528059959413,107.88443641662597,212.84149917602542,223.39215087890625,30,123.2685043334961,218.9023910522461,223.39215087890625,5.539688965479533,7.653087394714356,7.749225006103516,0.8565573770491803,0.8849557522123894,0.18840579710144928,0.0,0.7719298245614035,1.0,0.8712871287128713,0.5409836065573771,0.39623603224754333,0.3975409836065574,0.3975409836065574,0.14474757430983376,0.14474757430983376,29,0.07373118503340359,0.023207285548894223,0.07300606369972229,0.02297904972383983,0.10124054551124573,0.0318660041574113,2,1,0.09375,0.06451612903225806,0.03333333333333333,30,31,0.06957324858634703,0.021898552773511867,0.07059288024902344,0.02221948730263553,0.09955215454101562,0.03133457405295072,0,0,0.0,0.0,0.0,31
gait_02_half_bound__vx_pos_1p0__seed_4242,rr,64.16406539610796,383.7707166004181,97.38155364990234,103.96390747070271,197.52813720703125,31,102.91262817382812,139.83839416503906,197.52813720703125,5.0891274113808915,6.063369522094726,7.135590362548828,0.7848360655737705,0.8075221238938053,0.31521739130434784,0.0,0.6692015209125475,1.0,0.8018223234624146,0.6127049180327869,0.39623603224754333,0.3975409836065574,0.3975409836065574,0.2164688857852436,0.2164688857852436,31,0.04251777260534225,0.013382696742336364,0.04149666428565979,0.013061297427507956,0.07082882523536682,0.02229375225130576,0,0,0.0,0.0,0.0,31,27,0.16975233289930555,0.053430456331338846,0.16924285888671875,0.05327009665606052,0.19729290008544922,0.06209899741850274,4,4,0.22857142857142856,0.12903225806451613,0.12903225806451613,31
gait_02_half_bound__vx_pos_1p5__seed_4242,fl,70.01393371797957,371.2367427015305,96.57503662109374,110.33491516113307,164.06747436523438,39,97.0406742585011,125.11733551025395,164.06747436523438,4.948859896537585,5.78015545654297,6.521140899658203,0.7833333333333333,0.8054298642533937,0.2857142857142857,0.0,0.6211453744493393,1.0,0.7663043478260869,0.5520833333333334,0.333658903837204,0.33541666666666664,0.33541666666666664,0.2184244294961294,0.2184244294961294,39,0.02313613937451218,0.005693632913414651,0.021143342256543463,0.005203220270364787,0.04995536923408253,0.012293647175478732,0,0,0.0,0.0,0.0,39,17,0.1796972027946938,0.04422215356324928,0.18187606811523693,0.04475835621582358,0.19700057983398694,0.04848038677274818,22,21,0.7166666666666667,0.5641025641025641,0.5526315789473685,38
gait_02_half_bound__vx_pos_1p5__seed_4242,fr,63.63999189489028,324.5639586639404,79.8963493347168,87.56980072021484,148.2881317138672,39,80.47775288117238,92.33033447265632,148.2881317138672,3.9593578949952737,4.446118743896485,5.5400341796875,0.8020833333333334,0.8280542986425339,0.25249169435215946,0.0,0.6497695852534562,1.0,0.7877094972067039,0.53125,0.333658903837204,0.3333333333333333,0.3333333333333333,0.19759109616279602,0.19759109616279602,39,0.10900498142609386,0.026825320332288436,0.10831848263740795,0.026656378053932898,0.14409271359443884,0.035460151904527754,0,0,0.0,0.0,0.0,39,39,0.0884680058405934,0.021771322418340275,0.08814727783202869,0.02169239362575919,0.12397033691405995,0.030508183717054455,0,0,0.0,0.0,0.0,39
gait_02_half_bound__vx_pos_1p5__seed_4242,rl,78.20656458536784,384.77629776000975,110.4319019317627,232.2601257324219,239.65298461914062,38,126.09613579197934,233.3924934387207,239.65298461914062,5.773274393583599,7.952220413208008,8.074686584472657,0.81875,0.8506787330316742,0.22,0.0,0.6826923076923077,1.0,0.8114285714285714,0.5125,0.333658903837204,0.33125,0.33125,0.17884109616279598,0.17884109616279598,38,0.08243010389177423,0.020285439371593106,0.08247306942939758,0.020296012872867236,0.11823013424873352,0.029095562263840975,1,0,0.02564102564102564,0.02564102564102564,0.0,38,39,0.09564619797926682,0.023537822453544483,0.09601593017578125,0.02362881081461663,0.13155670166015626,0.032375132014363164,0,0,0.0,0.0,0.0,39
gait_02_half_bound__vx_pos_1p5__seed_4242,rr,70.79151489877869,400.6799743270874,104.50688400268554,170.01443450927738,202.61614990234375,39,120.40130400046324,175.05879974365237,202.61614990234375,5.443577923896986,6.723071853637696,7.167510833740234,0.7416666666666667,0.7669683257918553,0.3433333333333333,0.0,0.5795918367346938,1.0,0.7338501291989664,0.5895833333333333,0.333658903837204,0.33125,0.33125,0.25592442949612937,0.25592442949612937,39,0.04373061274870848,0.010761780608225902,0.04347732663154602,0.010699448766692484,0.07929695248603821,0.01951439396606351,0,0,0.0,0.0,0.0,39,14,0.18271323612758092,0.04496437707660689,0.1812429428100586,0.044602548757304794,0.19892301559448242,0.04895348400572649,25,25,0.78125,0.6410256410256411,0.6410256410256411,39
gait_03_half_bound__vx_neg_1p5__seed_4242,fl,89.75520066498768,455.54488699495795,136.76019287109375,235.15628601074215,242.1559600830078,40,142.0902600288391,237.4428283691406,242.1559600830078,7.175422979354859,9.673494514465332,9.79802963256836,0.70625,0.7239819004524887,0.3521594684385382,0.11347517730496454,0.5411255411255411,0.8865248226950354,0.6720430107526881,0.5270833333333333,0.333658903837204,0.3333333333333333,0.3333333333333333,0.19342442949612937,0.19342442949612937,21,0.17791645350910523,0.043783924324617696,0.17839447140693565,0.043901560996502845,0.19659439206123608,0.04838042696378762,18,19,0.6379310344827587,0.46153846153846156,0.475,40,39,0.027910915276943334,0.006868669975224984,0.021609191894533808,0.005317862423432299,0.07885925292968496,0.019406679340044905,0,1,0.025,0.0,0.025,40
gait_03_half_bound__vx_neg_1p5__seed_4242,fr,87.89843036911704,502.8853944003582,141.83145904541016,214.2324447631834,276.3613586425781,39,150.6403362567608,227.2290573120118,276.3613586425781,7.619564705873145,9.572581283569338,10.535345153808594,0.7104166666666667,0.7217194570135747,0.40863787375415284,0.0,0.5340909090909091,1.0,0.6962962962962962,0.5958333333333333,0.333658903837204,0.33541666666666664,0.33541666666666664,0.26217442949612935,0.26217442949612935,39,0.055137202709150644,0.013568858097573364,0.05639419436455029,0.013878194454223917,0.08894290804862913,0.02188819234199332,0,0,0.0,0.0,0.0,39,0,,,,,,,39,39,1.0,1.0,1.0,39
gait_03_half_bound__vx_neg_1p5__seed_4242,rl,61.879550615082614,229.18797527506948,105.67160263061524,172.16035278320288,213.03269958496094,39,107.47387088873448,170.87790527343753,213.03269958496094,4.8197963303786056,6.439794502258301,7.170788497924804,0.94375,0.9660633484162896,0.04666666666666667,0.007042253521126761,0.9096774193548387,0.9929577464788732,0.9494949494949495,0.38333333333333336,0.333658903837204,0.33125,0.33125,0.04967442949612938,0.04967442949612938,39,0.02035861672499241,0.005010105116530696,0.020500868558883667,0.0050451122415452136,0.038119047880172736,0.009380815966110448,0,0,0.0,0.0,0.0,39,39,0.05292589236528446,0.013024670964542824,0.0436859130859375,0.010750780351568918,0.14635009765625,0.036015677439038704,0,0,0.0,0.0,0.0,39
gait_03_half_bound__vx_neg_1p5__seed_4242,rr,61.70029722170884,222.4086333309114,108.86186180114746,114.28097915649398,238.5620574951172,42,99.62211749667213,110.8553970336914,238.5620574951172,4.428922113747824,5.074159072875976,7.649358749389648,0.9479166666666666,0.9773755656108597,0.03333333333333333,0.0,0.9342105263157895,1.0,0.9659863945578232,0.37083333333333335,0.333658903837204,0.33125,0.33125,0.03717442949612937,0.03717442949612937,39,0.04391496991499876,0.010807149544366153,0.04480239748954773,0.011025538911966956,0.08435279726982117,0.020758600002346923,0,3,0.07142857142857142,0.0,0.07142857142857142,42,39,0.07480753385103665,0.018409581218846865,0.07126235961914062,0.017537140040836445,0.12542839050292975,0.030866999929592357,0,3,0.07142857142857142,0.0,0.07142857142857142,42
gait_03_half_bound__vx_neg_1p0__seed_4242,fl,88.2838527397676,466.37212934672834,134.37436294555664,143.75260910034186,229.2147216796875,31,137.82263946533203,168.9773406982422,229.2147216796875,7.481139654344129,8.51355209350586,9.772604217529297,0.7151639344262295,0.734966592427617,0.34545454545454546,0.13793103448275862,0.6122448979591837,0.8620689655172413,0.7159904534606205,0.5409836065573771,0.39623603224754333,0.39549180327868855,0.39549180327868855,0.14474757430983376,0.14474757430983376,24,0.17450383782386844,0.054926017965420154,0.17584637284278948,0.055348588056072776,0.1962090361118312,0.061757845425346555,7,7,0.3684210526315789,0.22580645161290322,0.22580645161290322,31,31,0.03800796016570127,0.011963209112898596,0.03749931335449119,0.011803109803685825,0.06746948242187756,0.021236381101039408,0,0,0.0,0.0,0.0,31
gait_03_half_bound__vx_neg_1p0__seed_4242,fr,88.96603093063622,507.19862800180914,141.18303222656252,168.03305664062546,244.67819213867188,31,146.74524418000252,186.26334381103516,244.67819213867188,7.91031275595388,9.148678588867188,10.29690673828125,0.7520491803278688,0.7750556792873051,0.35144927536231885,0.023121387283236993,0.6353383458646616,0.976878612716763,0.7699316628701596,0.5840163934426229,0.39623603224754333,0.39344262295081966,0.39344262295081966,0.18778036119507957,0.18778036119507957,31,0.06096417477054053,0.019188800661642046,0.06224677443504589,0.01959250577835225,0.08786532759666343,0.027656082652938393,0,0,0.0,0.0,0.0,31,0,,,,,,,31,31,1.0,1.0,1.0,31
gait_03_half_bound__vx_neg_1p0__seed_4242,rl,60.847783182488115,223.27427005261183,104.05573806762695,108.31812881469727,110.50607299804688,32,100.0076248049736,108.66146049499511,110.50607299804688,4.788865119218826,5.182417152404786,5.1937266540527345,0.9241803278688525,0.9579646017699115,0.014492753623188406,0.08522727272727272,0.9757575757575757,0.9147727272727273,0.9442815249266862,0.375,0.39623603224754333,0.3975409836065574,0.3975409836065574,-0.021236032247543335,0.021236032247543335,31,0.01721078061288403,0.005417185415121416,0.01561775803565979,0.004915773023353546,0.034984201192855835,0.011011464774569251,0,1,0.03125,0.0,0.03125,32,31,0.02036285400390625,0.0064093174040943755,0.017026901245117188,0.005359308398871346,0.04354572296142578,0.013706249624782375,0,1,0.03125,0.0,0.03125,32
gait_03_half_bound__vx_neg_1p0__seed_4242,rr,56.93476419448852,217.2557394376397,103.65713768005371,105.57932998657226,108.500244140625,33,93.84970673647794,105.60157470703125,108.500244140625,4.427850573568633,5.123205535888672,5.17660888671875,0.9836065573770492,0.995575221238938,0.007246376811594203,0.0,0.9887640449438202,1.0,0.9943502824858756,0.38934426229508196,0.39623603224754333,0.3975409836065574,0.3975409836065574,-0.00689176995246138,0.00689176995246138,31,0.04152025426587751,0.013068722500179137,0.040500253438949585,0.012747671774629286,0.07290706038475037,0.022947887899981992,0,2,0.06060606060606061,0.0,0.06060606060606061,33,31,0.031132113549017137,0.009798999548770546,0.029857635498046875,0.009397850753436994,0.059454917907714844,0.01871375397730684,0,2,0.06060606060606061,0.0,0.06060606060606061,33
gait_03_half_bound__vx_neg_0p5__seed_4242,fl,81.71836890832361,410.22621191978453,128.66797637939453,130.82937622070312,131.178955078125,24,128.47627671559653,130.889412689209,131.178955078125,7.202852795918783,7.356643081665039,7.427712097167969,0.6915113871635611,0.7072072072072072,0.32489451476793246,0.2560386473429952,0.6666666666666666,0.7439613526570048,0.7031963470319634,0.5196687370600414,0.4705493450164795,0.4720496894409938,0.4720496894409938,0.04911939204356186,0.04911939204356186,24,0.1542963631947835,0.062117585553763836,0.15398085594177235,0.06199056668970279,0.17547848701477253,0.07064521615603245,0,0,0.0,0.0,0.0,24,22,0.10352526404640881,0.041677841999818464,0.10373008728027244,0.041760301005912215,0.12373140335082908,0.049812554710895705,2,1,0.12,0.08333333333333333,0.043478260869565216,23
gait_03_half_bound__vx_neg_0p5__seed_4242,fr,90.28498257691005,478.5104076576233,135.00677795410155,137.44383056640626,138.16993713378906,24,134.96078809102377,137.95999069213866,138.16993713378906,7.443447275161744,7.82081137084961,7.856482696533203,0.8488612836438924,0.8781038374717833,0.19491525423728814,0.03864734299516908,0.8122448979591836,0.961352657004831,0.8805309734513275,0.5486542443064182,0.4705493450164795,0.4720496894409938,0.4720496894409938,0.07810489928993869,0.07810489928993869,24,0.06223416805267331,0.025054616831759184,0.06275761604309071,0.025265349765798927,0.08380825996399127,0.03374004837595105,0,0,0.0,0.0,0.0,24,19,0.1401873498213917,0.05643749156350903,0.1426018524169912,0.057409536973047286,0.16382701873779232,0.06595449589188333,5,4,0.32142857142857145,0.20833333333333334,0.17391304347826086,23
gait_03_half_bound__vx_neg_0p5__seed_4242,rl,59.18396810329322,234.63578388005496,97.31985130310055,104.63149848937991,140.81285095214844,24,97.38008467356364,121.82739372253414,140.81285095214844,4.967374788920085,5.652929603576659,6.016195068359375,0.917184265010352,0.9436936936936937,0.0,0.1201923076923077,1.0,0.8798076923076923,0.9360613810741688,0.40993788819875776,0.4705493450164795,0.4720496894409938,0.4720496894409938,-0.06061145681772173,0.06061145681772173,24,0.016704777876536053,0.006725112941206583,0.014409780502319336,0.005801178683867004,0.035906934738159174,0.01445563618213929,0,0,0.0,0.0,0.0,24,24,0.046594977378845215,0.018758494586500807,0.045871734619140625,0.01846732703678108,0.06858577728271484,0.027611687015280655,0,0,0.0,0.0,0.0,24
gait_03_half_bound__vx_neg_0p5__seed_4242,rr,53.54774537643829,247.90065125063063,87.62626266479492,97.20517120361328,99.88188171386719,23,89.1379978345788,97.37986755371094,99.88188171386719,4.612816577579665,5.1549282531738285,5.206338806152344,0.9606625258799172,0.9977477477477478,0.00423728813559322,0.0,0.9952153110047847,1.0,0.9976019184652278,0.4782608695652174,0.4705493450164795,0.4720496894409938,0.4720496894409938,0.007711524548737914,0.007711524548737914,23,0.013066965600718622,0.00526057994384517,0.012093782424926758,0.004868789833371727,0.027859306335449217,0.011215772095523305,1,0,0.041666666666666664,0.041666666666666664,0.0,23,24,0.014085133870442709,0.0056704804320561065,0.012835025787353516,0.00516720417722491,0.03006019592285156,0.012101819857175766,0,0,0.0,0.0,0.0,24
gait_03_half_bound__vx_pos_0p5__seed_4242,fl,68.07915356106228,306.3561910247803,88.2320053100586,96.18296417236321,108.55367279052734,24,87.30438296000163,90.13589973449707,90.3583984375,4.698797378540039,5.045107002258301,5.083218994140625,0.7494824016563147,0.7702702702702703,0.2109704641350211,0.25120772946859904,0.7560975609756098,0.748792270531401,0.7524271844660193,0.4658385093167702,0.4705493450164795,0.4720496894409938,0.4720496894409938,-0.004710835699709315,0.004710835699709315,24,0.09840767065683997,0.0396175695564258,0.09788430213928212,0.03940686861706208,0.11938307762146198,0.04806197880672738,0,0,0.0,0.0,0.0,24,21,0.09821235475086007,0.03953893806927661,0.09814537048339744,0.0395119711280039,0.12381446838378807,0.049845995546340685,3,2,0.19230769230769232,0.125,0.08695652173913043,23
gait_03_half_bound__vx_pos_0p5__seed_4242,fr,76.71117062698542,394.4048098897934,104.10309753417968,107.2455697631836,171.44680786132812,24,109.27236398061116,160.55885276794422,171.44680786132812,6.049463349978129,7.303020751953122,7.562252502441407,0.865424430641822,0.8961625282167043,0.16101694915254236,0.03864734299516908,0.8396624472573839,0.961352657004831,0.8963963963963965,0.5320910973084886,0.4705493450164795,0.4720496894409938,0.4720496894409938,0.06154175229200909,0.06154175229200909,24,0.062234247525533005,0.025054648826435266,0.06275761604309071,0.025265349765798927,0.08522198677062888,0.03430919526990668,0,0,0.0,0.0,0.0,24,18,0.11645528157552072,0.04688328854078677,0.11776245117187578,0.047409536973048,0.139973812103272,0.056351524226368944,6,6,0.4,0.25,0.25,24
gait_03_half_bound__vx_pos_0p5__seed_4242,rl,63.44506463789402,337.7110216760635,91.53939628601074,97.17113990783692,193.5288543701172,23,98.67370704982592,156.23337326049796,193.5288543701172,5.0543991918149205,6.356761825561522,7.1052256774902345,0.9213250517598344,0.9572072072072072,0.08050847457627118,0.0,0.9162995594713657,1.0,0.9563218390804598,0.5507246376811594,0.4705493450164795,0.4720496894409938,0.4720496894409938,0.08017529266467993,0.08017529266467993,20,0.012411713600158691,0.004996784535053367,0.011262178421020508,0.0045339975428088765,0.026441001892089845,0.010644782308223912,4,3,0.25925925925925924,0.16666666666666666,0.13043478260869565,23,24,0.06932302316029866,0.027908492026926718,0.06870079040527344,0.02765798971051217,0.09827880859374999,0.03956569146893956,0,0,0.0,0.0,0.0,24
gait_03_half_bound__vx_pos_0p5__seed_4242,rr,65.65504269077353,383.5939279021323,93.69890213012694,101.73805656433103,156.01229858398438,23,99.02154209302819,123.62950515747067,156.01229858398438,4.989317990178647,5.802138946533202,6.390446319580079,0.8674948240165632,0.8986486486486487,0.1906779661016949,0.0,0.8221343873517787,1.0,0.9023861171366594,0.6045548654244306,0.4705493450164795,0.4720496894409938,0.4720496894409938,0.1340055204079511,0.1340055204079511,20,0.044944477081298825,0.01809402595408124,0.046442270278930664,0.018697016816401752,0.06518521308898927,0.026242666820241116,4,3,0.25925925925925924,0.16666666666666666,0.13043478260869565,23,24,0.09002276261647542,0.03624192134428831,0.0903310775756836,0.03636604469016356,0.11470575332641601,0.04617895262228365,0,0,0.0,0.0,0.0,24
gait_03_half_bound__vx_pos_1p0__seed_4242,fl,64.89649778673018,338.7597184467316,91.94609069824219,120.00073242187405,172.69117736816406,31,97.59028871597782,156.0529022216797,172.69117736816406,4.7351559300576485,6.23525390625,6.602860717773438,0.8032786885245902,0.8240534521158129,0.26181818181818184,0.040229885057471264,0.698744769874477,0.9597701149425287,0.8087167070217918,0.5348360655737705,0.39623603224754333,0.39549180327868855,0.39549180327868855,0.13860003332622717,0.13860003332622717,31,0.1354947820401968,0.04264770864278724,0.1342118132114436,0.04224388732965201,0.1622698652744301,0.051075309554541884,0,0,0.0,0.0,0.0,31,31,0.03036688527753258,0.009558139850145286,0.02827346801757713,0.008899225550819163,0.062003135681152344,0.019515819175121574,0,0,0.0,0.0,0.0,31
gait_03_half_bound__vx_pos_1p0__seed_4242,fr,73.50690880041013,383.82364798545836,101.9892578125,172.24786071777265,234.83338928222656,31,113.67164119597405,205.9933090209961,234.83338928222656,5.606035286688036,7.718735885620117,8.32009017944336,0.8340163934426229,0.8552338530066815,0.23550724637681159,0.0,0.726890756302521,1.0,0.8418491484184915,0.5348360655737705,0.39623603224754333,0.39344262295081966,0.39344262295081966,0.13860003332622717,0.13860003332622717,31,0.04456657551950097,0.014027568437274495,0.04559180617332714,0.014350265278862547,0.0712122666835775,0.022414442501650648,0,0,0.0,0.0,0.0,31,23,0.17585141720979197,0.05535017579761507,0.1774166870117213,0.05584285285465651,0.1969658660888694,0.061996061715795865,8,7,0.39473684210526316,0.25806451612903225,0.23333333333333334,30
gait_03_half_bound__vx_pos_1p0__seed_4242,rl,66.31443119584844,354.18705916404724,96.1854652404785,133.85179199218706,225.24803161621094,31,103.80623355988533,145.8773651123047,225.24803161621094,5.258453606636292,6.320938720703126,7.798081054687501,0.8504098360655737,0.8783185840707964,0.19927536231884058,0.0,0.7619047619047619,1.0,0.8648648648648648,0.5471311475409836,0.39623603224754333,0.3975409836065574,0.3975409836065574,0.15089511529344024,0.15089511529344024,31,0.03841838817442617,0.012092393527762233,0.03842201828956604,0.012093536125953054,0.06865444779396057,0.021609355301074624,0,0,0.0,0.0,0.0,31,31,0.11261718503890498,0.035446862406001936,0.11313247680664062,0.035609053250885515,0.14490127563476562,0.04560845290268356,0,0,0.0,0.0,0.0,31
gait_03_half_bound__vx_pos_1p0__seed_4242,rr,70.37356792546352,389.96465436935426,104.40663757324218,189.67050903320325,228.042724609375,30,118.04479217529297,215.3596961975097,228.042724609375,5.472611241658529,7.548302597045897,7.794026489257813,0.8299180327868853,0.8561946902654868,0.23550724637681159,0.0,0.7302904564315352,1.0,0.8441247002398081,0.5676229508196722,0.39623603224754333,0.3975409836065574,0.3975409836065574,0.17138691857212884,0.17138691857212884,30,0.066302623351415,0.020869105956454748,0.06711617112159729,0.021125174476196197,0.0944256842136383,0.029720990049228554,1,0,0.03225806451612903,0.03225806451612903,0.0,30,31,0.10441835464969758,0.03286623661078265,0.10390090942382812,0.032703367953412985,0.1343994140625,0.04230293570270757,0,0,0.0,0.0,0.0,31
gait_03_half_bound__vx_pos_1p5__seed_4242,fl,68.8876623740563,358.2300451618433,98.30749168395995,165.81664825439466,224.4752655029297,39,103.17048938457782,170.88008270263674,224.4752655029297,4.962904269878682,6.444418640136719,7.456484985351563,0.7916666666666666,0.8122171945701357,0.2757475083056478,0.0,0.6294642857142857,1.0,0.7726027397260274,0.5416666666666666,0.333658903837204,0.3333333333333333,0.3333333333333333,0.20800776282946265,0.20800776282946265,39,0.14651465510710848,0.036056173811540145,0.1466333019733419,0.03608537192846557,0.1821706402301782,0.044830848236287954,0,0,0.0,0.0,0.0,39,39,0.06137783539600706,0.015104631680678613,0.06011688232421619,0.01479432044873086,0.1029086303710912,0.025325053392475143,0,0,0.0,0.0,0.0,39
gait_03_half_bound__vx_pos_1p5__seed_4242,fr,66.62397231466521,345.1747645664215,95.69718856811524,105.83043975830077,170.58140563964844,39,97.58900079971704,110.14032287597662,170.58140563964844,4.714232599307329,5.402713790893556,6.673739624023438,0.7625,0.7805429864253394,0.3222591362126246,0.0,0.592436974789916,1.0,0.7440633245382585,0.5395833333333333,0.333658903837204,0.33541666666666664,0.33541666666666664,0.20592442949612932,0.20592442949612932,39,0.057221250075561905,0.014081726752383863,0.056851958036421735,0.013990846710788556,0.09222144961357373,0.02269501719120437,0,0,0.0,0.0,0.0,39,0,,,,,,,39,39,1.0,1.0,1.0,39
gait_03_half_bound__vx_pos_1p5__seed_4242,rl,69.62430563770917,349.55793962001803,101.04020690917969,162.55265426635742,246.1719207763672,39,108.25504557291667,217.52366027832034,246.1719207763672,5.230687110607442,7.64164567565918,8.163654174804687,0.8083333333333333,0.8393665158371041,0.23666666666666666,0.0,0.6666666666666666,1.0,0.8,0.5229166666666667,0.333658903837204,0.33125,0.33125,0.18925776282946272,0.18925776282946272,39,0.04789826732415419,0.01178740959836943,0.04720810055732727,0.011617564657701425,0.0829825222492218,0.020421385446736606,0,0,0.0,0.0,0.0,39,39,0.14149113190479767,0.03481992187758575,0.14224624633789062,0.03500574995892887,0.1773296356201172,0.04363951277899036,0,0,0.0,0.0,0.0,39
gait_03_half_bound__vx_pos_1p5__seed_4242,rr,69.67331479366561,370.6907139182091,99.5626220703125,159.93551559448244,252.5105438232422,39,108.73092514429337,166.28670654296883,252.5105438232422,5.009200602800418,6.42639894104004,8.123381958007812,0.7770833333333333,0.8054298642533937,0.2866666666666667,0.0,0.6228070175438597,1.0,0.7675675675675676,0.5541666666666667,0.333658903837204,0.33125,0.33125,0.22050776282946272,0.22050776282946272,39,0.06456932578331386,0.015890033878421018,0.06450393795967102,0.015873942418268443,0.10036895871162416,0.02470005896641555,0,0,0.0,0.0,0.0,39,39,0.15607804518479568,0.03840965343183185,0.15626144409179688,0.03845478654744303,0.19507923126220703,0.04800755708887794,0,0,0.0,0.0,0.0,39
gait_04_half_bound__vx_neg_1p5__seed_4242,fl,88.11032870664435,418.51654765576126,132.23300552368164,213.73721160888672,267.2224426269531,39,139.71335973495093,219.0724182128907,267.2224426269531,7.080522288787061,9.086619781494143,10.015604553222657,0.84375,0.8645598194130926,0.1986754966887417,0.0,0.7014925373134329,1.0,0.8245614035087719,0.49166666666666664,0.333658903837204,0.33541666666666664,0.33541666666666664,0.15800776282946266,0.15800776282946266,39,0.09778501972174033,0.024064170677496208,0.09790351986885071,0.02409333268792978,0.13344066739082336,0.032838762057311836,0,0,0.0,0.0,0.0,39,38,0.06038530249344675,0.01486037666863067,0.05583477020263672,0.013740524302377433,0.11136608123779287,0.027406369546339952,0,0,0.0,0.0,0.0,38
gait_04_half_bound__vx_neg_1p5__seed_4242,fr,85.8199382079275,489.35586632490157,116.81292724609375,177.24658264160178,199.23362731933594,39,124.25689736390726,185.97254486083986,199.23362731933594,6.804350214249048,8.310230056762695,8.52434783935547,0.7416666666666667,0.7584650112866818,0.3543046357615894,0.0,0.5685483870967742,1.0,0.724935732647815,0.59375,0.333658903837204,0.33541666666666664,0.33541666666666664,0.260091096162796,0.260091096162796,39,0.025571391368523624,0.00629293043151471,0.020364075899124146,0.005011448578938722,0.05618370175361634,0.01382639377830975,0,0,0.0,0.0,0.0,39,0,,,,,,,38,39,1.0,1.0,1.0,39
gait_04_half_bound__vx_neg_1p5__seed_4242,rl,58.7348719875987,242.36008200451732,89.58409881591797,94.3087289428711,94.55379486083984,38,88.14914683291786,93.89101295471191,94.55379486083984,4.521152843676115,4.721921573638916,4.769212341308594,0.90625,0.9431818181818182,0.08333333333333333,0.0,0.8484848484848485,1.0,0.9180327868852458,0.4270833333333333,0.333658903837204,0.3333333333333333,0.3333333333333333,0.09342442949612934,0.09342442949612934,28,0.019209657822335684,0.0047273548219187176,0.01599922299384815,0.00393729053720982,0.05432434201240279,0.013368819087516082,10,10,0.4166666666666667,0.2631578947368421,0.2631578947368421,38,39,0.07352482526730433,0.018093916116193508,0.07421386718750256,0.01826348424041932,0.11003349304199475,0.027078429439790348,0,0,0.0,0.0,0.0,39
gait_04_half_bound__vx_neg_1p5__seed_4242,rr,57.15435717116187,266.45297723054887,98.11719131469727,122.36818542480441,166.42787170410156,40,95.46168878078461,129.6877227783203,166.42787170410156,4.537243033051491,5.486802551269531,6.206204376220703,0.8458333333333333,0.8778280542986425,0.1760797342192691,0.0070921985815602835,0.7253886010362695,0.9929078014184397,0.8383233532934132,0.48125,0.333658903837204,0.33125,0.33125,0.14759109616279603,0.14759109616279603,39,0.05078287097124109,0.012497289237377102,0.0501596081256892,0.012343908857284303,0.08552547574043495,0.021047187507334676,0,1,0.025,0.0,0.025,40,38,0.0936589070370306,0.02304876483964923,0.09515678405761463,0.023417381304418627,0.1295731735229472,0.03188700039897625,1,2,0.07317073170731707,0.02564102564102564,0.05,40
gait_04_half_bound__vx_neg_1p0__seed_4242,fl,86.64827225477465,430.50699571602047,133.09002380371095,134.84911407470702,158.88282775878906,31,132.75211629559917,141.97784423828125,158.88282775878906,7.275502378402218,7.738964538574219,8.187409210205079,0.8872950819672131,0.905829596412556,0.15328467153284672,0.0,0.8037383177570093,1.0,0.8911917098445596,0.5081967213114754,0.39623603224754333,0.39549180327868855,0.39549180327868855,0.11196068906393208,0.11196068906393208,31,0.07108542515385535,0.022374518450540025,0.07082787156105042,0.022293452077204783,0.09734764695167542,0.03064069347721679,0,0,0.0,0.0,0.0,31,30,0.04169737497965495,0.013124472193872447,0.036647796630859375,0.011535090352404395,0.1009734153747557,0.03178192351563902,0,0,0.0,0.0,0.0,30
gait_04_half_bound__vx_neg_1p0__seed_4242,fr,79.29536086937478,460.5459479951859,114.94120292663574,117.0465119934082,132.33334350585938,31,115.5304415302892,123.41817092895508,132.33334350585938,6.5800748665102065,6.99243293762207,7.280082092285157,0.8012295081967213,0.8295964125560538,0.2773722627737226,0.0,0.6935483870967742,1.0,0.8190476190476191,0.5942622950819673,0.39623603224754333,0.39549180327868855,0.39549180327868855,0.19802626283442393,0.19802626283442393,31,0.016259102090712515,0.005117639501071912,0.016516119241714478,0.005198537026475356,0.03226986527442932,0.010157113000540315,0,0,0.0,0.0,0.0,31,19,0.17860583255165502,0.05621714278492052,0.17757034301757812,0.055891216905805376,0.1958070755004883,0.06163132616917813,11,12,0.5476190476190477,0.36666666666666664,0.3870967741935484,31
gait_04_half_bound__vx_neg_1p0__seed_4242,rl,59.376875818563455,270.990555716753,87.26673583984375,92.2066064453125,92.35514068603516,31,86.9193105389995,92.2415885925293,92.35514068603516,4.665669617191439,5.025815200805664,5.031445922851563,0.9323770491803278,0.9555555555555556,0.07272727272727272,0.0,0.8974358974358975,1.0,0.945945945945946,0.4651639344262295,0.39623603224754333,0.3975409836065574,0.3975409836065574,0.06892790217868616,0.06892790217868616,22,0.03130485675551627,0.009853371398592853,0.029350782632826977,0.00923831609833679,0.06250593781471334,0.01967407884072788,8,9,0.4358974358974359,0.26666666666666666,0.2903225806451613,31,31,0.03969639439736727,0.01249465283412793,0.04020393371581932,0.012654403554061043,0.06762493133545,0.021285309479498356,0,0,0.0,0.0,0.0,31
gait_04_half_bound__vx_neg_1p0__seed_4242,rr,52.905875055840674,250.34477888524532,88.01217575073242,89.49492965698242,90.65670776367188,31,85.10754369920299,89.65762710571289,90.65670776367188,4.274808558802451,4.570654983520508,4.601937713623047,0.9159836065573771,0.9465478841870824,0.08727272727272728,0.0,0.8787878787878788,1.0,0.9354838709677419,0.48155737704918034,0.39623603224754333,0.3975409836065574,0.3975409836065574,0.085321344801637,0.085321344801637,31,0.0372371634744836,0.011720596724326146,0.038264547586440045,0.01204397137839916,0.06388214707374829,0.02010724807888656,0,0,0.0,0.0,0.0,31,31,0.04820758204306242,0.01517359474947056,0.04974853515624744,0.01565861799843829,0.0753661346435539,0.023721894698925133,0,0,0.0,0.0,0.0,31
gait_04_half_bound__vx_neg_0p5__seed_4242,fl,86.16416515914382,443.0613702297211,134.4093048095703,136.36405395507813,143.86752319335938,24,134.59251721700033,137.10069274902344,143.86752319335938,7.507499402364096,7.732790824890137,8.22841583251953,0.8881987577639752,0.9234234234234234,0.13559322033898305,0.009615384615384616,0.865546218487395,0.9903846153846154,0.9237668161434978,0.5320910973084886,0.4705493450164795,0.4699792960662526,0.4699792960662526,0.06154175229200909,0.06154175229200909,24,0.061555822690327965,0.024781524354347436,0.062486886978149414,0.02515635798203179,0.08232111930847168,0.033141346080012284,0,0,0.0,0.0,0.0,24,20,0.013548326492309571,0.005454369192966291,0.013667106628417969,0.0055021884358442755,0.023796558380126953,0.009580165860400829,3,3,0.23076923076923078,0.13043478260869565,0.13043478260869565,23
gait_04_half_bound__vx_neg_0p5__seed_4242,fr,70.80997697860002,453.18385266304017,114.4872200012207,116.26891120910645,131.2232208251953,24,114.96803760528564,116.64218978881836,131.2232208251953,6.708488368988038,6.833602355957032,7.2182275390625,0.8074534161490683,0.8355855855855856,0.3093220338983051,0.0,0.7402135231316725,1.0,0.8507157464212679,0.6625258799171843,0.4705493450164795,0.4699792960662526,0.4699792960662526,0.19197653490070477,0.19197653490070477,24,0.015218456586201986,0.0061267405103790735,0.012835502624511719,0.005167396145281425,0.03264365196228027,0.013141883590570528,0,0,0.0,0.0,0.0,24,20,0.17649540901184083,0.07105461491207864,0.17768383026123047,0.07153305689933195,0.19554529190063477,0.07872383475389695,3,4,0.25925925925925924,0.13043478260869565,0.16666666666666666,24
gait_04_half_bound__vx_neg_0p5__seed_4242,rl,51.229097464669074,263.49416633725167,87.40974578857421,91.46330047607422,92.56676483154297,24,87.7524019877116,91.85623512268066,92.56676483154297,4.629467949867249,4.964603370666504,4.982953491210938,0.9399585921325052,0.9730337078651685,0.05063291139240506,0.0,0.9454545454545454,1.0,0.9719626168224299,0.5320910973084886,0.4705493450164795,0.4720496894409938,0.4720496894409938,0.06154175229200909,0.06154175229200909,24,0.013412596384684358,0.005399726125572751,0.012004852294921875,0.0048329877908316055,0.02804215431213279,0.011289384166474297,0,0,0.0,0.0,0.0,24,24,0.06891529242197676,0.027744345260948593,0.06891525268554766,0.02774432926361085,0.09112699508666892,0.03668647009137639,0,0,0.0,0.0,0.0,24
gait_04_half_bound__vx_neg_0p5__seed_4242,rr,50.64448075253388,236.18473571479322,67.35215759277344,69.88440490722657,71.62680053710938,26,62.50141690327571,70.52540016174316,71.62680053710938,3.073379044899574,3.6827791213989256,3.7466425323486328,0.9254658385093167,0.963963963963964,0.046413502109704644,0.024154589371980676,0.9483568075117371,0.9758454106280193,0.9619047619047619,0.4803312629399586,0.4705493450164795,0.4720496894409938,0.4720496894409938,0.0097819179234791,0.0097819179234791,24,0.017119032541910828,0.006891886150144624,0.0152130126953125,0.0061245488750671885,0.04035943031310988,0.016248149427935003,0,2,0.07692307692307693,0.0,0.07692307692307693,26,24,0.013411444028218478,0.005399262202769415,0.012835502624511719,0.005167396145281425,0.027415828704832987,0.011037234124241324,0,2,0.07692307692307693,0.0,0.07692307692307693,26
gait_04_half_bound__vx_pos_0p5__seed_4242,fl,72.75324066583212,336.1199718761444,101.45707702636719,103.60963134765625,107.00503540039062,24,100.53360780080159,103.98222122192382,107.00503540039062,5.194106566111247,5.610862014770508,5.613155364990234,0.8592132505175983,0.8918918918918919,0.11016949152542373,0.10576923076923077,0.8773584905660378,0.8942307692307693,0.8857142857142858,0.4782608695652174,0.4705493450164795,0.4699792960662526,0.4699792960662526,0.007711524548737914,0.007711524548737914,24,0.04913604259490967,0.01978149235967135,0.049651384353637695,0.019988961836750366,0.07352833747863768,0.029601493511479685,0,0,0.0,0.0,0.0,24,23,0.041582853897758155,0.016740682872109214,0.04183006286621094,0.016840205789756583,0.06536426544189453,0.02631475082546264,0,1,0.041666666666666664,0.0,0.041666666666666664,24
gait_04_half_bound__vx_pos_0p5__seed_4242,fr,63.31648880046802,345.8643878316879,92.01872406005859,95.26017822265625,98.1159896850586,26,89.8179389513456,96.41416931152344,98.1159896850586,4.804115992326003,5.2484945297241214,5.282788391113281,0.9006211180124224,0.9324324324324325,0.1271186440677966,0.0,0.8739495798319328,1.0,0.9327354260089686,0.5652173913043478,0.4705493450164795,0.4699792960662526,0.4699792960662526,0.09466804628786829,0.09466804628786829,24,0.015218456586201986,0.0061267405103790735,0.012835502624511719,0.005167396145281425,0.03264365196228027,0.013141883590570528,0,2,0.07692307692307693,0.0,0.07692307692307693,26,22,0.08306893435391513,0.033442406092717085,0.08878326416015625,0.03574291637871458,0.11354131698608398,0.045710166628273055,1,4,0.18518518518518517,0.043478260869565216,0.15384615384615385,26
gait_04_half_bound__vx_pos_0p5__seed_4242,rl,69.3524328891496,369.0934011912346,98.47937202453613,107.69514770507854,182.86683654785156,24,105.50391228993733,167.1851108551024,182.86683654785156,5.342398033142089,6.775826316833494,7.078992919921875,0.9213250517598344,0.9370786516853933,0.11814345991561181,0.0,0.8813559322033898,1.0,0.936936936936937,0.5507246376811594,0.4705493450164795,0.4720496894409938,0.4720496894409938,0.08017529266467993,0.08017529266467993,24,0.021943881511688357,0.008834303731859068,0.02104247093200584,0.008471408277662197,0.04375584602356159,0.017615499500883865,0,0,0.0,0.0,0.0,24,24,0.10203465302785242,0.0410777425836341,0.10171783447265703,0.04095019580741796,0.1232159423828115,0.04960503724180256,0,0,0.0,0.0,0.0,24
gait_04_half_bound__vx_pos_0p5__seed_4242,rr,61.40742811744596,397.9618227699399,81.4612995147705,88.9519583892822,99.23475646972656,24,84.14814694722493,92.20576477050781,99.23475646972656,4.4024163420995075,4.82882014465332,4.968136749267578,0.8012422360248447,0.8243243243243243,0.3291139240506329,0.0,0.7263157894736842,1.0,0.8414634146341463,0.6708074534161491,0.4705493450164795,0.4720496894409938,0.4720496894409938,0.20025810839966962,0.20025810839966962,24,0.11175831635793047,0.044992355192096024,0.11154950141906639,0.04490828918067993,0.13376286506652732,0.05385108269983834,0,0,0.0,0.0,0.0,24,24,0.08836050351460771,0.03557271877959506,0.08773815155029219,0.035322168471166086,0.10995056152343796,0.04426457805421197,0,0,0.0,0.0,0.0,24
gait_04_half_bound__vx_pos_1p0__seed_4242,fl,70.72648632141852,350.80337215423583,96.51738891601562,105.47957252502442,163.2453155517578,31,98.39174972041961,127.3824462890625,163.2453155517578,5.087389966903194,5.753059768676758,6.433995513916016,0.8586065573770492,0.8901345291479821,0.17883211678832117,0.0,0.7782805429864253,1.0,0.8753180661577609,0.5081967213114754,0.39623603224754333,0.39549180327868855,0.39549180327868855,0.11196068906393208,0.11196068906393208,31,0.08953274738404059,0.02818091196523016,0.09055939316749573,0.028504054226451345,0.11617699265480042,0.036567330926937626,0,0,0.0,0.0,0.0,31,23,0.026339157767917797,0.00829039103549624,0.017181396484375,0.0054079366032298735,0.07118740081787109,0.02240661583718557,7,7,0.3783783783783784,0.23333333333333334,0.23333333333333334,30
gait_04_half_bound__vx_pos_1p0__seed_4242,fr,62.938259430203146,353.7639177036285,89.19110870361328,145.02538452148386,186.50721740722656,31,101.84904406147618,184.1617660522461,186.50721740722656,4.839153422694053,6.551431198120117,6.607327117919922,0.819672131147541,0.8497757847533632,0.24452554744525548,0.0,0.7196652719665272,1.0,0.8369829683698298,0.5758196721311475,0.39623603224754333,0.39549180327868855,0.39549180327868855,0.17958363988360415,0.17958363988360415,31,0.02468943884295802,0.007771133164493472,0.023943334817886353,0.007536292924896441,0.05046120285987854,0.015882933976706492,0,0,0.0,0.0,0.0,31,30,0.15607096354166666,0.04912417201977147,0.15694046020507812,0.049397850753437,0.1866903305053711,0.058761781833463415,0,1,0.03225806451612903,0.0,0.03225806451612903,31
gait_04_half_bound__vx_pos_1p0__seed_4242,rl,75.67682735966702,386.0647952675819,106.87133026123045,202.70615600585938,208.26075744628906,31,124.24259653399068,203.7415008544922,208.26075744628906,5.752839375157509,7.549800338745117,7.6265042114257815,0.875,0.9066666666666666,0.15272727272727274,0.0,0.8064516129032258,1.0,0.8928571428571428,0.5225409836065574,0.39623603224754333,0.3975409836065574,0.3975409836065574,0.1263049513590141,0.1263049513590141,22,0.012168145071376363,0.0038299888594475425,0.012041091918943536,0.0037899981989548354,0.023534082174303705,0.00740747846250906,8,9,0.4358974358974359,0.26666666666666666,0.2903225806451613,31,31,0.13193294402091818,0.04152660104150757,0.13270080566406506,0.041768289607973436,0.158320312499999,0.049832166656660556,0,0,0.0,0.0,0.0,31
gait_04_half_bound__vx_pos_1p0__seed_4242,rr,65.36640039768095,400.0666108489037,92.94808006286621,97.11910285949706,99.26734161376953,31,92.69941982146233,97.80453109741211,99.26734161376953,4.809277993479083,5.087999725341797,5.156191864013672,0.7704918032786885,0.7928730512249443,0.3381818181818182,0.0,0.651685393258427,1.0,0.7891156462585034,0.6270491803278688,0.39623603224754333,0.3975409836065574,0.3975409836065574,0.2308131480803255,0.2308131480803255,31,0.13152343607718017,0.04139770622202836,0.1320374357700338,0.04155949037941976,0.15855625748634417,0.04990643160533134,0,0,0.0,0.0,0.0,31,31,0.09945028735745254,0.031302510811108894,0.09970962524413807,0.03138413880050349,0.129943008422849,0.04090025814972604,0,0,0.0,0.0,0.0,31
gait_04_half_bound__vx_pos_1p5__seed_4242,fl,66.4333239999929,353.62415462493897,91.13727951049805,101.15257492065433,141.3699493408203,39,90.86362907214043,103.84273300170901,141.3699493408203,4.625606596041948,5.180635177612305,5.938222351074219,0.78125,0.801354401805869,0.2913907284768212,0.0,0.6157205240174672,1.0,0.7621621621621621,0.5541666666666667,0.333658903837204,0.33541666666666664,0.33541666666666664,0.22050776282946272,0.22050776282946272,39,0.12070748668450576,0.029705220389516843,0.12265518307685852,0.030184534077307614,0.1552014172077179,0.038193921765354744,0,0,0.0,0.0,0.0,39,38,0.09888172149658203,0.024334060879156988,0.09974479675292969,0.024546457321223215,0.13694381713867188,0.03370086132037833,0,1,0.02564102564102564,0.0,0.02564102564102564,39
gait_04_half_bound__vx_pos_1p5__seed_4242,fr,59.09484196922996,325.13985846281054,79.11622390747071,106.22308547973581,154.13941955566406,39,84.65071908021585,147.86524200439453,154.13941955566406,4.102750578660231,5.561187660217286,5.677474899291992,0.7625,0.781038374717833,0.3211920529801324,0.0,0.592436974789916,1.0,0.7440633245382585,0.5729166666666666,0.333658903837204,0.33541666666666664,0.33541666666666664,0.23925776282946265,0.23925776282946265,39,0.022257929429029807,0.0054775119362046425,0.020364075899124146,0.005011448578938722,0.04843986630439758,0.01192069310474313,0,0,0.0,0.0,0.0,39,6,0.17704296112060547,0.0435689643033162,0.17423629760742188,0.042878265155248896,0.19350719451904297,0.04762069046445587,32,33,0.9154929577464789,0.8421052631578947,0.8461538461538461,39
gait_04_half_bound__vx_pos_1p5__seed_4242,rl,78.42477927363016,386.00583934783936,114.6474609375,195.14078750610355,206.28077697753906,38,122.96587231284694,197.96347503662108,206.28077697753906,5.783783322384482,7.348426239013672,7.498643035888672,0.8208333333333333,0.85,0.22,0.0,0.6796116504854369,1.0,0.8092485549132947,0.5125,0.333658903837204,0.3333333333333333,0.3333333333333333,0.17884109616279598,0.17884109616279598,32,0.01733329303562625,0.004265595315103577,0.016109466552734375,0.003964420662301392,0.03338771808147456,0.00821647066934222,6,6,0.2727272727272727,0.15789473684210525,0.15789473684210525,38,33,0.16524329445578995,0.040665153542039104,0.16622436523437756,0.0409065878100877,0.19601943969726818,0.048238935436176085,6,6,0.26666666666666666,0.15384615384615385,0.15384615384615385,39
gait_04_half_bound__vx_pos_1p5__seed_4242,rr,68.8153275541357,407.3867391204834,96.22688865661621,104.63952674865766,193.19711303710938,39,99.40777001014122,143.19394683837893,193.19711303710938,4.967459992628831,6.063742950439454,7.004723205566407,0.7145833333333333,0.7352941176470589,0.38870431893687707,0.0,0.5465116279069767,1.0,0.706766917293233,0.6166666666666667,0.333658903837204,0.33125,0.33125,0.2830077628294627,0.2830077628294627,39,0.14872429404503415,0.03659994962392118,0.14872375607490795,0.03659981723344896,0.1845437633991267,0.04541485630970046,0,0,0.0,0.0,0.0,39,39,0.13443877586951458,0.03308438917743954,0.1327410888671885,0.03266660095285058,0.171101493835447,0.04210681311459966,0,0,0.0,0.0,0.0,39
gait_05_half_bound__vx_neg_1p5__seed_4242,fl,92.3179808139801,445.4504771006107,150.4336166381836,166.42715820312466,199.00831604003906,39,149.30258022210538,176.3164779663086,199.00831604003906,7.573940386649892,8.833400497436525,9.390120544433595,0.8354166666666667,0.8600451467268623,0.2052980132450331,0.0,0.6945812807881774,1.0,0.8197674418604651,0.5,0.333658903837204,0.33541666666666664,0.33541666666666664,0.16634109616279602,0.16634109616279602,39,0.06444324514804742,0.015859006365875512,0.06614044308662415,0.016276674235490157,0.09868324398994446,0.024285217031613043,0,0,0.0,0.0,0.0,39,37,0.09775404027990393,0.024056546865812517,0.09810638427734375,0.02414325611959915,0.13323593139648438,0.03278837804219766,1,2,0.075,0.02631578947368421,0.05128205128205128,39
gait_05_half_bound__vx_neg_1p5__seed_4242,fr,91.83403125842968,525.700303144455,139.7493553161621,250.7554489135736,314.8613586425781,39,158.4776630890675,275.3207092285156,314.8613586425781,7.654474346454328,10.386667541503908,11.142836456298829,0.7395833333333334,0.7562076749435666,0.3576158940397351,0.0,0.5662650602409639,1.0,0.7230769230769232,0.5958333333333333,0.333658903837204,0.33541666666666664,0.33541666666666664,0.26217442949612935,0.26217442949612935,39,0.045688824011729315,0.01124368192797838,0.045571595430374146,0.011214832840479711,0.08093727231025696,0.019918064552089935,0,0,0.0,0.0,0.0,39,11,0.18680797923694958,0.04597206309379794,0.1868419647216797,0.045980426670421744,0.19548606872558594,0.04810767678190054,27,28,0.8333333333333334,0.7105263157894737,0.717948717948718,39
gait_05_half_bound__vx_neg_1p5__seed_4242,rl,60.50600912329856,216.16552804782987,96.87863197326661,98.08137374877928,132.4958038330078,44,86.92515204169534,97.91645851135254,132.4958038330078,4.014585835716941,4.780482711791993,5.626978454589844,0.8020833333333334,0.830316742081448,0.15614617940199335,0.19858156028368795,0.70625,0.8014184397163121,0.7508305647840533,0.37083333333333335,0.333658903837204,0.33125,0.33125,0.03717442949612937,0.03717442949612937,39,0.06536993097036468,0.016087056898115685,0.06417862057686108,0.01579388421460318,0.10327507138252515,0.025415231817222345,0,5,0.11363636363636363,0.0,0.11363636363636363,44,39,0.03859907688238824,0.009498947555921785,0.03726470947265881,0.00917056959797289,0.073084335327151,0.017985514797343918,0,5,0.11363636363636363,0.0,0.11363636363636363,44
gait_05_half_bound__vx_neg_1p5__seed_4242,rr,63.06208471328981,237.7262588633597,108.32624053955078,114.72208480834973,140.75767517089844,44,96.68809801881963,111.23993148803712,140.75767517089844,4.377021810358222,5.428889671325684,6.1384507751464845,0.775,0.8022727272727272,0.19,0.21428571428571427,0.6586826347305389,0.7857142857142857,0.7166123778501629,0.3875,0.333658903837204,0.3333333333333333,0.3333333333333333,0.05384109616279603,0.05384109616279603,38,0.1267015746392718,0.031180321136132998,0.12715682864189226,0.03129235578164257,0.1612749087810542,0.039688563155671965,0,6,0.13636363636363635,0.0,0.13636363636363635,44,36,0.16208149804009497,0.039887058811258334,0.1627196121215846,0.040044093970757984,0.1955279159545924,0.048117975075688865,3,8,0.23404255319148937,0.07692307692307693,0.18181818181818182,44
gait_05_half_bound__vx_neg_1p0__seed_4242,fl,94.02060270117175,466.5531951880455,151.66509094238282,205.21486755371103,321.84051513671875,31,161.63688561224168,258.1594009399414,321.84051513671875,8.25863760179089,10.744758529663086,12.007664031982422,0.8872950819672131,0.9237668161434978,0.12408759124087591,0.0,0.8349514563106796,1.0,0.91005291005291,0.5081967213114754,0.39623603224754333,0.39549180327868855,0.39549180327868855,0.11196068906393208,0.11196068906393208,31,0.026739161822103685,0.008416294454816052,0.027019888162612915,0.0085046545746533,0.0526374876499176,0.016567931275139582,0,0,0.0,0.0,0.0,31,30,0.08617604573567708,0.02712437213583879,0.0866098403930664,0.027260911328570572,0.11392240524291991,0.03585768745872606,0,1,0.03225806451612903,0.0,0.03225806451612903,31
gait_05_half_bound__vx_neg_1p0__seed_4242,fr,91.08858614779533,513.795664434433,139.40285873413086,229.70014221191397,322.8373107910156,31,157.26930236816406,280.1197509765625,322.8373107910156,7.94617449360509,10.78235122680664,11.743142547607421,0.8176229508196722,0.8475336322869955,0.24817518248175183,0.0,0.7166666666666667,1.0,0.8349514563106796,0.5778688524590164,0.39623603224754333,0.39549180327868855,0.39549180327868855,0.1816328202114731,0.1816328202114731,31,0.020832274229295792,0.006557069935239859,0.017788320779800415,0.005598969277180765,0.045846372842788696,0.014430391502071203,0,0,0.0,0.0,0.0,31,30,0.16454308827718098,0.0517908186748314,0.1637287139892578,0.05153449000420244,0.19185142517089843,0.06038626403313922,0,1,0.03225806451612903,0.0,0.03225806451612903,31
gait_05_half_bound__vx_neg_1p0__seed_4242,rl,58.59151020099979,224.9611269527674,95.16487121582031,159.48390197753906,168.64295959472656,34,89.91372184192433,160.0321502685547,168.64295959472656,4.273515628926894,6.1753847122192385,6.326088256835938,0.7602459016393442,0.7817371937639198,0.1709090909090909,0.29310344827586204,0.7235294117647059,0.7068965517241379,0.7151162790697674,0.39139344262295084,0.39623603224754333,0.3975409836065574,0.3975409836065574,-0.004842589624592497,0.004842589624592497,31,0.08233082290618723,0.0259140676471388,0.0820725309848811,0.02583276888095176,0.10859230637550432,0.03418001028096321,0,3,0.08823529411764706,0.0,0.08823529411764706,34,31,0.08949168297552355,0.0281679867226219,0.08963859558105369,0.028214228252386075,0.12050712585449297,0.03793026355286091,0,3,0.08823529411764706,0.0,0.08823529411764706,34
gait_05_half_bound__vx_neg_1p0__seed_4242,rr,56.49804562715749,228.2871364530921,95.40792083740234,99.85004425048828,100.76160430908203,37,81.77309170284786,99.90606994628907,100.76160430908203,3.9188131870450205,5.087276092529297,5.182215881347656,0.7930327868852459,0.8155555555555556,0.16363636363636364,0.21714285714285714,0.7527472527472527,0.7828571428571428,0.7675070028011204,0.41188524590163933,0.39623603224754333,0.3975409836065574,0.3975409836065574,0.015649213654095995,0.015649213654095995,22,0.12400446902621955,0.039031071055303235,0.12117526412010271,0.03814056365191836,0.1568299043178582,0.04936305269556418,8,15,0.5111111111111111,0.26666666666666666,0.40540540540540543,37,31,0.13193300554829343,0.041526620407578596,0.13270080566406506,0.041768289607973436,0.158320312499999,0.049832166656660556,0,6,0.16216216216216217,0.0,0.16216216216216217,37
gait_05_half_bound__vx_neg_0p5__seed_4242,fl,88.86045773558038,424.763864004612,139.41643981933595,142.72947357177733,200.0898895263672,24,142.81127738952637,165.930345916748,200.0898895263672,7.750418898264567,8.67694039916992,9.436976623535157,0.9585921325051759,0.9864864864864865,0.025423728813559324,0.0,0.9719626168224299,1.0,0.985781990521327,0.494824016563147,0.4705493450164795,0.4699792960662526,0.4699792960662526,0.024274671546667514,0.024274671546667514,24,0.013618548711140951,0.005482639688755791,0.012835502624511719,0.005167396145281425,0.029103231430053705,0.011716559164555015,0,0,0.0,0.0,0.0,24,20,0.018935251235961913,0.00762307072103202,0.0181884765625,0.007322429547723259,0.036930656433105474,0.014867772402672197,3,3,0.23076923076923078,0.13043478260869565,0.13043478260869565,23
gait_05_half_bound__vx_neg_0p5__seed_4242,fr,90.38814966606371,477.2494302368164,139.0628860473633,142.26416107177735,163.75640869140625,24,140.48818842569986,155.9847831726074,163.75640869140625,7.811170978546142,8.515395309448241,8.828851623535156,0.9233954451345756,0.9617117117117117,0.07203389830508475,0.0,0.9244444444444444,1.0,0.9607390300230947,0.546583850931677,0.4705493450164795,0.4699792960662526,0.4699792960662526,0.07603450591519756,0.07603450591519756,24,0.013618548711140951,0.005482639688755791,0.012835502624511719,0.005167396145281425,0.029103231430053705,0.011716559164555015,0,0,0.0,0.0,0.0,24,23,0.0685129165649414,0.027582354296245105,0.06870079040527344,0.02765798971051217,0.08944854736328124,0.03601075021116486,0,1,0.041666666666666664,0.0,0.041666666666666664,24
gait_05_half_bound__vx_neg_0p5__seed_4242,rl,58.96141226604731,233.97989885531365,92.42368659973144,96.57100479125977,120.4870834350586,26,87.10524415969849,96.72348403930664,120.4870834350586,4.438433181414237,5.000980415344238,5.533888854980469,0.7681159420289855,0.7927927927927928,0.1350210970464135,0.2898550724637681,0.8212290502793296,0.7101449275362319,0.7616580310880828,0.40993788819875776,0.4705493450164795,0.4720496894409938,0.4720496894409938,-0.06061145681772173,0.06061145681772173,24,0.05793937524159746,0.023325592541401097,0.05782998085021962,0.023281551869768827,0.08362029075622511,0.033664374568071684,0,2,0.07692307692307693,0.0,0.07692307692307693,26,24,0.11844196319580091,0.04768309913230444,0.12215173721313466,0.04917660293327186,0.1486558723449697,0.059846801812178045,0,2,0.07692307692307693,0.0,0.07692307692307693,26
gait_05_half_bound__vx_neg_0p5__seed_4242,rr,52.1299436767896,252.1909584927559,79.54890861511231,80.98632087707519,84.05728912353516,28,68.00828988211495,81.16257247924804,84.05728912353516,3.47890476499285,4.699275802612305,4.761585388183594,0.7805383022774327,0.8044943820224719,0.2109704641350211,0.1778846153846154,0.7737556561085973,0.8221153846153846,0.7972027972027972,0.4968944099378882,0.4705493450164795,0.4720496894409938,0.4720496894409938,0.0263450649214087,0.0263450649214087,19,0.11630384394997029,0.046822321843539905,0.1179062175750758,0.04746741534208811,0.1527759838104238,0.06150550180449932,5,9,0.42424242424242425,0.20833333333333334,0.32142857142857145,28,23,0.13448425956394355,0.05414150616467852,0.134638671874999,0.054203670429240174,0.15817096710204978,0.06367744759272016,1,6,0.23333333333333334,0.041666666666666664,0.20689655172413793,29
gait_05_half_bound__vx_pos_0p5__seed_4242,fl,70.3776816712602,319.55946363449095,95.58164138793944,100.84527374267579,103.70201110839844,24,95.90633773803711,101.63729782104492,103.70201110839844,5.2571910572052,5.602410102844238,5.603679656982422,0.9668737060041408,0.990990990990991,0.00423728813559322,0.014423076923076924,0.9951456310679612,0.9855769230769231,0.9903381642512078,0.4699792960662526,0.4705493450164795,0.4699792960662526,0.4699792960662526,-0.0005700489502268868,0.0005700489502268868,24,0.018714805444081623,0.007534322288771148,0.01604461669921875,0.00645934116563004,0.042207479476928704,0.016992148506488516,0,0,0.0,0.0,0.0,24,17,0.026386541478774127,0.01062285729772213,0.020681381225585938,0.008326038547185749,0.06332550048828124,0.025493972203025413,6,6,0.41379310344827586,0.2608695652173913,0.2608695652173913,23
gait_05_half_bound__vx_pos_0p5__seed_4242,fr,75.65425122629,384.37626556634905,106.78632354736328,110.64094367980957,112.1482162475586,24,107.47606881459554,111.76602325439453,112.1482162475586,5.819572575887044,6.115090507507324,6.381159362792969,0.9399585921325052,0.963963963963964,0.06779661016949153,0.0,0.9285714285714286,1.0,0.962962962962963,0.525879917184265,0.4705493450164795,0.4699792960662526,0.4699792960662526,0.055330572167785474,0.055330572167785474,24,0.02843634287516276,0.011448079039647802,0.02802109718322754,0.011280906857098979,0.059730768203735324,0.02404678261537279,0,0,0.0,0.0,0.0,24,22,0.026204152540727096,0.010549430029388565,0.026269912719726562,0.010575904169546187,0.04627113342285156,0.018628119480918373,1,1,0.08333333333333333,0.043478260869565216,0.043478260869565216,23
gait_05_half_bound__vx_pos_0p5__seed_4242,rl,58.698384199343934,334.0524030447006,86.87470016479492,92.59945632934571,185.54043579101562,24,92.65992609659831,112.41109542846675,185.54043579101562,4.905294423103332,5.578380187988281,6.947480010986328,0.8633540372670807,0.8873873873873874,0.20253164556962025,0.00966183574879227,0.8102766798418972,0.9903381642512077,0.8913043478260869,0.587991718426501,0.4705493450164795,0.4720496894409938,0.4720496894409938,0.1174423734100215,0.1174423734100215,24,0.09312868595123287,0.037492323197419936,0.09312928199768233,0.03749256315749126,0.11451008796691795,0.04610018044997272,0,0,0.0,0.0,0.0,24,24,0.030212628046671686,0.012163186925695619,0.02926265716552834,0.011780741764570776,0.055515117645264664,0.022349619903248498,0,0,0.0,0.0,0.0,24
gait_05_half_bound__vx_pos_0p5__seed_4242,rr,65.13462284864005,384.37186553657057,91.30706634521485,97.95451553344726,125.075439453125,24,94.60693804423015,98.98765335083007,125.075439453125,4.722217291196187,5.282410835266114,5.759981231689453,0.7991718426501035,0.8247191011235955,0.3080168776371308,0.02403846153846154,0.7355072463768116,0.9759615384615384,0.8388429752066117,0.6107660455486542,0.4705493450164795,0.4720496894409938,0.4720496894409938,0.14021670053217472,0.14021670053217472,24,0.05488543192545577,0.022096117126110232,0.05550873756408681,0.02234705137065188,0.076059656143188,0.03062056745757487,0,0,0.0,0.0,0.0,24,14,0.18499696731567358,0.07447722490977492,0.18514860153198232,0.07453827075174686,0.19607284545898337,0.07893622053290292,10,10,0.5882352941176471,0.4166666666666667,0.4166666666666667,24
gait_05_half_bound__vx_pos_1p0__seed_4242,fl,69.97767200623171,348.8110407209396,106.52503356933593,119.38196899414085,167.70452880859375,35,98.06644646780832,136.19821777343745,167.70452880859375,4.847039951869419,6.232882202148437,6.816349334716797,0.8852459016393442,0.92152466367713,0.12773722627737227,0.0,0.8309178743961353,1.0,0.9076517150395778,0.5102459016393442,0.39623603224754333,0.39549180327868855,0.39549180327868855,0.11400986939180091,0.11400986939180091,31,0.01608655433500967,0.005063329170434982,0.016516119241714478,0.005198537026475356,0.03073158860206604,0.009672932175661885,0,4,0.11428571428571428,0.0,0.11428571428571428,35,30,0.1031203587849935,0.032457685457565395,0.09865093231201172,0.03105090952752597,0.16161890029907225,0.05087041484060755,0,5,0.14285714285714285,0.0,0.14285714285714285,35
gait_05_half_bound__vx_pos_1p0__seed_4242,fr,70.69321153678146,360.5353788375855,101.12361297607421,104.74694641113281,216.32847595214844,31,105.62362818564138,127.26055145263672,216.32847595214844,5.041176719665527,5.8944932556152345,7.658294677734375,0.8729508196721312,0.9080717488789237,0.14963503649635038,0.0,0.8075117370892019,1.0,0.8935064935064935,0.5225409836065574,0.39623603224754333,0.39549180327868855,0.39549180327868855,0.1263049513590141,0.1263049513590141,31,0.028175629915729646,0.00886843048403558,0.02829018235206604,0.008904486477156751,0.05571308732032776,0.017535992750795464,0,0,0.0,0.0,0.0,31,30,0.09888426462809245,0.03112435212423206,0.09801387786865234,0.030850393228072284,0.1298736572265625,0.04087842948910368,0,1,0.03225806451612903,0.0,0.03225806451612903,31
gait_05_half_bound__vx_pos_1p0__seed_4242,rl,64.10778482002125,365.50380650997164,93.20456085205079,208.98814758300793,214.03038024902344,31,114.80320345970893,213.04650115966797,214.03038024902344,5.469201032577022,7.5922592163085945,7.611437530517578,0.8135245901639344,0.8396436525612472,0.26181818181818184,0.0,0.7073170731707317,1.0,0.8285714285714285,0.5840163934426229,0.39623603224754333,0.3975409836065574,0.3975409836065574,0.18778036119507957,0.18778036119507957,31,0.12537432866711842,0.03946224171713165,0.12461022019386192,0.03922173448099867,0.15394238114357073,0.04845418930479703,0,0,0.0,0.0,0.0,31,31,0.06255564289708207,0.019689723781728622,0.06332504272460682,0.019931896499969178,0.08894359588623146,0.02799547337455756,0,0,0.0,0.0,0.0,31
gait_05_half_bound__vx_pos_1p0__seed_4242,rr,67.05689963933938,390.2711559009552,102.0667953491211,126.61454620361415,182.68719482421875,30,107.71272710164388,161.90578002929686,182.68719482421875,5.245044682820637,6.581043365478515,7.017420043945313,0.7848360655737705,0.7955555555555556,0.33454545454545453,0.0,0.6554307116104869,1.0,0.7918552036199096,0.5963114754098361,0.39623603224754333,0.3975409836065574,0.3975409836065574,0.20007544316229275,0.20007544316229275,27,0.03677102517198705,0.011573877195996127,0.03726432204246777,0.011729145029117694,0.06096427321434028,0.019188831647355492,3,3,0.18181818181818182,0.1,0.1,30,0,,,,,,,31,31,1.0,1.0,1.0,31
gait_05_half_bound__vx_pos_1p5__seed_4242,fl,70.52046388064244,363.885593624115,108.79970817565918,137.38276794433636,232.72967529296875,39,113.02564572065305,177.53785400390632,232.72967529296875,5.3035610453287765,6.920199539184572,7.961759948730469,0.7979166666666667,0.8194130925507901,0.26490066225165565,0.0,0.6380090497737556,1.0,0.7790055248618785,0.5375,0.333658903837204,0.33541666666666664,0.33541666666666664,0.203841096162796,0.203841096162796,39,0.03573056444143637,0.00879302784382257,0.034829407930374146,0.008571259886408975,0.07060745358467102,0.017375972505808635,0,0,0.0,0.0,0.0,39,31,0.1555727066532258,0.038285293353895404,0.15462493896484375,0.038052054730221316,0.18988990783691406,0.04673050294538713,7,8,0.32608695652173914,0.18421052631578946,0.20512820512820512,39
gait_05_half_bound__vx_pos_1p5__seed_4242,fr,66.70433356612921,341.5261878585815,94.9903507232666,171.39408035278277,238.076904296875,39,102.97862889216496,197.05541076660163,238.076904296875,4.695876073592749,6.844320358276368,7.693444366455078,0.8020833333333334,0.8239277652370203,0.2582781456953642,0.0,0.6438356164383562,1.0,0.7833333333333334,0.5333333333333333,0.333658903837204,0.33541666666666664,0.33541666666666664,0.19967442949612935,0.19967442949612935,39,0.025571391368523624,0.00629293043151471,0.020364075899124146,0.005011448578938722,0.05618370175361634,0.01382639377830975,0,0,0.0,0.0,0.0,39,29,0.16832897580903153,0.041424516918475214,0.16864013671875,0.04150109131873548,0.19366607666015626,0.04765979018517215,9,10,0.3958333333333333,0.23684210526315788,0.2564102564102564,39
gait_05_half_bound__vx_pos_1p5__seed_4242,rl,68.60943313217163,343.0471656608582,95.91480751037598,156.21740783691382,233.57333374023438,39,104.46531559870793,171.70046844482425,233.57333374023438,5.084816681299454,6.621064971923829,7.819046478271485,0.8104166666666667,0.830316742081448,0.24916943521594684,0.0,0.6527777777777778,1.0,0.7899159663865547,0.5208333333333334,0.333658903837204,0.33125,0.33125,0.1871744294961294,0.1871744294961294,39,0.12996972618959043,0.03198458907953155,0.13097778439522045,0.03223266475392586,0.16606289029121335,0.040866850019948685,0,0,0.0,0.0,0.0,39,39,0.05733621254945248,0.014110018167583066,0.05802261352538807,0.014278936374943632,0.10126220703125065,0.024919880776361963,0,0,0.0,0.0,0.0,39
gait_05_half_bound__vx_pos_1p5__seed_4242,rr,68.59337068295133,378.7153666782379,104.42411041259766,113.34572219848633,202.42185974121094,38,105.44125787835372,129.8566192626952,202.42185974121094,5.0643556896008946,6.032153747558592,7.302387847900391,0.7416666666666667,0.75,0.36666666666666664,0.0,0.56,1.0,0.717948717948718,0.575,0.333658903837204,0.3333333333333333,0.3333333333333333,0.24134109616279598,0.24134109616279598,38,0.0497086362462311,0.012232928010638133,0.0493923175334956,0.012155084313173904,0.08373737215995741,0.02060714843108252,0,0,0.0,0.0,0.0,38,0,,,,,,,39,39,1.0,1.0,1.0,39
gait_06_gallop__vx_neg_1p5__seed_4242,fl,86.35845549319818,427.16861084699633,127.28589248657227,204.51893539428795,262.8029479980469,39,133.25048515124197,238.0760955810547,262.8029479980469,6.839704613318811,9.215192276000977,9.756882781982423,0.6541666666666667,0.665158371040724,0.3853820598006645,0.22695035460992907,0.48444444444444446,0.7730496453900709,0.5956284153005466,0.5125,0.333658903837204,0.3333333333333333,0.3333333333333333,0.17884109616279598,0.17884109616279598,9,0.18969869097073971,0.046683445887801725,0.18958679318428295,0.046655908669530545,0.1985604870319392,0.04886426840573651,30,30,0.8695652173913043,0.7692307692307693,0.7692307692307693,39,38,0.05998658832750904,0.014762256059073465,0.059793472290037286,0.014714731629467516,0.09175327301025345,0.022579802389166497,1,0,0.02564102564102564,0.02564102564102564,0.0,38
gait_06_gallop__vx_neg_1p5__seed_4242,fr,87.07739750984219,503.4978128755093,125.50676574707032,140.6908874511719,174.603515625,39,127.10510645157251,148.40091705322268,174.603515625,7.098903479942909,7.746292755126954,8.268467712402344,0.6958333333333333,0.7104072398190046,0.42524916943521596,0.0,0.5241635687732342,1.0,0.6878048780487805,0.6020833333333333,0.333658903837204,0.33541666666666664,0.33541666666666664,0.2684244294961293,0.2684244294961293,39,0.05930510181647236,0.014594547265204375,0.05967483401298779,0.01468553562627677,0.09521560549736244,0.023431856826023216,0,0,0.0,0.0,0.0,39,0,,,,,,,39,39,1.0,1.0,1.0,39
gait_06_gallop__vx_neg_1p5__seed_4242,rl,61.44505800447966,235.04913696289063,96.39731101989746,97.5948705291748,97.87346649169922,39,91.84215374481984,97.59228286743163,97.87346649169922,4.683578762152257,4.9812685546874995,5.019554748535156,0.9375,0.9704545454545455,0.043333333333333335,0.0,0.9150326797385621,1.0,0.9556313993174061,0.3958333333333333,0.333658903837204,0.3333333333333333,0.3333333333333333,0.062174429496129335,0.062174429496129335,34,0.018394470214843646,0.004526743176324225,0.0177459716796875,0.004367152479523105,0.03381793940067137,0.008322344956464217,4,5,0.20930232558139536,0.10526315789473684,0.1282051282051282,39,39,0.05685410915277108,0.013991376084624396,0.05692184448242443,0.014008045248657017,0.09901283264160377,0.0243663263629755,0,1,0.025,0.0,0.025,40
gait_06_gallop__vx_neg_1p5__seed_4242,rr,56.74185874652415,243.84186958610547,96.55963134765625,107.7263714599609,205.35084533691406,42,90.90708360217866,108.23225326538083,205.35084533691406,4.259677561805362,5.100100791931151,6.972559967041016,0.8833333333333333,0.918552036199095,0.11627906976744186,0.0070921985815602835,0.8,0.9929078014184397,0.8860759493670887,0.44375,0.333658903837204,0.33125,0.33125,0.110091096162796,0.110091096162796,39,0.03635372177148619,0.00894638225733012,0.0356942760944392,0.00878409754981405,0.0715139019489314,0.017599042749185077,0,3,0.07142857142857142,0.0,0.07142857142857142,42,39,0.06930711795122044,0.01705596951649157,0.06921684265136818,0.017033753432373688,0.10458442687988026,0.025737454528385394,0,3,0.07142857142857142,0.0,0.07142857142857142,42
gait_06_gallop__vx_neg_1p0__seed_4242,fl,87.25141829275802,441.83583439588546,130.33211975097655,180.25456298828084,300.91864013671875,31,139.39558705975932,212.20132446289062,300.91864013671875,7.215238627772178,9.026811904907227,10.832312316894532,0.6557377049180327,0.6703786191536748,0.3781818181818182,0.25287356321839083,0.5555555555555556,0.7471264367816092,0.6372549019607844,0.5184426229508197,0.39623603224754333,0.39549180327868855,0.39549180327868855,0.12220659070327633,0.12220659070327633,15,0.1835947223504391,0.05778742258009668,0.18417671799659985,0.05797060882812112,0.19686134934425362,0.06196316451041607,16,16,0.6808510638297872,0.5161290322580645,0.5161290322580645,31,30,0.07771245320638087,0.024460411038402484,0.07977283477783104,0.025108927177762794,0.11016004562377829,0.03467346460947318,1,0,0.03225806451612903,0.03225806451612903,0.0,30
gait_06_gallop__vx_neg_1p0__seed_4242,fr,80.19012571103644,476.7921055006981,122.82420654296875,139.98379760742193,201.6297149658203,31,126.54232025146484,152.2323455810547,201.6297149658203,7.112943592686807,7.908345031738282,8.891147155761718,0.7028688524590164,0.7216035634743875,0.4166666666666667,0.057803468208092484,0.5863309352517986,0.9421965317919075,0.7228381374722839,0.6086065573770492,0.39623603224754333,0.39344262295081966,0.39344262295081966,0.21237052512950583,0.21237052512950583,31,0.07326251264541453,0.023059768403577534,0.07275054335594078,0.022898623326529075,0.10080764174461443,0.031729745377319096,0,0,0.0,0.0,0.0,31,0,,,,,,,31,31,1.0,1.0,1.0,31
gait_06_gallop__vx_neg_1p0__seed_4242,rl,59.18785120959573,253.3768839865923,89.75027160644531,92.57219085693359,93.08982849121094,31,89.01234263758505,92.62739181518555,93.08982849121094,4.813771517353672,5.215309143066406,5.23868881225586,0.9610655737704918,0.9822222222222222,0.02909090909090909,0.0,0.9562841530054644,1.0,0.9776536312849162,0.4364754098360656,0.39623603224754333,0.3975409836065574,0.3975409836065574,0.04023937758852225,0.04023937758852225,22,0.012168145071376363,0.0038299888594475425,0.012041091918943536,0.0037899981989548354,0.023534082174303705,0.00740747846250906,8,9,0.4358974358974359,0.26666666666666666,0.2903225806451613,31,31,0.03559694843907594,0.011204330253482768,0.03585327148437756,0.011285009305397936,0.06237304687500078,0.019632250705409384,0,0,0.0,0.0,0.0,31
gait_06_gallop__vx_neg_1p0__seed_4242,rr,55.8154082405193,250.49592735797168,91.45551223754883,93.5236570739746,94.1017837524414,32,85.63915872573853,93.66484870910645,94.1017837524414,4.308828874453902,4.650842262268067,4.683780822753906,0.9323770491803278,0.9487750556792873,0.08,0.005747126436781609,0.8871794871794871,0.9942528735632183,0.9376693766937668,0.4569672131147541,0.39623603224754333,0.3975409836065574,0.3975409836065574,0.06073118086721074,0.06073118086721074,31,0.033137655988817016,0.010430254777609952,0.03211144089699047,0.01010724807888656,0.06016949295997698,0.01893867030377644,0,1,0.03125,0.0,0.03125,32,31,0.029774219143774528,0.009371595008975962,0.030015106201169317,0.009447415500989771,0.056536788940428906,0.017795257249204294,0,1,0.03125,0.0,0.03125,32
gait_06_gallop__vx_neg_0p5__seed_4242,fl,80.84873262318698,426.99051381111144,131.17237701416016,135.2414454650879,283.10321044921875,24,138.93606917063394,172.71925354003898,283.10321044921875,7.336796003977458,8.439649665832517,10.719761352539063,0.6356107660455487,0.6463963963963963,0.4092827004219409,0.2898550724637681,0.6024590163934426,0.7101449275362319,0.6518847006651884,0.546583850931677,0.4705493450164795,0.4720496894409938,0.4720496894409938,0.07603450591519756,0.07603450591519756,15,0.18656800270080573,0.07510970206557631,0.186901216506957,0.07524384934346885,0.19857285499572655,0.0799426898564075,9,9,0.5454545454545454,0.375,0.375,24,20,0.11784985542297352,0.04744472471780691,0.11656654357910057,0.04692808108730667,0.14148910522460856,0.05696156031636303,4,3,0.25925925925925924,0.16666666666666666,0.13043478260869565,23
gait_06_gallop__vx_neg_0p5__seed_4242,fr,86.1974719141826,453.44170637607573,121.8358413696289,124.35737243652343,124.8897933959961,24,122.26611105600993,124.73679733276367,124.8897933959961,6.883828579584758,7.226596900939941,7.238447265625,0.8488612836438924,0.8781038374717833,0.1906779661016949,0.043478260869565216,0.8148148148148148,0.9565217391304348,0.8800000000000001,0.5445134575569358,0.4705493450164795,0.4720496894409938,0.4720496894409938,0.07396411254045632,0.07396411254045632,24,0.06430419762929278,0.025887982159768605,0.06430447578430343,0.025888094141135586,0.08568575859069778,0.03449590340167378,0,0,0.0,0.0,0.0,24,17,0.12801860136144297,0.05153852143944422,0.12976730346679588,0.05224252476387889,0.1493523406982412,0.06012719035552444,7,6,0.43333333333333335,0.2916666666666667,0.2608695652173913,23
gait_06_gallop__vx_neg_0p5__seed_4242,rl,51.919566350254584,255.9122115957737,90.89009666442871,93.29054145812988,95.54396057128906,24,89.59799480438232,94.37762603759765,95.54396057128906,4.666461461385091,4.97791226196289,5.052138977050781,0.9544513457556936,0.9775280898876404,0.04219409282700422,0.0,0.9541284403669725,1.0,0.9765258215962441,0.5093167701863354,0.4705493450164795,0.4720496894409938,0.4720496894409938,0.038767425169855874,0.038767425169855874,24,0.026222342650095747,0.010556753116281502,0.02579749107360918,0.01038571373723444,0.05017393112182517,0.020199331951162924,0,0,0.0,0.0,0.0,24,24,0.06477547168731694,0.026077710588958015,0.06487548828125078,0.026117975888812418,0.08637278556823781,0.03477249097750155,0,0,0.0,0.0,0.0,24
gait_06_gallop__vx_neg_0p5__seed_4242,rr,54.830970176811384,256.01894141823055,81.24288635253906,87.288203125,87.9068832397461,25,79.99948150634765,87.67450561523438,87.9068832397461,4.00207492980957,4.579198028564453,4.621374053955078,0.906832298136646,0.9369369369369369,0.06751054852320675,0.057971014492753624,0.9241706161137441,0.9420289855072463,0.9330143540669857,0.4824016563146998,0.4705493450164795,0.4720496894409938,0.4720496894409938,0.011852311298220286,0.011852311298220286,24,0.02481977621714271,0.009992099234687335,0.025027399063111133,0.010075685325962074,0.04557688713073657,0.018348625508715053,0,1,0.04,0.0,0.04,25,24,0.02742747783660889,0.011041923903862398,0.0268343734741201,0.010803148276126452,0.04757002258300904,0.019151034323889,0,1,0.04,0.0,0.04,25
gait_06_gallop__vx_pos_0p5__seed_4242,fl,68.15034554950122,316.30666721343994,92.13909034729004,96.68283721923828,100.63440704345703,24,91.39128494262695,98.20350914001465,100.63440704345703,4.734523709615072,4.971699508666992,5.066259765625,0.639751552795031,0.6509009009009009,0.33755274261603374,0.36231884057971014,0.6226415094339622,0.6376811594202898,0.630071599045346,0.4803312629399586,0.4705493450164795,0.4720496894409938,0.4720496894409938,0.0097819179234791,0.0097819179234791,24,0.16050621350606278,0.06461758555376383,0.1603976535797118,0.06457388082623047,0.1818950939178487,0.07322845350533752,0,0,0.0,0.0,0.0,24,22,0.1523394307223233,0.06132975155843158,0.15340984344482322,0.061760684942025246,0.17174699783325104,0.06914297012977004,2,2,0.15384615384615385,0.08333333333333333,0.08333333333333333,24
gait_06_gallop__vx_pos_0p5__seed_4242,fr,73.7665536073538,383.58607875823975,101.08347129821777,102.84307868957521,105.07215118408203,28,96.63027027675084,103.54774780273438,105.07215118408203,5.029151701245991,5.905423812866211,5.9389865112304685,0.8881987577639752,0.9209932279909706,0.1440677966101695,0.004830917874396135,0.8583333333333333,0.9951690821256038,0.9217002237136465,0.5383022774327122,0.4705493450164795,0.4720496894409938,0.4720496894409938,0.0677529324162327,0.0677529324162327,24,0.04774443785349525,0.019221251503749762,0.048260335922240216,0.01942894494356099,0.06809456825256248,0.027413933041541487,0,4,0.14285714285714285,0.0,0.14285714285714285,28,21,0.101876416887556,0.04101403889821313,0.09458625793456932,0.038079121554172986,0.16993606567382713,0.06841391384473583,3,7,0.3225806451612903,0.125,0.25,28
gait_06_gallop__vx_pos_0p5__seed_4242,rl,65.70909180111356,355.0728340649605,97.39240188598632,119.68390090942395,173.95762634277344,24,106.70867951711018,171.28699035644527,173.95762634277344,5.220258298714955,6.850492126464843,6.912084045410157,0.9130434782608695,0.9325842696629213,0.12658227848101267,0.0,0.8739495798319328,1.0,0.9327354260089686,0.5590062111801242,0.4705493450164795,0.4720496894409938,0.4720496894409938,0.08845686616364468,0.08845686616364468,24,0.018971575895945225,0.0076376945276306,0.017002706527710743,0.006845054902864478,0.039215116500854026,0.015787464485909355,0,0,0.0,0.0,0.0,24,24,0.1061746724446615,0.0427444572423149,0.10575950622558672,0.042577317054442454,0.1279725837707515,0.05151999539276646,0,0,0.0,0.0,0.0,24
gait_06_gallop__vx_pos_0p5__seed_4242,rr,56.45905213225576,371.5005630302429,82.73592987060546,88.46031280517577,91.03133392333984,23,85.25978486434273,90.75761489868164,91.03133392333984,4.551718436531398,4.896436889648437,4.950802917480469,0.7908902691511387,0.8130630630630631,0.350210970464135,0.0,0.7137931034482758,1.0,0.8329979879275654,0.6811594202898551,0.4705493450164795,0.4720496894409938,0.4720496894409938,0.2106100752733756,0.2106100752733756,20,0.1448165702819825,0.05830115180833912,0.14363968849182207,0.05782735544805376,0.1692765522003164,0.0681484028257694,4,3,0.25925925925925924,0.16666666666666666,0.13043478260869565,23,24,0.06352070490519202,0.02557255880621463,0.06372844696044844,0.025656192889502872,0.08427764892578171,0.03392901789142305,0,0,0.0,0.0,0.0,24
gait_06_gallop__vx_pos_1p0__seed_4242,fl,67.4017460944643,338.7043857717514,89.44735717773438,102.2488021850586,176.7166290283203,32,89.50589272379875,108.5467300415039,176.7166290283203,4.486097427010536,5.108188385009766,6.455040740966797,0.680327868852459,0.6971046770601337,0.3527272727272727,0.22413793103448276,0.5818965517241379,0.7758620689655172,0.6650246305418719,0.514344262295082,0.39623603224754333,0.39549180327868855,0.39549180327868855,0.11810823004753868,0.11810823004753868,22,0.17662855917757286,0.05559478539598447,0.17738560318946917,0.055833069055052184,0.19638908982276834,0.0618145182956112,9,10,0.4634146341463415,0.2903225806451613,0.3125,32,30,0.0670470987955736,0.02110343359148328,0.07977283477783104,0.025108927177762794,0.11532075881958104,0.03629782673950922,1,1,0.0625,0.03225806451612903,0.03225806451612903,31
gait_06_gallop__vx_pos_1p0__seed_4242,fr,67.2507546654454,363.3258591270447,97.0866268157959,129.62400253295903,205.20501708984375,32,102.00652998685837,164.58186416625972,205.20501708984375,5.080520049333573,6.6475052185058585,7.497351531982422,0.8237704918032787,0.8396436525612472,0.2608695652173913,0.0,0.7061224489795919,1.0,0.8277511961722488,0.5532786885245902,0.39623603224754333,0.39344262295081966,0.39344262295081966,0.15704265627704683,0.15704265627704683,31,0.04046719108858489,0.012737265222700364,0.03944060683250328,0.012414142327549667,0.06749865889549334,0.021245564552440664,0,1,0.03125,0.0,0.03125,32,18,0.16598170810275745,0.052243631973211566,0.16229713439941662,0.0510838926577423,0.19561260223388627,0.061570114666506436,13,14,0.6,0.41935483870967744,0.4375,32
gait_06_gallop__vx_pos_1p0__seed_4242,rl,72.74202929045025,387.07930768013,108.02652549743652,168.92443313598721,198.76852416992188,31,115.84954760151524,194.43196868896484,198.76852416992188,5.596933268885458,7.4123176574707035,7.5504792785644534,0.8524590163934426,0.8822222222222222,0.19272727272727272,0.0,0.7675438596491229,1.0,0.8684863523573201,0.5450819672131147,0.39623603224754333,0.3975409836065574,0.3975409836065574,0.1488459349655714,0.1488459349655714,22,0.017404218587008104,0.0054780710539384676,0.012041091918943536,0.0037899981989548354,0.04585116028785787,0.014431898376058372,8,9,0.4358974358974359,0.26666666666666666,0.2903225806451613,31,31,0.13193300554829343,0.041526620407578596,0.13270080566406506,0.041768289607973436,0.158320312499999,0.049832166656660556,0,0,0.0,0.0,0.0,31
gait_06_gallop__vx_pos_1p0__seed_4242,rr,61.08718482909664,378.83017507553103,88.31668319702149,97.7278157043457,130.60638427734375,30,91.63848317464193,110.08235206604,130.60638427734375,4.637942031860351,5.228170890808105,5.636400909423828,0.7622950819672131,0.7661469933184856,0.38181818181818183,0.0,0.6236559139784946,1.0,0.7682119205298014,0.6352459016393442,0.39623603224754333,0.3975409836065574,0.3975409836065574,0.2390098693918009,0.2390098693918009,22,0.1770477423884658,0.05572672555764181,0.17738560318946917,0.055833069055052184,0.19849976181983847,0.06247886361589691,9,8,0.4358974358974359,0.2903225806451613,0.26666666666666666,30,31,0.052307212583479507,0.016463975428328816,0.05282318115234119,0.016626379299993194,0.10034667968749922,0.03158465509995773,0,0,0.0,0.0,0.0,31
gait_06_gallop__vx_pos_1p5__seed_4242,fl,67.70167953726174,373.71695837527517,94.6741714477539,161.8108024597168,226.48455810546875,39,103.74275520520332,177.82758789062507,226.48455810546875,4.802291566408598,6.483991958618165,7.393003082275391,0.7333333333333333,0.7398190045248869,0.37209302325581395,0.02127659574468085,0.552,0.9787234042553191,0.7058823529411765,0.575,0.333658903837204,0.3333333333333333,0.3333333333333333,0.24134109616279598,0.24134109616279598,13,0.18636014617406552,0.04586185468671335,0.1858560192585017,0.0457377927785216,0.19790512204170482,0.04870298792508688,26,26,0.8,0.6666666666666666,0.6666666666666666,39,39,0.03511825561523324,0.008642343166936284,0.03536331176757557,0.008702649674950672,0.07044689178466576,0.017336459433452484,0,0,0.0,0.0,0.0,39
gait_06_gallop__vx_pos_1p5__seed_4242,fr,63.857771951400814,328.4773044157028,94.2948272705078,143.47166320800778,204.60963439941406,39,98.59710556421524,147.72197570800782,204.60963439941406,4.59219496898162,5.885927963256836,6.977459411621094,0.7833333333333333,0.7941176470588235,0.3023255813953488,0.0,0.6077586206896551,1.0,0.7560321715817694,0.5354166666666667,0.333658903837204,0.33541666666666664,0.33541666666666664,0.20175776282946267,0.20175776282946267,39,0.04888564748641928,0.012030396559111827,0.04939041018486279,0.012154614928771547,0.08447379946708936,0.020788377748833037,0,0,0.0,0.0,0.0,39,3,0.1929177093505873,0.047475622521063965,0.19307029724120994,0.047513173273251885,0.1960177230834983,0.04823851299021388,36,36,0.96,0.9230769230769231,0.9230769230769231,39
gait_06_gallop__vx_pos_1p5__seed_4242,rl,73.07204259766473,368.28309469223024,106.98759040832519,113.50146362304687,201.19154357910156,39,105.51713170760718,114.32216186523439,201.19154357910156,5.227625786707951,5.839515319824219,7.557156066894532,0.8083333333333333,0.8363636363636363,0.24,0.0,0.660377358490566,1.0,0.7954545454545454,0.525,0.333658903837204,0.3333333333333333,0.3333333333333333,0.19134109616279604,0.19134109616279604,27,0.022201538748210306,0.0054636346064078885,0.015772248506543463,0.0038814337933294183,0.06430015683173877,0.015823793388720062,11,12,0.46,0.2894736842105263,0.3076923076923077,39,37,0.16105704848830923,0.03963494934771465,0.1624935913085963,0.03998847191907876,0.1953640747070338,0.048077654955526454,2,2,0.0975609756097561,0.05128205128205128,0.05128205128205128,39
gait_06_gallop__vx_pos_1p5__seed_4242,rr,67.83345074737281,386.7830306482315,97.37793121337891,172.89191467285173,212.23886108398438,39,103.79767178266476,180.49262542724614,212.23886108398438,4.930162914960813,6.525307815551759,7.11046371459961,0.7375,0.744343891402715,0.3754152823920266,0.0,0.5551181102362205,1.0,0.7139240506329114,0.59375,0.333658903837204,0.33125,0.33125,0.260091096162796,0.260091096162796,24,0.1749199179808314,0.04304649907687772,0.17511573910713274,0.04309468920885278,0.19488979458809155,0.04796093812340179,15,15,0.5555555555555556,0.38461538461538464,0.38461538461538464,39,39,0.06983902955666402,0.017186869031521165,0.06921684265136818,0.017033753432373688,0.12860214233398182,0.03164803679973652,0,0,0.0,0.0,0.0,39
gait_07_gallop__vx_neg_1p5__seed_4242,fl,88.20766905292136,431.1913253283501,126.48613128662109,143.0255838012695,209.6457977294922,39,129.0917919843625,150.29780578613287,209.6457977294922,7.047064506335136,7.813343200683595,9.055753631591797,0.8270833333333333,0.8529411764705882,0.2159468438538206,0.0,0.6844660194174758,1.0,0.8126801152737753,0.5083333333333333,0.333658903837204,0.33541666666666664,0.33541666666666664,0.17467442949612932,0.17467442949612932,39,0.02313613937451218,0.005693632913414651,0.021143342256543463,0.005203220270364787,0.04995536923408253,0.012293647175478732,0,0,0.0,0.0,0.0,39,31,0.1586043843915402,0.03903136683980935,0.16130722045898338,0.03969651482081226,0.19284236907959063,0.04745708183717075,8,7,0.32608695652173914,0.20512820512820512,0.18421052631578946,38
gait_07_gallop__vx_neg_1p5__seed_4242,fr,86.07155314044675,475.42557117402555,114.30127716064453,115.54613304138184,116.32717895507812,39,113.4939207419371,116.15868453979492,116.32717895507812,6.165741283710186,6.51541227722168,6.547390289306641,0.7583333333333333,0.7805429864253394,0.3222591362126246,0.0,0.592436974789916,1.0,0.7440633245382585,0.575,0.333658903837204,0.3333333333333333,0.3333333333333333,0.24134109616279598,0.24134109616279598,39,0.10066942774332642,0.024774002174513893,0.10085502743720909,0.024819676887511785,0.13671852231025952,0.03364541792813788,0,0,0.0,0.0,0.0,39,39,0.14056425045697962,0.0345918232033556,0.14093505859374744,0.03468307634537242,0.17647239685058375,0.0434285526531948,0,0,0.0,0.0,0.0,39
gait_07_gallop__vx_neg_1p5__seed_4242,rl,56.3470670633977,228.63950696617366,87.57438430786132,89.81835838317872,91.83214569091797,39,85.44823181934846,89.89587020874023,91.83214569091797,4.080862169510279,4.536196525573731,4.641231842041016,0.8666666666666667,0.8977272727272727,0.14333333333333334,0.014285714285714285,0.7624309392265194,0.9857142857142858,0.8598130841121496,0.42083333333333334,0.333658903837204,0.3333333333333333,0.3333333333333333,0.08717442949612936,0.08717442949612936,35,0.07017430015972508,0.017269376649131377,0.0722888958454142,0.017789763019550105,0.10548896908759814,0.025960055680724098,3,4,0.16666666666666666,0.07894736842105263,0.10256410256410256,39,39,0.024023568569086287,0.005912022679691667,0.020617599487305682,0.005073838860334916,0.05351837158203381,0.01317047572109242,0,0,0.0,0.0,0.0,39
gait_07_gallop__vx_neg_1p5__seed_4242,rr,57.095432068014745,275.3958089029789,91.3806167602539,94.53370315551759,96.30191040039062,39,88.92535967704578,95.06944122314454,96.30191040039062,4.61095594944098,4.82370866394043,4.845296173095703,0.8333333333333334,0.8642533936651584,0.19933554817275748,0.0,0.7014925373134329,1.0,0.8245614035087719,0.4979166666666667,0.333658903837204,0.33125,0.33125,0.1642577628294627,0.1642577628294627,39,0.05078291987761629,0.012497301272874599,0.0501596081256892,0.012343908857284303,0.08557067990303296,0.02105831191767061,0,0,0.0,0.0,0.0,39,39,0.11360020955403481,0.027956172013736912,0.11454116821288807,0.0281877349855658,0.15007850646972437,0.03693321129338818,0,0,0.0,0.0,0.0,39
gait_07_gallop__vx_neg_1p0__seed_4242,fl,89.26279261695893,430.66717293143273,119.839599609375,126.97492675781245,194.00820922851562,31,122.8546132733745,143.0377655029297,194.00820922851562,6.846138829877299,7.602986984252929,8.560132293701171,0.8995901639344263,0.9354120267260579,0.10507246376811594,0.0,0.8564356435643564,1.0,0.9226666666666667,0.49385245901639346,0.39623603224754333,0.39344262295081966,0.39344262295081966,0.09761642676885013,0.09761642676885013,31,0.016231396005999904,0.005108918862456432,0.016634439229964215,0.005235778876748202,0.03265235304832537,0.010277503076784782,0,0,0.0,0.0,0.0,31,29,0.09925709165375893,0.03124170142820794,0.09849441528320213,0.03100164495407305,0.12622192382812755,0.03972902683556544,2,2,0.12121212121212122,0.06451612903225806,0.06451612903225806,31
gait_07_gallop__vx_neg_1p0__seed_4242,fr,81.02161994680658,463.5040503370762,111.45230865478516,115.06537590026855,116.94351196289062,31,111.67618634623867,115.87432098388672,116.94351196289062,6.139118797548356,6.55085433959961,6.58208984375,0.8094262295081968,0.8374164810690423,0.26545454545454544,0.0,0.7044534412955465,1.0,0.8266033254156769,0.5860655737704918,0.39623603224754333,0.39549180327868855,0.39549180327868855,0.1898295415229485,0.1898295415229485,31,0.07400370793957936,0.023293063593820128,0.07374886155128735,0.02321284932761082,0.10026577591896135,0.03155919020531933,0,0,0.0,0.0,0.0,31,31,0.11571960203109176,0.03642336477737711,0.11546241760254006,0.03634241460046859,0.1419831466674797,0.04468995617458101,0,0,0.0,0.0,0.0,31
gait_07_gallop__vx_neg_1p0__seed_4242,rl,57.81186967514549,277.5033138522506,84.13814926147461,86.18033615112304,86.35665893554688,31,83.88517613564768,86.23320770263672,86.35665893554688,4.369705000846617,4.695973434448242,4.794246520996094,0.8463114754098361,0.8777777777777778,0.18181818181818182,0.02857142857142857,0.7727272727272727,0.9714285714285714,0.8607594936708862,0.48975409836065575,0.39623603224754333,0.3975409836065574,0.3975409836065574,0.09351806611311242,0.09351806611311242,22,0.09039894353259599,0.02845355184416023,0.08302548050880354,0.02613271484961253,0.1228169691562627,0.03865729910848212,8,9,0.4358974358974359,0.26666666666666666,0.2903225806451613,31,31,0.015942385273594976,0.00501795118588135,0.016123657226561505,0.005075007504352212,0.029064064025879688,0.009148069880530955,0,0,0.0,0.0,0.0,31
gait_07_gallop__vx_neg_1p0__seed_4242,rr,50.972135652978736,256.30861191093925,82.95720062255859,86.07749633789064,87.84960174560547,31,81.31168906919417,87.0304183959961,87.84960174560547,4.129878909203314,4.520888061523438,4.525891418457031,0.8872950819672131,0.9198218262806236,0.13090909090909092,0.0,0.8285714285714286,1.0,0.90625,0.5102459016393442,0.39623603224754333,0.3975409836065574,0.3975409836065574,0.11400986939180091,0.11400986939180091,31,0.03518737896796268,0.011075416067932532,0.03518799424171348,0.011075609728642301,0.06170681595802385,0.019422550954553888,0,0,0.0,0.0,0.0,31,31,0.0789533036754969,0.02485097537216721,0.07998001098632557,0.025174136999458883,0.1055966567993174,0.033237113525845303,0,0,0.0,0.0,0.0,31
gait_07_gallop__vx_neg_0p5__seed_4242,fl,88.64514284584143,413.0973269402981,114.43165588378906,132.9966711425782,157.30487060546875,24,118.02828057607015,151.8352584838867,157.30487060546875,6.783732554117839,7.591012512207031,7.699108581542969,0.989648033126294,1.0,0.0,0.0,1.0,1.0,1.0,0.4824016563146998,0.4705493450164795,0.4720496894409938,0.4720496894409938,0.011852311298220286,0.011852311298220286,24,0.01661311864852914,0.0066882122014897075,0.014625673294069053,0.0058880941411355876,0.0360069561004634,0.014495903401673773,0,0,0.0,0.0,0.0,24,24,0.02637748400370284,0.010619210883309034,0.02648532867431541,0.010662627658757182,0.04753549575805866,0.01913713430085315,0,0,0.0,0.0,0.0,24
gait_07_gallop__vx_neg_0p5__seed_4242,fr,67.09847881129531,409.6978342652321,99.66334533691406,100.80344635009766,101.63739013671875,24,99.58254114786784,101.42107162475585,101.63739013671875,5.371132068634033,5.741275604248047,5.768649749755859,0.8405797101449275,0.8671171171171171,0.2489451476793249,0.0,0.7781954887218046,1.0,0.8752642706131079,0.6314699792960663,0.4705493450164795,0.4720496894409938,0.4720496894409938,0.1609206342795868,0.1609206342795868,24,0.07356787204742428,0.029617409583045366,0.07387459754943748,0.029740893035398508,0.09537365913391316,0.03839611840589807,0,0,0.0,0.0,0.0,24,24,0.08742928028106693,0.03519782116255857,0.08690654754638594,0.034987376180603234,0.10840370178222755,0.04364183367887623,0,0,0.0,0.0,0.0,24
gait_07_gallop__vx_neg_0p5__seed_4242,rl,53.73018251795347,316.19041875720023,79.4308837890625,81.12690811157226,82.48751068115234,24,80.03960800170898,82.20191078186035,82.48751068115234,3.9392491610844935,4.435407093048096,4.4677490234375,0.8633540372670807,0.8808988764044944,0.22362869198312235,0.0,0.7969348659003831,1.0,0.8869936034115138,0.6086956521739131,0.4705493450164795,0.4720496894409938,0.4720496894409938,0.1381463071574336,0.1381463071574336,24,0.10243188858032222,0.041237664132688305,0.10232436180114846,0.0411943753359445,0.12382199287414349,0.04984902480227209,0,0,0.0,0.0,0.0,24,24,0.03579581260681156,0.01441089994624896,0.03611076354980458,0.01453769484757732,0.05716350555420124,0.023013238117178113,0,0,0.0,0.0,0.0,24
gait_07_gallop__vx_neg_0p5__seed_4242,rr,51.10108823515475,264.55570158839225,66.68436241149902,69.9737361907959,71.10409545898438,24,67.14753500620525,70.12276840209961,71.10409545898438,3.6762114008267726,3.8201365661621094,3.856646957397461,0.9420289855072463,0.9752252252252253,0.046413502109704644,0.0,0.9495412844036697,1.0,0.9741176470588235,0.5300207039337475,0.4705493450164795,0.4720496894409938,0.4720496894409938,0.05947135891726796,0.05947135891726796,24,0.015112180709838366,0.006083955309836241,0.012003898620603692,0.004832603854717859,0.03293513393401976,0.013259230208092877,0,0,0.0,0.0,0.0,24,24,0.06352070490519202,0.02557255880621463,0.06372844696044844,0.025656192889502872,0.08427764892578171,0.03392901789142305,0,0,0.0,0.0,0.0,24
gait_07_gallop__vx_pos_0p5__seed_4242,fl,72.44087128241857,347.71618215560915,86.48000564575194,87.78717292785645,88.0599365234375,24,85.2896712621053,87.96417541503907,88.0599365234375,4.4095719655354815,5.066121734619141,5.096163940429688,0.9503105590062112,0.981941309255079,0.03389830508474576,0.0,0.9627906976744186,1.0,0.9810426540284359,0.4968944099378882,0.4705493450164795,0.4720496894409938,0.4720496894409938,0.0263450649214087,0.0263450649214087,24,0.015872654914855937,0.006390111725408884,0.01366758346557706,0.005502380403901148,0.034088869094846604,0.013723708054978835,0,0,0.0,0.0,0.0,24,24,0.016640367507934517,0.006699182216079223,0.013650779724120099,0.005495615449588788,0.03636386871337817,0.014639591491975438,0,0,0.0,0.0,0.0,24
gait_07_gallop__vx_pos_0p5__seed_4242,fr,54.90433806180954,298.7984628415108,75.12010116577149,79.94770225524903,80.7592544555664,25,74.82760482788086,80.58140411376952,80.7592544555664,3.9348321411132816,4.369144897460938,4.3867198181152345,0.9006211180124224,0.9256756756756757,0.13924050632911392,0.0,0.8625,1.0,0.9261744966442953,0.5631469979296067,0.4705493450164795,0.4720496894409938,0.4720496894409938,0.09259765291312716,0.09259765291312716,24,0.05079826196034746,0.02045067892702653,0.049866800308226544,0.020075685325961358,0.07257988929748488,0.029219661368348117,0,1,0.04,0.0,0.04,25,24,0.040152684847514,0.016164916557884833,0.035679931640625995,0.014364247869154974,0.08586103439330825,0.034566467019886964,0,1,0.04,0.0,0.04,25
gait_07_gallop__vx_pos_0p5__seed_4242,rl,70.15611012211049,395.0480818474293,88.0787582397461,94.52796325683592,137.21334838867188,24,92.06901741027832,95.81779174804687,137.21334838867188,4.894231266180674,5.2596259155273435,6.101259460449219,0.8902691511387164,0.9213483146067416,0.14767932489451477,0.0,0.8559670781893004,1.0,0.9223946784922394,0.5817805383022774,0.4705493450164795,0.4720496894409938,0.4720496894409938,0.11123119328579789,0.11123119328579789,24,0.018418856461842825,0.007415177314494856,0.016043663024902344,0.006458957229517008,0.040176744461060024,0.016174602626123195,0,0,0.0,0.0,0.0,24,24,0.09789483229319258,0.03941110791164352,0.0969637680053701,0.03903627428395875,0.11967876434326374,0.048181018198572574,0,0,0.0,0.0,0.0,24
gait_07_gallop__vx_pos_0p5__seed_4242,rr,61.857299138300164,398.36100645065306,70.86035575866698,73.91282096862795,74.86558532714844,24,70.33135890960693,74.63668098449708,74.86558532714844,3.878748715718588,4.076427642822265,4.113775787353516,0.8053830227743272,0.8288288288288288,0.3206751054852321,0.0,0.7314487632508834,1.0,0.8448979591836735,0.6666666666666666,0.4705493450164795,0.4720496894409938,0.4720496894409938,0.19611732165018714,0.19611732165018714,24,0.060009325345357224,0.02415892587473443,0.05949318885803123,0.02395113645089417,0.08220656394958449,0.03309522767411484,0,0,0.0,0.0,0.0,24,24,0.13596943537394202,0.05473941744093781,0.13503849029541115,0.054364631805268,0.15775186538696087,0.06350872302848724,0,0,0.0,0.0,0.0,24
gait_07_gallop__vx_pos_1p0__seed_4242,fl,71.27339753520732,349.23964792251587,87.94531097412109,88.7399838256836,93.61934661865234,31,82.91070975026777,87.34702682495117,93.61934661865234,4.519228238751811,4.97318588256836,5.0399719238281255,0.8913934426229508,0.9265033407572383,0.11956521739130435,0.0,0.8398058252427184,1.0,0.9129287598944591,0.5020491803278688,0.39623603224754333,0.39344262295081966,0.39344262295081966,0.10581314808032549,0.10581314808032549,31,0.027485054039185424,0.008651068026713364,0.02717735886573891,0.008554219322207193,0.05586865067482094,0.0175849571501474,0,0,0.0,0.0,0.0,31,31,0.0787689848869086,0.024792960045859125,0.08056533813476818,0.0253583718556771,0.1061838912963875,0.0334219487302638,0,0,0.0,0.0,0.0,31
gait_07_gallop__vx_pos_1p0__seed_4242,fr,61.93612976005112,341.9293631601334,81.1745662689209,92.6060848236084,126.3970947265625,31,81.36306639640561,93.50150299072266,126.3970947265625,4.003032560040873,4.495309791564941,5.16272232055664,0.8299180327868853,0.8596881959910914,0.2290909090909091,0.0,0.7341772151898734,1.0,0.8467153284671534,0.5655737704918032,0.39623603224754333,0.39549180327868855,0.39549180327868855,0.1693377382442599,0.1693377382442599,31,0.07400370793957936,0.023293063593820128,0.07374886155128735,0.02321284932761082,0.10026577591896135,0.03155919020531933,0,0,0.0,0.0,0.0,31,31,0.09522255682176087,0.029971809972364392,0.09446060180663807,0.029731980548717455,0.1419831466674797,0.04468995617458101,0,0,0.0,0.0,0.0,31
gait_07_gallop__vx_pos_1p0__seed_4242,rl,76.43438751785844,412.87044841170314,97.9247673034668,107.30552711486821,171.1522979736328,31,101.4318387431483,129.2112159729004,171.1522979736328,5.370978447698779,6.125782852172852,6.994295501708985,0.8442622950819673,0.8733333333333333,0.20727272727272728,0.0,0.7543103448275862,1.0,0.8599508599508598,0.5532786885245902,0.39623603224754333,0.3975409836065574,0.3975409836065574,0.15704265627704683,0.15704265627704683,22,0.0250493144989008,0.007884405955453986,0.01794674515724104,0.005648834198835079,0.053366495370862486,0.01679739036140887,8,9,0.4358974358974359,0.26666666666666666,0.2903225806451613,31,31,0.13193300554829343,0.041526620407578596,0.13270080566406506,0.041768289607973436,0.158320312499999,0.049832166656660556,0,0,0.0,0.0,0.0,31
gait_07_gallop__vx_pos_1p0__seed_4242,rr,64.40016699778407,391.5530153465271,80.04580612182617,87.69487190246574,88.4090576171875,31,81.36529516404674,88.08650970458984,88.4090576171875,4.421077676588489,4.638170013427734,4.643967895507813,0.7745901639344263,0.7973273942093542,0.33090909090909093,0.0,0.6566037735849056,1.0,0.7927107061503417,0.6229508196721312,0.39623603224754333,0.3975409836065574,0.3975409836065574,0.22671478742458784,0.22671478742458784,31,0.08438054588533289,0.026559228937461377,0.08515099167823692,0.02680173087890946,0.11076859116554516,0.03486500757939686,0,0,0.0,0.0,0.0,31,31,0.1424942238100105,0.04485082044359896,0.14351760864257557,0.045172936303054974,0.16913997650146584,0.053237713874047264,0,0,0.0,0.0,0.0,31
gait_07_gallop__vx_pos_1p5__seed_4242,fl,69.23173536573138,349.24768901348114,84.22873649597167,94.70946929931658,127.78273010253906,39,82.51772640912961,107.0863807678223,127.78273010253906,4.509017561888084,5.177958572387696,5.615184173583985,0.8104166666666667,0.834841628959276,0.2425249169435216,0.0,0.6588785046728972,1.0,0.7943661971830985,0.525,0.333658903837204,0.33541666666666664,0.33541666666666664,0.19134109616279604,0.19134109616279604,39,0.044887876480052075,0.011046574659801236,0.04589691281318409,0.011294891044144974,0.08098030209541385,0.019928653864207252,0,0,0.0,0.0,0.0,39,29,0.14514632126380828,0.03571943696531696,0.13609970092773693,0.033493130559272145,0.1880276489257824,0.0462722147903028,10,9,0.3958333333333333,0.2564102564102564,0.23684210526315788,38
gait_07_gallop__vx_pos_1p5__seed_4242,fr,62.15134418544485,333.1312048339844,77.19596824645996,85.83512359619141,150.8274383544922,39,79.35358722393329,91.95132369995126,150.8274383544922,3.9624272820888438,4.330256271362307,5.476403427124024,0.775,0.7986425339366516,0.2956810631229236,0.0,0.6130434782608696,1.0,0.7601078167115903,0.5583333333333333,0.333658903837204,0.3333333333333333,0.3333333333333333,0.22467442949612937,0.22467442949612937,39,0.07357930620511528,0.01810732347234973,0.07282272458076733,0.017921134326081976,0.10864616513252515,0.026737018294257713,0,0,0.0,0.0,0.0,39,39,0.1509837536934079,0.037155985944945645,0.15167343139648182,0.03732571053063844,0.187493057250974,0.046140655730009465,0,0,0.0,0.0,0.0,39
gait_07_gallop__vx_pos_1p5__seed_4242,rl,76.4171227803597,397.3690384578705,95.91971359252928,98.85778900146485,101.70858764648438,39,93.84216944376628,98.9290870666504,101.70858764648438,5.159963261530949,5.70542855834961,5.8497715759277344,0.7916666666666666,0.8181818181818182,0.26666666666666666,0.0,0.6363636363636364,1.0,0.7777777777777778,0.5416666666666666,0.333658903837204,0.3333333333333333,0.3333333333333333,0.20800776282946265,0.20800776282946265,27,0.018516625784060926,0.004556804759123066,0.015534971952440912,0.0038230417869470493,0.05327568173408499,0.013110751543101202,11,12,0.46,0.2894736842105263,0.3076923076923077,39,27,0.1714096690990323,0.04218265276941184,0.1699551391601588,0.041824703701096644,0.19700248718261976,0.04848085615715053,12,12,0.47058823529411764,0.3076923076923077,0.3076923076923077,39
gait_07_gallop__vx_pos_1p5__seed_4242,rr,68.18712843000682,394.1216023254395,94.7055450439453,97.10413970947266,176.66900634765625,39,94.4532498090695,97.38841171264649,176.66900634765625,4.7747248273018075,5.007735885620117,6.636316375732422,0.7291666666666666,0.751131221719457,0.3654485049833887,0.0,0.5617529880478087,1.0,0.7193877551020408,0.6020833333333333,0.333658903837204,0.33125,0.33125,0.2684244294961293,0.2684244294961293,39,0.09246015032132622,0.02275375967127484,0.09220901608467358,0.022691957391631507,0.12802864193916577,0.031506902591002535,0,0,0.0,0.0,0.0,39,31,0.16778019074470601,0.04128946496991735,0.1677828979492162,0.04129013119293983,0.19603931427001875,0.04824382642164782,8,8,0.3404255319148936,0.20512820512820512,0.20512820512820512,39
gait_08_gallop__vx_neg_1p5__seed_4242,fl,94.40527383383218,438.2177292752266,152.81830596923828,155.27613525390623,155.56353759765625,39,148.07972286909055,155.37324066162108,155.56353759765625,7.71801956176758,7.922272003173829,7.999910583496094,0.8541666666666666,0.8823529411764706,0.17275747508305647,0.0,0.7305699481865285,1.0,0.8443113772455091,0.48125,0.333658903837204,0.33541666666666664,0.33541666666666664,0.14759109616279603,0.14759109616279603,39,0.02616289514761797,0.0064384951400663385,0.021360014677046735,0.0052565417517423454,0.057134245634078346,0.014060315602337378,0,0,0.0,0.0,0.0,39,31,0.16247630211614958,0.03998421717659266,0.16130722045898338,0.03969651482081226,0.19470775604248125,0.04791613978267522,8,7,0.32608695652173914,0.20512820512820512,0.18421052631578946,38
gait_08_gallop__vx_neg_1p5__seed_4242,fr,97.28409291324682,550.7211858028173,129.21202545166014,182.92189208984382,204.59254455566406,39,135.26739325890173,192.1718688964844,204.59254455566406,7.261504238813352,8.691257598876954,8.881690216064454,0.74375,0.7647058823529411,0.34551495016611294,0.0,0.5755102040816327,1.0,0.7305699481865285,0.5895833333333333,0.333658903837204,0.3333333333333333,0.3333333333333333,0.25592442949612937,0.25592442949612937,39,0.1360952496834306,0.033492035140945085,0.13634506344795483,0.033553512462156515,0.17216850399971265,0.04236939643033225,0,0,0.0,0.0,0.0,39,39,0.11972583086062545,0.029463642146145462,0.11991226196288807,0.02950952146260117,0.1561049652099584,0.03841627825107309,0,0,0.0,0.0,0.0,39
gait_08_gallop__vx_neg_1p5__seed_4242,rl,54.22209742599063,195.72691650927067,90.06860160827637,96.74746368408212,108.1889419555664,39,86.68176699907352,95.46961669921876,108.1889419555664,4.1327533986018254,4.578024185180665,4.992563934326172,0.7770833333333333,0.8031674208144797,0.17940199335548174,0.23404255319148937,0.6666666666666666,0.7659574468085106,0.7128712871287127,0.375,0.333658903837204,0.33125,0.33125,0.04134109616279602,0.04134109616279602,39,0.09037624967404057,0.022240927122956833,0.08892837643623608,0.021884616219578653,0.1272906887531274,0.031325297765730085,0,0,0.0,0.0,0.0,39,39,0.05471081073467669,0.013463926183887054,0.054552917480467755,0.013425069820929607,0.09336879730224545,0.022977370977962246,0,0,0.0,0.0,0.0,39
gait_08_gallop__vx_neg_1p5__seed_4242,rr,64.01839856083474,231.5697532552481,104.34129180908204,107.19181915283202,108.33564758300781,42,96.14385509490967,107.03086738586425,108.33564758300781,4.543208644503638,5.115099521636963,5.40862777709961,0.7958333333333333,0.825,0.16,0.20714285714285716,0.6981132075471698,0.7928571428571428,0.7424749163879598,0.37083333333333335,0.333658903837204,0.3333333333333333,0.3333333333333333,0.03717442949612937,0.03717442949612937,38,0.12456293488803825,0.030654017698880424,0.12551841616630632,0.0308891545800185,0.1579980838298793,0.03888216075242308,0,4,0.09523809523809523,0.0,0.09523809523809523,42,39,0.15479489644368655,0.03809388000970102,0.15548217773437756,0.038263014856016964,0.1913021850585963,0.047078053932268465,0,3,0.07142857142857142,0.0,0.07142857142857142,42
gait_08_gallop__vx_neg_1p0__seed_4242,fl,95.58177270094554,459.20588349342347,151.83385772705077,155.17755477905274,156.37757873535156,31,151.41397685389364,155.70929718017578,156.37757873535156,8.272294916952811,8.581226348876953,8.773321228027344,0.860655737704918,0.8930957683741648,0.17391304347826086,0.0,0.7828054298642534,1.0,0.8781725888324874,0.4918032786885246,0.39623603224754333,0.39344262295081966,0.39344262295081966,0.09556724644098125,0.09556724644098125,31,0.052765467436083624,0.016608213598564816,0.05174491286278027,0.016286988578376266,0.08107612013816912,0.02551914322807253,0,0,0.0,0.0,0.0,31,24,0.14306780179341713,0.04503135718716881,0.14256752014160412,0.04487389085669769,0.17510927200317583,0.05511658161733869,7,6,0.35135135135135137,0.22580645161290322,0.2,30
gait_08_gallop__vx_neg_1p0__seed_4242,fr,94.30997513561714,541.535163280964,129.1392044067383,145.43046264648436,212.66445922851562,31,132.42037200927734,152.1442413330078,212.66445922851562,7.284577789306642,8.059597320556641,9.306355133056641,0.8073770491803278,0.8351893095768375,0.2690909090909091,0.0,0.7016129032258065,1.0,0.8246445497630333,0.5881147540983607,0.39623603224754333,0.39549180327868855,0.39549180327868855,0.19187872185081734,0.19187872185081734,31,0.11704733675526106,0.036841276395955046,0.11628464341163536,0.036601214579455775,0.14561489701271135,0.04583306905505218,0,0,0.0,0.0,0.0,31,31,0.07472563466718048,0.02352029389949374,0.07473098754882557,0.023521978747672846,0.10649787902831775,0.033520778051268935,0,0,0.0,0.0,0.0,31
gait_08_gallop__vx_neg_1p0__seed_4242,rl,50.83475245783726,195.2799631703645,90.19178771972655,92.84258087158203,99.12386322021484,31,86.87359422253024,93.14620208740234,99.12386322021484,4.175221555156093,4.4848136138916015,4.76160530090332,0.7172131147540983,0.734966592427617,0.21454545454545454,0.3448275862068966,0.6589595375722543,0.6551724137931034,0.6570605187319885,0.39344262295081966,0.39623603224754333,0.3975409836065574,0.3975409836065574,-0.00279340929672367,0.00279340929672367,31,0.10897660636132836,0.03430097076062204,0.10795525193214317,0.033979493981508964,0.13792351365089672,0.04341216493066059,0,0,0.0,0.0,0.0,31,31,0.11166945672804382,0.03514855984212802,0.11064422607422131,0.03482586300054112,0.1387013244628914,0.04365698505133002,0,0,0.0,0.0,0.0,31
gait_08_gallop__vx_neg_1p0__seed_4242,rr,56.03162965379231,219.8459476929903,98.74550476074218,101.42501251220702,103.46427917480469,37,81.23915744472194,101.51979522705078,103.46427917480469,3.895535089647448,5.115549621582031,5.2346337890625,0.805327868852459,0.8288888888888889,0.13818181818181818,0.22285714285714286,0.7816091954022989,0.7771428571428571,0.7793696275071633,0.39549180327868855,0.39623603224754333,0.3975409836065574,0.3975409836065574,-0.0007442289688547876,0.0007442289688547876,22,0.12400446902621955,0.039031071055303235,0.12117526412010271,0.03814056365191836,0.16726806044578807,0.05264851826559485,8,15,0.5111111111111111,0.26666666666666666,0.40540540540540543,37,31,0.11758512927639952,0.037010549473533626,0.11912429809570568,0.037495011106442544,0.144742851257325,0.04555858798102925,0,6,0.16216216216216217,0.0,0.16216216216216217,37
gait_08_gallop__vx_neg_0p5__seed_4242,fl,94.20634693962066,457.8428461265564,146.89104919433595,148.83727172851562,169.7745361328125,24,147.8153839111328,148.99012985229493,169.7745361328125,7.9860493787129725,8.312335258483888,9.021307983398438,0.8778467908902692,0.909706546275395,0.11864406779661017,0.057971014492753624,0.874439461883408,0.9420289855072463,0.9069767441860465,0.5031055900621118,0.4705493450164795,0.4720496894409938,0.4720496894409938,0.03255624504563226,0.03255624504563226,24,0.07051412741343177,0.028388014154444686,0.06988966941833574,0.02813661598710006,0.09210265159606887,0.03707925593181276,0,0,0.0,0.0,0.0,24,24,0.10296591599782312,0.04145265619800867,0.1025513458251961,0.041285755970206874,0.12476308822631789,0.050227896797972627,0,0,0.0,0.0,0.0,24
gait_08_gallop__vx_neg_0p5__seed_4242,fr,88.3619769025732,477.1546752738953,126.41688079833983,128.5227894592285,129.11477661132812,24,126.22347418467204,128.77016677856446,129.11477661132812,7.199355169932048,7.44338069152832,7.551481170654297,0.8467908902691511,0.8761261261261262,0.20675105485232068,0.028985507246376812,0.804,0.9710144927536232,0.8796498905908097,0.5590062111801242,0.4705493450164795,0.4720496894409938,0.4720496894409938,0.08845686616364468,0.08845686616364468,24,0.09633772055308021,0.03878423622309246,0.09633744239807296,0.03878412424172685,0.1177185344696035,0.047391856715042216,0,0,0.0,0.0,0.0,24,24,0.020308753649393847,0.008176023829634801,0.01720798492431541,0.006927697151193641,0.05224416732787983,0.021032780465330154,0,0,0.0,0.0,0.0,24
gait_08_gallop__vx_neg_0p5__seed_4242,rl,48.66020732962567,224.42898412108423,87.70311050415037,92.46959831237794,95.47953796386719,28,78.66895771026611,93.27352104187011,95.47953796386719,3.746592023032053,4.452394439697266,4.601266403198243,0.6977225672877847,0.7117117117117117,0.2742616033755274,0.30434782608695654,0.6889952153110048,0.6956521739130435,0.6923076923076923,0.47619047619047616,0.4705493450164795,0.4720496894409938,0.4720496894409938,0.005641131173996672,0.005641131173996672,24,0.12417825539906817,0.04999245117612428,0.1243869113922127,0.05007645319818814,0.15135434150695729,0.06093316824080444,0,4,0.14285714285714285,0.0,0.14285714285714285,28,24,0.11664335250854478,0.046959003301850516,0.12381446838378807,0.049845995546340685,0.14890535354614212,0.059947239499347126,0,4,0.14285714285714285,0.0,0.14285714285714285,28
gait_08_gallop__vx_neg_0p5__seed_4242,rr,48.689017970489104,230.7433184848726,78.97483520507812,83.1011407470703,87.34459686279297,28,68.09549563271659,85.97572746276855,87.34459686279297,3.298247406951019,4.370178466796875,4.393050079345703,0.8488612836438924,0.8786516853932584,0.11814345991561181,0.125,0.8666666666666667,0.875,0.8708133971291866,0.474120082815735,0.4705493450164795,0.4720496894409938,0.4720496894409938,0.0035707377992554856,0.0035707377992554856,20,0.09913832378387459,0.03991172041772252,0.09473097801208574,0.03813738385932612,0.12409445476531897,0.04995871419795712,4,8,0.375,0.16666666666666666,0.2857142857142857,28,24,0.0916848230361939,0.03691104392229135,0.09220827102661122,0.037121776856331064,0.11679962158203025,0.047021915073331394,0,5,0.1724137931034483,0.0,0.1724137931034483,29
gait_08_gallop__vx_pos_0p5__seed_4242,fl,76.69217184611729,375.80257098078727,106.0789794921875,107.13922760009766,107.7344741821289,24,105.92263380686443,107.35241584777832,107.7344741821289,5.685374822616577,6.27825325012207,6.288445739746094,0.9026915113871635,0.9322799097065463,0.09745762711864407,0.033816425120772944,0.8968609865470852,0.966183574879227,0.9302325581395349,0.5072463768115942,0.4705493450164795,0.4720496894409938,0.4720496894409938,0.03669703179511474,0.03669703179511474,24,0.05602439721425371,0.022554648826435268,0.05634034156799306,0.022681843661214732,0.08522198677062888,0.03430919526990668,0,0,0.0,0.0,0.0,24,24,0.09261596679687505,0.03728590954465179,0.09209239959716875,0.03707512861859818,0.11358983993530174,0.04572970129770366,0,0,0.0,0.0,0.0,24
gait_08_gallop__vx_pos_0p5__seed_4242,fr,68.58833049125822,347.0569522857666,84.94822387695312,87.84864929199219,89.10760498046875,24,85.02639834086101,88.53057861328125,89.10760498046875,4.608163970311483,4.860891052246093,4.892298736572266,0.7867494824016563,0.8108108108108109,0.2320675105485232,0.14009661835748793,0.7639484978540773,0.8599033816425121,0.8090909090909091,0.5238095238095238,0.4705493450164795,0.4720496894409938,0.4720496894409938,0.053260178793044344,0.053260178793044344,24,0.10875754038492835,0.04378428421510659,0.10834134101867665,0.04361672809644471,0.14029982566833393,0.0564827727866079,0,0,0.0,0.0,0.0,24,24,0.05539823055267323,0.022302562773554437,0.05571353912353594,0.0224295016509256,0.07864134788513111,0.03165992090916042,0,0,0.0,0.0,0.0,24
gait_08_gallop__vx_pos_0p5__seed_4242,rl,59.889607816031486,316.6110848382115,84.81100883483887,91.30358360290529,156.3134765625,23,90.32488383417544,128.42534332275386,156.3134765625,4.7168040217524005,5.56284504699707,6.156889190673828,0.7639751552795031,0.7882882882882883,0.27848101265822783,0.13526570048309178,0.7306122448979592,0.8647342995169082,0.7920353982300885,0.546583850931677,0.4705493450164795,0.4720496894409938,0.4720496894409938,0.07603450591519756,0.07603450591519756,23,0.12981721587803047,0.05226261881153409,0.1292573261261012,0.052037214927437105,0.1514375019073478,0.060966647469860684,1,0,0.041666666666666664,0.041666666666666664,0.0,23,24,0.0544670470555623,0.021927681153855984,0.05963790893554588,0.024009398756046595,0.08826787948608299,0.03553542962451008,0,0,0.0,0.0,0.0,24
gait_08_gallop__vx_pos_0p5__seed_4242,rr,59.61637150931668,367.3526921415329,89.52193870544433,93.06900878906251,94.2490005493164,29,81.91654382903,93.84848480224609,94.2490005493164,4.024529391321642,5.136130706787109,5.233546142578125,0.772256728778468,0.7955056179775281,0.3628691983122363,0.02403846153846154,0.7024221453287197,0.9759615384615384,0.8169014084507042,0.6376811594202898,0.4705493450164795,0.4720496894409938,0.4720496894409938,0.1671318144038103,0.1671318144038103,24,0.05488535245259607,0.022096085131434146,0.05550873756408681,0.02234705137065188,0.07772095680236717,0.031289384166474296,0,5,0.1724137931034483,0.0,0.1724137931034483,29,8,0.18592215061187733,0.07484969093142897,0.18835676193237294,0.07582983183598245,0.195989685058594,0.07890274130384714,16,21,0.8222222222222222,0.6666666666666666,0.7241379310344828,29
gait_08_gallop__vx_pos_1p0__seed_4242,fl,74.1842343620956,379.8289611577988,99.21176147460938,103.8912914276123,114.12374114990234,31,99.85199811381679,104.2997055053711,114.12374114990234,5.529441746742494,5.8306434631347654,6.129640502929687,0.8688524590163934,0.8864142538975501,0.18478260869565216,0.0,0.7723214285714286,1.0,0.871536523929471,0.5245901639344263,0.39623603224754333,0.39344262295081966,0.39344262295081966,0.12835413168688292,0.12835413168688292,31,0.026485930527410658,0.00833658854797087,0.02586219191551109,0.00814026347781682,0.05238196730613787,0.01648750487782939,0,0,0.0,0.0,0.0,31,27,0.15264383104112486,0.04804546370228089,0.15153205871581932,0.04769552740589511,0.181382064819336,0.05709097676652461,4,3,0.20588235294117646,0.12903225806451613,0.1,30
gait_08_gallop__vx_pos_1p0__seed_4242,fr,65.78939366433407,338.25692397117615,83.03004455566406,90.03781311035156,135.1022186279297,31,84.29321658226752,98.94683456420898,135.1022186279297,4.312825674241589,4.7613411712646485,5.494047546386719,0.860655737704918,0.8775055679287305,0.2,0.0,0.759825327510917,1.0,0.8635235732009926,0.5266393442622951,0.39623603224754333,0.39549180327868855,0.39549180327868855,0.13040331201475175,0.13040331201475175,31,0.0986001991072016,0.031034940979478006,0.09782723069191235,0.030791645029117697,0.12742260575294573,0.04010694790478503,0,0,0.0,0.0,0.0,31,31,0.03190773502472846,0.010043130564114088,0.030919189453122442,0.009731980548717453,0.068575019836425,0.021584354925856752,0,0,0.0,0.0,0.0,31
gait_08_gallop__vx_pos_1p0__seed_4242,rl,65.48382098763078,353.6126333332062,90.43154029846191,121.90696128845231,208.79974365234375,31,99.98065505489227,175.76517486572266,208.79974365234375,5.113940722557807,6.75267707824707,7.359449005126954,0.8155737704918032,0.8351893095768375,0.2690909090909091,0.0,0.7016129032258065,1.0,0.8246445497630333,0.5532786885245902,0.39623603224754333,0.3975409836065574,0.3975409836065574,0.15704265627704683,0.15704265627704683,31,0.13972220493901233,0.043978312651176625,0.1394608366489436,0.043896045581438045,0.1675198423862465,0.0527277679804289,0,0,0.0,0.0,0.0,31,31,0.02070067128827435,0.006515647204410628,0.017712707519532245,0.0055751695983673666,0.04513275146484297,0.014205775349702583,0,0,0.0,0.0,0.0,31
gait_08_gallop__vx_pos_1p0__seed_4242,rr,64.66429451180164,373.9241607218981,102.24802856445312,112.45437103271485,162.80787658691406,30,104.80173975626627,130.85720100402824,162.80787658691406,5.195764592488605,6.050219734191893,6.63056625366211,0.7684426229508197,0.7888888888888889,0.34545454545454546,0.0,0.6481481481481481,1.0,0.7865168539325843,0.5922131147540983,0.39623603224754333,0.3975409836065574,0.3975409836065574,0.195977082506555,0.195977082506555,22,0.042517073479566486,0.01338247668875245,0.04251620650291521,0.013382203803206106,0.06128280043601908,0.019289089797082052,8,8,0.42105263157894735,0.26666666666666666,0.26666666666666666,30,0,,,,,,,31,31,1.0,1.0,1.0,31
gait_08_gallop__vx_pos_1p5__seed_4242,fl,74.45136588063984,392.03023815631866,100.1737564086914,149.19777557373038,191.6456756591797,39,107.49143903683394,165.30854339599614,191.6456756591797,5.390681930933243,6.709799102783204,7.197506103515625,0.7875,0.8099547511312217,0.27906976744186046,0.0,0.6266666666666667,1.0,0.7704918032786886,0.5479166666666667,0.333658903837204,0.33541666666666664,0.33541666666666664,0.21425776282946274,0.21425776282946274,39,0.020955570141474037,0.005157010940568021,0.021143342256543463,0.005203220270364787,0.042947770357129406,0.01056912888122165,0,0,0.0,0.0,0.0,39,15,0.18289535522461098,0.04500919524044256,0.18233383178711193,0.0448710084723891,0.1973282623291041,0.04856102701307299,24,23,0.7580645161290323,0.6153846153846154,0.6052631578947368,38
gait_08_gallop__vx_pos_1p5__seed_4242,fr,64.81011041785186,343.5657733258605,83.37081909179686,172.60438659667972,180.07659912109375,39,91.14825263390175,174.0158447265625,180.07659912109375,4.365817356598683,6.02585791015625,6.175189590454102,0.78125,0.8054298642533937,0.2857142857142857,0.0,0.6211453744493393,1.0,0.7663043478260869,0.5520833333333334,0.333658903837204,0.3333333333333333,0.3333333333333333,0.2184244294961294,0.2184244294961294,39,0.10900498142609386,0.026825320332288436,0.10831848263740795,0.026656378053932898,0.14409271359443884,0.035460151904527754,0,0,0.0,0.0,0.0,39,39,0.10930627871782196,0.02689946736905792,0.10962402343749744,0.026977661996291234,0.1635207366943366,0.04024124480743521,0,0,0.0,0.0,0.0,39
gait_08_gallop__vx_pos_1p5__seed_4242,rl,71.270845133411,344.95089044570926,95.08366508483887,179.65523696899413,202.54075622558594,39,102.32930853427985,181.40377502441407,202.54075622558594,5.093130324926131,6.747614440917969,7.132590789794922,0.76875,0.7941176470588235,0.28903654485049834,0.028368794326241134,0.6116071428571429,0.9716312056737588,0.7506849315068493,0.5041666666666667,0.333658903837204,0.33125,0.33125,0.17050776282946267,0.17050776282946267,39,0.15914374837508724,0.039164100330013725,0.15946594357490795,0.0392433901875197,0.19454933285713452,0.04787715300758119,0,0,0.0,0.0,0.0,39,39,0.02238871060884853,0.005509696218025289,0.01970779418945412,0.004849942500410956,0.04732963562011463,0.011647473538453688,0,0,0.0,0.0,0.0,39
gait_08_gallop__vx_pos_1p5__seed_4242,rr,66.43882593472799,398.8584123010933,107.06737251281739,198.92937698364256,202.5033721923828,38,124.63621882388466,200.12409439086915,202.5033721923828,5.539506217554998,7.228866912841797,7.254037017822266,0.7083333333333334,0.7045454545454546,0.43333333333333335,0.0,0.5185185185185185,1.0,0.6829268292682926,0.625,0.333658903837204,0.3333333333333333,0.3333333333333333,0.291341096162796,0.291341096162796,38,0.041153675694216296,0.010127615443858939,0.04238281130790966,0.010430096634514465,0.07585210680961811,0.018666642904081796,0,0,0.0,0.0,0.0,38,0,,,,,,,39,39,1.0,1.0,1.0,39
gait_09_gallop__vx_neg_1p5__seed_4242,fl,79.29409386187183,466.3662702083588,115.50202331542967,120.45255393981934,135.93185424804688,39,111.80258589524489,120.70642700195313,135.93185424804688,5.753455172807742,6.248614364624023,6.552064666748047,0.7208333333333333,0.7217194570135747,0.40863787375415284,0.0,0.5340909090909091,1.0,0.6962962962962962,0.6125,0.333658903837204,0.3333333333333333,0.3333333333333333,0.27884109616279606,0.27884109616279606,39,0.03707656753368719,0.009124269257246962,0.03693374514579517,0.009089121723109512,0.07201713442802209,0.01772288454317109,0,0,0.0,0.0,0.0,39,0,,,,,,,39,39,1.0,1.0,1.0,39
gait_09_gallop__vx_neg_1p5__seed_4242,fr,84.13370966624065,419.6748435306549,129.39727172851562,209.82101928711086,302.4209289550781,39,139.01876341990936,280.4579559326172,302.4209289550781,6.673361622737004,9.998617370605471,10.711826782226563,0.8166666666666667,0.8416289592760181,0.23255813953488372,0.0,0.6682464454976303,1.0,0.8011363636363636,0.51875,0.333658903837204,0.33541666666666664,0.33541666666666664,0.18509109616279606,0.18509109616279606,39,0.05739084020638922,0.014123461630231825,0.05663528561591846,0.013937525229410998,0.09245491147041066,0.022752470428782024,0,0,0.0,0.0,0.0,39,27,0.12094080041956182,0.029762637175418917,0.11507690429687756,0.0283195756765009,0.16687782287597913,0.04106739890633498,12,12,0.47058823529411764,0.3076923076923077,0.3076923076923077,39
gait_09_gallop__vx_neg_1p5__seed_4242,rl,69.86596823590142,239.53745976030828,94.16989440917969,97.30729331970217,120.39320373535156,39,91.05653146597055,97.06928634643555,120.39320373535156,5.008792403783554,5.311536743164063,5.809534606933594,0.98125,0.997737556561086,0.0033222591362126247,0.0,0.9929577464788732,1.0,0.9964664310954063,0.35,0.333658903837204,0.33125,0.33125,0.016341096162796,0.016341096162796,39,0.041108254499923065,0.010116437623626776,0.0418508899211858,0.010299194712384078,0.0780773532390601,0.019214259604778492,0,0,0.0,0.0,0.0,39,39,0.05733611473670208,0.014109994096588073,0.05802261352538807,0.014278936374943632,0.09757682800292714,0.024012936234128313,0,0,0.0,0.0,0.0,39
gait_09_gallop__vx_neg_1p5__seed_4242,rr,67.50969896442565,307.0759967327118,86.29202346801758,88.54691925048829,89.47981262207031,39,84.31085146390475,88.63789367675781,89.47981262207031,4.6490965447059045,4.929344314575195,5.040080261230469,0.8604166666666667,0.8795454545454545,0.17666666666666667,0.0,0.7253886010362695,1.0,0.8408408408408409,0.47291666666666665,0.333658903837204,0.3333333333333333,0.3333333333333333,0.13925776282946267,0.13925776282946267,38,0.09053554654121228,0.022280128904691075,0.09026374936103565,0.022213241627355093,0.12602024197578227,0.031012650203008255,0,1,0.02564102564102564,0.0,0.02564102564102564,39,39,0.04851850656362845,0.01194004589135236,0.04946029663086193,0.012171813466639134,0.08527992248535413,0.02098675866601016,0,0,0.0,0.0,0.0,39
gait_09_gallop__vx_neg_1p0__seed_4242,fl,85.91629187154098,488.0468791738153,114.24306259155273,122.06305526733442,234.37600708007812,31,120.21334888089088,157.13643646240234,234.37600708007812,6.362406217513545,7.29733642578125,8.847831268310546,0.8135245901639344,0.8240534521158129,0.2872727272727273,0.0,0.6877470355731226,1.0,0.8149882903981265,0.5819672131147541,0.39623603224754333,0.39549180327868855,0.39549180327868855,0.18573118086721074,0.18573118086721074,31,0.028723971189990496,0.009041023838180787,0.029255594015118902,0.009208354970882309,0.05704852461814802,0.017956328795701262,0,0,0.0,0.0,0.0,31,8,0.1909509849548332,0.060102845650477035,0.19040691375732344,0.059931596325868766,0.1976585578918444,0.06221409017229953,23,23,0.8518518518518519,0.7419354838709677,0.7419354838709677,31
gait_09_gallop__vx_neg_1p0__seed_4242,fr,84.2342650070492,426.5237048482895,114.6248550415039,116.76827270507812,142.68299865722656,31,114.15118654312626,117.22569274902344,142.68299865722656,6.214804032848727,6.781161880493164,7.2476426696777345,0.875,0.9086859688195991,0.14855072463768115,0.0,0.8084112149532711,1.0,0.8940568475452196,0.5184426229508197,0.39623603224754333,0.39344262295081966,0.39344262295081966,0.12220659070327633,0.12220659070327633,31,0.06406757335508952,0.0201656119944727,0.06356003403663735,0.020005861274539547,0.09135296463966291,0.028753835099357385,0,0,0.0,0.0,0.0,31,31,0.05827212425970346,0.0183414633390595,0.05775917053222557,0.018180008404874517,0.08581722259521563,0.027011430629765514,0,0,0.0,0.0,0.0,31
gait_09_gallop__vx_neg_1p0__seed_4242,rl,52.409168009488084,223.90709117382767,84.66284255981445,87.4677131652832,88.85981750488281,31,84.28808347640499,87.97537612915039,88.85981750488281,4.573738915228075,4.841092071533203,4.8855029296875,0.9631147540983607,0.9955456570155902,0.007272727272727273,0.0,0.9886363636363636,1.0,0.9942857142857142,0.4344262295081967,0.39623603224754333,0.3975409836065574,0.3975409836065574,0.03819019726065337,0.03819019726065337,31,0.021179554885433143,0.006666378382526249,0.019125665426255267,0.006019905670289081,0.046545709371564215,0.01465051142162374,0,0,0.0,0.0,0.0,31,31,0.05640647395964508,0.01775423991076088,0.05590164184570057,0.01759534129795201,0.08369266510009687,0.026342714774569006,0,0,0.0,0.0,0.0,31
gait_09_gallop__vx_neg_1p0__seed_4242,rr,66.88733583641053,334.93171510219577,88.53381996154783,127.23090034484862,154.7695770263672,31,94.99244000834804,137.22391891479492,154.7695770263672,4.929859924316406,5.968879928588867,6.260657653808594,0.7581967213114754,0.7822222222222223,0.28,0.12,0.6666666666666666,0.88,0.7586206896551725,0.5122950819672131,0.39623603224754333,0.3975409836065574,0.3975409836065574,0.11605904971966974,0.11605904971966974,22,0.14238711172884067,0.04481710634213269,0.13824036240577442,0.0435118947739681,0.17600844025611978,0.05539959964279314,8,9,0.4358974358974359,0.26666666666666666,0.2903225806451613,31,31,0.0299937562019587,0.009440695474342634,0.03076278686523537,0.009682751996158086,0.05638229370116932,0.017746629044845207,0,0,0.0,0.0,0.0,31
gait_09_gallop__vx_neg_0p5__seed_4242,fl,79.82177405409004,442.22640967249873,101.83692169189453,102.87333190917968,103.51238250732422,24,101.64321740468343,103.03495750427246,103.51238250732422,5.68379961013794,5.886227249145508,5.889860229492188,0.8364389233954451,0.8671171171171171,0.2320675105485232,0.01932367149758454,0.7868217054263565,0.9806763285024155,0.8731182795698924,0.5734989648033126,0.4705493450164795,0.4720496894409938,0.4720496894409938,0.10294961978683315,0.10294961978683315,24,0.05476986885070804,0.0220495930277202,0.054244871139525586,0.021838236197496422,0.07574326515197853,0.030493192812716362,0,0,0.0,0.0,0.0,24,24,0.1578079414367676,0.06353129847193428,0.15750038146972756,0.06340747907548223,0.1830394458770744,0.07368915380480656,0,0,0.0,0.0,0.0,24
gait_09_gallop__vx_neg_0p5__seed_4242,fr,88.20814867287754,439.91430036067965,116.71269226074219,117.57386779785156,118.69125366210938,24,116.55084196726482,118.00829200744629,118.69125366210938,6.254146143595378,6.704395988464356,6.728589324951172,0.94824016563147,0.9706546275395034,0.05508474576271186,0.0,0.9409090909090909,1.0,0.9695550351288056,0.515527950310559,0.4705493450164795,0.4720496894409938,0.4720496894409938,0.04497860529407949,0.04497860529407949,24,0.0227237598101299,0.009148271967544641,0.02304875373840254,0.00927911003608968,0.0435991954803474,0.017552434154956907,0,0,0.0,0.0,0.0,24,24,0.022378985087076735,0.009009470424121391,0.022444610595703907,0.009035890347846433,0.04299505233764602,0.017309214466712554,0,0,0.0,0.0,0.0,24
gait_09_gallop__vx_neg_0p5__seed_4242,rl,49.74280766879811,254.29120592594148,74.7717460632324,80.5047444152832,82.54289245605469,24,76.6519660949707,81.59674530029297,82.54289245605469,3.8935405095418294,4.382037406921387,4.4360693359375,0.8488612836438924,0.8783783783783784,0.1729957805907173,0.06280193236714976,0.825531914893617,0.9371980676328503,0.8778280542986425,0.5279503105590062,0.4705493450164795,0.4720496894409938,0.4720496894409938,0.057400965542526716,0.057400965542526716,24,0.07246831576029462,0.0291747434026978,0.07195269584655861,0.028967161944252875,0.09466511726379467,0.038110869231360193,0,0,0.0,0.0,0.0,24,24,0.12975958506266272,0.05223941744093781,0.1286212158203135,0.05178112570068381,0.1513320159912089,0.06092418029639786,0,0,0.0,0.0,0.0,24
gait_09_gallop__vx_neg_0p5__seed_4242,rr,57.0291161339238,302.77053547143936,74.44869384765624,82.4627020263672,87.2787094116211,29,63.977791555996596,83.85568542480469,87.2787094116211,3.2825368881225585,4.25904866027832,4.680396270751953,0.7494824016563147,0.7752808988764045,0.28270042194092826,0.15865384615384615,0.7231404958677686,0.8413461538461539,0.7777777777777779,0.5486542443064182,0.4705493450164795,0.4720496894409938,0.4720496894409938,0.07810489928993869,0.07810489928993869,24,0.13141126950581863,0.05290436279403105,0.1320346546173088,0.05315532903324855,0.15258495330810645,0.061428595561698926,0,5,0.1724137931034483,0.0,0.1724137931034483,29,24,0.06210200627644835,0.025001410325321778,0.061682701110838956,0.024832603854718218,0.0830817413330088,0.033447562005682656,0,5,0.1724137931034483,0.0,0.1724137931034483,29
gait_09_gallop__vx_pos_0p5__seed_4242,fl,61.19230495883573,379.3922907447815,78.35557060241699,79.10583213806153,79.41046905517578,24,78.27105108896892,79.33391723632812,79.41046905517578,4.215103599230448,4.652120208740235,4.6595751953125,0.8302277432712215,0.8558558558558559,0.270042194092827,0.0,0.7638376383763837,1.0,0.8661087866108786,0.6418219461697723,0.4705493450164795,0.4720496894409938,0.4720496894409938,0.1712726011532928,0.1712726011532928,24,0.028982255458831558,0.011667855908776687,0.028236513137818164,0.011367630346310689,0.05520503997802661,0.02222478691545697,0,0,0.0,0.0,0.0,24,24,0.14331805229187014,0.05769786915457269,0.14300167083740156,0.0575704983490744,0.1737963390350349,0.06996800660370144,0,0,0.0,0.0,0.0,24
gait_09_gallop__vx_pos_0p5__seed_4242,fr,75.28096467508396,427.64448025703433,88.02468681335449,89.91595809936526,107.96044921875,24,87.93120543162028,92.16398162841797,107.96044921875,4.8383041222890215,5.186247779846192,5.477004089355469,0.8633540372670807,0.8848758465011287,0.21610169491525424,0.0,0.8023255813953488,1.0,0.8903225806451612,0.587991718426501,0.4705493450164795,0.4720496894409938,0.4720496894409938,0.1174423734100215,0.1174423734100215,24,0.0971529038747152,0.039112417773682476,0.09673678398132335,0.038944893649696735,0.11894900321960548,0.04788722644551986,0,0,0.0,0.0,0.0,24,24,0.023383510907490763,0.009413878650592426,0.01675891876220792,0.00674690931429046,0.07076795578002823,0.028490201950395026,0,0,0.0,0.0,0.0,24
gait_09_gallop__vx_pos_0p5__seed_4242,rl,55.54622012949499,312.16975712776184,82.78555297851562,88.86074829101562,90.39033508300781,24,81.90822792053223,89.77464752197265,90.39033508300781,3.998557182947795,4.316332942962647,4.337414016723633,0.8612836438923396,0.8851351351351351,0.21518987341772153,0.0,0.8023255813953488,1.0,0.8903225806451612,0.5817805383022774,0.4705493450164795,0.4720496894409938,0.4720496894409938,0.11123119328579789,0.11123119328579789,24,0.03934891541798913,0.015841330082674257,0.03986441612243752,0.01604886354910583,0.05969864845275978,0.024033851647086324,0,0,0.0,0.0,0.0,24,24,0.15045892715454098,0.06057268678491898,0.15025054931640547,0.060488796744221446,0.17246229171753027,0.06943093757198841,0,0,0.0,0.0,0.0,24
gait_09_gallop__vx_pos_0p5__seed_4242,rr,66.25578336830598,330.0052723693848,87.21991271972657,92.39580780029297,92.90924835205078,24,86.71328417460124,92.4010383605957,92.90924835205078,4.267812638282776,4.837462730407714,4.8553463745117185,0.9565217391304348,0.9910112359550561,0.016877637130801686,0.0,0.9811320754716981,1.0,0.9904761904761905,0.515527950310559,0.4705493450164795,0.4720496894409938,0.4720496894409938,0.04497860529407949,0.04497860529407949,24,0.012666811148325538,0.005099483285981187,0.012004852294921875,0.0048329877908316055,0.02446114540099895,0.009847719419487781,0,0,0.0,0.0,0.0,24,24,0.04200566291809086,0.01691089994624896,0.04253042221069325,0.017122160792444094,0.0635798263549825,0.025596360285649284,0,0,0.0,0.0,0.0,24
gait_09_gallop__vx_pos_1p0__seed_4242,fl,64.91413038949625,398.57276059150695,88.00001220703125,92.94781768798828,93.75418090820312,31,88.10000954904864,93.1595458984375,93.75418090820312,4.453205495034495,4.949459457397461,4.965312805175781,0.7663934426229508,0.7906458797327395,0.3418181818181818,0.0,0.6492537313432836,1.0,0.7873303167420814,0.6290983606557377,0.39623603224754333,0.39549180327868855,0.39549180327868855,0.23286232840819432,0.23286232840819432,31,0.0719539849604337,0.02264790230349755,0.07067040085792797,0.022243887329652004,0.10026577591896135,0.03155919020531933,0,0,0.0,0.0,0.0,31,28,0.15496599197387642,0.04877637629825282,0.15709793090820234,0.049447415500990334,0.18960115432739125,0.0596779792279518,3,3,0.17647058823529413,0.0967741935483871,0.0967741935483871,31
gait_09_gallop__vx_pos_1p0__seed_4242,fr,70.55222766063704,390.9965275621414,88.58825378417968,96.26652709960938,101.08096313476562,31,86.87044106760332,98.17644882202148,101.08096313476562,4.3273159230139955,5.190596618652345,5.440500640869141,0.8258196721311475,0.8552338530066815,0.23550724637681159,0.0,0.726890756302521,1.0,0.8418491484184915,0.5676229508196722,0.39623603224754333,0.39344262295081966,0.39344262295081966,0.17138691857212884,0.17138691857212884,31,0.08866412605008699,0.0279075087462016,0.09071686387062172,0.02855361897400524,0.12991478562354786,0.0408913748724252,0,0,0.0,0.0,0.0,31,29,0.07896342836577401,0.02485416217268111,0.08183944702148338,0.025759404454583346,0.11945465087890736,0.037598991415021064,2,2,0.12121212121212122,0.06451612903225806,0.06451612903225806,31
gait_09_gallop__vx_pos_1p0__seed_4242,rl,58.585953445885124,297.89471045851707,89.33139686584472,97.16479728698731,189.1443328857422,32,89.61589753627777,97.53232460021972,189.1443328857422,4.245340621471405,4.689693145751953,6.5285445404052735,0.8770491803278688,0.9086859688195991,0.14909090909090908,0.0,0.8093023255813954,1.0,0.8946015424164524,0.5204918032786885,0.39623603224754333,0.3975409836065574,0.3975409836065574,0.12425577103114516,0.12425577103114516,31,0.016474249093763337,0.005185358173062973,0.015456472635271723,0.004865007579396855,0.0320670258998863,0.010093268220567685,0,1,0.03125,0.0,0.03125,32,29,0.12061870443409815,0.03796538350864169,0.11943923950195057,0.037594140601548094,0.16437484741210823,0.05173786396109708,2,3,0.14705882352941177,0.06451612903225806,0.09375,32
gait_09_gallop__vx_pos_1p0__seed_4242,rr,72.06191350474502,380.4869033050537,92.62367858886718,108.25145294189454,110.0650405883789,31,94.31266366281817,108.9548454284668,110.0650405883789,4.8280068575951365,5.398418807983399,5.410818634033204,0.8565573770491803,0.8866666666666667,0.18545454545454546,0.0,0.7743362831858407,1.0,0.8728179551122195,0.5409836065573771,0.39623603224754333,0.3975409836065574,0.3975409836065574,0.14474757430983376,0.14474757430983376,22,0.047076033570548764,0.014817433804788302,0.05125668168067854,0.01613331519781449,0.0700213682651496,0.022039600843488476,8,9,0.4358974358974359,0.26666666666666666,0.2903225806451613,31,31,0.10118734544323421,0.031849259150952984,0.10246932983398693,0.03225277060695284,0.12808883666992088,0.04031664765563996,0,0,0.0,0.0,0.0,31
gait_09_gallop__vx_pos_1p5__seed_4242,fl,63.83121216530893,390.8208525276184,90.0100269317627,96.42487182617187,151.294677734375,39,90.05238987849309,98.25572967529297,151.294677734375,4.371717424637232,4.859786178588868,5.8698875427246096,0.6958333333333333,0.7126696832579186,0.4219269102990033,0.0,0.5261194029850746,1.0,0.6894865525672372,0.6375,0.333658903837204,0.3333333333333333,0.3333333333333333,0.303841096162796,0.303841096162796,39,0.047113857911184706,0.011594372238982003,0.04479232907295483,0.011023061149053647,0.0838887798786189,0.020644408751672814,0,0,0.0,0.0,0.0,39,0,,,,,,,39,39,1.0,1.0,1.0,39
gait_09_gallop__vx_pos_1p5__seed_4242,fr,72.7181797834543,378.27838489532473,92.32928009033203,97.03370780944829,112.37039184570312,39,87.47000278570714,99.18304901123048,112.37039184570312,4.610366274515788,5.335116989135743,5.487345581054687,0.79375,0.8167420814479638,0.2691029900332226,0.0,0.6351351351351351,1.0,0.7768595041322314,0.5416666666666666,0.333658903837204,0.33541666666666664,0.33541666666666664,0.20800776282946265,0.20800776282946265,39,0.037483832255386686,0.009224494095384625,0.024874116182324713,0.006121336161373728,0.11057739377021535,0.027212279389330265,0,0,0.0,0.0,0.0,39,28,0.16592027936663115,0.04083175452536897,0.1680878448486336,0.04136517637118938,0.19519899368286264,0.04803702973550222,11,10,0.42857142857142855,0.28205128205128205,0.2631578947368421,38
gait_09_gallop__vx_pos_1p5__seed_4242,rl,64.48463432798502,318.8394774842262,99.73911285400389,205.5729876708984,206.6728515625,39,115.74191381992438,206.21768493652343,206.6728515625,4.928840077718099,6.8602830505371095,6.870426788330079,0.8166666666666667,0.8461538461538461,0.22591362126245848,0.0,0.6746411483253588,1.0,0.8057142857142856,0.5145833333333333,0.333658903837204,0.33125,0.33125,0.1809244294961293,0.1809244294961293,39,0.02061039677033076,0.005072066324918761,0.021223222017287213,0.0052228780891358535,0.03975235104561108,0.009782759804267335,0,0,0.0,0.0,0.0,39,28,0.15451912743704493,0.03802601529522562,0.162413711547849,0.03996881410030682,0.18765499114989978,0.046180506465769516,11,11,0.44,0.28205128205128205,0.28205128205128205,39
gait_09_gallop__vx_pos_1p5__seed_4242,rr,69.24412018671474,391.9963144350052,88.60544204711914,98.60827377319336,101.12732696533203,39,88.74060704157903,99.32546997070312,101.12732696533203,4.6389515588222405,5.116488845825195,5.137323608398438,0.74375,0.7659090909090909,0.3433333333333333,0.0,0.5761316872427984,1.0,0.7310704960835509,0.5895833333333333,0.333658903837204,0.3333333333333333,0.3333333333333333,0.25592442949612937,0.25592442949612937,37,0.07612044994895353,0.0187326801674937,0.07601776242255909,0.018707409526155818,0.11487732052802783,0.028270459586002328,1,2,0.075,0.02631578947368421,0.05128205128205128,39,29,0.1692317278631818,0.041646677527250986,0.16950119018554943,0.04171299021333584,0.19667480468750256,0.048400215916825716,10,10,0.40816326530612246,0.2564102564102564,0.2564102564102564,39
