cell_id,joint_index,joint_name,leg,motor_role,configured_effort_limit_nm,effort_limit_source,normalized_torque_squared_exposure,absolute_work_j,utilization_p95,utilization_p99,saturation_fraction,soft_limit_utilization_p95,soft_limit_utilization_p99,action_clamp_fraction
gait_00_trot__vx_neg_1p5__seed_4242,0,joint_front_left_abad,fl,hip,17.0,robot.actuators['hip_legs'].effort_limit,0.08874449418158328,4.836553243817762,0.17982930295607616,0.18960721927530624,0.0,0.34899136424064636,0.35795295298099516,0.0
gait_00_trot__vx_neg_1p5__seed_4242,1,joint_front_left_thigh_pitch,fl,thigh,17.0,robot.actuators['thigh_legs'].effort_limit,1.0635791951892428,148.35315548602492,0.5520573616027832,0.7288278512393722,0.0,0.262792032957077,0.2676568591594696,0.0
gait_00_trot__vx_neg_1p5__seed_4242,2,joint_front_left_calf_pitch,fl,calf,37.0,robot.actuators['calf_legs'].effort_limit,0.21834324211554854,134.894168008212,0.2997752537598481,0.3185435555432292,0.0,0.5236243963241577,0.5284922301769257,0.0
gait_00_trot__vx_neg_1p5__seed_4242,3,joint_front_right_abad,fr,hip,17.0,robot.actuators['hip_legs'].effort_limit,0.06614881819115605,4.778639810291879,0.1737581870135138,0.2010464742604424,0.0,0.34950538277626036,0.3612205958366394,0.0
gait_00_trot__vx_neg_1p5__seed_4242,4,joint_front_right_thigh_pitch,fr,thigh,17.0,robot.actuators['thigh_legs'].effort_limit,0.8661796191060193,130.8172559644282,0.5011915010564462,0.6425899247562177,0.0,0.26326119303703305,0.26666726112365724,0.0
gait_00_trot__vx_neg_1p5__seed_4242,5,joint_front_right_calf_pitch,fr,calf,37.0,robot.actuators['calf_legs'].effort_limit,0.25108405650307675,147.6446788575314,0.34015361038414205,0.36782433922226365,0.0,0.5609555780887604,0.5650628900527954,0.0
gait_00_trot__vx_neg_1p5__seed_4242,6,joint_rear_left_abad,rl,hip,17.0,robot.actuators['hip_legs'].effort_limit,0.0648543797436551,4.5817705154222494,0.1684799636111539,0.1904502372180714,0.0,0.3600782662630081,0.38299563765525807,0.0
gait_00_trot__vx_neg_1p5__seed_4242,7,joint_rear_left_thigh_pitch,rl,thigh,20.0,robot.actuators['thigh_legs'].effort_limit,0.39937056883245675,61.806059482079,0.43264692544937133,0.4775896167755127,0.0,0.27507870197296136,0.28478459239006043,0.0
gait_00_trot__vx_neg_1p5__seed_4242,8,joint_rear_left_calf_pitch,rl,calf,37.0,robot.actuators['calf_legs'].effort_limit,0.2789431533254732,102.38144613880664,0.37501921782622466,0.3969924787572911,0.0,0.5829914987087249,0.5878103744983673,0.0
gait_00_trot__vx_neg_1p5__seed_4242,9,joint_rear_right_abad,rr,hip,17.0,robot.actuators['hip_legs'].effort_limit,0.05258540281102352,5.684669620220957,0.14201726843329035,0.14876673838671514,0.0,0.32360421419143676,0.3291581892967224,0.0
gait_00_trot__vx_neg_1p5__seed_4242,10,joint_rear_right_thigh_pitch,rr,thigh,20.0,robot.actuators['thigh_legs'].effort_limit,0.2776642073995054,55.481024377569554,0.3790429055690765,0.41312900876998876,0.0,0.24878040850162503,0.2586713737249374,0.0
gait_00_trot__vx_neg_1p5__seed_4242,11,joint_rear_right_calf_pitch,rr,calf,37.0,robot.actuators['calf_legs'].effort_limit,0.23334239352881994,94.39212064720691,0.3446219598924792,0.4335921349396567,0.0,0.5577137112617493,0.5638229584693909,0.0
gait_00_trot__vx_neg_1p0__seed_4242,0,joint_front_left_abad,fl,hip,17.0,robot.actuators['hip_legs'].effort_limit,0.06071211285168716,3.5394337951913624,0.13715343475341796,0.14427064334644993,0.0,0.3752503156661987,0.38122161507606506,0.0
gait_00_trot__vx_neg_1p0__seed_4242,1,joint_front_left_thigh_pitch,fl,thigh,17.0,robot.actuators['thigh_legs'].effort_limit,0.6968092097680058,74.7325202549994,0.5509392654194551,0.5811858861586625,0.0,0.28956180214881894,0.2916940903663635,0.0
gait_00_trot__vx_neg_1p0__seed_4242,2,joint_front_left_calf_pitch,fl,calf,37.0,robot.actuators['calf_legs'].effort_limit,0.1595170435440467,80.55323486700654,0.22438703614312247,0.24801058795001055,0.0,0.5142583250999451,0.5175949883460998,0.0
gait_00_trot__vx_neg_1p0__seed_4242,3,joint_front_right_abad,fr,hip,17.0,robot.actuators['hip_legs'].effort_limit,0.030417082165218438,2.8838401312004316,0.09829793151687173,0.12122109721688662,0.0,0.33635020852088926,0.3419029116630554,0.0
gait_00_trot__vx_neg_1p0__seed_4242,4,joint_front_right_thigh_pitch,fr,thigh,17.0,robot.actuators['thigh_legs'].effort_limit,0.6209264910066248,61.380035316497086,0.5679552639231958,0.6768055119233972,0.0,0.28686999082565307,0.29110447645187376,0.0
gait_00_trot__vx_neg_1p0__seed_4242,5,joint_front_right_calf_pitch,fr,calf,37.0,robot.actuators['calf_legs'].effort_limit,0.21053036059232283,90.9761553728301,0.27658186474361923,0.31857990935042074,0.0,0.5509668499231338,0.5539764946699143,0.0
gait_00_trot__vx_neg_1p0__seed_4242,6,joint_rear_left_abad,rl,hip,17.0,robot.actuators['hip_legs'].effort_limit,0.051391177518759344,3.987220566328615,0.13214582204818717,0.18942116330651668,0.0,0.38418634235858873,0.4329771625995636,0.0
gait_00_trot__vx_neg_1p0__seed_4242,7,joint_rear_left_thigh_pitch,rl,thigh,20.0,robot.actuators['thigh_legs'].effort_limit,0.2455241378142399,36.703083917107435,0.2822542059421539,0.29378027105331417,0.0,0.2967775881290436,0.30617345452308653,0.0
gait_00_trot__vx_neg_1p0__seed_4242,8,joint_rear_left_calf_pitch,rl,calf,37.0,robot.actuators['calf_legs'].effort_limit,0.23980216947143349,63.391960112536324,0.33463453344396643,0.3606151111705883,0.0,0.5721584558486938,0.5777459383010864,0.0
gait_00_trot__vx_neg_1p0__seed_4242,9,joint_rear_right_abad,rr,hip,17.0,robot.actuators['hip_legs'].effort_limit,0.04561686943015806,4.859972442021644,0.11899556342293231,0.12496675266939052,0.0,0.31536656618118286,0.323742594718933,0.0
gait_00_trot__vx_neg_1p0__seed_4242,10,joint_rear_right_thigh_pitch,rr,thigh,20.0,robot.actuators['thigh_legs'].effort_limit,0.2060809086800393,32.00528976811096,0.2341778004169464,0.24820632338523865,0.0,0.28245241641998287,0.2898139488697052,0.0
gait_00_trot__vx_neg_1p0__seed_4242,11,joint_rear_right_calf_pitch,rr,calf,37.0,robot.actuators['calf_legs'].effort_limit,0.18514908497347143,49.107022600220226,0.3035633177370638,0.321427234958958,0.0,0.5397446990013123,0.5421467661857605,0.0
gait_00_trot__vx_neg_0p5__seed_4242,0,joint_front_left_abad,fl,hip,17.0,robot.actuators['hip_legs'].effort_limit,0.07323855545510048,3.3923650237801484,0.16847220238517313,0.1754199932603275,0.0,0.4035101383924484,0.4082745909690857,0.0
gait_00_trot__vx_neg_0p5__seed_4242,1,joint_front_left_thigh_pitch,fl,thigh,17.0,robot.actuators['thigh_legs'].effort_limit,0.28812447327322754,25.285203215639342,0.3551994281656602,0.38203898598166075,0.0,0.29429784417152405,0.2959652245044708,0.0
gait_00_trot__vx_neg_0p5__seed_4242,2,joint_front_left_calf_pitch,fl,calf,37.0,robot.actuators['calf_legs'].effort_limit,0.1454769044543173,37.531342892089164,0.20167316939379717,0.20489459746592753,0.0,0.5025324821472168,0.5040144771337509,0.0
gait_00_trot__vx_neg_0p5__seed_4242,3,joint_front_right_abad,fr,hip,17.0,robot.actuators['hip_legs'].effort_limit,0.02813402878984585,2.460520330596046,0.11128589510917664,0.13421205212088191,0.0,0.3401052951812744,0.34339338541030884,0.0
gait_00_trot__vx_neg_0p5__seed_4242,4,joint_front_right_thigh_pitch,fr,thigh,17.0,robot.actuators['thigh_legs'].effort_limit,0.4442953585278323,18.768245657129448,0.5407119077794692,0.5752792077905992,0.0,0.30661606788635254,0.30821073055267334,0.0
gait_00_trot__vx_neg_0p5__seed_4242,5,joint_front_right_calf_pitch,fr,calf,37.0,robot.actuators['calf_legs'].effort_limit,0.16820962818452906,45.19576466555707,0.22204093675355652,0.26074880522650645,0.0,0.533136397600174,0.53488489985466,0.0
gait_00_trot__vx_neg_0p5__seed_4242,6,joint_rear_left_abad,rl,hip,17.0,robot.actuators['hip_legs'].effort_limit,0.06920221487166606,4.237541599802207,0.18521882856593413,0.21163784055148854,0.0,0.42124682664871216,0.4423644691705704,0.0
gait_00_trot__vx_neg_0p5__seed_4242,7,joint_rear_left_thigh_pitch,rl,thigh,20.0,robot.actuators['thigh_legs'].effort_limit,0.1546024556983184,19.84862876728177,0.2379180133342743,0.24276333451271057,0.0,0.3016788214445114,0.30471427738666534,0.0
gait_00_trot__vx_neg_0p5__seed_4242,8,joint_rear_left_calf_pitch,rl,calf,37.0,robot.actuators['calf_legs'].effort_limit,0.1793936832898719,24.460402741110883,0.2699023066340266,0.29184157139546163,0.0,0.5549361109733582,0.5587150752544403,0.0
gait_00_trot__vx_neg_0p5__seed_4242,9,joint_rear_right_abad,rr,hip,17.0,robot.actuators['hip_legs'].effort_limit,0.04771500105003059,3.2408061454389827,0.12131128591649673,0.13960451939526725,0.0,0.33532145619392395,0.34207141399383545,0.0
gait_00_trot__vx_neg_0p5__seed_4242,10,joint_rear_right_thigh_pitch,rr,thigh,20.0,robot.actuators['thigh_legs'].effort_limit,0.2667258419852337,21.54480357637629,0.2813063979148865,0.2865449249744415,0.0,0.3023460656404495,0.3068200647830963,0.0
gait_00_trot__vx_neg_0p5__seed_4242,11,joint_rear_right_calf_pitch,rr,calf,37.0,robot.actuators['calf_legs'].effort_limit,0.1336256251278312,24.044026400495788,0.24110509898211505,0.2660640574790336,0.0,0.5067001581192017,0.5083094835281372,0.0
gait_00_trot__vx_pos_0p5__seed_4242,0,joint_front_left_abad,fl,hip,17.0,robot.actuators['hip_legs'].effort_limit,0.09890947159020831,2.2223860981097094,0.2076838577494902,0.21657125388874726,0.0,0.4114399701356888,0.41541948914527893,0.0
gait_00_trot__vx_pos_0p5__seed_4242,1,joint_front_left_thigh_pitch,fl,thigh,17.0,robot.actuators['thigh_legs'].effort_limit,0.11678402115514097,18.210814381986857,0.16783494809094598,0.17657985056147854,0.0,0.3047785460948944,0.32599833607673645,0.0
gait_00_trot__vx_pos_0p5__seed_4242,2,joint_front_left_calf_pitch,fl,calf,37.0,robot.actuators['calf_legs'].effort_limit,0.1825851040096473,33.75149307109415,0.2666306366791596,0.27988866857580236,0.0,0.5343595445156097,0.5401185154914856,0.0
gait_00_trot__vx_pos_0p5__seed_4242,3,joint_front_right_abad,fr,hip,17.0,robot.actuators['hip_legs'].effort_limit,0.027440604631301636,1.1137185657655937,0.08932151163325591,0.10190180119346169,0.0,0.3399038314819336,0.35814476013183594,0.0
gait_00_trot__vx_pos_0p5__seed_4242,4,joint_front_right_thigh_pitch,fr,thigh,17.0,robot.actuators['thigh_legs'].effort_limit,0.35150857296053134,19.596201913957483,0.3450037311105167,0.35241691505207734,0.0,0.29048794507980347,0.2947118580341339,0.0
gait_00_trot__vx_pos_0p5__seed_4242,5,joint_front_right_calf_pitch,fr,calf,37.0,robot.actuators['calf_legs'].effort_limit,0.19319130330519063,40.813467821569645,0.30488754607535695,0.33891964603114777,0.0,0.541149914264679,0.5445005297660828,0.0
gait_00_trot__vx_pos_0p5__seed_4242,6,joint_rear_left_abad,rl,hip,17.0,robot.actuators['hip_legs'].effort_limit,0.03604468391194735,1.331032238691114,0.10789448198150187,0.13361510459114523,0.0,0.3409746438264847,0.36167295277118683,0.0
gait_00_trot__vx_pos_0p5__seed_4242,7,joint_rear_left_thigh_pitch,rl,thigh,20.0,robot.actuators['thigh_legs'].effort_limit,0.3399877333704659,20.932261776514352,0.42381772994995115,0.4721685290336609,0.0,0.29630519449710846,0.29849860072135925,0.0
gait_00_trot__vx_pos_0p5__seed_4242,8,joint_rear_left_calf_pitch,rl,calf,37.0,robot.actuators['calf_legs'].effort_limit,0.1890339530237597,35.54372922611423,0.21956189903053078,0.25123004011205724,0.0,0.5520371496677399,0.5550278723239899,0.0
gait_00_trot__vx_pos_0p5__seed_4242,9,joint_rear_right_abad,rr,hip,17.0,robot.actuators['hip_legs'].effort_limit,0.07528288420722264,2.3500156729994344,0.16088467836380005,0.16657442205092488,0.0,0.3524952530860901,0.35618290305137634,0.0
gait_00_trot__vx_pos_0p5__seed_4242,10,joint_rear_right_thigh_pitch,rr,thigh,20.0,robot.actuators['thigh_legs'].effort_limit,0.23091916549512082,18.197166113993152,0.3509729087352753,0.3886150300502777,0.0,0.28664490580558777,0.28864632546901703,0.0
gait_00_trot__vx_pos_0p5__seed_4242,11,joint_rear_right_calf_pitch,rr,calf,37.0,robot.actuators['calf_legs'].effort_limit,0.15511025623002406,21.474705669193064,0.21131419813310778,0.21693904979808912,0.0,0.49418967962265015,0.49557939171791077,0.0
gait_00_trot__vx_pos_1p0__seed_4242,0,joint_front_left_abad,fl,hip,17.0,robot.actuators['hip_legs'].effort_limit,0.09601978419683657,3.141847439585254,0.21618879823123674,0.2454721557392793,0.0,0.4203144311904907,0.43943626344203945,0.0
gait_00_trot__vx_pos_1p0__seed_4242,1,joint_front_left_thigh_pitch,fl,thigh,17.0,robot.actuators['thigh_legs'].effort_limit,0.21327546679591863,39.83559560631402,0.28645006628597464,0.36778553766362804,0.0,0.27990481853485105,0.29695446610450743,0.0
gait_00_trot__vx_pos_1p0__seed_4242,2,joint_front_left_calf_pitch,fl,calf,37.0,robot.actuators['calf_legs'].effort_limit,0.20109824197693804,62.30948007762432,0.2910271515717377,0.3110750030826877,0.0,0.5604037523269654,0.5647133171558381,0.0
gait_00_trot__vx_pos_1p0__seed_4242,3,joint_front_right_abad,fr,hip,17.0,robot.actuators['hip_legs'].effort_limit,0.027597140799446387,1.498249282646866,0.08558360829072839,0.10754967409021711,0.0,0.3263815939426422,0.34082352638244623,0.0
gait_00_trot__vx_pos_1p0__seed_4242,4,joint_front_right_thigh_pitch,fr,thigh,17.0,robot.actuators['thigh_legs'].effort_limit,0.4145854290114335,38.498848409364,0.33710662617402914,0.3481753826141357,0.0,0.2764856457710266,0.28173367023468016,0.0
gait_00_trot__vx_pos_1p0__seed_4242,5,joint_front_right_calf_pitch,fr,calf,37.0,robot.actuators['calf_legs'].effort_limit,0.25971328233755125,89.16137359683403,0.35508593095315466,0.3990024174870669,0.0,0.5631371796131134,0.5669697350263596,0.0
gait_00_trot__vx_pos_1p0__seed_4242,6,joint_rear_left_abad,rl,hip,17.0,robot.actuators['hip_legs'].effort_limit,0.03313471135139072,2.1756263520355423,0.12064060323378617,0.13256306003121768,0.0,0.3035091757774353,0.3081504553556442,0.0
gait_00_trot__vx_pos_1p0__seed_4242,7,joint_rear_left_thigh_pitch,rl,thigh,20.0,robot.actuators['thigh_legs'].effort_limit,0.5649923400288184,65.0019838961959,0.5032326698303222,0.5422342791557312,0.0,0.2985667884349823,0.30233256161212924,0.0
gait_00_trot__vx_pos_1p0__seed_4242,8,joint_rear_left_calf_pitch,rl,calf,37.0,robot.actuators['calf_legs'].effort_limit,0.20854078939240547,89.47386502357665,0.2507845698176204,0.2744236456381308,0.0,0.579135674238205,0.5809966206550599,0.0
gait_00_trot__vx_pos_1p0__seed_4242,9,joint_rear_right_abad,rr,hip,17.0,robot.actuators['hip_legs'].effort_limit,0.05464817279501873,2.762947081597522,0.12578121634090647,0.1298631038385279,0.0,0.3313982903957367,0.3352897906303406,0.0
gait_00_trot__vx_pos_1p0__seed_4242,10,joint_rear_right_thigh_pitch,rr,thigh,20.0,robot.actuators['thigh_legs'].effort_limit,0.4324331454118155,50.195531760845334,0.45165915966033926,0.5039905343055725,0.0,0.2817846298217773,0.2844762682914734,0.0
gait_00_trot__vx_pos_1p0__seed_4242,11,joint_rear_right_calf_pitch,rr,calf,37.0,robot.actuators['calf_legs'].effort_limit,0.18041644819129818,57.04460088874679,0.26142846313682755,0.3084681804760082,0.0,0.5019578874111176,0.5040327453613281,0.0
gait_00_trot__vx_pos_1p5__seed_4242,0,joint_front_left_abad,fl,hip,17.0,robot.actuators['hip_legs'].effort_limit,0.059867895005446654,3.8853319036902394,0.16141627956839166,0.1886967347649967,0.0,0.3986173540353775,0.42056862115859983,0.0
gait_00_trot__vx_pos_1p5__seed_4242,1,joint_front_left_thigh_pitch,fl,thigh,17.0,robot.actuators['thigh_legs'].effort_limit,0.4852382137726064,65.68468094572425,0.5353114745196174,0.5696115347918342,0.0,0.25125813484191895,0.2618169081211089,0.0
gait_00_trot__vx_pos_1p5__seed_4242,2,joint_front_left_calf_pitch,fl,calf,37.0,robot.actuators['calf_legs'].effort_limit,0.23439820872322104,111.90668637882918,0.3166194980208938,0.35425352148107553,0.0,0.5726459860801697,0.5796499747037888,0.0
gait_00_trot__vx_pos_1p5__seed_4242,3,joint_front_right_abad,fr,hip,17.0,robot.actuators['hip_legs'].effort_limit,0.033089245794705874,2.4916802992924203,0.12089282344369325,0.13468165229348567,0.0,0.3135680317878723,0.325393545627594,0.0
gait_00_trot__vx_pos_1p5__seed_4242,4,joint_front_right_thigh_pitch,fr,thigh,17.0,robot.actuators['thigh_legs'].effort_limit,0.582346380261254,69.40461823355406,0.4758078210494098,0.5023091260124656,0.0,0.24102863669395447,0.2474923515319824,0.0
gait_00_trot__vx_pos_1p5__seed_4242,5,joint_front_right_calf_pitch,fr,calf,37.0,robot.actuators['calf_legs'].effort_limit,0.26484116685734094,119.87011544059017,0.37269881480448924,0.4377370525050804,0.0,0.5859520912170411,0.5892790395021439,0.0
gait_00_trot__vx_pos_1p5__seed_4242,6,joint_rear_left_abad,rl,hip,17.0,robot.actuators['hip_legs'].effort_limit,0.04394311681238319,4.04911389713292,0.11857878320357373,0.12816220017040475,0.0,0.3120834946632385,0.31723453938961027,0.0
gait_00_trot__vx_pos_1p5__seed_4242,7,joint_rear_left_thigh_pitch,rl,thigh,20.0,robot.actuators['thigh_legs'].effort_limit,0.7101513122436366,124.04044897008687,0.4762922143936157,0.5383593616485595,0.0,0.2975331276655197,0.301847071647644,0.0
gait_00_trot__vx_pos_1p5__seed_4242,8,joint_rear_left_calf_pitch,rl,calf,37.0,robot.actuators['calf_legs'].effort_limit,0.22501326800158775,149.05955464895814,0.29228998777028675,0.31310939067118865,0.0,0.6168540596961974,0.6238583099842071,0.0
gait_00_trot__vx_pos_1p5__seed_4242,9,joint_rear_right_abad,rr,hip,17.0,robot.actuators['hip_legs'].effort_limit,0.07309988510787588,3.8445009341166587,0.13921848044675936,0.14849649345173555,0.0,0.36771911978721616,0.38161308169364927,0.0
gait_00_trot__vx_pos_1p5__seed_4242,10,joint_rear_right_thigh_pitch,rr,thigh,20.0,robot.actuators['thigh_legs'].effort_limit,0.7103869030866707,113.27319061989897,0.5129320907592773,0.5718852458000183,0.0,0.262421253323555,0.26551573574542997,0.0
gait_00_trot__vx_pos_1p5__seed_4242,11,joint_rear_right_calf_pitch,rr,calf,37.0,robot.actuators['calf_legs'].effort_limit,0.20965522532899492,100.80776025565807,0.31670992438857615,0.35112678991781693,0.0,0.49013701677322385,0.4972995674610138,0.0
gait_01_bound__vx_neg_1p5__seed_4242,0,joint_front_left_abad,fl,hip,17.0,robot.actuators['hip_legs'].effort_limit,0.14865160052159093,7.110282518242021,0.2814865350723265,0.33114110610064335,0.0,0.27684108614921565,0.286326305270195,0.0
gait_01_bound__vx_neg_1p5__seed_4242,1,joint_front_left_thigh_pitch,fl,thigh,17.0,robot.actuators['thigh_legs'].effort_limit,2.3109414820534524,204.78636041358115,1.0,1.0,0.08958333333333333,0.3744384109973907,0.379852420091629,0.0
gait_01_bound__vx_neg_1p5__seed_4242,2,joint_front_left_calf_pitch,fl,calf,37.0,robot.actuators['calf_legs'].effort_limit,0.33250259887596156,318.55961477224133,0.39419073671907995,0.4425679232623125,0.0,0.45845735073089594,0.4655884826183319,0.0
gait_01_bound__vx_neg_1p5__seed_4242,3,joint_front_right_abad,fr,hip,17.0,robot.actuators['hip_legs'].effort_limit,0.11567518068709756,5.065218158912176,0.25916969916399785,0.33072617979610663,0.0,0.3569291353225708,0.36623038887977594,0.0
gait_01_bound__vx_neg_1p5__seed_4242,4,joint_front_right_thigh_pitch,fr,thigh,17.0,robot.actuators['thigh_legs'].effort_limit,2.0127784655793466,203.3904495713301,0.903943151586196,0.9472442088407628,0.00625,0.36627078652381895,0.3713576602935791,0.0
gait_01_bound__vx_neg_1p5__seed_4242,5,joint_front_right_calf_pitch,fr,calf,37.0,robot.actuators['calf_legs'].effort_limit,0.45563991238447027,461.75541502408686,0.48131793769630227,0.5133923370773728,0.0,0.4879691362380981,0.4956269651651382,0.0
gait_01_bound__vx_neg_1p5__seed_4242,6,joint_rear_left_abad,rl,hip,17.0,robot.actuators['hip_legs'].effort_limit,0.04066500848160022,1.793079586120066,0.12434983814463893,0.13585015128640562,0.0,0.33459011018276213,0.35353923618793487,0.0
gait_01_bound__vx_neg_1p5__seed_4242,7,joint_rear_left_thigh_pitch,rl,thigh,20.0,robot.actuators['thigh_legs'].effort_limit,0.5800981255125103,139.22186509801696,0.43746035337448114,0.5482679939270017,0.0,0.3014537245035171,0.30787073373794555,0.0
gait_01_bound__vx_neg_1p5__seed_4242,8,joint_rear_left_calf_pitch,rl,calf,37.0,robot.actuators['calf_legs'].effort_limit,0.524959133516979,600.3740192744881,0.38014423267261366,0.48688631573238866,0.0,0.41814355254173274,0.4245956754684448,0.0
gait_01_bound__vx_neg_1p5__seed_4242,9,joint_rear_right_abad,rr,hip,17.0,robot.actuators['hip_legs'].effort_limit,0.07482922067067468,2.896731244482144,0.18899253887288708,0.213111337072709,0.0,0.30695288777351376,0.34675202369689934,0.0
gait_01_bound__vx_neg_1p5__seed_4242,10,joint_rear_right_thigh_pitch,rr,thigh,20.0,robot.actuators['thigh_legs'].effort_limit,0.6884598001141915,157.83856496600436,0.4867621326446533,0.5138601965904236,0.0,0.2737202823162079,0.2818261814117431,0.0
gait_01_bound__vx_neg_1p5__seed_4242,11,joint_rear_right_calf_pitch,rr,calf,37.0,robot.actuators['calf_legs'].effort_limit,0.4990791809885875,669.8270046430827,0.39303531517853607,0.46725894773328613,0.0,0.4417096138000488,0.453202908039093,0.0
gait_01_bound__vx_neg_1p0__seed_4242,0,joint_front_left_abad,fl,hip,17.0,robot.actuators['hip_legs'].effort_limit,0.09197620644416926,4.728316175448708,0.2037992323146146,0.2326695161707261,0.0,0.26895897686481474,0.2769414663314819,0.0
gait_01_bound__vx_neg_1p0__seed_4242,1,joint_front_left_thigh_pitch,fl,thigh,17.0,robot.actuators['thigh_legs'].effort_limit,1.6737081156456446,122.1234406082891,0.9805992799646713,1.0,0.052083333333333336,0.39296412467956543,0.39961059093475343,0.0
gait_01_bound__vx_neg_1p0__seed_4242,2,joint_front_left_calf_pitch,fl,calf,37.0,robot.actuators['calf_legs'].effort_limit,0.3131074417939133,336.8353016633261,0.3839246827202874,0.4319839054829365,0.0,0.43670234978199,0.44251459658145903,0.0
gait_01_bound__vx_neg_1p0__seed_4242,3,joint_front_right_abad,fr,hip,17.0,robot.actuators['hip_legs'].effort_limit,0.09519104906322393,2.2998408211763217,0.22761399745941133,0.32671433476840744,0.0,0.335705953836441,0.3398661398887634,0.0
gait_01_bound__vx_neg_1p0__seed_4242,4,joint_front_right_thigh_pitch,fr,thigh,17.0,robot.actuators['thigh_legs'].effort_limit,1.5498682882050858,119.99615441616625,0.8530092632069297,0.9850977460075826,0.022916666666666665,0.40562443733215325,0.4100181519985199,0.0
gait_01_bound__vx_neg_1p0__seed_4242,5,joint_front_right_calf_pitch,fr,calf,37.0,robot.actuators['calf_legs'].effort_limit,0.40310123968497424,448.6578011123836,0.45582675676088064,0.48106234782450885,0.0,0.4759033232927322,0.4842222917079925,0.0
gait_01_bound__vx_neg_1p0__seed_4242,6,joint_rear_left_abad,rl,hip,17.0,robot.actuators['hip_legs'].effort_limit,0.03891752891996367,1.3501567789539695,0.13028558773152968,0.14600009609671197,0.0,0.28082351088523866,0.2862865489721298,0.0
gait_01_bound__vx_neg_1p0__seed_4242,7,joint_rear_left_thigh_pitch,rl,thigh,20.0,robot.actuators['thigh_legs'].effort_limit,0.4912947877713309,111.03608539752662,0.4172631955146789,0.44145558738708496,0.0,0.3051843047142029,0.3120581597089767,0.0
gait_01_bound__vx_neg_1p0__seed_4242,8,joint_rear_left_calf_pitch,rl,calf,37.0,robot.actuators['calf_legs'].effort_limit,0.5394497270284822,594.4719652506336,0.37478908590368304,0.4601995395969699,0.0,0.42648155689239503,0.43531375408172607,0.0
gait_01_bound__vx_neg_1p0__seed_4242,9,joint_rear_right_abad,rr,hip,17.0,robot.actuators['hip_legs'].effort_limit,0.038135932567523775,2.2880693946627435,0.12954648031907917,0.1442162070554845,0.0,0.24121158123016356,0.25757740139961244,0.0
gait_01_bound__vx_neg_1p0__seed_4242,10,joint_rear_right_thigh_pitch,rr,thigh,20.0,robot.actuators['thigh_legs'].effort_limit,0.49349199766175644,125.91063383564354,0.4151475167274475,0.4323103623390197,0.0,0.2753358483314514,0.3075894075632095,0.0
gait_01_bound__vx_neg_1p0__seed_4242,11,joint_rear_right_calf_pitch,rr,calf,37.0,robot.actuators['calf_legs'].effort_limit,0.4924374082615715,702.6591561440006,0.4170153940046155,0.4857113956760712,0.0,0.46413681507110593,0.4700055396556854,0.0
gait_01_bound__vx_neg_0p5__seed_4242,0,joint_front_left_abad,fl,hip,17.0,robot.actuators['hip_legs'].effort_limit,0.07200973274062468,2.468971859139856,0.1583434027784011,0.21085537181181066,0.0,0.26925937831401825,0.2804580181837082,0.0
gait_01_bound__vx_neg_0p5__seed_4242,1,joint_front_left_thigh_pitch,fl,thigh,17.0,robot.actuators['thigh_legs'].effort_limit,1.0323826412508539,69.32440293969121,0.7481677812688491,0.8450081488665413,0.0,0.3921969532966614,0.40006738901138306,0.0
gait_01_bound__vx_neg_0p5__seed_4242,2,joint_front_left_calf_pitch,fl,calf,37.0,robot.actuators['calf_legs'].effort_limit,0.3503759883794231,421.2759114187956,0.39375696311125885,0.505770799275991,0.0,0.47523513436317444,0.48735351860523224,0.0
gait_01_bound__vx_neg_0p5__seed_4242,3,joint_front_right_abad,fr,hip,17.0,robot.actuators['hip_legs'].effort_limit,0.09887385584612568,2.456029609718462,0.20687331872827866,0.31812113874098835,0.0,0.3101242184638977,0.3134671747684479,0.0
gait_01_bound__vx_neg_0p5__seed_4242,4,joint_front_right_thigh_pitch,fr,thigh,17.0,robot.actuators['thigh_legs'].effort_limit,1.0243275856989065,68.60169447561726,0.7261499657350428,0.8018771059372847,0.0,0.41214847564697266,0.4186652898788452,0.0
gait_01_bound__vx_neg_0p5__seed_4242,5,joint_front_right_calf_pitch,fr,calf,37.0,robot.actuators['calf_legs'].effort_limit,0.39559801133734435,459.2779450664297,0.4634844032493798,0.4966091980805268,0.0,0.46706508100032806,0.475181519985199,0.0
gait_01_bound__vx_neg_0p5__seed_4242,6,joint_rear_left_abad,rl,hip,17.0,robot.actuators['hip_legs'].effort_limit,0.02241714928138871,1.2374431472949072,0.1006238513133105,0.12375109335955452,0.0,0.23751667141914368,0.2444785088300705,0.0
gait_01_bound__vx_neg_0p5__seed_4242,7,joint_rear_left_thigh_pitch,rl,thigh,20.0,robot.actuators['thigh_legs'].effort_limit,0.4069656396137783,83.0423547443733,0.41526122093200685,0.4352443337440491,0.0,0.2886193245649338,0.29349756240844727,0.0
gait_01_bound__vx_neg_0p5__seed_4242,8,joint_rear_left_calf_pitch,rl,calf,37.0,robot.actuators['calf_legs'].effort_limit,0.5613869432109375,713.0882651533186,0.46222164824202255,0.4855121148599161,0.0,0.4854539632797241,0.49434179067611694,0.0
gait_01_bound__vx_neg_0p5__seed_4242,9,joint_rear_right_abad,rr,hip,17.0,robot.actuators['hip_legs'].effort_limit,0.011638429882907841,1.2882539551376249,0.0672882129164303,0.08498278260231018,0.0,0.18168595433235168,0.18642601370811462,0.0
gait_01_bound__vx_neg_0p5__seed_4242,10,joint_rear_right_thigh_pitch,rr,thigh,20.0,robot.actuators['thigh_legs'].effort_limit,0.4664475381154027,89.96760046927258,0.41095796823501585,0.4398898363113403,0.0,0.27864763140678406,0.2889421284198761,0.0
gait_01_bound__vx_neg_0p5__seed_4242,11,joint_rear_right_calf_pitch,rr,calf,37.0,robot.actuators['calf_legs'].effort_limit,0.4817449780860305,684.4267073366046,0.4602608809600005,0.4876596476580646,0.0,0.5064069926738739,0.5102156400680542,0.0
gait_01_bound__vx_pos_0p5__seed_4242,0,joint_front_left_abad,fl,hip,17.0,robot.actuators['hip_legs'].effort_limit,0.016976626195333716,1.4341070132009963,0.09083644256872289,0.11345533763661104,0.0,0.20141959190368652,0.21130208671092987,0.0
gait_01_bound__vx_pos_0p5__seed_4242,1,joint_front_left_thigh_pitch,fl,thigh,17.0,robot.actuators['thigh_legs'].effort_limit,0.7038270009595462,92.0572228986863,0.5161065915051629,0.5379676959093879,0.0,0.3011312782764435,0.30349668860435486,0.0
gait_01_bound__vx_pos_0p5__seed_4242,2,joint_front_left_calf_pitch,fl,calf,37.0,robot.actuators['calf_legs'].effort_limit,0.4618862778837842,633.5247168780119,0.4498910259556126,0.48186833149678,0.0,0.49148400127887726,0.4946528673171997,0.0
gait_01_bound__vx_pos_0p5__seed_4242,3,joint_front_right_abad,fr,hip,17.0,robot.actuators['hip_legs'].effort_limit,0.04315395939067015,2.3833515719222125,0.16234900670893054,0.20221790145425234,0.0,0.23777759075164795,0.24243703484535217,0.0
gait_01_bound__vx_pos_0p5__seed_4242,4,joint_front_right_thigh_pitch,fr,thigh,17.0,robot.actuators['thigh_legs'].effort_limit,0.6671583444219552,94.34396335633471,0.4702404877718757,0.4959573184742647,0.0,0.3182400166988373,0.32322296500205994,0.0
gait_01_bound__vx_pos_0p5__seed_4242,5,joint_front_right_calf_pitch,fr,calf,37.0,robot.actuators['calf_legs'].effort_limit,0.5073277966225882,626.6236111791804,0.4366292953491211,0.4991186502817515,0.0,0.48436295986175537,0.48861223459243774,0.0
gait_01_bound__vx_pos_0p5__seed_4242,6,joint_rear_left_abad,rl,hip,17.0,robot.actuators['hip_legs'].effort_limit,0.11034378363966425,3.1886123400891666,0.2231235854765948,0.26763707749983845,0.0,0.2634061723947525,0.27311548590660095,0.0
gait_01_bound__vx_pos_0p5__seed_4242,7,joint_rear_left_thigh_pitch,rl,thigh,20.0,robot.actuators['thigh_legs'].effort_limit,0.5353123431908136,81.8799371268414,0.4709424376487732,0.5459581613540649,0.0,0.35732220113277435,0.36425746977329254,0.0
gait_01_bound__vx_pos_0p5__seed_4242,8,joint_rear_left_calf_pitch,rl,calf,37.0,robot.actuators['calf_legs'].effort_limit,0.46026145948477065,566.0509536249936,0.41025563832875844,0.48788195687371333,0.0,0.4910387098789215,0.49975061416625977,0.0
gait_01_bound__vx_pos_0p5__seed_4242,9,joint_rear_right_abad,rr,hip,17.0,robot.actuators['hip_legs'].effort_limit,0.17373662986636862,7.7833552474249155,0.22536266200682695,0.2438179184408749,0.0,0.24381035566329956,0.2522434592247009,0.0
gait_01_bound__vx_pos_0p5__seed_4242,10,joint_rear_right_thigh_pitch,rr,thigh,20.0,robot.actuators['thigh_legs'].effort_limit,0.6989439973908541,77.82080027587712,0.525615906715393,0.5714772343635559,0.0,0.34675100445747375,0.3514850288629532,0.0
gait_01_bound__vx_pos_0p5__seed_4242,11,joint_rear_right_calf_pitch,rr,calf,37.0,robot.actuators['calf_legs'].effort_limit,0.3967618507107576,542.278062944226,0.4470663972803064,0.4924080307419236,0.0,0.5113235116004944,0.5152869522571564,0.0
gait_01_bound__vx_pos_1p0__seed_4242,0,joint_front_left_abad,fl,hip,17.0,robot.actuators['hip_legs'].effort_limit,0.015882024875740374,1.6872465027651924,0.08959569229799157,0.10126314429675828,0.0,0.2079448699951172,0.21935468852519988,0.0
gait_01_bound__vx_pos_1p0__seed_4242,1,joint_front_left_thigh_pitch,fl,thigh,17.0,robot.actuators['thigh_legs'].effort_limit,1.0775995435001582,137.24205070786178,0.6067451757543223,0.6333025259130141,0.0,0.2844435632228851,0.2961794519424438,0.0
gait_01_bound__vx_pos_1p0__seed_4242,2,joint_front_left_calf_pitch,fl,calf,37.0,robot.actuators['calf_legs'].effort_limit,0.5276907561970231,672.6803781367094,0.4140899155590982,0.4993543083603316,0.0,0.46266769766807553,0.4664804583787918,0.0
gait_01_bound__vx_pos_1p0__seed_4242,3,joint_front_right_abad,fr,hip,17.0,robot.actuators['hip_legs'].effort_limit,0.021293174840173488,2.3597239880227425,0.08850117641336776,0.09978003179325776,0.0,0.20632503032684327,0.21523483276367186,0.0
gait_01_bound__vx_pos_1p0__seed_4242,4,joint_front_right_thigh_pitch,fr,thigh,17.0,robot.actuators['thigh_legs'].effort_limit,0.89362761083286,126.87135443486274,0.5197678622077493,0.5515683813656077,0.0,0.2973757922649383,0.3171584701538086,0.0
gait_01_bound__vx_pos_1p0__seed_4242,5,joint_front_right_calf_pitch,fr,calf,37.0,robot.actuators['calf_legs'].effort_limit,0.49402530706179987,616.1830993926525,0.38111655776565107,0.4509386294596904,0.0,0.4583567142486572,0.46312912225723263,0.0
gait_01_bound__vx_pos_1p0__seed_4242,6,joint_rear_left_abad,rl,hip,17.0,robot.actuators['hip_legs'].effort_limit,0.2441754924287071,6.40949284274182,0.3298455140169925,0.371161735198077,0.0,0.32527911067008974,0.32883420169353483,0.0
gait_01_bound__vx_pos_1p0__seed_4242,7,joint_rear_left_thigh_pitch,rl,thigh,20.0,robot.actuators['thigh_legs'].effort_limit,1.0650246947942918,141.82186701005324,0.6570029830932617,0.7203012375831604,0.0,0.35878657698631283,0.3630514311790466,0.0
gait_01_bound__vx_pos_1p0__seed_4242,8,joint_rear_left_calf_pitch,rl,calf,37.0,robot.actuators['calf_legs'].effort_limit,0.5134322481590575,640.6507764563803,0.40352806271733455,0.45017665502187365,0.0,0.4170091450214386,0.4246282470226288,0.0
gait_01_bound__vx_pos_1p0__seed_4242,9,joint_rear_right_abad,rr,hip,17.0,robot.actuators['hip_legs'].effort_limit,0.3335048145883376,13.266313687912188,0.32671950985403614,0.3500296449661255,0.0,0.31302966475486754,0.3194952356815338,0.0
gait_01_bound__vx_pos_1p0__seed_4242,10,joint_rear_right_thigh_pitch,rr,thigh,20.0,robot.actuators['thigh_legs'].effort_limit,1.1312958997090308,133.2581999512762,0.6694005155563353,0.738189703464508,0.0,0.3447535693645477,0.34819463491439817,0.0
gait_01_bound__vx_pos_1p0__seed_4242,11,joint_rear_right_calf_pitch,rr,calf,37.0,robot.actuators['calf_legs'].effort_limit,0.520665864534326,767.9965541019291,0.4480948912130817,0.48723852879292234,0.0,0.4526201546192169,0.4593124997615814,0.0
gait_01_bound__vx_pos_1p5__seed_4242,0,joint_front_left_abad,fl,hip,17.0,robot.actuators['hip_legs'].effort_limit,0.03877468347359886,3.3668883672647643,0.11134244554183059,0.1337904060588163,0.0,0.2633550107479095,0.27351465344429016,0.0
gait_01_bound__vx_pos_1p5__seed_4242,1,joint_front_left_thigh_pitch,fl,thigh,17.0,robot.actuators['thigh_legs'].effort_limit,1.421605564397897,166.01228640045971,0.6993025190689983,0.7501970958709716,0.0,0.2948710024356842,0.297346111536026,0.0
gait_01_bound__vx_pos_1p5__seed_4242,2,joint_front_left_calf_pitch,fl,calf,37.0,robot.actuators['calf_legs'].effort_limit,0.55977594966986,638.4344274742157,0.3836965444925669,0.4928812264107369,0.0,0.4895847380161285,0.49489488780498503,0.0
gait_01_bound__vx_pos_1p5__seed_4242,3,joint_front_right_abad,fr,hip,17.0,robot.actuators['hip_legs'].effort_limit,0.03776439771105261,4.04600996352503,0.11434348120408899,0.1243391546081094,0.0,0.21483941674232482,0.21898741006851194,0.0
gait_01_bound__vx_pos_1p5__seed_4242,4,joint_front_right_thigh_pitch,fr,thigh,17.0,robot.actuators['thigh_legs'].effort_limit,1.1780329134160057,156.72048586803953,0.638081474865184,0.6640791029088637,0.0,0.29859755039215086,0.31056647062301634,0.0
gait_01_bound__vx_pos_1p5__seed_4242,5,joint_front_right_calf_pitch,fr,calf,37.0,robot.actuators['calf_legs'].effort_limit,0.5205444994139203,609.0228999310732,0.3681989012537776,0.432403356449024,0.0,0.5116475135087966,0.5241859304904938,0.0
gait_01_bound__vx_pos_1p5__seed_4242,6,joint_rear_left_abad,rl,hip,17.0,robot.actuators['hip_legs'].effort_limit,0.27747842070487955,5.6674261795892384,0.3764886098749497,0.42782861793742455,0.0,0.37569598257541653,0.38209987223148345,0.0
gait_01_bound__vx_pos_1p5__seed_4242,7,joint_rear_left_thigh_pitch,rl,thigh,20.0,robot.actuators['thigh_legs'].effort_limit,1.5526726399617246,205.11259221520277,0.7721935415267934,0.893339009284973,0.0,0.33702181875705717,0.34395789861679077,0.0
gait_01_bound__vx_pos_1p5__seed_4242,8,joint_rear_left_calf_pitch,rl,calf,37.0,robot.actuators['calf_legs'].effort_limit,0.5256235884677172,550.9685400696098,0.4611654384716137,0.4792700246862463,0.0,0.4204203009605408,0.44122170567512514,0.0
gait_01_bound__vx_pos_1p5__seed_4242,9,joint_rear_right_abad,rr,hip,17.0,robot.actuators['hip_legs'].effort_limit,0.3543544089092174,12.357132104522316,0.3661041147568646,0.41511198492611157,0.0,0.3764887511730194,0.3829703021049499,0.0
gait_01_bound__vx_pos_1p5__seed_4242,10,joint_rear_right_thigh_pitch,rr,thigh,20.0,robot.actuators['thigh_legs'].effort_limit,1.6827597842473112,210.6882620386593,0.771312642097473,0.8973828020095825,0.0,0.32618227005004885,0.33392630219459535,0.0
gait_01_bound__vx_pos_1p5__seed_4242,11,joint_rear_right_calf_pitch,rr,calf,37.0,robot.actuators['calf_legs'].effort_limit,0.4985166391990404,676.0668847414665,0.424107484559755,0.4582523711952003,0.0,0.40424999594688416,0.41784958362579344,0.0
gait_02_half_bound__vx_neg_1p5__seed_4242,0,joint_front_left_abad,fl,hip,17.0,robot.actuators['hip_legs'].effort_limit,0.16365492721459,9.882432307070122,0.2867380689172182,0.3222521153618308,0.0,0.32555215358734124,0.3336118066310882,0.0
gait_02_half_bound__vx_neg_1p5__seed_4242,1,joint_front_left_thigh_pitch,fl,thigh,17.0,robot.actuators['thigh_legs'].effort_limit,1.6566633289877126,191.52237180233,0.7693162721746106,0.8044003351996926,0.0020833333333333333,0.2899968266487122,0.29429755568504334,0.0
gait_02_half_bound__vx_neg_1p5__seed_4242,2,joint_front_left_calf_pitch,fl,calf,37.0,robot.actuators['calf_legs'].effort_limit,0.24488127511716845,199.1983469721186,0.3894075342126793,0.4664066459037161,0.0,0.4171868085861206,0.43579373061656945,0.0
gait_02_half_bound__vx_neg_1p5__seed_4242,3,joint_front_right_abad,fr,hip,17.0,robot.actuators['hip_legs'].effort_limit,0.18744952315788246,7.606209609654907,0.2532430382335887,0.28126376993515906,0.0,0.31768069267272947,0.324662504196167,0.0
gait_02_half_bound__vx_neg_1p5__seed_4242,4,joint_front_right_thigh_pitch,fr,thigh,17.0,robot.actuators['thigh_legs'].effort_limit,1.2849333773391252,164.93406811201945,0.7141745707568,0.7715184256609748,0.0,0.40039985179901116,0.4109358501434326,0.0
gait_02_half_bound__vx_neg_1p5__seed_4242,5,joint_front_right_calf_pitch,fr,calf,37.0,robot.actuators['calf_legs'].effort_limit,0.42160584385466293,469.15693370312454,0.41314611306061605,0.49545157458331124,0.0,0.5793988972902298,0.6012458229064941,0.0
gait_02_half_bound__vx_neg_1p5__seed_4242,6,joint_rear_left_abad,rl,hip,17.0,robot.actuators['hip_legs'].effort_limit,0.1536273764256695,7.296729078248027,0.2201657428460962,0.2428386629329008,0.0,0.3521975398063659,0.3670922476053237,0.0
gait_02_half_bound__vx_neg_1p5__seed_4242,7,joint_rear_left_thigh_pitch,rl,thigh,20.0,robot.actuators['thigh_legs'].effort_limit,0.6560202812888044,131.19147754438222,0.5172097253799438,0.5518740735054015,0.0,0.27365991175174714,0.27919534623622894,0.0
gait_02_half_bound__vx_neg_1p5__seed_4242,8,joint_rear_left_calf_pitch,rl,calf,37.0,robot.actuators['calf_legs'].effort_limit,0.33194675190917133,345.57072622150184,0.3129047780423551,0.38423912409189587,0.0,0.4188265800476074,0.42688685178756713,0.0
gait_02_half_bound__vx_neg_1p5__seed_4242,9,joint_rear_right_abad,rr,hip,17.0,robot.actuators['hip_legs'].effort_limit,0.09384579398106262,6.049134387603263,0.1538083455141852,0.1719546368542839,0.0,0.38432675600051863,0.417997590303421,0.0
gait_02_half_bound__vx_neg_1p5__seed_4242,10,joint_rear_right_thigh_pitch,rr,thigh,20.0,robot.actuators['thigh_legs'].effort_limit,0.7439497777907197,142.01184657863823,0.49751710414886474,0.5181072225570679,0.0,0.28889630436897273,0.2934344559907913,0.0
gait_02_half_bound__vx_neg_1p5__seed_4242,11,joint_rear_right_calf_pitch,rr,calf,37.0,robot.actuators['calf_legs'].effort_limit,0.43030282692387356,405.5076298814267,0.3576155494999241,0.42541758691942355,0.0,0.4564995229244232,0.4630137240886688,0.0
gait_02_half_bound__vx_neg_1p0__seed_4242,0,joint_front_left_abad,fl,hip,17.0,robot.actuators['hip_legs'].effort_limit,0.11964705303580209,8.00416997620836,0.22569128695656268,0.24517033745260794,0.0,0.3122993230819702,0.31772328734397887,0.0
gait_02_half_bound__vx_neg_1p0__seed_4242,1,joint_front_left_thigh_pitch,fl,thigh,17.0,robot.actuators['thigh_legs'].effort_limit,1.0412330454678336,98.31960254202598,0.6493018178378833,0.6860493519726921,0.0,0.310876202583313,0.3149716830253601,0.0
gait_02_half_bound__vx_neg_1p0__seed_4242,2,joint_front_left_calf_pitch,fl,calf,37.0,robot.actuators['calf_legs'].effort_limit,0.20618354203422948,175.81709697852202,0.3348458522074931,0.3888476433625092,0.0,0.46575685441493964,0.4813673573732376,0.0
gait_02_half_bound__vx_neg_1p0__seed_4242,3,joint_front_right_abad,fr,hip,17.0,robot.actuators['hip_legs'].effort_limit,0.2257601938140016,9.68789351423504,0.3228878834668328,0.3407266546698177,0.0,0.30515238046646115,0.3083201837539673,0.0
gait_02_half_bound__vx_neg_1p0__seed_4242,4,joint_front_right_thigh_pitch,fr,thigh,17.0,robot.actuators['thigh_legs'].effort_limit,0.8488682395549475,111.63583842396736,0.5898956074434166,0.6268903092777027,0.0,0.4237095296382904,0.4280742239952087,0.0
gait_02_half_bound__vx_neg_1p0__seed_4242,5,joint_front_right_calf_pitch,fr,calf,37.0,robot.actuators['calf_legs'].effort_limit,0.3368644103959582,363.2756880898029,0.3719399284672089,0.4711503425804344,0.0,0.5892497479915618,0.600429579615593,0.0
gait_02_half_bound__vx_neg_1p0__seed_4242,6,joint_rear_left_abad,rl,hip,17.0,robot.actuators['hip_legs'].effort_limit,0.17475590165133745,10.150308353838046,0.29358640698825594,0.3496001151028801,0.0,0.3359730184078216,0.3470203149318695,0.0
gait_02_half_bound__vx_neg_1p0__seed_4242,7,joint_rear_left_thigh_pitch,rl,thigh,20.0,robot.actuators['thigh_legs'].effort_limit,0.36727597319392535,74.9038243483007,0.31383761048316944,0.33346369910240176,0.0,0.2929046779870987,0.2949488401412964,0.0
gait_02_half_bound__vx_neg_1p0__seed_4242,8,joint_rear_left_calf_pitch,rl,calf,37.0,robot.actuators['calf_legs'].effort_limit,0.3299089440703682,299.720998488944,0.33366565833220607,0.35865595121641397,0.0,0.43638157844543457,0.4417755317687988,0.0
gait_02_half_bound__vx_neg_1p0__seed_4242,9,joint_rear_right_abad,rr,hip,17.0,robot.actuators['hip_legs'].effort_limit,0.046517492886809515,3.0387974856505755,0.11196058673017162,0.138213995624991,0.0,0.3212921261787415,0.34055899381637567,0.0
gait_02_half_bound__vx_neg_1p0__seed_4242,10,joint_rear_right_thigh_pitch,rr,thigh,20.0,robot.actuators['thigh_legs'].effort_limit,0.4706946040899963,83.63641214935109,0.5107836556434631,0.5358788843154907,0.0,0.2999992728233337,0.30218689441680907,0.0
gait_02_half_bound__vx_neg_1p0__seed_4242,11,joint_rear_right_calf_pitch,rr,calf,37.0,robot.actuators['calf_legs'].effort_limit,0.385171257507316,397.33847619516774,0.3098858420913282,0.4315858245540308,0.0,0.4376956641674042,0.44167249083518983,0.0
gait_02_half_bound__vx_neg_0p5__seed_4242,0,joint_front_left_abad,fl,hip,17.0,robot.actuators['hip_legs'].effort_limit,0.0791073270305732,3.4554390425165185,0.15041238770765417,0.1579954413806691,0.0,0.3043447732925415,0.3106587082147598,0.0
gait_02_half_bound__vx_neg_0p5__seed_4242,1,joint_front_left_thigh_pitch,fl,thigh,17.0,robot.actuators['thigh_legs'].effort_limit,0.6044654415629579,35.93197047537193,0.4738042494829963,0.503872366512523,0.0,0.3135770261287689,0.32134944200515747,0.0
gait_02_half_bound__vx_neg_0p5__seed_4242,2,joint_front_left_calf_pitch,fl,calf,37.0,robot.actuators['calf_legs'].effort_limit,0.16943875100994468,127.30570304043592,0.26860636633795665,0.31737700024166626,0.0,0.4981668293476105,0.5021953880786896,0.0
gait_02_half_bound__vx_neg_0p5__seed_4242,3,joint_front_right_abad,fr,hip,17.0,robot.actuators['hip_legs'].effort_limit,0.16561302012130769,4.3933115175046265,0.23343781863941865,0.2519135545281803,0.0,0.28234490752220154,0.28672468662261963,0.0
gait_02_half_bound__vx_neg_0p5__seed_4242,4,joint_front_right_thigh_pitch,fr,thigh,17.0,robot.actuators['thigh_legs'].effort_limit,0.7352252378764409,51.57057377260178,0.4665815269245821,0.5424941848306095,0.0,0.42298173904418945,0.42806071043014526,0.0
gait_02_half_bound__vx_neg_0p5__seed_4242,5,joint_front_right_calf_pitch,fr,calf,37.0,robot.actuators['calf_legs'].effort_limit,0.1471642779904225,133.01267075036537,0.19295734650379903,0.2462653147207724,0.0,0.5492338091135025,0.5641054213047028,0.0
gait_02_half_bound__vx_neg_0p5__seed_4242,6,joint_rear_left_abad,rl,hip,17.0,robot.actuators['hip_legs'].effort_limit,0.1436544448444971,7.482611219732207,0.2844608952017391,0.3232539401334875,0.0,0.3327587693929672,0.3472430408000946,0.0
gait_02_half_bound__vx_neg_0p5__seed_4242,7,joint_rear_left_thigh_pitch,rl,thigh,20.0,robot.actuators['thigh_legs'].effort_limit,0.18533530000671397,28.807437124329738,0.2833652377128601,0.30613566040992735,0.0,0.3101552575826645,0.31353136897087097,0.0
gait_02_half_bound__vx_neg_0p5__seed_4242,8,joint_rear_left_calf_pitch,rl,calf,37.0,robot.actuators['calf_legs'].effort_limit,0.23266294547904603,157.72462782032787,0.31587299140723973,0.3371554903081945,0.0,0.49371618032455444,0.5040607452392578,0.0
gait_02_half_bound__vx_neg_0p5__seed_4242,9,joint_rear_right_abad,rr,hip,17.0,robot.actuators['hip_legs'].effort_limit,0.0678326848108996,3.7028286871929232,0.19038978744955626,0.2615522917579202,0.0,0.33798420429229736,0.38745468854904175,0.0
gait_02_half_bound__vx_neg_0p5__seed_4242,10,joint_rear_right_thigh_pitch,rr,thigh,20.0,robot.actuators['thigh_legs'].effort_limit,0.41879800693816716,54.071068825714754,0.4832113146781921,0.5114567995071411,0.0,0.2946580648422241,0.30055177211761475,0.0
gait_02_half_bound__vx_neg_0p5__seed_4242,11,joint_rear_right_calf_pitch,rr,calf,37.0,robot.actuators['calf_legs'].effort_limit,0.3149473779434341,339.973909745524,0.3752264654314196,0.4598644101941908,0.0,0.47580087184906006,0.48316526412963867,0.0
gait_02_half_bound__vx_pos_0p5__seed_4242,0,joint_front_left_abad,fl,hip,17.0,robot.actuators['hip_legs'].effort_limit,0.02597745527590763,2.0853068403637733,0.10331920665853163,0.155395763761857,0.0,0.2194763422012329,0.2230082005262375,0.0
gait_02_half_bound__vx_pos_0p5__seed_4242,1,joint_front_left_thigh_pitch,fl,thigh,17.0,robot.actuators['thigh_legs'].effort_limit,0.4864959070796682,39.746435388848184,0.4234789539785946,0.44439859250012564,0.0,0.33156388998031616,0.36244386434555054,0.0
gait_02_half_bound__vx_pos_0p5__seed_4242,2,joint_front_left_calf_pitch,fl,calf,37.0,robot.actuators['calf_legs'].effort_limit,0.14492027182387424,128.70380388233812,0.23899317432094266,0.2823694203350995,0.0,0.4955594092607498,0.499368816614151,0.0
gait_02_half_bound__vx_pos_0p5__seed_4242,3,joint_front_right_abad,fr,hip,17.0,robot.actuators['hip_legs'].effort_limit,0.030483336034076963,2.432296907089185,0.10125288542579203,0.12681103804532218,0.0,0.2235708236694336,0.23451116681098938,0.0
gait_02_half_bound__vx_pos_0p5__seed_4242,4,joint_front_right_thigh_pitch,fr,thigh,17.0,robot.actuators['thigh_legs'].effort_limit,0.6974908624359678,63.22995543385361,0.5735058924731086,0.6077331935658175,0.0,0.3305114805698395,0.33327722549438477,0.0
gait_02_half_bound__vx_pos_0p5__seed_4242,5,joint_front_right_calf_pitch,fr,calf,37.0,robot.actuators['calf_legs'].effort_limit,0.34446888623072314,427.9837600351311,0.40040768159402385,0.4637974919499578,0.0,0.5076692998409271,0.514454260468483,0.0
gait_02_half_bound__vx_pos_0p5__seed_4242,6,joint_rear_left_abad,rl,hip,17.0,robot.actuators['hip_legs'].effort_limit,0.16641224202899235,9.574508924718248,0.22713338627534754,0.2680704102796667,0.0,0.3467675447463989,0.35983602702617645,0.0
gait_02_half_bound__vx_pos_0p5__seed_4242,7,joint_rear_left_thigh_pitch,rl,thigh,20.0,robot.actuators['thigh_legs'].effort_limit,0.5053108218900624,53.01092057907954,0.4603117227554321,0.4952694535255432,0.0,0.35632097721099854,0.3625600039958954,0.0
gait_02_half_bound__vx_pos_0p5__seed_4242,8,joint_rear_left_calf_pitch,rl,calf,37.0,robot.actuators['calf_legs'].effort_limit,0.19614740253879284,162.8942949878576,0.3061042862969476,0.3412338527473243,0.0,0.5123580098152161,0.5156452655792236,0.0
gait_02_half_bound__vx_pos_0p5__seed_4242,9,joint_rear_right_abad,rr,hip,17.0,robot.actuators['hip_legs'].effort_limit,0.14055360804412856,6.044090177865001,0.2675764700945686,0.3314320900860955,0.0,0.24619373679161072,0.253311425447464,0.0
gait_02_half_bound__vx_pos_0p5__seed_4242,10,joint_rear_right_thigh_pitch,rr,thigh,20.0,robot.actuators['thigh_legs'].effort_limit,0.5729371533543185,55.842916407093874,0.45296396017074586,0.49224411249160765,0.0,0.37886641919612885,0.38187988102436066,0.0
gait_02_half_bound__vx_pos_0p5__seed_4242,11,joint_rear_right_calf_pitch,rr,calf,37.0,robot.actuators['calf_legs'].effort_limit,0.25525404236846344,240.82494461216032,0.2952148463274981,0.32628170864002126,0.0,0.48804971575737,0.49108394980430603,0.0
gait_02_half_bound__vx_pos_1p0__seed_4242,0,joint_front_left_abad,fl,hip,17.0,robot.actuators['hip_legs'].effort_limit,0.04081808635014127,4.033134757468506,0.15744721889495847,0.19486537105896887,0.0,0.23511708378791804,0.2483733308315277,0.0
gait_02_half_bound__vx_pos_1p0__seed_4242,1,joint_front_left_thigh_pitch,fl,thigh,17.0,robot.actuators['thigh_legs'].effort_limit,0.5581145738970272,67.00040968842805,0.472921225603889,0.4958986007466035,0.0,0.3117728948593139,0.3405531716346741,0.0
gait_02_half_bound__vx_pos_1p0__seed_4242,2,joint_front_left_calf_pitch,fl,calf,37.0,robot.actuators['calf_legs'].effort_limit,0.15050109169585743,164.61475846490822,0.19955611293380324,0.2494174068038528,0.0,0.4517016798257828,0.45541452467441557,0.0
gait_02_half_bound__vx_pos_1p0__seed_4242,3,joint_front_right_abad,fr,hip,17.0,robot.actuators['hip_legs'].effort_limit,0.024225285292774363,2.9134117961954327,0.11946933409746935,0.14473527179044832,0.0,0.2520423114299774,0.26062363624572754,0.0
gait_02_half_bound__vx_pos_1p0__seed_4242,4,joint_front_right_thigh_pitch,fr,thigh,17.0,robot.actuators['thigh_legs'].effort_limit,0.7702954293673027,96.19088101224975,0.5701864887686336,0.5983197217829087,0.0,0.29821295738220216,0.30397762179374693,0.0
gait_02_half_bound__vx_pos_1p0__seed_4242,5,joint_front_right_calf_pitch,fr,calf,37.0,robot.actuators['calf_legs'].effort_limit,0.5646497075198509,596.2420729961991,0.37584415513115954,0.4877059807648529,0.0,0.5237241625785827,0.5289469242095947,0.0
gait_02_half_bound__vx_pos_1p0__seed_4242,6,joint_rear_left_abad,rl,hip,17.0,robot.actuators['hip_legs'].effort_limit,0.2734357351125504,12.711681720558554,0.3177616147434009,0.3374278688430786,0.0,0.3827913284301757,0.3920646595954895,0.0
gait_02_half_bound__vx_pos_1p0__seed_4242,7,joint_rear_left_thigh_pitch,rl,thigh,20.0,robot.actuators['thigh_legs'].effort_limit,1.0289946878607301,125.40146011078731,0.6207336807250975,0.6650350699424744,0.0,0.36479730308055874,0.36927769422531126,0.0
gait_02_half_bound__vx_pos_1p0__seed_4242,8,joint_rear_left_calf_pitch,rl,calf,37.0,robot.actuators['calf_legs'].effort_limit,0.2682945689829263,242.8571481882944,0.34942870526700365,0.40751380456460473,0.0,0.44949791431427,0.4591070902347565,0.0
gait_02_half_bound__vx_pos_1p0__seed_4242,9,joint_rear_right_abad,rr,hip,17.0,robot.actuators['hip_legs'].effort_limit,0.26048296024333806,9.376577501983848,0.3284188046174889,0.40252278271843406,0.0,0.3193760752677917,0.3258591938018799,0.0
gait_02_half_bound__vx_pos_1p0__seed_4242,10,joint_rear_right_thigh_pitch,rr,thigh,20.0,robot.actuators['thigh_legs'].effort_limit,0.8254101646986741,107.14657991871238,0.5595319628715515,0.6076225495338439,0.0,0.37859934866428374,0.3875855880975723,0.0
gait_02_half_bound__vx_pos_1p0__seed_4242,11,joint_rear_right_calf_pitch,rr,calf,37.0,robot.actuators['calf_legs'].effort_limit,0.31588616802012115,293.83564594753085,0.3509286751618256,0.3677766732911805,0.0,0.46120025515556334,0.4727726495265961,0.0
gait_02_half_bound__vx_pos_1p5__seed_4242,0,joint_front_left_abad,fl,hip,17.0,robot.actuators['hip_legs'].effort_limit,0.05037983525405031,4.076062986992402,0.1557668033768149,0.18208704906351414,0.0,0.25444213151931755,0.26848953783512114,0.0
gait_02_half_bound__vx_pos_1p5__seed_4242,1,joint_front_left_thigh_pitch,fl,thigh,17.0,robot.actuators['thigh_legs'].effort_limit,0.6053995201546831,106.08252598799766,0.4910785198211669,0.5160129137600168,0.0,0.2891002237796783,0.29732452750205995,0.0
gait_02_half_bound__vx_pos_1p5__seed_4242,2,joint_front_left_calf_pitch,fl,calf,37.0,robot.actuators['calf_legs'].effort_limit,0.24945273642059357,255.26481311621146,0.2656436868616053,0.366094092807254,0.0,0.3881284803152084,0.39590608954429624,0.0
gait_02_half_bound__vx_pos_1p5__seed_4242,3,joint_front_right_abad,fr,hip,17.0,robot.actuators['hip_legs'].effort_limit,0.03942450018132816,3.9019511963776314,0.14213590692071348,0.1565060410780065,0.0,0.2957742691040039,0.3083346259593963,0.0
gait_02_half_bound__vx_pos_1p5__seed_4242,4,joint_front_right_thigh_pitch,fr,thigh,17.0,robot.actuators['thigh_legs'].effort_limit,1.2408112247796994,161.50974286332726,0.6064880511339973,0.6180932437672334,0.0,0.2957157492637634,0.30602932095527646,0.0
gait_02_half_bound__vx_pos_1p5__seed_4242,5,joint_front_right_calf_pitch,fr,calf,37.0,robot.actuators['calf_legs'].effort_limit,0.6455357227703417,583.4477622911335,0.4190286185290362,0.4461727652678618,0.0,0.5579701036214828,0.5785147821903228,0.0
gait_02_half_bound__vx_pos_1p5__seed_4242,6,joint_rear_left_abad,rl,hip,17.0,robot.actuators['hip_legs'].effort_limit,0.29341252269851337,11.009721807903043,0.35051147517035985,0.36513115938972024,0.0,0.41776456832885744,0.43291393876075746,0.0
gait_02_half_bound__vx_pos_1p5__seed_4242,7,joint_rear_left_thigh_pitch,rl,thigh,20.0,robot.actuators['thigh_legs'].effort_limit,1.5536883551492364,219.51848790451885,0.7109740805625915,0.7518941545486449,0.0,0.34494464099407196,0.3527565813064575,0.0
gait_02_half_bound__vx_pos_1p5__seed_4242,8,joint_rear_left_calf_pitch,rl,calf,37.0,robot.actuators['calf_legs'].effort_limit,0.36123246767008693,310.76839160621165,0.391003249142621,0.4257944498835383,0.0,0.4467102766036987,0.45917112231254575,0.0
gait_02_half_bound__vx_pos_1p5__seed_4242,9,joint_rear_right_abad,rr,hip,17.0,robot.actuators['hip_legs'].effort_limit,0.3512156122069305,11.779205116303638,0.39303170793196696,0.458147813572603,0.0,0.36327333450317384,0.3693742835521698,0.0
gait_02_half_bound__vx_pos_1p5__seed_4242,10,joint_rear_right_thigh_pitch,rr,thigh,20.0,robot.actuators['thigh_legs'].effort_limit,1.3387044156358576,194.33394662737848,0.6747542619705199,0.7110433573722839,0.0,0.3477532774209976,0.35225543439388274,0.0
gait_02_half_bound__vx_pos_1p5__seed_4242,11,joint_rear_right_calf_pitch,rr,calf,37.0,robot.actuators['calf_legs'].effort_limit,0.38269600222424394,340.6775185019523,0.4036983000265584,0.44613578951036603,0.0,0.44673471450805663,0.45836803674697874,0.0
gait_03_half_bound__vx_neg_1p5__seed_4242,0,joint_front_left_abad,fl,hip,17.0,robot.actuators['hip_legs'].effort_limit,0.20199513566027333,6.263973630674882,0.26726254715639003,0.27431620990528777,0.0,0.29564291536808013,0.3207052212953567,0.0
gait_03_half_bound__vx_neg_1p5__seed_4242,1,joint_front_left_thigh_pitch,fl,thigh,17.0,robot.actuators['thigh_legs'].effort_limit,2.077610981100698,204.58694783456625,0.8867421935586366,1.0,0.027083333333333334,0.41416974663734435,0.4221073234081268,0.0
gait_03_half_bound__vx_neg_1p5__seed_4242,2,joint_front_left_calf_pitch,fl,calf,37.0,robot.actuators['calf_legs'].effort_limit,0.2963936642043438,320.13949324393644,0.3670855663918158,0.45640059239155534,0.0,0.5443997502326965,0.5583634084463119,0.0
gait_03_half_bound__vx_neg_1p5__seed_4242,3,joint_front_right_abad,fr,hip,17.0,robot.actuators['hip_legs'].effort_limit,0.174529826720165,10.282326399224548,0.2611763519399306,0.2847370509540333,0.0,0.41258493065834045,0.421576212644577,0.0
gait_03_half_bound__vx_neg_1p5__seed_4242,4,joint_front_right_thigh_pitch,fr,thigh,17.0,robot.actuators['thigh_legs'].effort_limit,1.241962401972633,172.89358580574392,0.6354428936453426,0.673703389448278,0.0,0.30007164478302,0.3059299409389496,0.0
gait_03_half_bound__vx_neg_1p5__seed_4242,5,joint_front_right_calf_pitch,fr,calf,37.0,robot.actuators['calf_legs'].effort_limit,0.34713643373310454,238.6875451496197,0.47762692941201695,0.533337539982151,0.0,0.40938565135002136,0.4132024002075195,0.0
gait_03_half_bound__vx_neg_1p5__seed_4242,6,joint_rear_left_abad,rl,hip,17.0,robot.actuators['hip_legs'].effort_limit,0.09682337583669524,8.79704517115606,0.18520528078079207,0.22035075678544885,0.0,0.42167911827564236,0.44409796237945554,0.0
gait_03_half_bound__vx_neg_1p5__seed_4242,7,joint_rear_left_thigh_pitch,rl,thigh,20.0,robot.actuators['thigh_legs'].effort_limit,0.5227333034516715,121.73318491144106,0.42236988782882684,0.4444184055328369,0.0,0.32650192379951476,0.33357247948646546,0.0
gait_03_half_bound__vx_neg_1p5__seed_4242,8,joint_rear_left_calf_pitch,rl,calf,37.0,robot.actuators['calf_legs'].effort_limit,0.5618731064719261,562.0231699246168,0.3876847202713425,0.4643932564194131,0.0,0.47576292157173156,0.4856863117218017,0.0
gait_03_half_bound__vx_neg_1p5__seed_4242,9,joint_rear_right_abad,rr,hip,17.0,robot.actuators['hip_legs'].effort_limit,0.06495511733996764,5.824449439106102,0.15164625995299386,0.17748098415486951,0.0,0.3145992934703827,0.32453032851219177,0.0
gait_03_half_bound__vx_neg_1p5__seed_4242,10,joint_rear_right_thigh_pitch,rr,thigh,20.0,robot.actuators['thigh_legs'].effort_limit,0.6077806313946384,141.79060264647006,0.4946411967277522,0.5217275748252869,0.0,0.2927117764949798,0.3064759075641632,0.0
gait_03_half_bound__vx_neg_1p5__seed_4242,11,joint_rear_right_calf_pitch,rr,calf,37.0,robot.actuators['calf_legs'].effort_limit,0.2915008952795763,368.52768726348876,0.349330931740838,0.3763223287221547,0.0,0.4584640622138976,0.46709813833236696,0.0
gait_03_half_bound__vx_neg_1p0__seed_4242,0,joint_front_left_abad,fl,hip,17.0,robot.actuators['hip_legs'].effort_limit,0.13091473978509466,8.016128418259322,0.19219294786453245,0.2004320667771732,0.0,0.2901959240436554,0.3079979944229126,0.0
gait_03_half_bound__vx_neg_1p0__seed_4242,1,joint_front_left_thigh_pitch,fl,thigh,17.0,robot.actuators['thigh_legs'].effort_limit,1.3662388493713342,128.89586399560096,0.7868455017314238,0.9027046702889834,0.0020833333333333333,0.42241442799568174,0.4314835751056671,0.0
gait_03_half_bound__vx_neg_1p0__seed_4242,2,joint_front_left_calf_pitch,fl,calf,37.0,robot.actuators['calf_legs'].effort_limit,0.25521660995576334,292.4320285295695,0.38623797184712155,0.488708109469027,0.0,0.5446239918470381,0.5521539789438248,0.0
gait_03_half_bound__vx_neg_1p0__seed_4242,3,joint_front_right_abad,fr,hip,17.0,robot.actuators['hip_legs'].effort_limit,0.11958625052510566,7.021603781438499,0.20419891722062053,0.22049533521427825,0.0,0.40959790945053093,0.4265828418731689,0.0
gait_03_half_bound__vx_neg_1p0__seed_4242,4,joint_front_right_thigh_pitch,fr,thigh,17.0,robot.actuators['thigh_legs'].effort_limit,1.0763477385851459,122.63845418781042,0.5590984849368825,0.6132505691752714,0.0,0.35159739255905154,0.3575027930736541,0.0
gait_03_half_bound__vx_neg_1p0__seed_4242,5,joint_front_right_calf_pitch,fr,calf,37.0,robot.actuators['calf_legs'].effort_limit,0.35429722808456393,234.4275689458754,0.4609877019315151,0.5299157962283572,0.0,0.44789871573448176,0.46910692512989044,0.0
gait_03_half_bound__vx_neg_1p0__seed_4242,6,joint_rear_left_abad,rl,hip,17.0,robot.actuators['hip_legs'].effort_limit,0.11297150341587701,7.7475923231999335,0.2293388380723838,0.3108489538641536,0.0,0.4309649109840392,0.47388727724552143,0.0
gait_03_half_bound__vx_neg_1p0__seed_4242,7,joint_rear_left_thigh_pitch,rl,thigh,20.0,robot.actuators['thigh_legs'].effort_limit,0.4395780826956863,79.74507332995535,0.4669572710990904,0.48860450553894036,0.0,0.3091868132352829,0.3106274318695068,0.0
gait_03_half_bound__vx_neg_1p0__seed_4242,8,joint_rear_left_calf_pitch,rl,calf,37.0,robot.actuators['calf_legs'].effort_limit,0.45959178921678134,471.2720795373246,0.38586080138747714,0.46081994958825995,0.0,0.4346822202205658,0.43821656346321103,0.0
gait_03_half_bound__vx_neg_1p0__seed_4242,9,joint_rear_right_abad,rr,hip,17.0,robot.actuators['hip_legs'].effort_limit,0.07988813918012543,5.050695813256971,0.1904578419292674,0.22018255486207844,0.0,0.2933925986289978,0.3025815010070801,0.0
gait_03_half_bound__vx_neg_1p0__seed_4242,10,joint_rear_right_thigh_pitch,rr,thigh,20.0,robot.actuators['thigh_legs'].effort_limit,0.42788750471352044,115.3723911939934,0.33431657314300534,0.34859460043907153,0.0,0.32215494811534884,0.3283447456359863,0.0
gait_03_half_bound__vx_neg_1p0__seed_4242,11,joint_rear_right_calf_pitch,rr,calf,37.0,robot.actuators['calf_legs'].effort_limit,0.33228855102008675,426.77301601700486,0.34147131636336037,0.4426527229515281,0.0,0.4893345296382904,0.4960197615623474,0.0
gait_03_half_bound__vx_neg_0p5__seed_4242,0,joint_front_left_abad,fl,hip,17.0,robot.actuators['hip_legs'].effort_limit,0.058948164455606016,5.1706525050615895,0.12443677818073946,0.13076811678269332,0.0,0.26128076016902924,0.27064332365989685,0.0
gait_03_half_bound__vx_neg_0p5__seed_4242,1,joint_front_left_thigh_pitch,fl,thigh,17.0,robot.actuators['thigh_legs'].effort_limit,0.8243277344397936,67.29856700442731,0.562622631297392,0.6393292511210722,0.0,0.4182596504688263,0.4270024299621582,0.0
gait_03_half_bound__vx_neg_0p5__seed_4242,2,joint_front_left_calf_pitch,fl,calf,37.0,robot.actuators['calf_legs'].effort_limit,0.1608204691788811,182.07165185447784,0.32976381843154495,0.3923323090012009,0.0,0.5496530681848526,0.5586178004741669,0.0
gait_03_half_bound__vx_neg_0p5__seed_4242,3,joint_front_right_abad,fr,hip,17.0,robot.actuators['hip_legs'].effort_limit,0.07904102331961625,3.7462324672937393,0.16045917132321524,0.1783149417708902,0.0,0.391263484954834,0.3937588632106781,0.0
gait_03_half_bound__vx_neg_0p5__seed_4242,4,joint_front_right_thigh_pitch,fr,thigh,17.0,robot.actuators['thigh_legs'].effort_limit,0.8509098598260972,59.32329934827983,0.5330980104558608,0.5638939072104061,0.0,0.3648998737335205,0.37044838070869446,0.0
gait_03_half_bound__vx_neg_0p5__seed_4242,5,joint_front_right_calf_pitch,fr,calf,37.0,robot.actuators['calf_legs'].effort_limit,0.2847227288355323,172.94318296711864,0.37848370139663284,0.41785615199321025,0.0,0.48231735825538635,0.497610405087471,0.0
gait_03_half_bound__vx_neg_0p5__seed_4242,6,joint_rear_left_abad,rl,hip,17.0,robot.actuators['hip_legs'].effort_limit,0.1662385102792618,5.474830378567567,0.3361409061095294,0.4067123356987448,0.0,0.47979630529880524,0.5275155305862427,0.0
gait_03_half_bound__vx_neg_0p5__seed_4242,7,joint_rear_left_thigh_pitch,rl,thigh,20.0,robot.actuators['thigh_legs'].effort_limit,0.3827379284017687,58.888379822555,0.39466774463653564,0.4087559223175049,0.0,0.291526660323143,0.2954811453819275,0.0
gait_03_half_bound__vx_neg_0p5__seed_4242,8,joint_rear_left_calf_pitch,rl,calf,37.0,robot.actuators['calf_legs'].effort_limit,0.3561532149241455,377.0731091908552,0.384967565536499,0.48779652569745036,0.0,0.47901222109794617,0.4832749664783478,0.0
gait_03_half_bound__vx_neg_0p5__seed_4242,9,joint_rear_right_abad,rr,hip,17.0,robot.actuators['hip_legs'].effort_limit,0.07467651788960672,2.780428630372071,0.18866526028689218,0.24935870310839484,0.0,0.27018266916275024,0.2928229868412018,0.0
gait_03_half_bound__vx_neg_0p5__seed_4242,10,joint_rear_right_thigh_pitch,rr,thigh,20.0,robot.actuators['thigh_legs'].effort_limit,0.3524624478593901,57.64635163767264,0.32941685318946834,0.3406191825866699,0.0,0.34571513533592224,0.35977937281131744,0.0
gait_03_half_bound__vx_neg_0p5__seed_4242,11,joint_rear_right_calf_pitch,rr,calf,37.0,robot.actuators['calf_legs'].effort_limit,0.22771989444523416,219.26642383131664,0.31360234440983953,0.35011520901241816,0.0,0.5340752303600311,0.5369555056095123,0.0
gait_03_half_bound__vx_pos_0p5__seed_4242,0,joint_front_left_abad,fl,hip,17.0,robot.actuators['hip_legs'].effort_limit,0.03078299445550804,3.4471736115927345,0.0988319779143614,0.12327151438769172,0.0,0.266578808426857,0.34512944519519806,0.0
gait_03_half_bound__vx_pos_0p5__seed_4242,1,joint_front_left_thigh_pitch,fl,thigh,17.0,robot.actuators['thigh_legs'].effort_limit,0.7543650352414002,68.72105463739484,0.5950705444111544,0.6151804783765007,0.0,0.31643515825271606,0.3177715837955475,0.0
gait_03_half_bound__vx_pos_0p5__seed_4242,2,joint_front_left_calf_pitch,fl,calf,37.0,robot.actuators['calf_legs'].effort_limit,0.3575264536398441,440.6388096273458,0.4055794831868765,0.4720225720792203,0.0,0.5474797636270523,0.5542085915803909,0.0
gait_03_half_bound__vx_pos_0p5__seed_4242,3,joint_front_right_abad,fr,hip,17.0,robot.actuators['hip_legs'].effort_limit,0.08120343219803437,6.009815439600498,0.1542339885936064,0.17188821470036228,0.0,0.32338231801986694,0.3319331109523773,0.0
gait_03_half_bound__vx_pos_0p5__seed_4242,4,joint_front_right_thigh_pitch,fr,thigh,17.0,robot.actuators['thigh_legs'].effort_limit,0.5342867670896437,44.315593938324604,0.4081319290048936,0.4479298100751989,0.0,0.3986513912677765,0.4273727834224701,0.0
gait_03_half_bound__vx_pos_0p5__seed_4242,5,joint_front_right_calf_pitch,fr,calf,37.0,robot.actuators['calf_legs'].effort_limit,0.1896140508713675,116.36324547568104,0.33039491885417216,0.3948203615240149,0.0,0.45133650302886963,0.45514222979545593,0.0
gait_03_half_bound__vx_pos_0p5__seed_4242,6,joint_rear_left_abad,rl,hip,17.0,robot.actuators['hip_legs'].effort_limit,0.07476230322370771,5.849000606739428,0.21443111756268668,0.22840961638618917,0.0,0.3063424676656723,0.34138648211956024,0.0
gait_03_half_bound__vx_pos_0p5__seed_4242,7,joint_rear_left_thigh_pitch,rl,thigh,20.0,robot.actuators['thigh_legs'].effort_limit,0.4565050385832409,66.29776602160419,0.4518301010131836,0.5068164467811584,0.0,0.37184807658195496,0.37861135601997375,0.0
gait_03_half_bound__vx_pos_0p5__seed_4242,8,joint_rear_left_calf_pitch,rl,calf,37.0,robot.actuators['calf_legs'].effort_limit,0.4064385469480068,398.7184085199237,0.35083740466349833,0.41009315284522807,0.0,0.48027458786964417,0.48475947976112366,0.0
gait_03_half_bound__vx_pos_0p5__seed_4242,9,joint_rear_right_abad,rr,hip,17.0,robot.actuators['hip_legs'].effort_limit,0.10661985371513598,7.641492198596825,0.19619224351995132,0.23596684722339406,0.0,0.3055328130722046,0.3385051488876343,0.0
gait_03_half_bound__vx_pos_0p5__seed_4242,10,joint_rear_right_thigh_pitch,rr,thigh,20.0,robot.actuators['thigh_legs'].effort_limit,0.8382843647471573,72.44685870455578,0.5854114294052124,0.6280298829078674,0.0,0.33141428232192993,0.33586232364177704,0.0
gait_03_half_bound__vx_pos_0p5__seed_4242,11,joint_rear_right_calf_pitch,rr,calf,37.0,robot.actuators['calf_legs'].effort_limit,0.23538827941461374,259.0328731312417,0.3410411267667204,0.38944072981138483,0.0,0.5363192558288574,0.5404037237167358,0.0
gait_03_half_bound__vx_pos_1p0__seed_4242,0,joint_front_left_abad,fl,hip,17.0,robot.actuators['hip_legs'].effort_limit,0.06868092822133855,6.210560523321329,0.21098532746819884,0.23753713916329774,0.0,0.2603965431451797,0.2827979302406311,0.0
gait_03_half_bound__vx_pos_1p0__seed_4242,1,joint_front_left_thigh_pitch,fl,thigh,17.0,robot.actuators['thigh_legs'].effort_limit,1.064090079995223,100.18933074872476,0.6631632917067583,0.6983786240745993,0.0,0.29253324270248404,0.30463568449020384,0.0
gait_03_half_bound__vx_pos_1p0__seed_4242,2,joint_front_left_calf_pitch,fl,calf,37.0,robot.actuators['calf_legs'].effort_limit,0.6336924075927184,627.757844796367,0.44699947769577436,0.46811919135016367,0.0,0.5734328985214233,0.5811487251520157,0.0
gait_03_half_bound__vx_pos_1p0__seed_4242,3,joint_front_right_abad,fr,hip,17.0,robot.actuators['hip_legs'].effort_limit,0.11059479392742072,10.510507245115004,0.1864909431513618,0.21594257803524242,0.0,0.31497093439102175,0.3271728491783142,0.0
gait_03_half_bound__vx_pos_1p0__seed_4242,4,joint_front_right_thigh_pitch,fr,thigh,17.0,robot.actuators['thigh_legs'].effort_limit,0.6062562315072209,76.87485901450738,0.44243169672348914,0.493489522372975,0.0,0.3794451296329498,0.4030498921871185,0.0
gait_03_half_bound__vx_pos_1p0__seed_4242,5,joint_front_right_calf_pitch,fr,calf,37.0,robot.actuators['calf_legs'].effort_limit,0.16098051077430092,137.94301832895727,0.2687998900542387,0.3911265826869652,0.0,0.4232826143503189,0.4293463003635406,0.0
gait_03_half_bound__vx_pos_1p0__seed_4242,6,joint_rear_left_abad,rl,hip,17.0,robot.actuators['hip_legs'].effort_limit,0.12943146701557517,5.626428945870721,0.28948972645927873,0.32002433889052445,0.0,0.26238825619220735,0.26961940824985503,0.0
gait_03_half_bound__vx_pos_1p0__seed_4242,7,joint_rear_left_thigh_pitch,rl,thigh,20.0,robot.actuators['thigh_legs'].effort_limit,0.9709209706932577,136.6826963460655,0.6049518656730651,0.6562893586158751,0.0,0.3760617911815643,0.3835479038953781,0.0
gait_03_half_bound__vx_pos_1p0__seed_4242,8,joint_rear_left_calf_pitch,rl,calf,37.0,robot.actuators['calf_legs'].effort_limit,0.4718572959327658,552.3412082561292,0.4017604814993366,0.465871390780887,0.0,0.43931617736816403,0.4438317310810089,0.0
gait_03_half_bound__vx_pos_1p0__seed_4242,9,joint_rear_right_abad,rr,hip,17.0,robot.actuators['hip_legs'].effort_limit,0.17884950769529526,11.662684450792149,0.2118185253704295,0.233137518377865,0.0,0.35527890324592587,0.36806522846221923,0.0
gait_03_half_bound__vx_pos_1p0__seed_4242,10,joint_rear_right_thigh_pitch,rr,thigh,20.0,robot.actuators['thigh_legs'].effort_limit,1.3873761634571886,139.00687580833213,0.7148341536521912,0.7880150570869445,0.0,0.33799354732036585,0.34425989508628846,0.0
gait_03_half_bound__vx_pos_1p0__seed_4242,11,joint_rear_right_calf_pitch,rr,calf,37.0,robot.actuators['calf_legs'].effort_limit,0.337211522536793,439.6249106795341,0.396709665092262,0.43629087293470226,0.0,0.4860186636447906,0.4902759289741516,0.0
gait_03_half_bound__vx_pos_1p5__seed_4242,0,joint_front_left_abad,fl,hip,17.0,robot.actuators['hip_legs'].effort_limit,0.13447897204422163,6.2566418622952185,0.2728643655776977,0.2840894598119399,0.0,0.3160851716995239,0.3284101670980453,0.0
gait_03_half_bound__vx_pos_1p5__seed_4242,1,joint_front_left_thigh_pitch,fl,thigh,17.0,robot.actuators['thigh_legs'].effort_limit,1.4032042560444604,153.10240854704753,0.693463415258071,0.7232982304516961,0.0,0.2878883838653564,0.29575785398483273,0.0
gait_03_half_bound__vx_pos_1p5__seed_4242,2,joint_front_left_calf_pitch,fl,calf,37.0,robot.actuators['calf_legs'].effort_limit,0.8615248724004084,701.6943042593449,0.5652190698159707,0.588689877278096,0.0,0.6015886485576629,0.6131602072715759,0.0
gait_03_half_bound__vx_pos_1p5__seed_4242,3,joint_front_right_abad,fr,hip,17.0,robot.actuators['hip_legs'].effort_limit,0.11071985001721832,12.090062172147446,0.22377784462536074,0.24364390765919397,0.0,0.31715194582939144,0.3278213381767273,0.0
gait_03_half_bound__vx_pos_1p5__seed_4242,4,joint_front_right_thigh_pitch,fr,thigh,17.0,robot.actuators['thigh_legs'].effort_limit,0.7082747365973677,116.67035857781768,0.5306098825791302,0.5605684061611399,0.0,0.3603069484233856,0.36621872186660764,0.0
gait_03_half_bound__vx_pos_1p5__seed_4242,5,joint_front_right_calf_pitch,fr,calf,37.0,robot.actuators['calf_legs'].effort_limit,0.17180561757457785,142.97863539860583,0.24165738595498573,0.42911551501299855,0.0,0.4830102205276489,0.49826762080192566,0.0
gait_03_half_bound__vx_pos_1p5__seed_4242,6,joint_rear_left_abad,rl,hip,17.0,robot.actuators['hip_legs'].effort_limit,0.17111339042340315,4.782043361230754,0.3447776177350212,0.38290026720832376,0.0,0.29134194254875184,0.3007990664243698,0.0
gait_03_half_bound__vx_pos_1p5__seed_4242,7,joint_rear_left_thigh_pitch,rl,thigh,20.0,robot.actuators['thigh_legs'].effort_limit,1.3016876929032863,174.94279437606573,0.7190665864944457,0.790953179836273,0.0,0.3536710798740387,0.3667967790365219,0.0
gait_03_half_bound__vx_pos_1p5__seed_4242,8,joint_rear_left_calf_pitch,rl,calf,37.0,robot.actuators['calf_legs'].effort_limit,0.5115591603712566,561.9336385678314,0.4377688407897949,0.4862976404138512,0.0,0.41175110936164855,0.41743358612060544,0.0
gait_03_half_bound__vx_pos_1p5__seed_4242,9,joint_rear_right_abad,rr,hip,17.0,robot.actuators['hip_legs'].effort_limit,0.23641456002859113,11.319061272889376,0.27577655175152943,0.2895707273483276,0.0,0.4071581423282623,0.4246488642692566,0.0
gait_03_half_bound__vx_pos_1p5__seed_4242,10,joint_rear_right_thigh_pitch,rr,thigh,20.0,robot.actuators['thigh_legs'].effort_limit,1.7819652532735244,204.49530746005476,0.7591064119338987,0.8756378507614135,0.0,0.3231823265552521,0.3286684465408325,0.0
gait_03_half_bound__vx_pos_1p5__seed_4242,11,joint_rear_right_calf_pitch,rr,calf,37.0,robot.actuators['calf_legs'].effort_limit,0.36972433938915333,468.4568272920698,0.4139831285218935,0.46125941250775276,0.0,0.41203270554542537,0.42784203767776485,0.0
gait_04_half_bound__vx_neg_1p5__seed_4242,0,joint_front_left_abad,fl,hip,17.0,robot.actuators['hip_legs'].effort_limit,0.17891715512900622,11.22942160426639,0.2700192128910737,0.2960251656700583,0.0,0.3407129406929016,0.3454153573513031,0.0
gait_04_half_bound__vx_neg_1p5__seed_4242,1,joint_front_left_thigh_pitch,fl,thigh,17.0,robot.actuators['thigh_legs'].effort_limit,2.7350449515633564,253.1901489071548,1.0,1.0,0.11666666666666667,0.35573085546493527,0.3661616253852844,0.0
gait_04_half_bound__vx_neg_1p5__seed_4242,2,joint_front_left_calf_pitch,fl,calf,37.0,robot.actuators['calf_legs'].effort_limit,0.3268172191973634,289.52931275886135,0.4233020627820813,0.4658062295655946,0.0,0.46975232660770416,0.47741826236248014,0.0
gait_04_half_bound__vx_neg_1p5__seed_4242,3,joint_front_right_abad,fr,hip,17.0,robot.actuators['hip_legs'].effort_limit,0.1462933265150355,7.342079118592373,0.3344496095881741,0.41195898168227246,0.0,0.29408742189407344,0.3013480222225189,0.0
gait_04_half_bound__vx_neg_1p5__seed_4242,4,joint_front_right_thigh_pitch,fr,thigh,17.0,robot.actuators['thigh_legs'].effort_limit,1.6587407135145742,200.69862337164582,0.7664022782269646,0.8353209428226244,0.0,0.3676609516143799,0.3711661791801453,0.0
gait_04_half_bound__vx_neg_1p5__seed_4242,5,joint_front_right_calf_pitch,fr,calf,37.0,robot.actuators['calf_legs'].effort_limit,0.42607307320779336,382.20567386781795,0.42513011468423373,0.5222216760790025,0.0,0.5076139241456985,0.5138881254196167,0.0
gait_04_half_bound__vx_neg_1p5__seed_4242,6,joint_rear_left_abad,rl,hip,17.0,robot.actuators['hip_legs'].effort_limit,0.09390572608309813,6.697428875940386,0.13177835941314697,0.14229149846469655,0.0,0.3460186213254928,0.35532789409160614,0.0
gait_04_half_bound__vx_neg_1p5__seed_4242,7,joint_rear_left_thigh_pitch,rl,thigh,20.0,robot.actuators['thigh_legs'].effort_limit,0.515346235901666,126.9191236396879,0.440786828994751,0.4546897773742675,0.0,0.28813819885253905,0.29327463030815126,0.0
gait_04_half_bound__vx_neg_1p5__seed_4242,8,joint_rear_left_calf_pitch,rl,calf,37.0,robot.actuators['calf_legs'].effort_limit,0.23880598736383224,262.67836916513744,0.277310510583826,0.362747939341777,0.0,0.3863807380199432,0.39613203883171083,0.0
gait_04_half_bound__vx_neg_1p5__seed_4242,9,joint_rear_right_abad,rr,hip,17.0,robot.actuators['hip_legs'].effort_limit,0.15096685613698985,5.752705283499235,0.262651637021233,0.28058847820057586,0.0,0.3763238430023193,0.3850458908081055,0.0
gait_04_half_bound__vx_neg_1p5__seed_4242,10,joint_rear_right_thigh_pitch,rr,thigh,20.0,robot.actuators['thigh_legs'].effort_limit,0.9761577043400625,180.49010859504344,0.5737036967277525,0.5944059076309204,0.0,0.2654978513717651,0.2758755028247833,0.0
gait_04_half_bound__vx_neg_1p5__seed_4242,11,joint_rear_right_calf_pitch,rr,calf,37.0,robot.actuators['calf_legs'].effort_limit,0.5984691381055072,563.2156197702885,0.46475181064090204,0.5085381368688635,0.0,0.5187668979167939,0.5261822760105133,0.0
gait_04_half_bound__vx_neg_1p0__seed_4242,0,joint_front_left_abad,fl,hip,17.0,robot.actuators['hip_legs'].effort_limit,0.08954756591522209,6.8233650160348045,0.15919379627003388,0.16706094615599684,0.0,0.3147592097520828,0.3185166501998901,0.0
gait_04_half_bound__vx_neg_1p0__seed_4242,1,joint_front_left_thigh_pitch,fl,thigh,17.0,robot.actuators['thigh_legs'].effort_limit,1.9455339258642346,155.35890412688255,0.9544153157402486,1.0,0.05416666666666667,0.38156118988990784,0.3885770332813263,0.0
gait_04_half_bound__vx_neg_1p0__seed_4242,2,joint_front_left_calf_pitch,fl,calf,37.0,robot.actuators['calf_legs'].effort_limit,0.3070632128760195,277.6312545446307,0.38058760488355464,0.49009448850477066,0.0,0.4674954712390899,0.47510087609291074,0.0
gait_04_half_bound__vx_neg_1p0__seed_4242,3,joint_front_right_abad,fr,hip,17.0,robot.actuators['hip_legs'].effort_limit,0.13885690006280593,7.010801467309648,0.3182935883017147,0.3924934061835793,0.0,0.2845145165920257,0.29290201783180236,0.0
gait_04_half_bound__vx_neg_1p0__seed_4242,4,joint_front_right_thigh_pitch,fr,thigh,17.0,robot.actuators['thigh_legs'].effort_limit,1.090806887908393,138.91316274734214,0.6440483233507941,0.7454940358330221,0.0,0.39827809929847713,0.4041454291343689,0.0
gait_04_half_bound__vx_neg_1p0__seed_4242,5,joint_front_right_calf_pitch,fr,calf,37.0,robot.actuators['calf_legs'].effort_limit,0.44834342399430765,437.9656371811777,0.44735072883399757,0.48461136379757436,0.0,0.513210266828537,0.5196774107217789,0.0
gait_04_half_bound__vx_neg_1p0__seed_4242,6,joint_rear_left_abad,rl,hip,17.0,robot.actuators['hip_legs'].effort_limit,0.09624415994234069,7.067625635445584,0.13450040045906514,0.1410256821968976,0.0,0.28843581080436703,0.297175857424736,0.0
gait_04_half_bound__vx_neg_1p0__seed_4242,7,joint_rear_left_thigh_pitch,rl,thigh,20.0,robot.actuators['thigh_legs'].effort_limit,0.5138179268368279,89.34397889776156,0.4079289984703063,0.4354180769920349,0.0,0.3262522429227829,0.33898208677768704,0.0
gait_04_half_bound__vx_neg_1p0__seed_4242,8,joint_rear_left_calf_pitch,rl,calf,37.0,robot.actuators['calf_legs'].effort_limit,0.16634615875905698,175.3802626234293,0.2155765791197081,0.24847401180782824,0.0,0.43782430291175845,0.4435668671131134,0.0
gait_04_half_bound__vx_neg_1p0__seed_4242,9,joint_rear_right_abad,rr,hip,17.0,robot.actuators['hip_legs'].effort_limit,0.06193437866040257,4.475508641103079,0.1705246729009291,0.20658406117383163,0.0,0.2975171148777008,0.3102031600475311,0.0
gait_04_half_bound__vx_neg_1p0__seed_4242,10,joint_rear_right_thigh_pitch,rr,thigh,20.0,robot.actuators['thigh_legs'].effort_limit,0.5187705772170182,101.4656567003578,0.41178257703781124,0.4377010989189147,0.0,0.27904978692531585,0.3070832198858261,0.0
gait_04_half_bound__vx_neg_1p0__seed_4242,11,joint_rear_right_calf_pitch,rr,calf,37.0,robot.actuators['calf_legs'].effort_limit,0.5364213169463855,477.59207789957526,0.390672477515968,0.433273098404343,0.0,0.4563877761363983,0.4597442507743835,0.0
gait_04_half_bound__vx_neg_0p5__seed_4242,0,joint_front_left_abad,fl,hip,17.0,robot.actuators['hip_legs'].effort_limit,0.0868028337921074,4.581175201193255,0.18138345900703878,0.2203004605629865,0.0,0.2798519432544708,0.2853879779577255,0.0
gait_04_half_bound__vx_neg_0p5__seed_4242,1,joint_front_left_thigh_pitch,fl,thigh,17.0,robot.actuators['thigh_legs'].effort_limit,1.1691296116095866,85.50446058444679,0.7612837342654958,0.8563175061169792,0.0,0.3785489797592163,0.3834037482738495,0.0
gait_04_half_bound__vx_neg_0p5__seed_4242,2,joint_front_left_calf_pitch,fl,calf,37.0,robot.actuators['calf_legs'].effort_limit,0.23799083980683045,214.32851154901087,0.3422903885712495,0.374487084311408,0.0,0.4997331500053406,0.5066970437765121,0.0
gait_04_half_bound__vx_neg_0p5__seed_4242,3,joint_front_right_abad,fr,hip,17.0,robot.actuators['hip_legs'].effort_limit,0.10817075076364839,5.0847897705747895,0.30083842137280636,0.35714638233184814,0.0,0.2589292526245117,0.26687106490135193,0.0
gait_04_half_bound__vx_neg_0p5__seed_4242,4,joint_front_right_thigh_pitch,fr,thigh,17.0,robot.actuators['thigh_legs'].effort_limit,0.6180819937156854,60.88409884575754,0.5205063399146584,0.6116492047029383,0.0,0.39962613582611084,0.4074411392211914,0.0
gait_04_half_bound__vx_neg_0p5__seed_4242,5,joint_front_right_calf_pitch,fr,calf,37.0,robot.actuators['calf_legs'].effort_limit,0.37067863966369613,344.8205972417258,0.4011565092447642,0.4543207787178658,0.0,0.4853621870279312,0.4883944094181061,0.0
gait_04_half_bound__vx_neg_0p5__seed_4242,6,joint_rear_left_abad,rl,hip,17.0,robot.actuators['hip_legs'].effort_limit,0.05379843512681786,3.985095910204109,0.11728008179103627,0.16156788082683787,0.0,0.25232450664043427,0.25641709566116333,0.0
gait_04_half_bound__vx_neg_0p5__seed_4242,7,joint_rear_left_thigh_pitch,rl,thigh,20.0,robot.actuators['thigh_legs'].effort_limit,0.4227861833961834,50.874844058156015,0.3873077630996704,0.425128436088562,0.0,0.357108935713768,0.38476499915122986,0.0
gait_04_half_bound__vx_neg_0p5__seed_4242,8,joint_rear_left_calf_pitch,rl,calf,37.0,robot.actuators['calf_legs'].effort_limit,0.1357476171563479,130.050571071601,0.2395044855169348,0.29540821023889485,0.0,0.4901973605155945,0.4937250316143036,0.0
gait_04_half_bound__vx_neg_0p5__seed_4242,9,joint_rear_right_abad,rr,hip,17.0,robot.actuators['hip_legs'].effort_limit,0.027900215738306117,2.902519762057054,0.09092891040970297,0.10822070521466873,0.0,0.205967515707016,0.22595155239105225,0.0
gait_04_half_bound__vx_neg_0p5__seed_4242,10,joint_rear_right_thigh_pitch,rr,thigh,20.0,robot.actuators['thigh_legs'].effort_limit,0.23763114826456533,47.18721047381259,0.35751392841339114,0.3761963069438934,0.0,0.2941295951604843,0.30684541165828705,0.0
gait_04_half_bound__vx_neg_0p5__seed_4242,11,joint_rear_right_calf_pitch,rr,calf,37.0,robot.actuators['calf_legs'].effort_limit,0.29055519180181,269.82358177112417,0.2643885290300524,0.2910163724744642,0.0,0.48682621121406555,0.49141085147857666,0.0
gait_04_half_bound__vx_pos_0p5__seed_4242,0,joint_front_left_abad,fl,hip,17.0,robot.actuators['hip_legs'].effort_limit,0.09280336233119567,4.4455158992969706,0.2637527690214269,0.3061852946000941,0.0,0.20777153968811035,0.21351461112499237,0.0
gait_04_half_bound__vx_pos_0p5__seed_4242,1,joint_front_left_thigh_pitch,fl,thigh,17.0,robot.actuators['thigh_legs'].effort_limit,0.5095013369355812,69.10447923927103,0.39129872883067407,0.4175370931625366,0.0,0.2893938422203064,0.292083740234375,0.0
gait_04_half_bound__vx_pos_0p5__seed_4242,2,joint_front_left_calf_pitch,fl,calf,37.0,robot.actuators['calf_legs'].effort_limit,0.33516611336217045,406.3746243204549,0.39277779733812485,0.45006750725411077,0.0,0.47861406207084656,0.4799187183380127,0.0
gait_04_half_bound__vx_pos_0p5__seed_4242,3,joint_front_right_abad,fr,hip,17.0,robot.actuators['hip_legs'].effort_limit,0.14140912500058447,6.193371341128368,0.26941455111784096,0.3301209632088156,0.0,0.37863194942474365,0.4311230182647705,0.0
gait_04_half_bound__vx_pos_0p5__seed_4242,4,joint_front_right_thigh_pitch,fr,thigh,17.0,robot.actuators['thigh_legs'].effort_limit,0.4355425371513218,65.5432219550258,0.41432517416336956,0.43884296978221216,0.0,0.3039032220840454,0.30504176020622253,0.0
gait_04_half_bound__vx_pos_0p5__seed_4242,5,joint_front_right_calf_pitch,fr,calf,37.0,robot.actuators['calf_legs'].effort_limit,0.44015690516189326,482.8242308367882,0.434131332345911,0.47313124424702413,0.0,0.46683479845523834,0.47173361480236053,0.0
gait_04_half_bound__vx_pos_0p5__seed_4242,6,joint_rear_left_abad,rl,hip,17.0,robot.actuators['hip_legs'].effort_limit,0.07600772920383103,4.447106583772984,0.15002201935824225,0.17253557724111218,0.0,0.354009747505188,0.3830540180206299,0.0
gait_04_half_bound__vx_pos_0p5__seed_4242,7,joint_rear_left_thigh_pitch,rl,thigh,20.0,robot.actuators['thigh_legs'].effort_limit,0.2665472907670491,30.581556338779627,0.31996063590049745,0.35755778551101686,0.0,0.2837473452091217,0.2862737476825714,0.0
gait_04_half_bound__vx_pos_0p5__seed_4242,8,joint_rear_left_calf_pitch,rl,calf,37.0,robot.actuators['calf_legs'].effort_limit,0.20216991840153956,174.08873874474318,0.24861615412944071,0.29234998290603226,0.0,0.5009265542030334,0.5051369369029999,0.0
gait_04_half_bound__vx_pos_0p5__seed_4242,9,joint_rear_right_abad,rr,hip,17.0,robot.actuators['hip_legs'].effort_limit,0.2541250289595236,9.028482195747783,0.2640708194059484,0.29081761837005615,0.0,0.22083991765975952,0.24299147725105286,0.0
gait_04_half_bound__vx_pos_0p5__seed_4242,10,joint_rear_right_thigh_pitch,rr,thigh,20.0,robot.actuators['thigh_legs'].effort_limit,0.6993099749214252,49.360781857660044,0.5415239453315734,0.5650254011154175,0.0,0.3731900304555893,0.3862144351005554,0.0
gait_04_half_bound__vx_pos_0p5__seed_4242,11,joint_rear_right_calf_pitch,rr,calf,37.0,robot.actuators['calf_legs'].effort_limit,0.18574515757939078,195.23352920994162,0.25488774840896194,0.3052047136667613,0.0,0.4734126925468445,0.49345579743385315,0.0
gait_04_half_bound__vx_pos_1p0__seed_4242,0,joint_front_left_abad,fl,hip,17.0,robot.actuators['hip_legs'].effort_limit,0.09323518739897961,6.5476100643517565,0.2543226242065425,0.32756421566009514,0.0,0.2323269784450531,0.23721584558486938,0.0
gait_04_half_bound__vx_pos_1p0__seed_4242,1,joint_front_left_thigh_pitch,fl,thigh,17.0,robot.actuators['thigh_legs'].effort_limit,0.7440742315343966,105.47265651191584,0.4309101707795086,0.4482674315396477,0.0,0.2945461869239807,0.30181357622146604,0.0
gait_04_half_bound__vx_pos_1p0__seed_4242,2,joint_front_left_calf_pitch,fl,calf,37.0,robot.actuators['calf_legs'].effort_limit,0.3764565761553567,459.57032296895983,0.38881598421045227,0.4644362836270718,0.0,0.44305935502052307,0.44906871497631073,0.0
gait_04_half_bound__vx_pos_1p0__seed_4242,3,joint_front_right_abad,fr,hip,17.0,robot.actuators['hip_legs'].effort_limit,0.06657100155662687,3.64316382744757,0.1539048783919389,0.1995109022364895,0.0,0.31596242785453776,0.3559541285037994,0.0
gait_04_half_bound__vx_pos_1p0__seed_4242,4,joint_front_right_thigh_pitch,fr,thigh,17.0,robot.actuators['thigh_legs'].effort_limit,0.6084981581493333,97.87966578312218,0.4032026879927691,0.42659030914306634,0.0,0.3112929046154022,0.3154413890838623,0.0
gait_04_half_bound__vx_pos_1p0__seed_4242,5,joint_front_right_calf_pitch,fr,calf,37.0,robot.actuators['calf_legs'].effort_limit,0.5046078024509826,495.3097979258746,0.3811773158408499,0.44262839188446856,0.0,0.4560469835996628,0.4693671745061874,0.0
gait_04_half_bound__vx_pos_1p0__seed_4242,6,joint_rear_left_abad,rl,hip,17.0,robot.actuators['hip_legs'].effort_limit,0.18379200832864467,6.696884031230584,0.2783991855733534,0.33284147206474746,0.0,0.4172677934169769,0.4283410930633545,0.0
gait_04_half_bound__vx_pos_1p0__seed_4242,7,joint_rear_left_thigh_pitch,rl,thigh,20.0,robot.actuators['thigh_legs'].effort_limit,0.5298897941177709,92.07881943312648,0.4101100420951842,0.4495345101356506,0.0,0.29897738099098203,0.3050610250234604,0.0
gait_04_half_bound__vx_pos_1p0__seed_4242,8,joint_rear_left_calf_pitch,rl,calf,37.0,robot.actuators['calf_legs'].effort_limit,0.25631404349248366,236.3972865376086,0.3224111982294031,0.37272271800685525,0.0,0.4658075988292694,0.472261209487915,0.0
gait_04_half_bound__vx_pos_1p0__seed_4242,9,joint_rear_right_abad,rr,hip,17.0,robot.actuators['hip_legs'].effort_limit,0.43492657308089777,15.887126548038795,0.3599009401658002,0.3765789455526015,0.0,0.2925898611545562,0.30068657994270326,0.0
gait_04_half_bound__vx_pos_1p0__seed_4242,10,joint_rear_right_thigh_pitch,rr,thigh,20.0,robot.actuators['thigh_legs'].effort_limit,1.1029434572084065,116.50365310046823,0.6727703404426574,0.7560146646499634,0.0,0.3733703255653381,0.37829905092716215,0.0
gait_04_half_bound__vx_pos_1p0__seed_4242,11,joint_rear_right_calf_pitch,rr,calf,37.0,robot.actuators['calf_legs'].effort_limit,0.36467361831051853,413.3550300630927,0.3959472798012394,0.47698243218499237,0.0,0.4913118720054626,0.5018381476402283,0.0
gait_04_half_bound__vx_pos_1p5__seed_4242,0,joint_front_left_abad,fl,hip,17.0,robot.actuators['hip_legs'].effort_limit,0.12926802106643034,11.321805692998023,0.23037404242683857,0.251694138470818,0.0,0.25231912732124323,0.2606115972995758,0.0
gait_04_half_bound__vx_pos_1p5__seed_4242,1,joint_front_left_thigh_pitch,fl,thigh,17.0,robot.actuators['thigh_legs'].effort_limit,1.0266058476556303,137.71063542470336,0.6303820441750918,0.6541172717599307,0.0,0.2885454714298246,0.3035744059085846,0.0
gait_04_half_bound__vx_pos_1p5__seed_4242,2,joint_front_left_calf_pitch,fl,calf,37.0,robot.actuators['calf_legs'].effort_limit,0.42626084446422297,576.4858553215862,0.4057612316028486,0.4846539719040329,0.0,0.4597521662712097,0.4671863406896591,0.0
gait_04_half_bound__vx_pos_1p5__seed_4242,3,joint_front_right_abad,fr,hip,17.0,robot.actuators['hip_legs'].effort_limit,0.040737120569750214,4.175310079241753,0.12411128422793219,0.13768293030121745,0.0,0.24937536120414733,0.2593110477924347,0.0
gait_04_half_bound__vx_pos_1p5__seed_4242,4,joint_front_right_thigh_pitch,fr,thigh,17.0,robot.actuators['thigh_legs'].effort_limit,1.0409517460760815,158.02080688450485,0.6038835441364961,0.6099324052474078,0.0,0.3150696218013763,0.3224251341819763,0.0
gait_04_half_bound__vx_pos_1p5__seed_4242,5,joint_front_right_calf_pitch,fr,calf,37.0,robot.actuators['calf_legs'].effort_limit,0.5479775104777883,482.7295852404833,0.3967564067325076,0.4224413248010583,0.0,0.5171067774295807,0.5283785343170165,0.0
gait_04_half_bound__vx_pos_1p5__seed_4242,6,joint_rear_left_abad,rl,hip,17.0,robot.actuators['hip_legs'].effort_limit,0.3386285603151948,8.668763774868566,0.434736622081083,0.483895741070018,0.0,0.448616623878479,0.4580407917499542,0.0
gait_04_half_bound__vx_pos_1p5__seed_4242,7,joint_rear_left_thigh_pitch,rl,thigh,20.0,robot.actuators['thigh_legs'].effort_limit,0.8937813625118097,152.28175617448986,0.489566707611084,0.5315038924217224,0.0,0.2921195745468139,0.29827479541301727,0.0
gait_04_half_bound__vx_pos_1p5__seed_4242,8,joint_rear_left_calf_pitch,rl,calf,37.0,robot.actuators['calf_legs'].effort_limit,0.31503081598796173,259.6224528381554,0.39615882151835646,0.4480877556671967,0.0,0.4050246119499206,0.4137649929523468,0.0
gait_04_half_bound__vx_pos_1p5__seed_4242,9,joint_rear_right_abad,rr,hip,17.0,robot.actuators['hip_legs'].effort_limit,0.4625302277563759,14.564648729912006,0.3849438232534071,0.418129467122695,0.0,0.34162083864212034,0.34850589036941526,0.0
gait_04_half_bound__vx_pos_1p5__seed_4242,10,joint_rear_right_thigh_pitch,rr,thigh,20.0,robot.actuators['thigh_legs'].effort_limit,1.4980595036391984,180.99621294688433,0.7391478228569031,0.8072504148483275,0.0,0.3628303200006485,0.36549795091152193,0.0
gait_04_half_bound__vx_pos_1p5__seed_4242,11,joint_rear_right_calf_pitch,rr,calf,37.0,robot.actuators['calf_legs'].effort_limit,0.4159534712020117,463.9174997083843,0.391522877925151,0.44818380510484845,0.0,0.49269254207611074,0.5075044715404511,0.0
gait_05_half_bound__vx_neg_1p5__seed_4242,0,joint_front_left_abad,fl,hip,17.0,robot.actuators['hip_legs'].effort_limit,0.14026058057057117,4.059327102530733,0.3113566384595983,0.3487301632937262,0.0,0.29306817948818203,0.31668735325336456,0.0
gait_05_half_bound__vx_neg_1p5__seed_4242,1,joint_front_left_thigh_pitch,fl,thigh,17.0,robot.actuators['thigh_legs'].effort_limit,1.834386986437792,168.57601199246943,0.8159927845001217,0.9702039864483994,0.0125,0.3759561419487,0.3847889184951782,0.0
gait_05_half_bound__vx_neg_1p5__seed_4242,2,joint_front_left_calf_pitch,fl,calf,37.0,robot.actuators['calf_legs'].effort_limit,0.2707451951192127,210.84868263039738,0.38012576618710003,0.44779990943702486,0.0,0.4282811194658279,0.43822028577327726,0.0
gait_05_half_bound__vx_neg_1p5__seed_4242,3,joint_front_right_abad,fr,hip,17.0,robot.actuators['hip_legs'].effort_limit,0.12659750819690554,6.422340585587663,0.20114097805584177,0.21717824248706588,0.0,0.40572058558464047,0.4211834049224853,0.0
gait_05_half_bound__vx_neg_1p5__seed_4242,4,joint_front_right_thigh_pitch,fr,thigh,17.0,robot.actuators['thigh_legs'].effort_limit,1.8324241163639667,189.9219271235913,0.8770205581889431,0.9821398353576656,0.025,0.35867676734924314,0.3652842891216278,0.0
gait_05_half_bound__vx_neg_1p5__seed_4242,5,joint_front_right_calf_pitch,fr,calf,37.0,robot.actuators['calf_legs'].effort_limit,0.34132801090085274,240.46444732476027,0.4492989875174857,0.5311247995737436,0.0,0.45718123912811276,0.46359668314456937,0.0
gait_05_half_bound__vx_neg_1p5__seed_4242,6,joint_rear_left_abad,rl,hip,17.0,robot.actuators['hip_legs'].effort_limit,0.3074167340539183,12.584871218280814,0.3872407380272361,0.40143898571238795,0.0,0.43293413221836086,0.4455522161722183,0.0
gait_05_half_bound__vx_neg_1p5__seed_4242,7,joint_rear_left_thigh_pitch,rl,thigh,20.0,robot.actuators['thigh_legs'].effort_limit,0.8616650821202807,141.54618202328683,0.5269219756126404,0.5655550966262817,0.0,0.30298120975494386,0.3134784662723541,0.0
gait_05_half_bound__vx_neg_1p5__seed_4242,8,joint_rear_left_calf_pitch,rl,calf,37.0,robot.actuators['calf_legs'].effort_limit,0.5779964916735664,427.80680606033656,0.4247556080689301,0.44387855065835485,0.0,0.575373911857605,0.5912842154502869,0.0
gait_05_half_bound__vx_neg_1p5__seed_4242,9,joint_rear_right_abad,rr,hip,17.0,robot.actuators['hip_legs'].effort_limit,0.12019927034722759,6.7086122378656725,0.1765052942668689,0.19978551177417528,0.0,0.321642655134201,0.3334475243091583,0.0
gait_05_half_bound__vx_neg_1p5__seed_4242,10,joint_rear_right_thigh_pitch,rr,thigh,20.0,robot.actuators['thigh_legs'].effort_limit,0.5618549591230715,106.73928965907544,0.40464623689651485,0.4407234144210815,0.0,0.3390452593564987,0.351910263299942,0.0
gait_05_half_bound__vx_neg_1p5__seed_4242,11,joint_rear_right_calf_pitch,rr,calf,37.0,robot.actuators['calf_legs'].effort_limit,0.15576074306189366,158.96846637297423,0.26301269531249966,0.3730908538199759,0.0,0.4209382653236389,0.42905398607254025,0.0
gait_05_half_bound__vx_neg_1p0__seed_4242,0,joint_front_left_abad,fl,hip,17.0,robot.actuators['hip_legs'].effort_limit,0.10415449610908763,4.787855025848112,0.24800201303818642,0.2660976179908302,0.0,0.2775672227144241,0.2829283362627029,0.0
gait_05_half_bound__vx_neg_1p0__seed_4242,1,joint_front_left_thigh_pitch,fl,thigh,17.0,robot.actuators['thigh_legs'].effort_limit,1.1675826352998122,104.4398701828532,0.6827180105097154,0.8329930585973403,0.0,0.3922563254833221,0.3982472312450409,0.0
gait_05_half_bound__vx_neg_1p0__seed_4242,2,joint_front_left_calf_pitch,fl,calf,37.0,robot.actuators['calf_legs'].effort_limit,0.2623367876185557,235.25257596201263,0.32353246147568154,0.37585351840869796,0.0,0.4338312178850174,0.44326246380805967,0.0
gait_05_half_bound__vx_neg_1p0__seed_4242,3,joint_front_right_abad,fr,hip,17.0,robot.actuators['hip_legs'].effort_limit,0.10184767719587934,7.6606558889115695,0.19677569866180414,0.20563735499101524,0.0,0.3868531107902527,0.39381919741630556,0.0
gait_05_half_bound__vx_neg_1p0__seed_4242,4,joint_front_right_thigh_pitch,fr,thigh,17.0,robot.actuators['thigh_legs'].effort_limit,1.6564344853943482,136.53270855382084,0.9165550540475284,1.0,0.0375,0.3974814713001251,0.4024993288516998,0.0
gait_05_half_bound__vx_neg_1p0__seed_4242,5,joint_front_right_calf_pitch,fr,calf,37.0,robot.actuators['calf_legs'].effort_limit,0.29813891864872255,282.69298223517836,0.44965623907140784,0.5051842003899651,0.0,0.473307067155838,0.47780459284782406,0.0
gait_05_half_bound__vx_neg_1p0__seed_4242,6,joint_rear_left_abad,rl,hip,17.0,robot.actuators['hip_legs'].effort_limit,0.13034125760436938,8.648308579837904,0.2613181464812334,0.2772966900993796,0.0,0.3670114576816559,0.38309319615364074,0.0
gait_05_half_bound__vx_neg_1p0__seed_4242,7,joint_rear_left_thigh_pitch,rl,thigh,20.0,robot.actuators['thigh_legs'].effort_limit,0.6114039158659452,96.23706422150136,0.5091424441337585,0.5414478659629821,0.0,0.30677199363708496,0.31127593755722044,0.0
gait_05_half_bound__vx_neg_1p0__seed_4242,8,joint_rear_left_calf_pitch,rl,calf,37.0,robot.actuators['calf_legs'].effort_limit,0.49494337712704983,425.34068614985796,0.3582449552175161,0.4218897824674039,0.0,0.5383393228054046,0.5425828945636749,0.0
gait_05_half_bound__vx_neg_1p0__seed_4242,9,joint_rear_right_abad,rr,hip,17.0,robot.actuators['hip_legs'].effort_limit,0.06264622038106991,5.06827078267932,0.13126224980634799,0.1463053358302397,0.0,0.28317065834999083,0.2896917974948883,0.0
gait_05_half_bound__vx_neg_1p0__seed_4242,10,joint_rear_right_thigh_pitch,rr,thigh,20.0,robot.actuators['thigh_legs'].effort_limit,0.6581224140556176,92.66736034799368,0.46744794607162476,0.48403413629531855,0.0,0.3525292843580246,0.35825350582599635,0.0
gait_05_half_bound__vx_neg_1p0__seed_4242,11,joint_rear_right_calf_pitch,rr,calf,37.0,robot.actuators['calf_legs'].effort_limit,0.11305803655653256,120.72725475758314,0.2072758996808851,0.27494653598682295,0.0,0.44622203111648556,0.45154662609100343,0.0
gait_05_half_bound__vx_neg_0p5__seed_4242,0,joint_front_left_abad,fl,hip,17.0,robot.actuators['hip_legs'].effort_limit,0.10341749144156338,6.123993129559676,0.24966171909781062,0.30309762674219465,0.0,0.28456953167915344,0.28949446976184845,0.0
gait_05_half_bound__vx_neg_0p5__seed_4242,1,joint_front_left_thigh_pitch,fl,thigh,17.0,robot.actuators['thigh_legs'].effort_limit,0.6285753130009402,55.88607913050801,0.4548029408735388,0.5187316922580494,0.0,0.3910253643989563,0.3969688415527344,0.0
gait_05_half_bound__vx_neg_0p5__seed_4242,2,joint_front_left_calf_pitch,fl,calf,37.0,robot.actuators['calf_legs'].effort_limit,0.21408567820518087,184.352724573873,0.28258459632461136,0.3111264319033236,0.0,0.4855975955724716,0.49083395302295685,0.0
gait_05_half_bound__vx_neg_0p5__seed_4242,3,joint_front_right_abad,fr,hip,17.0,robot.actuators['hip_legs'].effort_limit,0.13607493982656169,4.677585019832077,0.2695855182759902,0.30904371598187613,0.0,0.35903576016426086,0.3658900558948517,0.0
gait_05_half_bound__vx_neg_0p5__seed_4242,4,joint_front_right_thigh_pitch,fr,thigh,17.0,robot.actuators['thigh_legs'].effort_limit,1.1285295183487225,79.75562768217176,0.745509526308845,0.8800913165597355,0.0,0.39543724060058594,0.402322381734848,0.0
gait_05_half_bound__vx_neg_0p5__seed_4242,5,joint_front_right_calf_pitch,fr,calf,37.0,robot.actuators['calf_legs'].effort_limit,0.2847821938639334,234.07688186790796,0.4050268740267367,0.4924555598078547,0.0,0.5086026787757874,0.5152842998504639,0.0
gait_05_half_bound__vx_neg_0p5__seed_4242,6,joint_rear_left_abad,rl,hip,17.0,robot.actuators['hip_legs'].effort_limit,0.02107686411550518,1.6833139904902783,0.09151186136638417,0.0956265225129969,0.0,0.2820659577846527,0.29745712876319885,0.0
gait_05_half_bound__vx_neg_0p5__seed_4242,7,joint_rear_left_thigh_pitch,rl,thigh,20.0,robot.actuators['thigh_legs'].effort_limit,0.2587360434412332,38.351003461238,0.3543837606906891,0.3721627175807953,0.0,0.29569508135318756,0.2987990826368332,0.0
gait_05_half_bound__vx_neg_0p5__seed_4242,8,joint_rear_left_calf_pitch,rl,calf,37.0,robot.actuators['calf_legs'].effort_limit,0.2755508601577364,212.86032007414215,0.2719230136355838,0.2779381661801725,0.0,0.5287292003631592,0.5419754385948181,0.0
gait_05_half_bound__vx_neg_0p5__seed_4242,9,joint_rear_right_abad,rr,hip,17.0,robot.actuators['hip_legs'].effort_limit,0.0328975044729878,2.8735442237509417,0.09284002465360304,0.11588564164498273,0.0,0.24438145756721497,0.24875521659851074,0.0
gait_05_half_bound__vx_neg_0p5__seed_4242,10,joint_rear_right_thigh_pitch,rr,thigh,20.0,robot.actuators['thigh_legs'].effort_limit,0.571145854599147,47.395843335026875,0.4253795027732849,0.4409928560256958,0.0,0.3767906576395035,0.3860771358013153,0.0
gait_05_half_bound__vx_neg_0p5__seed_4242,11,joint_rear_right_calf_pitch,rr,calf,37.0,robot.actuators['calf_legs'].effort_limit,0.11544010787817284,100.164477910758,0.26099064543440537,0.293150959788142,0.0,0.5042933225631714,0.5076829195022583,0.0
gait_05_half_bound__vx_pos_0p5__seed_4242,0,joint_front_left_abad,fl,hip,17.0,robot.actuators['hip_legs'].effort_limit,0.131631227039059,4.996495071696118,0.32700710436877084,0.36423603927387915,0.0,0.40042202174663544,0.43088190257549286,0.0
gait_05_half_bound__vx_pos_0p5__seed_4242,1,joint_front_left_thigh_pitch,fl,thigh,17.0,robot.actuators['thigh_legs'].effort_limit,0.6532371436994923,79.217822253583,0.5504316442153033,0.5909260862013872,0.0,0.3105686604976654,0.3130963444709778,0.0
gait_05_half_bound__vx_pos_0p5__seed_4242,2,joint_front_left_calf_pitch,fl,calf,37.0,robot.actuators['calf_legs'].effort_limit,0.4330469104939343,548.1131799530006,0.4413072998459274,0.49375741546218455,0.0,0.48519280552864075,0.4895004630088806,0.0
gait_05_half_bound__vx_pos_0p5__seed_4242,3,joint_front_right_abad,fr,hip,17.0,robot.actuators['hip_legs'].effort_limit,0.13799158704896636,5.89728778091463,0.3160297169404871,0.3705258509692024,0.0,0.2757938802242279,0.2819993793964386,0.0
gait_05_half_bound__vx_pos_0p5__seed_4242,4,joint_front_right_thigh_pitch,fr,thigh,17.0,robot.actuators['thigh_legs'].effort_limit,0.5378479815509161,78.87617713629268,0.38806110971114216,0.44030154452604403,0.0,0.3166753351688385,0.3215164542198181,0.0
gait_05_half_bound__vx_pos_0p5__seed_4242,5,joint_front_right_calf_pitch,fr,calf,37.0,robot.actuators['calf_legs'].effort_limit,0.38198691811411617,407.8281709425896,0.424009303788881,0.46879158793268977,0.0,0.4922095537185669,0.4975520968437195,0.0
gait_05_half_bound__vx_pos_0p5__seed_4242,6,joint_rear_left_abad,rl,hip,17.0,robot.actuators['hip_legs'].effort_limit,0.07616086763245435,3.6428538591088726,0.14861712385626402,0.16892524326548855,0.0,0.27571550011634827,0.2846662998199463,0.0
gait_05_half_bound__vx_pos_0p5__seed_4242,7,joint_rear_left_thigh_pitch,rl,thigh,20.0,robot.actuators['thigh_legs'].effort_limit,0.3605444951611893,48.16970115303528,0.37511489987373353,0.4143355846405029,0.0,0.39633817970752716,0.4058319628238678,0.0
gait_05_half_bound__vx_pos_0p5__seed_4242,8,joint_rear_left_calf_pitch,rl,calf,37.0,robot.actuators['calf_legs'].effort_limit,0.25908658230361936,301.0600614197273,0.3465192704587369,0.47851348567653346,0.0,0.5534568727016449,0.5657000839710236,0.0
gait_05_half_bound__vx_pos_0p5__seed_4242,9,joint_rear_right_abad,rr,hip,17.0,robot.actuators['hip_legs'].effort_limit,0.05817316328969169,3.8764951078919694,0.13497434644138112,0.1521886096281164,0.0,0.3155568540096283,0.32391878962516785,0.0
gait_05_half_bound__vx_pos_0p5__seed_4242,10,joint_rear_right_thigh_pitch,rr,thigh,20.0,robot.actuators['thigh_legs'].effort_limit,0.31926496032965107,37.08535571771674,0.3175319850444794,0.3548251748085022,0.0,0.30399903655052185,0.31045420467853546,0.0
gait_05_half_bound__vx_pos_0p5__seed_4242,11,joint_rear_right_calf_pitch,rr,calf,37.0,robot.actuators['calf_legs'].effort_limit,0.23000529704298153,172.18747589181643,0.3038423834620295,0.34397937156058644,0.0,0.4965103268623352,0.5005003809928894,0.0
gait_05_half_bound__vx_pos_1p0__seed_4242,0,joint_front_left_abad,fl,hip,17.0,robot.actuators['hip_legs'].effort_limit,0.08737124114100858,5.53818190201011,0.19869328106150785,0.3037061407986809,0.0,0.34273171126842317,0.4081885904073715,0.0
gait_05_half_bound__vx_pos_1p0__seed_4242,1,joint_front_left_thigh_pitch,fl,thigh,17.0,robot.actuators['thigh_legs'].effort_limit,0.9670922065416351,113.15681750446558,0.644027219099157,0.6739691414552575,0.0,0.30037842988967894,0.3099418830871581,0.0
gait_05_half_bound__vx_pos_1p0__seed_4242,2,joint_front_left_calf_pitch,fl,calf,37.0,robot.actuators['calf_legs'].effort_limit,0.5750815479026276,607.8429413028061,0.39043609902665416,0.44955592542081246,0.0,0.4765638649463654,0.47878208458423616,0.0
gait_05_half_bound__vx_pos_1p0__seed_4242,3,joint_front_right_abad,fr,hip,17.0,robot.actuators['hip_legs'].effort_limit,0.11842593060729106,8.527808183468878,0.25800740718841547,0.3438163350610172,0.0,0.2694396495819092,0.27779873490333556,0.0
gait_05_half_bound__vx_pos_1p0__seed_4242,4,joint_front_right_thigh_pitch,fr,thigh,17.0,robot.actuators['thigh_legs'].effort_limit,0.8439646420369605,123.0513699135743,0.4579530814114739,0.4802823605256922,0.0,0.30291899442672726,0.3111301922798157,0.0
gait_05_half_bound__vx_pos_1p0__seed_4242,5,joint_front_right_calf_pitch,fr,calf,37.0,robot.actuators['calf_legs'].effort_limit,0.36457827748317373,451.8905508776009,0.38784067952955065,0.44515738564568597,0.0,0.47220633625984193,0.4791450822353363,0.0
gait_05_half_bound__vx_pos_1p0__seed_4242,6,joint_rear_left_abad,rl,hip,17.0,robot.actuators['hip_legs'].effort_limit,0.24146553958914424,8.592588399159721,0.27740179370431334,0.29334421887117273,0.0,0.3262024641036987,0.3315133541822433,0.0
gait_05_half_bound__vx_pos_1p0__seed_4242,7,joint_rear_left_thigh_pitch,rl,thigh,20.0,robot.actuators['thigh_legs'].effort_limit,0.6854912758688175,101.03475723987445,0.5274016857147217,0.5713485651016236,0.0,0.4001098692417145,0.4048513275384903,0.0
gait_05_half_bound__vx_pos_1p0__seed_4242,8,joint_rear_left_calf_pitch,rl,calf,37.0,robot.actuators['calf_legs'].effort_limit,0.3704377590700036,450.18731446295976,0.41970930614986934,0.48618422482464757,0.0,0.5590966701507568,0.5769767498970031,0.0
gait_05_half_bound__vx_pos_1p0__seed_4242,9,joint_rear_right_abad,rr,hip,17.0,robot.actuators['hip_legs'].effort_limit,0.1170674004147552,7.611438060061191,0.21002280992620131,0.2352909873513614,0.0,0.34902091026306153,0.357989045381546,0.0
gait_05_half_bound__vx_pos_1p0__seed_4242,10,joint_rear_right_thigh_pitch,rr,thigh,20.0,robot.actuators['thigh_legs'].effort_limit,0.618492458932668,99.85475428273465,0.42913172721862786,0.4636144132614135,0.0,0.3042241781949997,0.3104170334339142,0.0
gait_05_half_bound__vx_pos_1p0__seed_4242,11,joint_rear_right_calf_pitch,rr,calf,37.0,robot.actuators['calf_legs'].effort_limit,0.2332198400780042,214.75317181328836,0.35135078559050686,0.4028272234426961,0.0,0.4608693480491638,0.466668004989624,0.0
gait_05_half_bound__vx_pos_1p5__seed_4242,0,joint_front_left_abad,fl,hip,17.0,robot.actuators['hip_legs'].effort_limit,0.052960336953969,4.291318570334406,0.1622387591530295,0.1783052280369926,0.0,0.29972662627696955,0.3362282651662826,0.0
gait_05_half_bound__vx_pos_1p5__seed_4242,1,joint_front_left_thigh_pitch,fl,thigh,17.0,robot.actuators['thigh_legs'].effort_limit,1.3468116265816108,160.26935409035534,0.6558512827929327,0.6918275317023782,0.0,0.30266774296760557,0.3074303650856018,0.0
gait_05_half_bound__vx_pos_1p5__seed_4242,2,joint_front_left_calf_pitch,fl,calf,37.0,robot.actuators['calf_legs'].effort_limit,0.7068232576092902,672.7294745167345,0.41565478041365334,0.43172766453511,0.0,0.5108778834342956,0.5222640299797058,0.0
gait_05_half_bound__vx_pos_1p5__seed_4242,3,joint_front_right_abad,fr,hip,17.0,robot.actuators['hip_legs'].effort_limit,0.13269516677408197,12.68625413598027,0.1932591305059545,0.20112180078730862,0.0,0.3037772476673126,0.3113577401638031,0.0
gait_05_half_bound__vx_pos_1p5__seed_4242,4,joint_front_right_thigh_pitch,fr,thigh,17.0,robot.actuators['thigh_legs'].effort_limit,1.0441972903736316,144.53705272950234,0.6366439342498779,0.6643396742203657,0.0,0.2931966185569763,0.30366687417030336,0.0
gait_05_half_bound__vx_pos_1p5__seed_4242,5,joint_front_right_calf_pitch,fr,calf,37.0,robot.actuators['calf_legs'].effort_limit,0.34059896643330556,442.19927079979334,0.3169014956500076,0.406495450509561,0.0,0.48631974160671215,0.5039131110906601,0.0
gait_05_half_bound__vx_pos_1p5__seed_4242,6,joint_rear_left_abad,rl,hip,17.0,robot.actuators['hip_legs'].effort_limit,0.35814733430385604,12.660525440573693,0.33737245307249175,0.3579745292663574,0.0,0.36741929948329927,0.3751408648490906,0.0
gait_05_half_bound__vx_pos_1p5__seed_4242,7,joint_rear_left_thigh_pitch,rl,thigh,20.0,robot.actuators['thigh_legs'].effort_limit,1.099997357810729,166.7551290099323,0.7260986590385436,0.7725371961593628,0.0,0.3919314593076706,0.4007772934436798,0.0
gait_05_half_bound__vx_pos_1p5__seed_4242,8,joint_rear_left_calf_pitch,rl,calf,37.0,robot.actuators['calf_legs'].effort_limit,0.460087816009148,545.7694792938232,0.4390292116113609,0.5006520864125842,0.0,0.5740512132644653,0.5829988217353821,0.0
gait_05_half_bound__vx_pos_1p5__seed_4242,9,joint_rear_right_abad,rr,hip,17.0,robot.actuators['hip_legs'].effort_limit,0.18605516876796863,12.337754481584998,0.2731887410668764,0.29467975784750544,0.0,0.40244285464286794,0.4179171538352966,0.0
gait_05_half_bound__vx_pos_1p5__seed_4242,10,joint_rear_right_thigh_pitch,rr,thigh,20.0,robot.actuators['thigh_legs'].effort_limit,0.9642012790294525,166.756020633094,0.5385210180282591,0.5868002786636352,0.0,0.2800376921892166,0.28802664279937745,0.0
gait_05_half_bound__vx_pos_1p5__seed_4242,11,joint_rear_right_calf_pitch,rr,calf,37.0,robot.actuators['calf_legs'].effort_limit,0.23129841359993808,226.84472303718925,0.3591359074051314,0.4179198136200774,0.0,0.4162017524242401,0.42347499132156374,0.0
gait_06_gallop__vx_neg_1p5__seed_4242,0,joint_front_left_abad,fl,hip,17.0,robot.actuators['hip_legs'].effort_limit,0.28367315638827717,10.49360652753152,0.30980118863722855,0.32181664326611686,0.0,0.32428559958934783,0.33288275480270385,0.0
gait_06_gallop__vx_neg_1p5__seed_4242,1,joint_front_left_thigh_pitch,fl,thigh,17.0,robot.actuators['thigh_legs'].effort_limit,2.2176850469271496,189.1902558555547,0.9420657718882841,0.9995510606204762,0.04583333333333333,0.40056285858154295,0.40675522446632384,0.0
gait_06_gallop__vx_neg_1p5__seed_4242,2,joint_front_left_calf_pitch,fl,calf,37.0,robot.actuators['calf_legs'].effort_limit,0.3178265849602763,369.96161953479054,0.3411396426123536,0.45566993661828936,0.0,0.53574059009552,0.5532885801792145,0.0
gait_06_gallop__vx_neg_1p5__seed_4242,3,joint_front_right_abad,fr,hip,17.0,robot.actuators['hip_legs'].effort_limit,0.2995469052991205,17.330121019325453,0.41709754887749156,0.43128709708943086,0.0,0.3484759390354156,0.35296745777130123,0.0
gait_06_gallop__vx_neg_1p5__seed_4242,4,joint_front_right_thigh_pitch,fr,thigh,17.0,robot.actuators['thigh_legs'].effort_limit,1.1242582098656237,163.5123574256152,0.5584686026853674,0.5855625225515925,0.0,0.2884003162384033,0.29667778372764586,0.0
gait_06_gallop__vx_neg_1p5__seed_4242,5,joint_front_right_calf_pitch,fr,calf,37.0,robot.actuators['calf_legs'].effort_limit,0.3141894970332859,216.50853984344752,0.4426625638394741,0.4799566624615643,0.0,0.41040137410163874,0.4172783750295639,0.0
gait_06_gallop__vx_neg_1p5__seed_4242,6,joint_rear_left_abad,rl,hip,17.0,robot.actuators['hip_legs'].effort_limit,0.13554807680154157,14.761260929806157,0.22720888572580664,0.255978663668913,0.0,0.37268610298633575,0.45346151411533353,0.0
gait_06_gallop__vx_neg_1p5__seed_4242,7,joint_rear_left_thigh_pitch,rl,thigh,20.0,robot.actuators['thigh_legs'].effort_limit,0.42368265890439455,102.34174463830888,0.39750559329986573,0.41310000085830684,0.0,0.28543291687965394,0.28956415176391603,0.0
gait_06_gallop__vx_neg_1p5__seed_4242,8,joint_rear_left_calf_pitch,rl,calf,37.0,robot.actuators['calf_legs'].effort_limit,0.2832026153750419,278.9335343244672,0.3096406343820932,0.36248711792198385,0.0,0.39221731424331663,0.39888617038726804,0.0
gait_06_gallop__vx_neg_1p5__seed_4242,9,joint_rear_right_abad,rr,hip,17.0,robot.actuators['hip_legs'].effort_limit,0.3174917369045115,19.14191991046653,0.3621517475913552,0.37970417050754324,0.0,0.37316917777061465,0.37832192063331604,0.0
gait_06_gallop__vx_neg_1p5__seed_4242,10,joint_rear_right_thigh_pitch,rr,thigh,20.0,robot.actuators['thigh_legs'].effort_limit,0.8824003918373637,190.15834314063193,0.5692457818984985,0.6077189803123474,0.0,0.26079412996768947,0.27715012550354,0.0
gait_06_gallop__vx_neg_1p5__seed_4242,11,joint_rear_right_calf_pitch,rr,calf,37.0,robot.actuators['calf_legs'].effort_limit,0.5822288841311658,571.9746669262275,0.463532053457724,0.4884321764353159,0.0,0.49015496969223016,0.5070946645736694,0.0
gait_06_gallop__vx_neg_1p0__seed_4242,0,joint_front_left_abad,fl,hip,17.0,robot.actuators['hip_legs'].effort_limit,0.20486990552059955,8.000779098547792,0.2660046128665699,0.2801975637323716,0.0,0.2920188277959823,0.3179585510492325,0.0
gait_06_gallop__vx_neg_1p0__seed_4242,1,joint_front_left_thigh_pitch,fl,thigh,17.0,robot.actuators['thigh_legs'].effort_limit,1.6347474298691917,138.66914130851626,0.8510897888856774,0.9770173622580134,0.022916666666666665,0.4103742063045502,0.41444807887077334,0.0
gait_06_gallop__vx_neg_1p0__seed_4242,2,joint_front_left_calf_pitch,fl,calf,37.0,robot.actuators['calf_legs'].effort_limit,0.2823129457715271,344.33876870403066,0.3673927642203661,0.5092174081544618,0.0,0.529900124669075,0.5423031157255173,0.0
gait_06_gallop__vx_neg_1p0__seed_4242,3,joint_front_right_abad,fr,hip,17.0,robot.actuators['hip_legs'].effort_limit,0.2646441758463952,18.830173191342038,0.3618011348387774,0.41323063738205856,0.0,0.342832887172699,0.34962376475334167,0.0
gait_06_gallop__vx_neg_1p0__seed_4242,4,joint_front_right_thigh_pitch,fr,thigh,17.0,robot.actuators['thigh_legs'].effort_limit,0.828665490558205,120.62725840408355,0.45102268527535827,0.4812569012361414,0.0,0.3384549796581268,0.34468045115470886,0.0
gait_06_gallop__vx_neg_1p0__seed_4242,5,joint_front_right_calf_pitch,fr,calf,37.0,robot.actuators['calf_legs'].effort_limit,0.3076586261245621,210.85244135777,0.41202850599546686,0.4592366203101905,0.0,0.42913699746131895,0.4424375593662262,0.0
gait_06_gallop__vx_neg_1p0__seed_4242,6,joint_rear_left_abad,rl,hip,17.0,robot.actuators['hip_legs'].effort_limit,0.19513029085078443,16.300161073768976,0.30493571898516475,0.3381112384796142,0.0,0.4690725535154342,0.4962642306089401,0.0
gait_06_gallop__vx_neg_1p0__seed_4242,7,joint_rear_left_thigh_pitch,rl,thigh,20.0,robot.actuators['thigh_legs'].effort_limit,0.4707698736721433,67.55410756800323,0.42219667911529535,0.4347156252861023,0.0,0.28441903591156004,0.2950186491012573,0.0
gait_06_gallop__vx_neg_1p0__seed_4242,8,joint_rear_left_calf_pitch,rl,calf,37.0,robot.actuators['calf_legs'].effort_limit,0.1757457527071879,161.71218775318937,0.2173542847504486,0.25899256500037937,0.0,0.4332514226436615,0.4372331476211548,0.0
gait_06_gallop__vx_neg_1p0__seed_4242,9,joint_rear_right_abad,rr,hip,17.0,robot.actuators['hip_legs'].effort_limit,0.231347953678803,16.44163594310783,0.34907110719119794,0.3732699500813203,0.0,0.31685543060302734,0.3219186973571777,0.0
gait_06_gallop__vx_neg_1p0__seed_4242,10,joint_rear_right_thigh_pitch,rr,thigh,20.0,robot.actuators['thigh_legs'].effort_limit,0.38312734455758174,102.59109104078263,0.373523131608963,0.3914049775600433,0.0,0.2833048909902572,0.2961047583818436,0.0
gait_06_gallop__vx_neg_1p0__seed_4242,11,joint_rear_right_calf_pitch,rr,calf,37.0,robot.actuators['calf_legs'].effort_limit,0.4823462457286675,476.8753499850258,0.395118709512659,0.4321799737053948,0.0,0.470024573802948,0.4744741141796112,0.0
gait_06_gallop__vx_neg_0p5__seed_4242,0,joint_front_left_abad,fl,hip,17.0,robot.actuators['hip_legs'].effort_limit,0.156311717235267,9.376019661913743,0.28181615296532125,0.3208023660323199,0.0,0.24174568057060242,0.27366581559181213,0.0
gait_06_gallop__vx_neg_0p5__seed_4242,1,joint_front_left_thigh_pitch,fl,thigh,17.0,robot.actuators['thigh_legs'].effort_limit,0.8710121625220886,84.28024157058448,0.5733236705555635,0.6232102057513069,0.0,0.41993266344070435,0.43528324365615845,0.0
gait_06_gallop__vx_neg_0p5__seed_4242,2,joint_front_left_calf_pitch,fl,calf,37.0,robot.actuators['calf_legs'].effort_limit,0.22125362899640816,281.5853076826781,0.37109396908734293,0.4733036402109507,0.0,0.5383796393871307,0.5467408448457718,0.0
gait_06_gallop__vx_neg_0p5__seed_4242,3,joint_front_right_abad,fr,hip,17.0,robot.actuators['hip_legs'].effort_limit,0.15386967409487093,14.503969149168697,0.2770935928120333,0.29345416321473966,0.0,0.32338404655456543,0.33062249422073364,0.0
gait_06_gallop__vx_neg_0p5__seed_4242,4,joint_front_right_thigh_pitch,fr,thigh,17.0,robot.actuators['thigh_legs'].effort_limit,0.6603664009832627,62.95151754725725,0.4225977308609906,0.5230712189393885,0.0,0.3337456285953522,0.3380424976348877,0.0
gait_06_gallop__vx_neg_0p5__seed_4242,5,joint_front_right_calf_pitch,fr,calf,37.0,robot.actuators['calf_legs'].effort_limit,0.2828809811472755,173.65217540976184,0.3484182357788086,0.3789939944808548,0.0,0.46794362366199493,0.47340400516986847,0.0
gait_06_gallop__vx_neg_0p5__seed_4242,6,joint_rear_left_abad,rl,hip,17.0,robot.actuators['hip_legs'].effort_limit,0.2680651015133286,16.850830363675488,0.3829708940842572,0.40717381589552937,0.0,0.48367106914520264,0.511070191860199,0.0
gait_06_gallop__vx_neg_0p5__seed_4242,7,joint_rear_left_thigh_pitch,rl,thigh,20.0,robot.actuators['thigh_legs'].effort_limit,0.40861053379520434,50.65721521155909,0.38135972023010256,0.4020857572555542,0.0,0.2933201640844345,0.315105140209198,0.0
gait_06_gallop__vx_neg_0p5__seed_4242,8,joint_rear_left_calf_pitch,rl,calf,37.0,robot.actuators['calf_legs'].effort_limit,0.13450452840497093,117.416627444271,0.21293269621359334,0.2342554556356894,0.0,0.46596434712409973,0.4708641767501831,0.0
gait_06_gallop__vx_neg_0p5__seed_4242,9,joint_rear_right_abad,rr,hip,17.0,robot.actuators['hip_legs'].effort_limit,0.15579855598263134,9.378976051553327,0.2755594674278708,0.30713192154379454,0.0,0.2658756971359253,0.2819896638393402,0.0
gait_06_gallop__vx_neg_0p5__seed_4242,10,joint_rear_right_thigh_pitch,rr,thigh,20.0,robot.actuators['thigh_legs'].effort_limit,0.11823904297206358,46.59739518625662,0.18873194158077242,0.296298485994339,0.0,0.33032380044460297,0.34664465487003326,0.0
gait_06_gallop__vx_neg_0p5__seed_4242,11,joint_rear_right_calf_pitch,rr,calf,37.0,robot.actuators['calf_legs'].effort_limit,0.28645753781193056,290.1137436291948,0.25726900229582916,0.3040518631806245,0.0,0.508098840713501,0.5137656629085541,0.0
gait_06_gallop__vx_pos_0p5__seed_4242,0,joint_front_left_abad,fl,hip,17.0,robot.actuators['hip_legs'].effort_limit,0.2529984462650339,11.420534606496803,0.42925984017989216,0.44256755183724794,0.0,0.21084919571876526,0.22898660600185394,0.0
gait_06_gallop__vx_pos_0p5__seed_4242,1,joint_front_left_thigh_pitch,fl,thigh,17.0,robot.actuators['thigh_legs'].effort_limit,0.5979078110433325,73.92099126186223,0.5079541767344755,0.5336831036735983,0.0,0.30265116691589355,0.3081774413585663,0.0
gait_06_gallop__vx_pos_0p5__seed_4242,2,joint_front_left_calf_pitch,fl,calf,37.0,robot.actuators['calf_legs'].effort_limit,0.3922439855236525,521.6194502216578,0.4252494219187144,0.4928004934981063,0.0,0.5126024186611176,0.5180600434541702,0.0
gait_06_gallop__vx_pos_0p5__seed_4242,3,joint_front_right_abad,fr,hip,17.0,robot.actuators['hip_legs'].effort_limit,0.20759541605130036,18.76750174643239,0.25563876769121957,0.2719543260686538,0.0,0.37848731875419617,0.40053412318229675,0.0
gait_06_gallop__vx_pos_0p5__seed_4242,4,joint_front_right_thigh_pitch,fr,thigh,17.0,robot.actuators['thigh_legs'].effort_limit,0.3258048703792704,28.287981390701606,0.2983691481982961,0.35478394873001995,0.0,0.3463360071182251,0.3539818823337555,0.0
gait_06_gallop__vx_pos_0p5__seed_4242,5,joint_front_right_calf_pitch,fr,calf,37.0,robot.actuators['calf_legs'].effort_limit,0.1974200388618192,108.52075717845932,0.30458987081373057,0.344551640587884,0.0,0.4401535540819168,0.44357171654701233,0.0
gait_06_gallop__vx_pos_0p5__seed_4242,6,joint_rear_left_abad,rl,hip,17.0,robot.actuators['hip_legs'].effort_limit,0.13264258307188573,12.786134857473662,0.21865249731961417,0.2592116383945241,0.0,0.33190302550792694,0.35787665843963623,0.0
gait_06_gallop__vx_pos_0p5__seed_4242,7,joint_rear_left_thigh_pitch,rl,thigh,20.0,robot.actuators['thigh_legs'].effort_limit,0.41753593727624116,53.73822057256272,0.38059480786323546,0.44705437421798705,0.0,0.29254552721977234,0.299785777926445,0.0
gait_06_gallop__vx_pos_0p5__seed_4242,8,joint_rear_left_calf_pitch,rl,calf,37.0,robot.actuators['calf_legs'].effort_limit,0.23711645293197958,188.73516136869787,0.24700925801251386,0.2791900956952894,0.0,0.472110390663147,0.47907134890556335,0.0
gait_06_gallop__vx_pos_0p5__seed_4242,9,joint_rear_right_abad,rr,hip,17.0,robot.actuators['hip_legs'].effort_limit,0.4000766176465098,19.055192335397006,0.37098921747768626,0.3905800370609059,0.0,0.23550686240196228,0.26893606781959534,0.0
gait_06_gallop__vx_pos_0p5__seed_4242,10,joint_rear_right_thigh_pitch,rr,thigh,20.0,robot.actuators['thigh_legs'].effort_limit,0.7026730167157625,54.491303142113615,0.5892213582992554,0.6208738684654236,0.0,0.35010965168476105,0.36750611662864685,0.0
gait_06_gallop__vx_pos_0p5__seed_4242,11,joint_rear_right_calf_pitch,rr,calf,37.0,robot.actuators['calf_legs'].effort_limit,0.175295160252384,207.43544930569828,0.2709415732203303,0.3260842593940529,0.0,0.47013673186302185,0.47176387906074524,0.0
gait_06_gallop__vx_pos_1p0__seed_4242,0,joint_front_left_abad,fl,hip,17.0,robot.actuators['hip_legs'].effort_limit,0.3481283856912119,15.451070859970642,0.4758341368506934,0.5188147909501019,0.0,0.2427310138940811,0.2474893796443939,0.0
gait_06_gallop__vx_pos_1p0__seed_4242,1,joint_front_left_thigh_pitch,fl,thigh,17.0,robot.actuators['thigh_legs'].effort_limit,1.0365714395561678,117.05060869663954,0.5784911660587085,0.6079726168688605,0.0,0.28666015863418576,0.29380257487297057,0.0
gait_06_gallop__vx_pos_1p0__seed_4242,2,joint_front_left_calf_pitch,fl,calf,37.0,robot.actuators['calf_legs'].effort_limit,0.500060776284391,614.1825369624794,0.3898882260193694,0.4672375586226178,0.0,0.5411378860473632,0.5523940968513489,0.0
gait_06_gallop__vx_pos_1p0__seed_4242,3,joint_front_right_abad,fr,hip,17.0,robot.actuators['hip_legs'].effort_limit,0.22892601385967548,17.367655029192683,0.2739305103526396,0.2958107134875129,0.0,0.32818869352340696,0.3501160335540771,0.0
gait_06_gallop__vx_pos_1p0__seed_4242,4,joint_front_right_thigh_pitch,fr,thigh,17.0,robot.actuators['thigh_legs'].effort_limit,0.34977868521312855,51.465326006542895,0.3538231933818144,0.3703856299905216,0.0,0.3335845470428466,0.34642021894454955,0.0
gait_06_gallop__vx_pos_1p0__seed_4242,5,joint_front_right_calf_pitch,fr,calf,37.0,robot.actuators['calf_legs'].effort_limit,0.17040049084100534,111.14586064860225,0.27335087544209247,0.30532785956924025,0.0,0.4168438822031021,0.4237899518013,0.0
gait_06_gallop__vx_pos_1p0__seed_4242,6,joint_rear_left_abad,rl,hip,17.0,robot.actuators['hip_legs'].effort_limit,0.21513904133561224,12.487208792171442,0.34387889329124893,0.3823543711269603,0.0,0.30586672723293307,0.31391769826412186,0.0
gait_06_gallop__vx_pos_1p0__seed_4242,7,joint_rear_left_thigh_pitch,rl,thigh,20.0,robot.actuators['thigh_legs'].effort_limit,0.6774289627356741,112.89013236042854,0.45395070075988764,0.5104274778366088,0.0,0.30844979286193847,0.31421238243579863,0.0
gait_06_gallop__vx_pos_1p0__seed_4242,8,joint_rear_left_calf_pitch,rl,calf,37.0,robot.actuators['calf_legs'].effort_limit,0.24672716323001678,236.49109743116483,0.3187156496821223,0.3421484313140043,0.0,0.437569785118103,0.4512583088874817,0.0
gait_06_gallop__vx_pos_1p0__seed_4242,9,joint_rear_right_abad,rr,hip,17.0,robot.actuators['hip_legs'].effort_limit,0.4718361566987608,22.295567134132725,0.40274369436151836,0.4472323089487412,0.0,0.3068563938140869,0.31736371755599974,0.0
gait_06_gallop__vx_pos_1p0__seed_4242,10,joint_rear_right_thigh_pitch,rr,thigh,20.0,robot.actuators['thigh_legs'].effort_limit,1.2561155769473846,126.98037995114923,0.7231209015846252,0.818199451446533,0.0,0.36694450974464415,0.3719241881370544,0.0
gait_06_gallop__vx_pos_1p0__seed_4242,11,joint_rear_right_calf_pitch,rr,calf,37.0,robot.actuators['calf_legs'].effort_limit,0.3426459122011724,455.89397821739317,0.3928394369176913,0.47854009989145624,0.0,0.46770451664924617,0.4780604815483093,0.0
gait_06_gallop__vx_pos_1p5__seed_4242,0,joint_front_left_abad,fl,hip,17.0,robot.actuators['hip_legs'].effort_limit,0.3268937816361248,14.297498312759298,0.3775111450868493,0.3984791797750137,0.0,0.30486582815647123,0.3092753630876541,0.0
gait_06_gallop__vx_pos_1p5__seed_4242,1,joint_front_left_thigh_pitch,fl,thigh,17.0,robot.actuators['thigh_legs'].effort_limit,1.2920645757592149,156.3413699503988,0.6573726513806507,0.7205750280268051,0.0,0.2802012264728546,0.2860172760486603,0.0
gait_06_gallop__vx_pos_1p5__seed_4242,2,joint_front_left_calf_pitch,fl,calf,37.0,robot.actuators['calf_legs'].effort_limit,0.632943952832659,675.2497823068572,0.46810502232732,0.49403931334212015,0.0,0.5824043154716492,0.5898985207080841,0.0
gait_06_gallop__vx_pos_1p5__seed_4242,3,joint_front_right_abad,fr,hip,17.0,robot.actuators['hip_legs'].effort_limit,0.13571977837606528,13.700706081349345,0.1865928341360653,0.20165431639727424,0.0,0.2910849332809448,0.2962669193744659,0.0
gait_06_gallop__vx_pos_1p5__seed_4242,4,joint_front_right_thigh_pitch,fr,thigh,17.0,robot.actuators['thigh_legs'].effort_limit,0.5449645718194671,93.69975373091177,0.5474072316113641,0.5788740612478817,0.0,0.3455968558788299,0.37148538827896116,0.0
gait_06_gallop__vx_pos_1p5__seed_4242,5,joint_front_right_calf_pitch,fr,calf,37.0,robot.actuators['calf_legs'].effort_limit,0.2374340029402401,150.20590434003623,0.2780588227349358,0.4353432361499681,0.0,0.4880583435297012,0.5087022358179092,0.0
gait_06_gallop__vx_pos_1p5__seed_4242,6,joint_rear_left_abad,rl,hip,17.0,robot.actuators['hip_legs'].effort_limit,0.27201590259159625,7.724564573222978,0.4358229272505816,0.4940587447671329,0.0,0.32422281503677364,0.34987061917781825,0.0
gait_06_gallop__vx_pos_1p5__seed_4242,7,joint_rear_left_thigh_pitch,rl,thigh,20.0,robot.actuators['thigh_legs'].effort_limit,1.0259028459514759,154.83013582039624,0.5641507196426391,0.6167305359840388,0.0,0.30173918008804324,0.307691980600357,0.0
gait_06_gallop__vx_pos_1p5__seed_4242,8,joint_rear_left_calf_pitch,rl,calf,37.0,robot.actuators['calf_legs'].effort_limit,0.28778067123191486,253.54103273195273,0.39240314380542657,0.41326198062381225,0.0,0.37822751402854915,0.39744749307632443,0.0
gait_06_gallop__vx_pos_1p5__seed_4242,9,joint_rear_right_abad,rr,hip,17.0,robot.actuators['hip_legs'].effort_limit,0.4170773789711212,14.310742667065934,0.34844196964712704,0.3785124761918012,0.0,0.35875773429870605,0.3704346859455108,0.0
gait_06_gallop__vx_pos_1p5__seed_4242,10,joint_rear_right_thigh_pitch,rr,thigh,20.0,robot.actuators['thigh_legs'].effort_limit,1.6361291721043651,197.13904173541815,0.7428330969810485,0.8397293567657469,0.0,0.3587970644235611,0.364898082613945,0.0
gait_06_gallop__vx_pos_1p5__seed_4242,11,joint_rear_right_calf_pitch,rr,calf,37.0,robot.actuators['calf_legs'].effort_limit,0.3744018203154492,451.7349435773119,0.3980293235263309,0.44142121598527223,0.0,0.47064815163612356,0.47982586741447447,0.0
gait_07_gallop__vx_neg_1p5__seed_4242,0,joint_front_left_abad,fl,hip,17.0,robot.actuators['hip_legs'].effort_limit,0.11802550009741103,9.793182090607006,0.22721982913858746,0.23951307521146886,0.0,0.3561375647783279,0.36636035561561586,0.0
gait_07_gallop__vx_neg_1p5__seed_4242,1,joint_front_left_thigh_pitch,fl,thigh,17.0,robot.actuators['thigh_legs'].effort_limit,1.8863853914182553,184.27668255604803,0.8589194157544299,0.9724194246179912,0.014583333333333334,0.2854340672492981,0.28980435013771055,0.0
gait_07_gallop__vx_neg_1p5__seed_4242,2,joint_front_left_calf_pitch,fl,calf,37.0,robot.actuators['calf_legs'].effort_limit,0.2860482147371396,199.78962027338335,0.3697728569443161,0.479141579189816,0.0,0.3910031825304031,0.3996731609106064,0.0
gait_07_gallop__vx_neg_1p5__seed_4242,3,joint_front_right_abad,fr,hip,17.0,robot.actuators['hip_legs'].effort_limit,0.13133020218073693,10.648577933050692,0.21147239278344537,0.24856151384465827,0.0,0.33723348379135126,0.3496894896030426,0.0
gait_07_gallop__vx_neg_1p5__seed_4242,4,joint_front_right_thigh_pitch,fr,thigh,17.0,robot.actuators['thigh_legs'].effort_limit,1.107418653040899,161.61975031003357,0.684634646247415,0.7302169771755441,0.0,0.3998681724071503,0.4151090395450592,0.0
gait_07_gallop__vx_neg_1p5__seed_4242,5,joint_front_right_calf_pitch,fr,calf,37.0,robot.actuators['calf_legs'].effort_limit,0.27765266533954247,262.09957125514745,0.31868584993723276,0.34618838129816826,0.0,0.6571522444486618,0.66732328414917,0.0
gait_07_gallop__vx_neg_1p5__seed_4242,6,joint_rear_left_abad,rl,hip,17.0,robot.actuators['hip_legs'].effort_limit,0.13021818626771872,7.0983166031270954,0.19637834044063787,0.21041475352118996,0.0,0.35233771800994873,0.36311955630779263,0.0
gait_07_gallop__vx_neg_1p5__seed_4242,7,joint_rear_left_thigh_pitch,rl,thigh,20.0,robot.actuators['thigh_legs'].effort_limit,0.4775952817417606,111.13099027251825,0.4894328737258911,0.5219105067253113,0.0,0.2999722808599472,0.32201956808567045,0.0
gait_07_gallop__vx_neg_1p5__seed_4242,8,joint_rear_left_calf_pitch,rl,calf,37.0,robot.actuators['calf_legs'].effort_limit,0.14834753449671587,120.49288478948176,0.32275290618071667,0.3751752760603616,0.0,0.4487718403339386,0.4632373487949371,0.0
gait_07_gallop__vx_neg_1p5__seed_4242,9,joint_rear_right_abad,rr,hip,17.0,robot.actuators['hip_legs'].effort_limit,0.07303873108426576,6.883312835093821,0.14481615529340855,0.15564919373568367,0.0,0.35975865721702577,0.3684160912036895,0.0
gait_07_gallop__vx_neg_1p5__seed_4242,10,joint_rear_right_thigh_pitch,rr,thigh,20.0,robot.actuators['thigh_legs'].effort_limit,0.9141663446736447,179.62892509315628,0.48400532484054565,0.5047285900115966,0.0,0.2956368774175644,0.30449376583099363,0.0
gait_07_gallop__vx_neg_1p5__seed_4242,11,joint_rear_right_calf_pitch,rr,calf,37.0,robot.actuators['calf_legs'].effort_limit,0.6165704782045269,329.5375185289234,0.4521799139074377,0.4693749010240708,0.0,0.5583373367786407,0.5640469837188721,0.0
gait_07_gallop__vx_neg_1p0__seed_4242,0,joint_front_left_abad,fl,hip,17.0,robot.actuators['hip_legs'].effort_limit,0.11657160545208237,6.266986867390224,0.20589555221445419,0.2170130425340989,0.0,0.37491507828235626,0.3944524514675139,0.0
gait_07_gallop__vx_neg_1p0__seed_4242,1,joint_front_left_thigh_pitch,fl,thigh,17.0,robot.actuators['thigh_legs'].effort_limit,1.2634538558407216,91.9081129527092,0.7636383589576272,0.8272556596643782,0.0,0.3121664583683013,0.3183109962940216,0.0
gait_07_gallop__vx_neg_1p0__seed_4242,2,joint_front_left_calf_pitch,fl,calf,37.0,robot.actuators['calf_legs'].effort_limit,0.21702694388454855,160.39496435045265,0.3038282703708958,0.39181097494589306,0.0,0.43487506210803983,0.44190046906471253,0.0
gait_07_gallop__vx_neg_1p0__seed_4242,3,joint_front_right_abad,fr,hip,17.0,robot.actuators['hip_legs'].effort_limit,0.0667955138584195,6.793685090891086,0.1658591207335977,0.19027914608226099,0.0,0.310812896490097,0.3198554742336273,0.0
gait_07_gallop__vx_neg_1p0__seed_4242,4,joint_front_right_thigh_pitch,fr,thigh,17.0,robot.actuators['thigh_legs'].effort_limit,0.6053401490330215,88.72168664038182,0.5025903926176183,0.5581579124226289,0.0,0.41426403522491456,0.41870471835136414,0.0
gait_07_gallop__vx_neg_1p0__seed_4242,5,joint_front_right_calf_pitch,fr,calf,37.0,robot.actuators['calf_legs'].effort_limit,0.20944035501888664,171.50805355122313,0.2598311540242788,0.2788184220082051,0.0,0.629271525144577,0.6419139719009399,0.0
gait_07_gallop__vx_neg_1p0__seed_4242,6,joint_rear_left_abad,rl,hip,17.0,robot.actuators['hip_legs'].effort_limit,0.09249582142518133,7.111948972682003,0.17130554844351376,0.18699312757043274,0.0,0.3059216111898422,0.31256679594516756,0.0
gait_07_gallop__vx_neg_1p0__seed_4242,7,joint_rear_left_thigh_pitch,rl,thigh,20.0,robot.actuators['thigh_legs'].effort_limit,0.29910702707263886,62.17951403820887,0.2940623867511749,0.3174287006855011,0.0,0.2910131245851514,0.3222970330715179,0.0
gait_07_gallop__vx_neg_1p0__seed_4242,8,joint_rear_left_calf_pitch,rl,calf,37.0,robot.actuators['calf_legs'].effort_limit,0.15799748497880634,107.6103763685748,0.27459734968236965,0.417744294501639,0.0,0.43092641830444334,0.43713080167770385,0.0
gait_07_gallop__vx_neg_1p0__seed_4242,9,joint_rear_right_abad,rr,hip,17.0,robot.actuators['hip_legs'].effort_limit,0.05413551164716433,4.851242910063738,0.12838518409168018,0.13656251865274766,0.0,0.34283860325813287,0.3678082323074341,0.0
gait_07_gallop__vx_neg_1p0__seed_4242,10,joint_rear_right_thigh_pitch,rr,thigh,20.0,robot.actuators['thigh_legs'].effort_limit,0.558783777634027,79.57960801073351,0.510550615787506,0.5610622696876525,0.0,0.30380505621433257,0.3070938724279404,0.0
gait_07_gallop__vx_neg_1p0__seed_4242,11,joint_rear_right_calf_pitch,rr,calf,37.0,robot.actuators['calf_legs'].effort_limit,0.3777921292992966,224.41680831164123,0.3415575001690838,0.35810512207649847,0.0,0.5274533748626709,0.5297128915786743,0.0
gait_07_gallop__vx_neg_0p5__seed_4242,0,joint_front_left_abad,fl,hip,17.0,robot.actuators['hip_legs'].effort_limit,0.12822051007076296,5.760749623074662,0.22500191015355728,0.23255762633155375,0.0,0.42815491557121277,0.4394490718841553,0.0
gait_07_gallop__vx_neg_0p5__seed_4242,1,joint_front_left_thigh_pitch,fl,thigh,17.0,robot.actuators['thigh_legs'].effort_limit,0.7479501187682576,29.353888068189846,0.6297053870032816,0.6666504074545467,0.0,0.32803875207901,0.33426207304000854,0.0
gait_07_gallop__vx_neg_0p5__seed_4242,2,joint_front_left_calf_pitch,fl,calf,37.0,robot.actuators['calf_legs'].effort_limit,0.14423859737017622,96.04682851621881,0.23921824145961454,0.28754421182580897,0.0,0.4682552069425583,0.47191862761974335,0.0
gait_07_gallop__vx_neg_0p5__seed_4242,3,joint_front_right_abad,fr,hip,17.0,robot.actuators['hip_legs'].effort_limit,0.044265921631426876,4.477188013708219,0.1320593883009518,0.14643838475732243,0.0,0.26100584864616394,0.2709813416004181,0.0
gait_07_gallop__vx_neg_0p5__seed_4242,4,joint_front_right_thigh_pitch,fr,thigh,17.0,robot.actuators['thigh_legs'].effort_limit,0.5712779047515564,54.57632707310375,0.37868855280034686,0.39723453802220965,0.0,0.4080663323402405,0.4116913378238678,0.0
gait_07_gallop__vx_neg_0p5__seed_4242,5,joint_front_right_calf_pitch,fr,calf,37.0,robot.actuators['calf_legs'].effort_limit,0.14475714813329676,95.40932869667188,0.21558328576990077,0.22473556930954391,0.0,0.5947653353214264,0.6024434715509415,0.0
gait_07_gallop__vx_neg_0p5__seed_4242,6,joint_rear_left_abad,rl,hip,17.0,robot.actuators['hip_legs'].effort_limit,0.1569259932249939,6.708883116636425,0.2240525764577529,0.23042198489694035,0.0,0.36857545375823975,0.3744687885046005,0.0
gait_07_gallop__vx_neg_0p5__seed_4242,7,joint_rear_left_thigh_pitch,rl,thigh,20.0,robot.actuators['thigh_legs'].effort_limit,0.23243724313746555,34.69662506660447,0.23616952896118165,0.24350258708000183,0.0,0.3217978775501251,0.3389436900615692,0.0
gait_07_gallop__vx_neg_0p5__seed_4242,8,joint_rear_left_calf_pitch,rl,calf,37.0,robot.actuators['calf_legs'].effort_limit,0.12025623480418081,71.44797548459377,0.2181372255892367,0.24333187051721522,0.0,0.4649055600166321,0.46679240465164185,0.0
gait_07_gallop__vx_neg_0p5__seed_4242,9,joint_rear_right_abad,rr,hip,17.0,robot.actuators['hip_legs'].effort_limit,0.07343061529410685,3.567474675900303,0.1945035036872415,0.24872284777024212,0.0,0.40572336316108704,0.4378150701522827,0.0
gait_07_gallop__vx_neg_0p5__seed_4242,10,joint_rear_right_thigh_pitch,rr,thigh,20.0,robot.actuators['thigh_legs'].effort_limit,0.3719939042343895,36.730560853077336,0.4279796361923218,0.46385449171066284,0.0,0.2912202477455139,0.2930859178304672,0.0
gait_07_gallop__vx_neg_0p5__seed_4242,11,joint_rear_right_calf_pitch,rr,calf,37.0,robot.actuators['calf_legs'].effort_limit,0.23029681202554733,138.86717032928718,0.2603687788989093,0.26556864944664205,0.0,0.5298087000846863,0.5325793325901031,0.0
gait_07_gallop__vx_pos_0p5__seed_4242,0,joint_front_left_abad,fl,hip,17.0,robot.actuators['hip_legs'].effort_limit,0.053762064948405505,4.468973236025195,0.14500590632943544,0.19915902965209065,0.0,0.2796883285045624,0.28532013297080994,0.0
gait_07_gallop__vx_pos_0p5__seed_4242,1,joint_front_left_thigh_pitch,fl,thigh,17.0,robot.actuators['thigh_legs'].effort_limit,0.5310432429414363,34.8396433519898,0.3486156042884378,0.3553161480847527,0.0,0.34253260493278503,0.349122017621994,0.0
gait_07_gallop__vx_pos_0p5__seed_4242,2,joint_front_left_calf_pitch,fl,calf,37.0,robot.actuators['calf_legs'].effort_limit,0.07017201506099516,48.774547933693974,0.16632379712285222,0.18590302402908737,0.0,0.44450829923152924,0.45094265043735504,0.0
gait_07_gallop__vx_pos_0p5__seed_4242,3,joint_front_right_abad,fr,hip,17.0,robot.actuators['hip_legs'].effort_limit,0.20985723622307156,4.157741460842081,0.3426404630436617,0.38105595111846924,0.0,0.47620218992233276,0.513664722442627,0.0
gait_07_gallop__vx_pos_0p5__seed_4242,4,joint_front_right_thigh_pitch,fr,thigh,17.0,robot.actuators['thigh_legs'].effort_limit,0.622118366047648,39.641727802297105,0.5532721351174748,0.5736084124621222,0.0,0.3070980906486511,0.3099216818809509,0.0
gait_07_gallop__vx_pos_0p5__seed_4242,5,joint_front_right_calf_pitch,fr,calf,37.0,robot.actuators['calf_legs'].effort_limit,0.2355326989995924,131.36776923023922,0.2544763668163403,0.2593879248644855,0.0,0.5450413227081299,0.5516906529664993,0.0
gait_07_gallop__vx_pos_0p5__seed_4242,6,joint_rear_left_abad,rl,hip,17.0,robot.actuators['hip_legs'].effort_limit,0.3302736455489118,7.221511413842818,0.4032154083251953,0.41580883895649634,0.0,0.5673902034759521,0.5797090232372284,0.0
gait_07_gallop__vx_pos_0p5__seed_4242,7,joint_rear_left_thigh_pitch,rl,thigh,20.0,robot.actuators['thigh_legs'].effort_limit,0.3621035523527518,25.993617870509624,0.43851408958435056,0.47720696926116946,0.0,0.31593209505081177,0.31874604523181915,0.0
gait_07_gallop__vx_pos_0p5__seed_4242,8,joint_rear_left_calf_pitch,rl,calf,37.0,robot.actuators['calf_legs'].effort_limit,0.18666478689740854,122.52313390841941,0.25048491117116567,0.3089597611813932,0.0,0.4822738766670227,0.48881006240844727,0.0
gait_07_gallop__vx_pos_0p5__seed_4242,9,joint_rear_right_abad,rr,hip,17.0,robot.actuators['hip_legs'].effort_limit,0.04442341383458355,4.133084215613199,0.13119518756866455,0.16311284023172715,0.0,0.2815479636192322,0.28509995341300964,0.0
gait_07_gallop__vx_pos_0p5__seed_4242,10,joint_rear_right_thigh_pitch,rr,thigh,20.0,robot.actuators['thigh_legs'].effort_limit,0.5576677980183881,60.19727323941886,0.38823661804199217,0.40441646575927737,0.0,0.39983977377414703,0.40243300795555115,0.0
gait_07_gallop__vx_pos_0p5__seed_4242,11,joint_rear_right_calf_pitch,rr,calf,37.0,robot.actuators['calf_legs'].effort_limit,0.12307816513636777,90.39406617581845,0.18328060008384087,0.214221132768167,0.0,0.5505196750164032,0.5576432943344116,0.0
gait_07_gallop__vx_pos_1p0__seed_4242,0,joint_front_left_abad,fl,hip,17.0,robot.actuators['hip_legs'].effort_limit,0.10213996186812127,5.457422791068966,0.2132512927055358,0.24452441636253802,0.0,0.24326532483100885,0.2498563319444656,0.0
gait_07_gallop__vx_pos_1p0__seed_4242,1,joint_front_left_thigh_pitch,fl,thigh,17.0,robot.actuators['thigh_legs'].effort_limit,0.3133724242594488,45.47773636877537,0.27192121674032776,0.28588351025300857,0.0,0.31329679489135737,0.33502261519432064,0.0
gait_07_gallop__vx_pos_1p0__seed_4242,2,joint_front_left_calf_pitch,fl,calf,37.0,robot.actuators['calf_legs'].effort_limit,0.08186045956796897,61.71449317103252,0.18352456221709376,0.3152852988887472,0.0,0.3885162830352783,0.39525286972522733,0.0
gait_07_gallop__vx_pos_1p0__seed_4242,3,joint_front_right_abad,fr,hip,17.0,robot.actuators['hip_legs'].effort_limit,0.12492590346010922,4.245240563816187,0.24406103667090873,0.33214400880477,0.0,0.46426123976707456,0.5467781019210816,0.0
gait_07_gallop__vx_pos_1p0__seed_4242,4,joint_front_right_thigh_pitch,fr,thigh,17.0,robot.actuators['thigh_legs'].effort_limit,0.507504620958759,65.31850487440825,0.41953184744890987,0.44417441003462843,0.0,0.3161924183368683,0.3225554370880127,0.0
gait_07_gallop__vx_pos_1p0__seed_4242,5,joint_front_right_calf_pitch,fr,calf,37.0,robot.actuators['calf_legs'].effort_limit,0.46185598514154513,239.00081890865695,0.3974493207158269,0.40644097508610905,0.0,0.545500448346138,0.5520815622806549,0.0
gait_07_gallop__vx_pos_1p0__seed_4242,6,joint_rear_left_abad,rl,hip,17.0,robot.actuators['hip_legs'].effort_limit,0.2781763702641499,9.968268092850922,0.343655600267298,0.3855056815988877,0.0,0.5081815242767334,0.5190982031822204,0.0
gait_07_gallop__vx_pos_1p0__seed_4242,7,joint_rear_left_thigh_pitch,rl,thigh,20.0,robot.actuators['thigh_legs'].effort_limit,0.5157380229046787,71.09248031556606,0.46212967634201046,0.4992228426933287,0.0,0.3121310085058212,0.32194325923919676,0.0
gait_07_gallop__vx_pos_1p0__seed_4242,8,joint_rear_left_calf_pitch,rl,calf,37.0,robot.actuators['calf_legs'].effort_limit,0.25566689504665496,189.0277560169826,0.29275534604046793,0.3745513941790605,0.0,0.4480415344238281,0.45976544260978697,0.0
gait_07_gallop__vx_pos_1p0__seed_4242,9,joint_rear_right_abad,rr,hip,17.0,robot.actuators['hip_legs'].effort_limit,0.1257573398429029,12.418120329750236,0.19019751198151533,0.2088569078725927,0.0,0.3751911520957947,0.38186863422393796,0.0
gait_07_gallop__vx_pos_1p0__seed_4242,10,joint_rear_right_thigh_pitch,rr,thigh,20.0,robot.actuators['thigh_legs'].effort_limit,0.984021924439286,118.48142023488879,0.5366902112960814,0.5701119322776794,0.0,0.40295064449310297,0.4107938665151596,0.0
gait_07_gallop__vx_pos_1p0__seed_4242,11,joint_rear_right_calf_pitch,rr,calf,37.0,robot.actuators['calf_legs'].effort_limit,0.16891633457076244,132.65779000703245,0.2651904299452498,0.3068806957554172,0.0,0.5581870794296264,0.5634129619598388,0.0
gait_07_gallop__vx_pos_1p5__seed_4242,0,joint_front_left_abad,fl,hip,17.0,robot.actuators['hip_legs'].effort_limit,0.21818829821339736,8.959596802026791,0.31079932661617504,0.3241054013196159,0.0,0.26168502569198604,0.2829159009456633,0.0
gait_07_gallop__vx_pos_1p5__seed_4242,1,joint_front_left_thigh_pitch,fl,thigh,17.0,robot.actuators['thigh_legs'].effort_limit,0.2943751460168522,54.56967887068633,0.3338816670810475,0.3726706933975219,0.0,0.2811085760593414,0.295152074098587,0.0
gait_07_gallop__vx_pos_1p5__seed_4242,2,joint_front_left_calf_pitch,fl,calf,37.0,robot.actuators['calf_legs'].effort_limit,0.09738839522127704,64.02893764371052,0.19492029306050893,0.3329408563149942,0.0,0.3424441009759903,0.3510667181015014,0.0
gait_07_gallop__vx_pos_1p5__seed_4242,3,joint_front_right_abad,fr,hip,17.0,robot.actuators['hip_legs'].effort_limit,0.0787329441665262,5.404712475581327,0.16190789657480573,0.1863260917102589,0.0,0.40381585955619753,0.45155571222305296,0.0
gait_07_gallop__vx_pos_1p5__seed_4242,4,joint_front_right_thigh_pitch,fr,thigh,17.0,robot.actuators['thigh_legs'].effort_limit,0.9737988266601372,136.22311003118753,0.5632730876698213,0.5839362475451301,0.0,0.3304173409938812,0.33589251756668087,0.0
gait_07_gallop__vx_pos_1p5__seed_4242,5,joint_front_right_calf_pitch,fr,calf,37.0,robot.actuators['calf_legs'].effort_limit,0.6662951865293693,330.03182849991134,0.49289877608015725,0.5045396871824522,0.0,0.5516322582960128,0.5578052222728729,0.0
gait_07_gallop__vx_pos_1p5__seed_4242,6,joint_rear_left_abad,rl,hip,17.0,robot.actuators['hip_legs'].effort_limit,0.25741246152525094,14.734786695207005,0.29243684796725977,0.31825693130493166,0.0,0.45283541083335865,0.4819725060462951,0.0
gait_07_gallop__vx_pos_1p5__seed_4242,7,joint_rear_left_thigh_pitch,rl,thigh,20.0,robot.actuators['thigh_legs'].effort_limit,0.9071444636172256,165.5949065336585,0.5152359294891355,0.5683253955841062,0.0,0.302281454205513,0.3084033703804016,0.0
gait_07_gallop__vx_pos_1p5__seed_4242,8,joint_rear_left_calf_pitch,rl,calf,37.0,robot.actuators['calf_legs'].effort_limit,0.3020456013041245,222.42133886542172,0.34035962207897286,0.4312664367057182,0.0,0.38997989296913144,0.3984836065769195,0.0
gait_07_gallop__vx_pos_1p5__seed_4242,9,joint_rear_right_abad,rr,hip,17.0,robot.actuators['hip_legs'].effort_limit,0.28686519857543447,25.070028924308136,0.2769883310093599,0.31010477234335504,0.0,0.4473664462566375,0.46336826562881467,0.0
gait_07_gallop__vx_pos_1p5__seed_4242,10,joint_rear_right_thigh_pitch,rr,thigh,20.0,robot.actuators['thigh_legs'].effort_limit,1.2558131711005498,187.94231663882732,0.6301041769981384,0.6485650482177735,0.0,0.4059564083814621,0.41554760873317714,0.0
gait_07_gallop__vx_pos_1p5__seed_4242,11,joint_rear_right_calf_pitch,rr,calf,37.0,robot.actuators['calf_legs'].effort_limit,0.21995836557241444,173.10907678227872,0.3284815672281626,0.3639522838592528,0.0,0.5444913804531097,0.5509209096431732,0.0
gait_08_gallop__vx_neg_1p5__seed_4242,0,joint_front_left_abad,fl,hip,17.0,robot.actuators['hip_legs'].effort_limit,0.18591156079989504,9.711508927896503,0.2804381104076609,0.3068040844973394,0.0,0.33750015199184413,0.35148124098777755,0.0
gait_08_gallop__vx_neg_1p5__seed_4242,1,joint_front_left_thigh_pitch,fl,thigh,17.0,robot.actuators['thigh_legs'].effort_limit,1.3987005428935717,137.73312532430515,0.7237442577586454,0.7825895438474767,0.0,0.29211665987968444,0.2976418817043304,0.0
gait_08_gallop__vx_neg_1p5__seed_4242,2,joint_front_left_calf_pitch,fl,calf,37.0,robot.actuators['calf_legs'].effort_limit,0.18461730530234563,171.07458379315213,0.3103674978823274,0.36445567672317086,0.0,0.37940334379673,0.38754597008228303,0.0
gait_08_gallop__vx_neg_1p5__seed_4242,3,joint_front_right_abad,fr,hip,17.0,robot.actuators['hip_legs'].effort_limit,0.27096243245674395,9.19950399775058,0.34173326772801993,0.3765413539549884,0.0,0.3519628286361694,0.3653556990623474,0.0
gait_08_gallop__vx_neg_1p5__seed_4242,4,joint_front_right_thigh_pitch,fr,thigh,17.0,robot.actuators['thigh_legs'].effort_limit,1.5737971948667038,177.19798828184605,0.6944921577678007,0.7290465708339915,0.0,0.40293341279029843,0.41005706429481503,0.0
gait_08_gallop__vx_neg_1p5__seed_4242,5,joint_front_right_calf_pitch,fr,calf,37.0,robot.actuators['calf_legs'].effort_limit,0.3110862404281197,305.4982631188631,0.3366077216895851,0.37654754174722205,0.0,0.5160578161478042,0.5239028751850128,0.0
gait_08_gallop__vx_neg_1p5__seed_4242,6,joint_rear_left_abad,rl,hip,17.0,robot.actuators['hip_legs'].effort_limit,0.6525707339490044,21.07501437816769,0.5836025434381821,0.6118050137688131,0.0,0.42143218517303466,0.4336012542247772,0.0
gait_08_gallop__vx_neg_1p5__seed_4242,7,joint_rear_left_thigh_pitch,rl,thigh,20.0,robot.actuators['thigh_legs'].effort_limit,0.9118387045990276,162.75476908303798,0.5434864830970764,0.5876499180793762,0.0,0.27299213111400605,0.2848004788160324,0.0
gait_08_gallop__vx_neg_1p5__seed_4242,8,joint_rear_left_calf_pitch,rl,calf,37.0,robot.actuators['calf_legs'].effort_limit,0.38178217026765654,405.63368829226124,0.3284872841190647,0.3579575917527482,0.0,0.5413032531738281,0.5497128963470459,0.0
gait_08_gallop__vx_neg_1p5__seed_4242,9,joint_rear_right_abad,rr,hip,17.0,robot.actuators['hip_legs'].effort_limit,0.3476003681664174,17.251449374826624,0.30086393636815684,0.31956883065840774,0.0,0.40256393551826475,0.4383277332782745,0.0
gait_08_gallop__vx_neg_1p5__seed_4242,10,joint_rear_right_thigh_pitch,rr,thigh,20.0,robot.actuators['thigh_legs'].effort_limit,0.35865134495504974,89.21449206339196,0.37175970792770385,0.3868530740737915,0.0,0.26498579382896426,0.2678977996110916,0.0
gait_08_gallop__vx_neg_1p5__seed_4242,11,joint_rear_right_calf_pitch,rr,calf,37.0,robot.actuators['calf_legs'].effort_limit,0.21941904513240806,222.8983318915963,0.29924953306043467,0.4030492290290626,0.0,0.4101682960987091,0.4260883021354675,0.0
gait_08_gallop__vx_neg_1p0__seed_4242,0,joint_front_left_abad,fl,hip,17.0,robot.actuators['hip_legs'].effort_limit,0.14209579015313273,8.888809073935263,0.21694343370549812,0.2338007647850934,0.0,0.30192885398864744,0.30965074598789216,0.0
gait_08_gallop__vx_neg_1p0__seed_4242,1,joint_front_left_thigh_pitch,fl,thigh,17.0,robot.actuators['thigh_legs'].effort_limit,0.7980717379970936,79.6848450271722,0.5411825712989355,0.6044589575599219,0.0,0.318663614988327,0.32387820959091185,0.0
gait_08_gallop__vx_neg_1p0__seed_4242,2,joint_front_left_calf_pitch,fl,calf,37.0,robot.actuators['calf_legs'].effort_limit,0.1546554384364685,152.08157545348396,0.27932512566849976,0.3370396554792249,0.0,0.43257431983947753,0.43998415052890777,0.0
gait_08_gallop__vx_neg_1p0__seed_4242,3,joint_front_right_abad,fr,hip,17.0,robot.actuators['hip_legs'].effort_limit,0.36509688317884675,11.69585802724876,0.39565429967992444,0.4227545743830063,0.0,0.31439822316169735,0.3211751019954681,0.0
gait_08_gallop__vx_neg_1p0__seed_4242,4,joint_front_right_thigh_pitch,fr,thigh,17.0,robot.actuators['thigh_legs'].effort_limit,1.0844881630600076,115.68526775386185,0.6072390752680161,0.6688788374732519,0.0,0.4273054838180542,0.43278640508651733,0.0
gait_08_gallop__vx_neg_1p0__seed_4242,5,joint_front_right_calf_pitch,fr,calf,37.0,robot.actuators['calf_legs'].effort_limit,0.2967751864580617,330.28217351827305,0.3427638659606108,0.4327465686282595,0.0,0.5340306401252747,0.5428884077072144,0.0
gait_08_gallop__vx_neg_1p0__seed_4242,6,joint_rear_left_abad,rl,hip,17.0,robot.actuators['hip_legs'].effort_limit,0.5987458667932527,23.12114898368134,0.5783714659073773,0.6573726137946633,0.0,0.36737237572669973,0.3865540218353271,0.0
gait_08_gallop__vx_neg_1p0__seed_4242,7,joint_rear_left_thigh_pitch,rl,thigh,20.0,robot.actuators['thigh_legs'].effort_limit,0.5562729482852184,88.37448739539832,0.4949933266639708,0.5210996813774109,0.0,0.2884697079658508,0.29248606860637666,0.0
gait_08_gallop__vx_neg_1p0__seed_4242,8,joint_rear_left_calf_pitch,rl,calf,37.0,robot.actuators['calf_legs'].effort_limit,0.34368599471968353,341.72761108043136,0.2872415890564789,0.33580131762736537,0.0,0.5087583899497986,0.5151171100139618,0.0
gait_08_gallop__vx_neg_1p0__seed_4242,9,joint_rear_right_abad,rr,hip,17.0,robot.actuators['hip_legs'].effort_limit,0.30531444903565585,12.406357496899146,0.28072730653426226,0.29334634584539077,0.0,0.3561724781990051,0.38954414844512936,0.0
gait_08_gallop__vx_neg_1p0__seed_4242,10,joint_rear_right_thigh_pitch,rr,thigh,20.0,robot.actuators['thigh_legs'].effort_limit,0.5856012638509013,71.89486522451044,0.5143753218650817,0.5316955614089965,0.0,0.2787518292665481,0.28750622808933257,0.0
gait_08_gallop__vx_neg_1p0__seed_4242,11,joint_rear_right_calf_pitch,rr,calf,37.0,robot.actuators['calf_legs'].effort_limit,0.17330477501652475,162.28641305511817,0.24722346615146942,0.3454124290878708,0.0,0.4215572118759155,0.42802843332290647,0.0
gait_08_gallop__vx_neg_0p5__seed_4242,0,joint_front_left_abad,fl,hip,17.0,robot.actuators['hip_legs'].effort_limit,0.0982947185124474,8.39550964804832,0.16857929440105662,0.17515669850742116,0.0,0.29420535266399384,0.3002711087465286,0.0
gait_08_gallop__vx_neg_0p5__seed_4242,1,joint_front_left_thigh_pitch,fl,thigh,17.0,robot.actuators['thigh_legs'].effort_limit,0.5095506272377905,41.81472114898264,0.38392796937157125,0.46815525784212,0.0,0.2989611327648163,0.3015706241130829,0.0
gait_08_gallop__vx_neg_0p5__seed_4242,2,joint_front_left_calf_pitch,fl,calf,37.0,robot.actuators['calf_legs'].effort_limit,0.19740113924765967,149.50185731365985,0.28633805867787954,0.330796750816139,0.0,0.4901169240474701,0.4942416697740555,0.0
gait_08_gallop__vx_neg_0p5__seed_4242,3,joint_front_right_abad,fr,hip,17.0,robot.actuators['hip_legs'].effort_limit,0.46590786019258823,8.908663594416284,0.4453350025064805,0.46756569076986876,0.0,0.2954251170158386,0.31100261211395264,0.0
gait_08_gallop__vx_neg_0p5__seed_4242,4,joint_front_right_thigh_pitch,fr,thigh,17.0,robot.actuators['thigh_legs'].effort_limit,0.6840859199315464,55.67957588788355,0.5102956295013428,0.5597188052009134,0.0,0.4151627719402313,0.4192819595336914,0.0
gait_08_gallop__vx_neg_0p5__seed_4242,5,joint_front_right_calf_pitch,fr,calf,37.0,robot.actuators['calf_legs'].effort_limit,0.22002392897362402,255.75446814189667,0.34643880096641744,0.3922968039641509,0.0,0.5277003347873688,0.5457617342472076,0.0
gait_08_gallop__vx_neg_0p5__seed_4242,6,joint_rear_left_abad,rl,hip,17.0,robot.actuators['hip_legs'].effort_limit,0.26803241691580243,10.073197648547612,0.40885250708636117,0.42129652640398807,0.0,0.2958962023258209,0.3048820048570633,0.0
gait_08_gallop__vx_neg_0p5__seed_4242,7,joint_rear_left_thigh_pitch,rl,thigh,20.0,robot.actuators['thigh_legs'].effort_limit,0.17561871675061663,31.05865101748379,0.31854074597358706,0.34378231763839723,0.0,0.28757861256599426,0.29114364087581635,0.0
gait_08_gallop__vx_neg_0p5__seed_4242,8,joint_rear_left_calf_pitch,rl,calf,37.0,robot.actuators['calf_legs'].effort_limit,0.19086333862773164,152.70457533762558,0.22225323238888303,0.23970834628955737,0.0,0.5166237950325012,0.520525187253952,0.0
gait_08_gallop__vx_neg_0p5__seed_4242,9,joint_rear_right_abad,rr,hip,17.0,robot.actuators['hip_legs'].effort_limit,0.1645015535770964,10.919374595775734,0.23448803494958315,0.2540523164412555,0.0,0.36469781398773193,0.396175354719162,0.0
gait_08_gallop__vx_neg_0p5__seed_4242,10,joint_rear_right_thigh_pitch,rr,thigh,20.0,robot.actuators['thigh_legs'].effort_limit,0.49793522912468746,38.55520454848185,0.4334697961807251,0.4483104944229126,0.0,0.28747180104255676,0.2894388288259506,0.0
gait_08_gallop__vx_neg_0p5__seed_4242,11,joint_rear_right_calf_pitch,rr,calf,37.0,robot.actuators['calf_legs'].effort_limit,0.15356608331176022,103.27203768440522,0.2472365482433422,0.26694143785012736,0.0,0.4661916196346283,0.4690568149089813,0.0
gait_08_gallop__vx_pos_0p5__seed_4242,0,joint_front_left_abad,fl,hip,17.0,robot.actuators['hip_legs'].effort_limit,0.12318232895312413,7.457588869808242,0.23073305803186753,0.290651097017176,0.0,0.420346662402153,0.4641422778367996,0.0
gait_08_gallop__vx_pos_0p5__seed_4242,1,joint_front_left_thigh_pitch,fl,thigh,17.0,robot.actuators['thigh_legs'].effort_limit,0.6524870151256472,57.03551547549665,0.5172652777503518,0.5403922866372501,0.0,0.28881195187568665,0.3085474967956543,0.0
gait_08_gallop__vx_pos_0p5__seed_4242,2,joint_front_left_calf_pitch,fl,calf,37.0,robot.actuators['calf_legs'].effort_limit,0.2013466493244195,170.2065983568132,0.2618578511315423,0.32509370752283046,0.0,0.5006651878356934,0.504808783531189,0.0
gait_08_gallop__vx_pos_0p5__seed_4242,3,joint_front_right_abad,fr,hip,17.0,robot.actuators['hip_legs'].effort_limit,0.2393919943952644,5.053712924539286,0.3990039825439453,0.4375004908617805,0.0,0.2510588467121124,0.25816017389297485,0.0
gait_08_gallop__vx_pos_0p5__seed_4242,4,joint_front_right_thigh_pitch,fr,thigh,17.0,robot.actuators['thigh_legs'].effort_limit,0.5967180061588628,77.82989851713589,0.5340444059932934,0.5910385917214787,0.0,0.31657567620277405,0.3202994167804718,0.0
gait_08_gallop__vx_pos_0p5__seed_4242,5,joint_front_right_calf_pitch,fr,calf,37.0,robot.actuators['calf_legs'].effort_limit,0.3597835876516662,488.5136983484589,0.42818421286505626,0.4738902530154666,0.0,0.4985770136117935,0.5009351819753647,0.0
gait_08_gallop__vx_pos_0p5__seed_4242,6,joint_rear_left_abad,rl,hip,17.0,robot.actuators['hip_legs'].effort_limit,0.2455994116770567,9.850618827297877,0.32324598116033215,0.33225931139553294,0.0,0.2478131800889969,0.2801986485719681,0.0
gait_08_gallop__vx_pos_0p5__seed_4242,7,joint_rear_left_thigh_pitch,rl,thigh,20.0,robot.actuators['thigh_legs'].effort_limit,0.36732943893748743,43.03110708694381,0.3866755127906799,0.41370667219161983,0.0,0.4000038206577301,0.4080638736486435,0.0
gait_08_gallop__vx_pos_0p5__seed_4242,8,joint_rear_left_calf_pitch,rl,calf,37.0,robot.actuators['calf_legs'].effort_limit,0.1941663341779082,214.63942702397705,0.2779839747660869,0.35973459321099355,0.0,0.5427794754505157,0.5508843660354614,0.0
gait_08_gallop__vx_pos_0p5__seed_4242,9,joint_rear_right_abad,rr,hip,17.0,robot.actuators['hip_legs'].effort_limit,0.06394168176831862,5.335583292716183,0.13286382661146276,0.1455143409616807,0.0,0.2833966910839081,0.291641503572464,0.0
gait_08_gallop__vx_pos_0p5__seed_4242,10,joint_rear_right_thigh_pitch,rr,thigh,20.0,robot.actuators['thigh_legs'].effort_limit,0.24966868222708805,44.80071161706001,0.34648756384849544,0.3865895450115204,0.0,0.30990070104599,0.31325677037239075,0.0
gait_08_gallop__vx_pos_0p5__seed_4242,11,joint_rear_right_calf_pitch,rr,calf,37.0,robot.actuators['calf_legs'].effort_limit,0.24147909656095312,188.74794524012134,0.2914402549331253,0.32963083885811467,0.0,0.4838443696498871,0.4908420145511627,0.0
gait_08_gallop__vx_pos_1p0__seed_4242,0,joint_front_left_abad,fl,hip,17.0,robot.actuators['hip_legs'].effort_limit,0.08546735683210539,5.627512102324508,0.1848166073069853,0.22886150752796844,0.0,0.38233448863029457,0.4400047647953033,0.0
gait_08_gallop__vx_pos_1p0__seed_4242,1,joint_front_left_thigh_pitch,fl,thigh,17.0,robot.actuators['thigh_legs'].effort_limit,0.8091278734046874,87.22719000369311,0.6229689794428208,0.6483863847395953,0.0,0.2949784994125366,0.299824458360672,0.0
gait_08_gallop__vx_pos_1p0__seed_4242,2,joint_front_left_calf_pitch,fl,calf,37.0,robot.actuators['calf_legs'].effort_limit,0.23147020641517105,246.161785800308,0.22097225575833707,0.2924399558917893,0.0,0.47980378568172455,0.483738996386528,0.0
gait_08_gallop__vx_pos_1p0__seed_4242,3,joint_front_right_abad,fr,hip,17.0,robot.actuators['hip_legs'].effort_limit,0.22779101360248333,6.435929392430698,0.3974305531557868,0.42964050405165727,0.0,0.29855271577835085,0.30790026783943175,0.0
gait_08_gallop__vx_pos_1p0__seed_4242,4,joint_front_right_thigh_pitch,fr,thigh,17.0,robot.actuators['thigh_legs'].effort_limit,1.1194165217887686,124.84725841982524,0.7216539803673238,0.7453579936308019,0.0,0.2831195592880249,0.28848243594169615,0.0
gait_08_gallop__vx_pos_1p0__seed_4242,5,joint_front_right_calf_pitch,fr,calf,37.0,robot.actuators['calf_legs'].effort_limit,0.4807447978297477,603.3560547399521,0.35328784375577343,0.460253170632027,0.0,0.496956068277359,0.5000615245103835,0.0
gait_08_gallop__vx_pos_1p0__seed_4242,6,joint_rear_left_abad,rl,hip,17.0,robot.actuators['hip_legs'].effort_limit,0.4312737811779331,10.114128991903272,0.37977893072016083,0.40615000135758345,0.0,0.29292114675045006,0.3162589561939239,0.0
gait_08_gallop__vx_pos_1p0__seed_4242,7,joint_rear_left_thigh_pitch,rl,thigh,20.0,robot.actuators['thigh_legs'].effort_limit,0.7591618714015782,108.69495486080646,0.5460989713668822,0.5825844645500182,0.0,0.3962856739759445,0.40055618166923523,0.0
gait_08_gallop__vx_pos_1p0__seed_4242,8,joint_rear_left_calf_pitch,rl,calf,37.0,robot.actuators['calf_legs'].effort_limit,0.33663113339334644,380.81847021748314,0.379543417853278,0.4306269431758571,0.0,0.5626433610916136,0.5863384437561036,0.0
gait_08_gallop__vx_pos_1p0__seed_4242,9,joint_rear_right_abad,rr,hip,17.0,robot.actuators['hip_legs'].effort_limit,0.11819174550039702,5.475663506896235,0.21620018622454476,0.23598441769095027,0.0,0.33010916709899896,0.33949052453041073,0.0
gait_08_gallop__vx_pos_1p0__seed_4242,10,joint_rear_right_thigh_pitch,rr,thigh,20.0,robot.actuators['thigh_legs'].effort_limit,0.4542809595304717,98.42390625535452,0.4299739241600036,0.4760600614547727,0.0,0.30439457297325134,0.3094721525907516,0.0
gait_08_gallop__vx_pos_1p0__seed_4242,11,joint_rear_right_calf_pitch,rr,calf,37.0,robot.actuators['calf_legs'].effort_limit,0.22971551746099209,209.57096589495427,0.33350885880959996,0.34932367015529325,0.0,0.4417839705944061,0.45336400866508486,0.0
gait_08_gallop__vx_pos_1p5__seed_4242,0,joint_front_left_abad,fl,hip,17.0,robot.actuators['hip_legs'].effort_limit,0.059811140417261745,4.669100182892362,0.1626401003669288,0.1946193721715141,0.0,0.3321537375450134,0.37872165143489833,0.0
gait_08_gallop__vx_pos_1p5__seed_4242,1,joint_front_left_thigh_pitch,fl,thigh,17.0,robot.actuators['thigh_legs'].effort_limit,0.7734889150831548,124.41386757704605,0.5584905484143425,0.5839060581431669,0.0,0.29862897396087645,0.30727154612541197,0.0
gait_08_gallop__vx_pos_1p5__seed_4242,2,joint_front_left_calf_pitch,fl,calf,37.0,robot.actuators['calf_legs'].effort_limit,0.31622729027964136,327.31120484769343,0.2671423641411034,0.32520764995265644,0.0,0.4272285670042038,0.4324987173080444,0.0
gait_08_gallop__vx_pos_1p5__seed_4242,3,joint_front_right_abad,fr,hip,17.0,robot.actuators['hip_legs'].effort_limit,0.24958004704351644,15.508405492274324,0.32981432045207293,0.4275060844421386,0.0,0.3333791673183441,0.3394811296463013,0.0
gait_08_gallop__vx_pos_1p5__seed_4242,4,joint_front_right_thigh_pitch,fr,thigh,17.0,robot.actuators['thigh_legs'].effort_limit,1.6105846355631792,189.00234347576276,0.7028355794794418,0.758874428132001,0.0,0.2840454876422882,0.28803526878356933,0.0
gait_08_gallop__vx_pos_1p5__seed_4242,5,joint_front_right_calf_pitch,fr,calf,37.0,robot.actuators['calf_legs'].effort_limit,0.5197883759510648,618.9990653480589,0.35776572227478026,0.46276537560127873,0.0,0.5409315705299378,0.5535718429088593,0.0
gait_08_gallop__vx_pos_1p5__seed_4242,6,joint_rear_left_abad,rl,hip,17.0,robot.actuators['hip_legs'].effort_limit,0.47354928001262253,11.503658317901428,0.3810489472220925,0.3984924383724437,0.0,0.3411197841167449,0.36346304595470424,0.0
gait_08_gallop__vx_pos_1p5__seed_4242,7,joint_rear_left_thigh_pitch,rl,thigh,20.0,robot.actuators['thigh_legs'].effort_limit,1.1802730269664552,179.0166285247728,0.6671128320693969,0.7368161592483519,0.0,0.3911982893943787,0.39549747467041013,0.0
gait_08_gallop__vx_pos_1p5__seed_4242,8,joint_rear_left_calf_pitch,rl,calf,37.0,robot.actuators['calf_legs'].effort_limit,0.38388036291029076,415.3509491515905,0.3822800636291503,0.4160500714585587,0.0,0.5855334103107452,0.6012097883224488,0.0
gait_08_gallop__vx_pos_1p5__seed_4242,9,joint_rear_right_abad,rr,hip,17.0,robot.actuators['hip_legs'].effort_limit,0.1853682751915275,10.059968847345008,0.30055394172668454,0.31569949514725626,0.0,0.3455168783664703,0.35960320830345155,0.0
gait_08_gallop__vx_pos_1p5__seed_4242,10,joint_rear_right_thigh_pitch,rr,thigh,20.0,robot.actuators['thigh_legs'].effort_limit,0.7819821735519316,150.26668807446956,0.5524685811996458,0.5975874404907227,0.0,0.26720770001411437,0.2713857704401016,0.0
gait_08_gallop__vx_pos_1p5__seed_4242,11,joint_rear_right_calf_pitch,rr,calf,37.0,robot.actuators['calf_legs'].effort_limit,0.22555198340176283,211.08949044674637,0.33374303740424066,0.40116740149420643,0.0,0.40054090023040767,0.4123767137527466,0.0
gait_09_gallop__vx_neg_1p5__seed_4242,0,joint_front_left_abad,fl,hip,17.0,robot.actuators['hip_legs'].effort_limit,0.19684320557093837,10.972664762001951,0.28342988491058346,0.2963521993861479,0.0,0.34287061095237725,0.3847876566648483,0.0
gait_09_gallop__vx_neg_1p5__seed_4242,1,joint_front_left_thigh_pitch,fl,thigh,17.0,robot.actuators['thigh_legs'].effort_limit,1.719046927292206,201.15182113120332,0.7628100451301125,0.797623966441435,0.0,0.3863320410251617,0.39377916336059565,0.0
gait_09_gallop__vx_neg_1p5__seed_4242,2,joint_front_left_calf_pitch,fl,calf,37.0,robot.actuators['calf_legs'].effort_limit,0.14164475177920696,146.78548910215497,0.23315261247995736,0.2551686359096217,0.0,0.5291857600212097,0.5376678907871246,0.0
gait_09_gallop__vx_neg_1p5__seed_4242,3,joint_front_right_abad,fr,hip,17.0,robot.actuators['hip_legs'].effort_limit,0.16315789398439168,13.903865225166083,0.22477602467817392,0.2690447857800652,0.0,0.4364823639392853,0.45154765725135804,0.0
gait_09_gallop__vx_neg_1p5__seed_4242,4,joint_front_right_thigh_pitch,fr,thigh,17.0,robot.actuators['thigh_legs'].effort_limit,1.124699103208727,134.69847539475188,0.6120285679312312,0.7119420158161832,0.0,0.2779615402221679,0.2851021754741669,0.0
gait_09_gallop__vx_neg_1p5__seed_4242,5,joint_front_right_calf_pitch,fr,calf,37.0,robot.actuators['calf_legs'].effort_limit,0.3439193446949294,194.89003902234137,0.40664360458786414,0.46569219022183783,0.0,0.41457551717758173,0.42579831421375275,0.0
gait_09_gallop__vx_neg_1p5__seed_4242,6,joint_rear_left_abad,rl,hip,17.0,robot.actuators['hip_legs'].effort_limit,0.16190234522735455,9.759637005245313,0.22235111138399907,0.24163617947522328,0.0,0.460099172592163,0.49859882354736323,0.0
gait_09_gallop__vx_neg_1p5__seed_4242,7,joint_rear_left_thigh_pitch,rl,thigh,20.0,robot.actuators['thigh_legs'].effort_limit,0.991723594504348,147.61145460367203,0.5556280779838557,0.6112855286598206,0.0,0.33782011568546294,0.34523069381713867,0.0
gait_09_gallop__vx_neg_1p5__seed_4242,8,joint_rear_left_calf_pitch,rl,calf,37.0,robot.actuators['calf_legs'].effort_limit,0.6343457857087413,302.09615816876294,0.519849377709466,0.5406694468936405,0.0,0.6370971977710722,0.6605330455303191,0.0
gait_09_gallop__vx_neg_1p5__seed_4242,9,joint_rear_right_abad,rr,hip,17.0,robot.actuators['hip_legs'].effort_limit,0.06969176870390138,9.92410421969369,0.17919860797769882,0.21061724999371692,0.0,0.3298324286937713,0.3523316955566406,0.0
gait_09_gallop__vx_neg_1p5__seed_4242,10,joint_rear_right_thigh_pitch,rr,thigh,20.0,robot.actuators['thigh_legs'].effort_limit,0.5327476055013494,92.78528602978214,0.4120677423477172,0.43738511848449707,0.0,0.36763537824153897,0.3772911792993546,0.0
gait_09_gallop__vx_neg_1p5__seed_4242,11,joint_rear_right_calf_pitch,rr,calf,37.0,robot.actuators['calf_legs'].effort_limit,0.08180281973318483,51.805505452500654,0.22110654470082863,0.3310820399103936,0.0,0.4795796811580657,0.4959421300888061,0.0
gait_09_gallop__vx_neg_1p0__seed_4242,0,joint_front_left_abad,fl,hip,17.0,robot.actuators['hip_legs'].effort_limit,0.11699633447459458,10.672013772857609,0.20049603125628299,0.21422128579195807,0.0,0.3262324184179306,0.3563320976495742,0.0
gait_09_gallop__vx_neg_1p0__seed_4242,1,joint_front_left_thigh_pitch,fl,thigh,17.0,robot.actuators['thigh_legs'].effort_limit,1.0482591496370954,117.83885377459228,0.6029795113731833,0.6227000735787783,0.0,0.4107972919940948,0.4186314523220062,0.0
gait_09_gallop__vx_neg_1p0__seed_4242,2,joint_front_left_calf_pitch,fl,calf,37.0,robot.actuators['calf_legs'].effort_limit,0.10260592272920026,98.07510211579502,0.19938157442453744,0.21855945896457982,0.0,0.5332523494958877,0.5377159309387207,0.0
gait_09_gallop__vx_neg_1p0__seed_4242,3,joint_front_right_abad,fr,hip,17.0,robot.actuators['hip_legs'].effort_limit,0.17126869178191328,10.10701149995788,0.24184424175935632,0.2498446402830236,0.0,0.48015772700309756,0.5009685122966766,0.0
gait_09_gallop__vx_neg_1p0__seed_4242,4,joint_front_right_thigh_pitch,fr,thigh,17.0,robot.actuators['thigh_legs'].effort_limit,0.8674634512583009,91.01804951032624,0.6081385949078728,0.7101274720360249,0.0,0.326737517118454,0.3292959702014923,0.0
gait_09_gallop__vx_neg_1p0__seed_4242,5,joint_front_right_calf_pitch,fr,calf,37.0,robot.actuators['calf_legs'].effort_limit,0.31609903048066135,176.53340254604817,0.4012094007956014,0.45404735101235877,0.0,0.4162628948688507,0.42032058954238893,0.0
gait_09_gallop__vx_neg_1p0__seed_4242,6,joint_rear_left_abad,rl,hip,17.0,robot.actuators['hip_legs'].effort_limit,0.13019684584153204,6.342947512269675,0.2029277016134822,0.28474780026604124,0.0,0.4576222032308577,0.5172366690635681,0.0
gait_09_gallop__vx_neg_1p0__seed_4242,7,joint_rear_left_thigh_pitch,rl,thigh,20.0,robot.actuators['thigh_legs'].effort_limit,0.6894523537763988,77.93860434890259,0.5886550450325012,0.6041879453659057,0.0,0.3232100039720535,0.3281246417760849,0.0
gait_09_gallop__vx_neg_1p0__seed_4242,8,joint_rear_left_calf_pitch,rl,calf,37.0,robot.actuators['calf_legs'].effort_limit,0.4287556462292444,224.08187841482462,0.4138351131129909,0.4316737473977579,0.0,0.5831927001476288,0.5907877194881439,0.0
gait_09_gallop__vx_neg_1p0__seed_4242,9,joint_rear_right_abad,rr,hip,17.0,robot.actuators['hip_legs'].effort_limit,0.038278750731312254,3.9824974532879422,0.1407794068841373,0.16444071881911335,0.0,0.2909128248691559,0.29877752661705015,0.0
gait_09_gallop__vx_neg_1p0__seed_4242,10,joint_rear_right_thigh_pitch,rr,thigh,20.0,robot.actuators['thigh_legs'].effort_limit,0.5982444497933814,67.13291821596212,0.43236103057861325,0.44584176301956174,0.0,0.3794671356678009,0.38343765795230866,0.0
gait_09_gallop__vx_neg_1p0__seed_4242,11,joint_rear_right_calf_pitch,rr,calf,37.0,robot.actuators['calf_legs'].effort_limit,0.08443958748619677,53.13882420354057,0.223987173389744,0.2825525095656101,0.0,0.43595502972602845,0.4437926113605499,0.0
gait_09_gallop__vx_neg_0p5__seed_4242,0,joint_front_left_abad,fl,hip,17.0,robot.actuators['hip_legs'].effort_limit,0.09189873799261157,9.1993708764459,0.18990557684617884,0.20007072126164155,0.0,0.3246929794549942,0.340830534696579,0.0
gait_09_gallop__vx_neg_0p5__seed_4242,1,joint_front_left_thigh_pitch,fl,thigh,17.0,robot.actuators['thigh_legs'].effort_limit,0.4670032469410618,51.9530417201668,0.3692404592738432,0.37882879902334776,0.0,0.3993414640426636,0.4015675485134125,0.0
gait_09_gallop__vx_neg_0p5__seed_4242,2,joint_front_left_calf_pitch,fl,calf,37.0,robot.actuators['calf_legs'].effort_limit,0.06732628928290386,65.23823776811129,0.14356763298447067,0.15145296341664083,0.0,0.5635321885347366,0.5670485645532608,0.0
gait_09_gallop__vx_neg_0p5__seed_4242,3,joint_front_right_abad,fr,hip,17.0,robot.actuators['hip_legs'].effort_limit,0.17910371509595496,6.709532057651959,0.24833339803359086,0.2790084235808429,0.0,0.500919908285141,0.5088649392127991,0.0
gait_09_gallop__vx_neg_0p5__seed_4242,4,joint_front_right_thigh_pitch,fr,thigh,17.0,robot.actuators['thigh_legs'].effort_limit,0.8081404487728675,42.48304526939988,0.5840404173907112,0.6333396995768827,0.0,0.35593849420547485,0.3590637743473053,0.0
gait_09_gallop__vx_neg_0p5__seed_4242,5,joint_front_right_calf_pitch,fr,calf,37.0,robot.actuators['calf_legs'].effort_limit,0.2539302757336802,120.25231094963848,0.3460857030507681,0.38566071922714645,0.0,0.46008092164993286,0.4661732316017151,0.0
gait_09_gallop__vx_neg_0p5__seed_4242,6,joint_rear_left_abad,rl,hip,17.0,robot.actuators['hip_legs'].effort_limit,0.22599400943172787,6.13984051108142,0.3410247844808242,0.4017094864564783,0.0,0.4693569093942642,0.522846907377243,0.0
gait_09_gallop__vx_neg_0p5__seed_4242,7,joint_rear_left_thigh_pitch,rl,thigh,20.0,robot.actuators['thigh_legs'].effort_limit,0.3572039792771131,38.31487888976211,0.43688579797744753,0.45850242376327516,0.0,0.3239831030368805,0.3268396258354187,0.0
gait_09_gallop__vx_neg_0p5__seed_4242,8,joint_rear_left_calf_pitch,rl,calf,37.0,robot.actuators['calf_legs'].effort_limit,0.21420379410168786,120.08509268756025,0.2839740289224161,0.2913316778234533,0.0,0.5967276990413666,0.6017101109027863,0.0
gait_09_gallop__vx_neg_0p5__seed_4242,9,joint_rear_right_abad,rr,hip,17.0,robot.actuators['hip_legs'].effort_limit,0.08010889857164996,4.758254047489027,0.18348239449893727,0.21938972262775197,0.0,0.3355710208415985,0.3410728871822357,0.0
gait_09_gallop__vx_neg_0p5__seed_4242,10,joint_rear_right_thigh_pitch,rr,thigh,20.0,robot.actuators['thigh_legs'].effort_limit,0.7842317170433447,40.05334293268621,0.4864024639129638,0.499803113937378,0.0,0.37161780893802643,0.37559036910533905,0.0
gait_09_gallop__vx_neg_0p5__seed_4242,11,joint_rear_right_calf_pitch,rr,calf,37.0,robot.actuators['calf_legs'].effort_limit,0.11714140263460739,50.06709068472148,0.25664535084286255,0.27768988222689245,0.0,0.4905093312263489,0.494314044713974,0.0
gait_09_gallop__vx_pos_0p5__seed_4242,0,joint_front_left_abad,fl,hip,17.0,robot.actuators['hip_legs'].effort_limit,0.12070761684359615,6.7363095677574165,0.22512785476796768,0.25866974101347084,0.0,0.4274187535047531,0.44437290728092194,0.0
gait_09_gallop__vx_pos_0p5__seed_4242,1,joint_front_left_thigh_pitch,fl,thigh,17.0,robot.actuators['thigh_legs'].effort_limit,0.5458351608181886,47.106400860012506,0.509094098035027,0.5330831022823559,0.0,0.3371244966983795,0.34092020988464355,0.0
gait_09_gallop__vx_pos_0p5__seed_4242,2,joint_front_left_calf_pitch,fl,calf,37.0,robot.actuators['calf_legs'].effort_limit,0.22529183729817995,185.34283544907348,0.27439361649590566,0.2900600819974333,0.0,0.5948425531387329,0.6025180667638779,0.0
gait_09_gallop__vx_pos_0p5__seed_4242,3,joint_front_right_abad,fr,hip,17.0,robot.actuators['hip_legs'].effort_limit,0.06252012246734039,5.154231620109331,0.13492311449611888,0.15663298087961536,0.0,0.3438132107257843,0.3532135784626007,0.0
gait_09_gallop__vx_pos_0p5__seed_4242,4,joint_front_right_thigh_pitch,fr,thigh,17.0,robot.actuators['thigh_legs'].effort_limit,0.7354750907128863,30.752920028930532,0.4508436778012444,0.49025914248298197,0.0,0.35632726550102234,0.3592863976955414,0.0
gait_09_gallop__vx_pos_0p5__seed_4242,5,joint_front_right_calf_pitch,fr,calf,37.0,robot.actuators['calf_legs'].effort_limit,0.16341348144419243,74.849641611673,0.30935424727362554,0.4017343714430526,0.0,0.4243942052125931,0.4276762306690216,0.0
gait_09_gallop__vx_pos_0p5__seed_4242,6,joint_rear_left_abad,rl,hip,17.0,robot.actuators['hip_legs'].effort_limit,0.17167805412834752,10.36709819712385,0.2162440068581525,0.2619761579176959,0.0,0.32800495624542236,0.35446904599666595,0.0
gait_09_gallop__vx_pos_0p5__seed_4242,7,joint_rear_left_thigh_pitch,rl,thigh,20.0,robot.actuators['thigh_legs'].effort_limit,0.35524756181451367,42.90001310113785,0.3846035897731781,0.4310657262802124,0.0,0.3952857702970505,0.39804038405418396,0.0
gait_09_gallop__vx_pos_0p5__seed_4242,8,joint_rear_left_calf_pitch,rl,calf,37.0,robot.actuators['calf_legs'].effort_limit,0.14443620899417176,100.09509484071285,0.20994359415930672,0.22404561171660553,0.0,0.5922307372093201,0.5993306934833527,0.0
gait_09_gallop__vx_pos_0p5__seed_4242,9,joint_rear_right_abad,rr,hip,17.0,robot.actuators['hip_legs'].effort_limit,0.17407126073842188,8.01726636730862,0.32563838538001566,0.3528389229493982,0.0,0.5034505128860474,0.5176003277301788,0.0
gait_09_gallop__vx_pos_0p5__seed_4242,10,joint_rear_right_thigh_pitch,rr,thigh,20.0,robot.actuators['thigh_legs'].effort_limit,0.4097102441491529,33.23963332124055,0.3699613153934479,0.4059455513954162,0.0,0.3121415972709656,0.3164336234331131,0.0
gait_09_gallop__vx_pos_0p5__seed_4242,11,joint_rear_right_calf_pitch,rr,calf,37.0,robot.actuators['calf_legs'].effort_limit,0.2040648998823371,132.72853118093684,0.3017147360621272,0.33341058524879247,0.0,0.5060921013355255,0.5103064477443695,0.0
gait_09_gallop__vx_pos_1p0__seed_4242,0,joint_front_left_abad,fl,hip,17.0,robot.actuators['hip_legs'].effort_limit,0.10164400717651428,5.318409876356018,0.1886804945328656,0.2576426382625804,0.0,0.406704917550087,0.47082439124584197,0.0
gait_09_gallop__vx_pos_1p0__seed_4242,1,joint_front_left_thigh_pitch,fl,thigh,17.0,robot.actuators['thigh_legs'].effort_limit,0.5478135842483897,60.0987960562855,0.46827356955584354,0.5025741694955264,0.0,0.305370008945465,0.3307115292549133,0.0
gait_09_gallop__vx_pos_1p0__seed_4242,2,joint_front_left_calf_pitch,fl,calf,37.0,robot.actuators['calf_legs'].effort_limit,0.5155032116748045,373.57659029786475,0.42504882554750184,0.4377652266218855,0.0,0.6033361673355102,0.6138693451881408,0.0
gait_09_gallop__vx_pos_1p0__seed_4242,3,joint_front_right_abad,fr,hip,17.0,robot.actuators['hip_legs'].effort_limit,0.08089120137529537,6.779939466227952,0.161794955590192,0.1862985117295209,0.0,0.35715795755386337,0.37223399162292475,0.0
gait_09_gallop__vx_pos_1p0__seed_4242,4,joint_front_right_thigh_pitch,fr,thigh,17.0,robot.actuators['thigh_legs'].effort_limit,0.4624757886641724,57.55952475827886,0.3838314841775333,0.4075969752143411,0.0,0.3465871691703796,0.3519111132621765,0.0
gait_09_gallop__vx_pos_1p0__seed_4242,5,joint_front_right_calf_pitch,fr,calf,37.0,robot.actuators['calf_legs'].effort_limit,0.13516500301835005,85.67161785406526,0.28755714571153784,0.5063213817493335,0.0,0.42332130074501034,0.43972901403903963,0.0
gait_09_gallop__vx_pos_1p0__seed_4242,6,joint_rear_left_abad,rl,hip,17.0,robot.actuators['hip_legs'].effort_limit,0.12647462930594564,12.423052502061473,0.23360097478417782,0.2529959311204798,0.0,0.35938366651535025,0.37011873483657837,0.0
gait_09_gallop__vx_pos_1p0__seed_4242,7,joint_rear_left_thigh_pitch,rl,thigh,20.0,robot.actuators['thigh_legs'].effort_limit,0.5147479061578083,81.19549486983567,0.437944004535675,0.4575538897514343,0.0,0.38788938224315644,0.3924896782636642,0.0
gait_09_gallop__vx_pos_1p0__seed_4242,8,joint_rear_left_calf_pitch,rl,calf,37.0,robot.actuators['calf_legs'].effort_limit,0.24193141703177687,176.70925947204233,0.2845311963880384,0.31817196871783276,0.0,0.5774092972278595,0.5975075531005859,0.0
gait_09_gallop__vx_pos_1p0__seed_4242,9,joint_rear_right_abad,rr,hip,17.0,robot.actuators['hip_legs'].effort_limit,0.1562633256599912,9.003855011588458,0.25180566310882563,0.2915349096410413,0.0,0.47064706087112423,0.505012320280075,0.0
gait_09_gallop__vx_pos_1p0__seed_4242,10,joint_rear_right_thigh_pitch,rr,thigh,20.0,robot.actuators['thigh_legs'].effort_limit,0.6161352227685185,70.898605229049,0.489282705783844,0.5511316814422605,0.0,0.30068668425083156,0.3046683192253113,0.0
gait_09_gallop__vx_pos_1p0__seed_4242,11,joint_rear_right_calf_pitch,rr,calf,37.0,robot.actuators['calf_legs'].effort_limit,0.2052441881582508,163.34199775743647,0.3450221100369014,0.4152996181797337,0.0,0.45235649347305296,0.4657971084117889,0.0
gait_09_gallop__vx_pos_1p5__seed_4242,0,joint_front_left_abad,fl,hip,17.0,robot.actuators['hip_legs'].effort_limit,0.11410418836240961,7.2514688208117155,0.18296528563779932,0.2521320236430447,0.0,0.37939687967300395,0.4376063573360442,0.0
gait_09_gallop__vx_pos_1p5__seed_4242,1,joint_front_left_thigh_pitch,fl,thigh,17.0,robot.actuators['thigh_legs'].effort_limit,0.9397991517566773,118.23649058356881,0.5051841735839844,0.5200773974025951,0.0,0.2728200376033783,0.27777585506439206,0.0
gait_09_gallop__vx_pos_1p5__seed_4242,2,joint_front_left_calf_pitch,fl,calf,37.0,robot.actuators['calf_legs'].effort_limit,0.8427252553883908,476.1693387981504,0.5544739027281065,0.5811306159560745,0.0,0.6074206799268722,0.6175744140148163,0.0
gait_09_gallop__vx_pos_1p5__seed_4242,3,joint_front_right_abad,fr,hip,17.0,robot.actuators['hip_legs'].effort_limit,0.17239601482598885,13.860584555049137,0.24129314843346092,0.25498580567977003,0.0,0.38742743134498564,0.4121252858638763,0.0
gait_09_gallop__vx_pos_1p5__seed_4242,4,joint_front_right_thigh_pitch,fr,thigh,17.0,robot.actuators['thigh_legs'].effort_limit,0.5056283274571366,88.19562869201414,0.4733057414784149,0.5089524504717658,0.0,0.3283424377441406,0.3332713496685028,0.0
gait_09_gallop__vx_pos_1p5__seed_4242,5,joint_front_right_calf_pitch,fr,calf,37.0,robot.actuators['calf_legs'].effort_limit,0.13124094021507562,78.13511119456962,0.2769158440667226,0.506732562297099,0.0,0.45355201065540307,0.46849067509174347,0.0
gait_09_gallop__vx_pos_1p5__seed_4242,6,joint_rear_left_abad,rl,hip,17.0,robot.actuators['hip_legs'].effort_limit,0.18232437008962002,14.371685260348022,0.23534262601067032,0.25674763230716463,0.0,0.3768224120140075,0.3876718121767044,0.0
gait_09_gallop__vx_pos_1p5__seed_4242,7,joint_rear_left_thigh_pitch,rl,thigh,20.0,robot.actuators['thigh_legs'].effort_limit,0.819960405059166,140.72543535925448,0.5998684978485107,0.6411465182304381,0.0,0.36297149360179903,0.36794342994689944,0.0
gait_09_gallop__vx_pos_1p5__seed_4242,8,joint_rear_left_calf_pitch,rl,calf,37.0,robot.actuators['calf_legs'].effort_limit,0.34189111823593094,307.3429602017999,0.346374951182185,0.3819022964786839,0.0,0.561303424835205,0.5732577443122864,0.0
gait_09_gallop__vx_pos_1p5__seed_4242,9,joint_rear_right_abad,rr,hip,17.0,robot.actuators['hip_legs'].effort_limit,0.14860866779400034,12.021238490222022,0.222273594491622,0.237933694895576,0.0,0.4485670089721679,0.466538450717926,0.0
gait_09_gallop__vx_pos_1p5__seed_4242,10,joint_rear_right_thigh_pitch,rr,thigh,20.0,robot.actuators['thigh_legs'].effort_limit,0.8951209238695081,145.54606325211935,0.5242208504676819,0.6142476768493652,0.0,0.26951303780078883,0.2830817151069641,0.0
gait_09_gallop__vx_pos_1p5__seed_4242,11,joint_rear_right_calf_pitch,rr,calf,37.0,robot.actuators['calf_legs'].effort_limit,0.22471223555084505,177.71020822801512,0.3553224292961326,0.45890152905438386,0.0,0.3826427638530731,0.3898336279392242,0.0
