cell_id,foot,contact_mean_force_n,vertical_impulse_ns,force_p95_n,force_p99_n,force_max_n,impact_event_count,impact_peak_mean_n,impact_peak_p95_n,impact_peak_max_n,impact_impulse_mean_ns,impact_impulse_p95_ns,impact_impulse_max_ns,agreement,agreement_boundary_excluded,false_swing_contact_fraction,missed_stance_contact_fraction,contact_precision,contact_recall,contact_f1,measured_duty_factor,commanded_duty_factor,sampled_desired_stance_fraction,desired_duty_factor,duty_factor_error,duty_factor_abs_error,touchdown_matched,touchdown_abs_error_mean_cycles,touchdown_abs_error_mean_s,touchdown_abs_error_median_cycles,touchdown_abs_error_median_s,touchdown_abs_error_p95_cycles,touchdown_abs_error_p95_s,touchdown_unmatched_expected,touchdown_unmatched_actual,touchdown_unmatched_fraction,touchdown_expected_unmatched_fraction,touchdown_actual_unmatched_fraction,touchdown_event_count,liftoff_matched,liftoff_abs_error_mean_cycles,liftoff_abs_error_mean_s,liftoff_abs_error_median_cycles,liftoff_abs_error_median_s,liftoff_abs_error_p95_cycles,liftoff_abs_error_p95_s,liftoff_unmatched_expected,liftoff_unmatched_actual,liftoff_unmatched_fraction,liftoff_expected_unmatched_fraction,liftoff_actual_unmatched_fraction,liftoff_event_count
gait_00_trot__vx_neg_1p5__seed_0042,fl,93.10678303099249,467.59904963970183,126.91583633422852,133.3424301147461,328.68695068359375,39,132.7720939440605,149.2906265258791,328.68695068359375,6.87916955409906,7.36416479492188,11.038490600585938,0.8125,0.835214446952596,0.24172185430463577,0.0,0.6588785046728972,1.0,0.7943661971830985,0.5229166666666667,0.333658903837204,0.33541666666666664,0.33541666666666664,0.18925776282946272,0.18925776282946272,39,0.049856576399925426,0.012269334989116901,0.04884842038154602,0.012021235243727852,0.08466804623603821,0.02083618044309888,0,0,0.0,0.0,0.0,39,38,0.13951698102449117,0.03433409793582033,0.13896942138671875,0.03419934755568073,0.17571582794189453,0.04324236663615668,0,1,0.02564102564102564,0.0,0.02564102564102564,39
gait_00_trot__vx_neg_1p5__seed_0042,fr,89.0954250497389,515.3953413915634,128.73536376953123,131.43705322265626,173.16465759277344,38,126.73783211959035,131.52838668823242,173.16465759277344,6.567525144878187,7.259596443176269,8.358466186523438,0.7291666666666666,0.753393665158371,0.36333333333333334,0.0,0.5657370517928287,1.0,0.7226463104325701,0.6020833333333333,0.333658903837204,0.33125,0.33125,0.2684244294961293,0.2684244294961293,38,0.1102330229784313,0.027127532282529884,0.1105063259601593,0.0271947901264991,0.14584034085273742,0.0358902300570302,1,0,0.02564102564102564,0.02564102564102564,0.0,38,38,0.15681081069143196,0.03858998160754277,0.15648937225341797,0.03851087798352461,0.19280834197998045,0.04744870801943251,1,1,0.05,0.02564102564102564,0.02564102564102564,39
gait_00_trot__vx_neg_1p5__seed_0042,rl,62.61011042571874,259.4226996088028,107.73573684692376,162.24674224853516,213.60366821289062,39,110.3284160907452,164.88482055664068,213.60366821289062,5.041898845770421,6.41700431060791,7.177388305664063,0.9,0.9389140271493213,0.09,0.0,0.8402366863905325,1.0,0.9131832797427653,0.43125,0.333658903837204,0.33125,0.33125,0.09759109616279604,0.09759109616279604,39,0.020290713279675215,0.004993394580475655,0.020500868558883667,0.0050451122415452136,0.03798654079437256,0.009348206951583,0,0,0.0,0.0,0.0,39,39,0.09564619797926682,0.023537822453544483,0.09601593017578125,0.02362881081461663,0.13155670166015626,0.032375132014363164,0,0,0.0,0.0,0.0,39
gait_00_trot__vx_neg_1p5__seed_0042,rr,68.79938170702562,253.666040378809,104.06077651977539,144.27659759521453,240.9068603515625,39,105.22083869347206,142.55049133300784,240.9068603515625,5.0554605493790055,5.98422640991211,7.857996978759766,0.9520833333333333,0.9864559819413092,0.019867549668874173,0.0,0.9591836734693877,1.0,0.9791666666666666,0.38333333333333336,0.333658903837204,0.33541666666666664,0.33541666666666664,0.04967442949612938,0.04967442949612938,39,0.02150349510021699,0.005291851223498587,0.020364075899124146,0.005011448578938722,0.04648410677909851,0.011439395139524515,0,0,0.0,0.0,0.0,39,38,0.06038545307360197,0.014860413725294013,0.06097602844238281,0.015005749958928866,0.09532270431518554,0.02345821305358023,0,0,0.0,0.0,0.0,38
gait_00_trot__vx_neg_1p0__seed_0042,fl,87.24795187296081,456.00959992170334,116.43206787109375,123.70493011474605,197.9971466064453,31,117.85328772760207,130.03556060791016,197.9971466064453,6.339199621139034,7.008303375244141,8.2468115234375,0.860655737704918,0.8946188340807175,0.17153284671532848,0.0,0.7853881278538812,1.0,0.8797953964194373,0.5348360655737705,0.39623603224754333,0.39549180327868855,0.39549180327868855,0.13860003332622717,0.13860003332622717,31,0.052638102923670126,0.01656812493584989,0.051098257303237915,0.016083450276160174,0.08069267868995667,0.025398452977727085,0,0,0.0,0.0,0.0,31,30,0.0861761728922526,0.02712441215905225,0.0866098403930664,0.027260911328570572,0.11322164535522461,0.035637119529327015,0,1,0.03225806451612903,0.0,0.03225806451612903,31
gait_00_trot__vx_neg_1p0__seed_0042,fr,90.80287089158482,503.1897394657135,117.22691192626954,119.82858764648438,120.11597442626953,30,117.39227040608723,120.02515411376953,120.11597442626953,6.452383613586425,6.750534950256347,6.776669464111328,0.8299180327868853,0.8561946902654868,0.23550724637681159,0.0,0.7302904564315352,1.0,0.8441247002398081,0.5676229508196722,0.39623603224754333,0.3975409836065574,0.3975409836065574,0.17138691857212884,0.17138691857212884,30,0.07053865393002828,0.022202419278181347,0.07082882523536682,0.02229375225130576,0.0995857298374176,0.03134514205739329,1,0,0.03225806451612903,0.03225806451612903,0.0,30,31,0.100318847164031,0.031575894664066455,0.10082626342773438,0.03173560665185808,0.12824535369873047,0.04036591222909288,0,0,0.0,0.0,0.0,31
gait_00_trot__vx_neg_1p0__seed_0042,rl,59.5241103044578,266.9289154195786,94.34838027954102,124.72170074462925,158.3858184814453,31,96.09285637640184,141.97607421875,158.3858184814453,4.696021534704394,5.874087333679199,6.191276092529297,0.9385245901639344,0.9734513274336283,0.043478260869565216,0.0,0.9361702127659575,1.0,0.967032967032967,0.45901639344262296,0.39623603224754333,0.3975409836065574,0.3975409836065574,0.06278036119507963,0.06278036119507963,31,0.01693009272698433,0.005328837399078563,0.01561775803565979,0.004915773023353546,0.034984201192855835,0.011011464774569251,0,0,0.0,0.0,0.0,31,31,0.06957331011372228,0.021898572139582895,0.07059288024902344,0.02221948730263553,0.09801483154296875,0.030850693402173262,0,0,0.0,0.0,0.0,31
gait_00_trot__vx_neg_1p0__seed_0042,rr,57.88510990142822,260.7564689803124,91.51073608398436,95.67355438232421,147.13584899902344,31,91.17890216458228,101.26931762695312,147.13584899902344,4.541621349703882,5.00704288482666,5.816125946044922,0.9344262295081968,0.9618834080717489,0.06204379562043796,0.0,0.91005291005291,1.0,0.9529085872576177,0.4610655737704918,0.39623603224754333,0.39549180327868855,0.39549180327868855,0.06482954152294845,0.06482954152294845,31,0.023442500060604464,0.0073786525015153955,0.02086678147315979,0.006567931275139581,0.048923879861831665,0.01539905332592904,0,0,0.0,0.0,0.0,31,30,0.043815358479817705,0.01379111884893238,0.04497528076171875,0.014156210602149248,0.07011060714721679,0.022067689259770665,0,0,0.0,0.0,0.0,30
gait_00_trot__vx_neg_0p5__seed_0042,fl,81.62612294251065,432.68535568118097,105.24813690185546,109.10021881103518,147.91363525390625,24,107.11790370941162,118.43183326721189,147.91363525390625,5.7232889048258455,6.427199851989745,7.008595123291016,0.9213250517598344,0.9594594594594594,0.07627118644067797,0.0,0.9203539823008849,1.0,0.9585253456221198,0.5486542443064182,0.4705493450164795,0.4699792960662526,0.4699792960662526,0.07810489928993869,0.07810489928993869,24,0.013086060682932535,0.005268267360311244,0.012835502624511719,0.005167396145281425,0.02622570991516113,0.01055810873070721,0,0,0.0,0.0,0.0,24,23,0.07283289536185887,0.029321518116776676,0.073455810546875,0.0295722951700837,0.0942037582397461,0.037925132457959,0,1,0.041666666666666664,0.0,0.041666666666666664,24
gait_00_trot__vx_neg_0p5__seed_0042,fr,80.88040314351811,440.4312301361561,103.08238372802734,107.13913230895999,108.86915588378906,24,99.98435648282369,108.3307933807373,108.86915588378906,5.277669001420339,6.007538810729981,6.128644409179688,0.9089026915113871,0.9436936936936937,0.1059322033898305,0.0,0.8927038626609443,1.0,0.9433106575963719,0.5631469979296067,0.4705493450164795,0.4720496894409938,0.4720496894409938,0.09259765291312716,0.09259765291312716,20,0.03276271820068359,0.013189818014282421,0.03443741798400879,0.013864029025570145,0.06994028091430665,0.028156991476618296,4,4,0.2857142857142857,0.16666666666666666,0.16666666666666666,24,24,0.05690300464630127,0.022908364048222375,0.0575261116027832,0.02315921830607387,0.07807607650756836,0.03143235045688397,0,0,0.0,0.0,0.0,24
gait_00_trot__vx_neg_0p5__seed_0042,rl,55.2780263699018,287.74606023788454,81.59006309509277,84.8447164916993,88.47002410888672,23,78.56977744724439,87.24410400390624,88.47002410888672,4.241436808212944,4.7434832305908206,4.7763441467285155,0.9337474120082816,0.9707207207207207,0.05508474576271186,0.0,0.9411764705882353,1.0,0.9696969696969697,0.5383022774327122,0.4705493450164795,0.4720496894409938,0.4720496894409938,0.0677529324162327,0.0677529324162327,22,0.012452732432972301,0.005013298150824067,0.011289596557617188,0.004545035706058512,0.026203250885009764,0.010549067035245335,2,1,0.12,0.08333333333333333,0.043478260869565216,23,24,0.0610429048538208,0.02457503071488904,0.06156635284423828,0.02478576364892882,0.08261651992797851,0.033260270291023575,0,0,0.0,0.0,0.0,24
gait_00_trot__vx_neg_0p5__seed_0042,rr,52.56699276666571,288.09408755779265,69.87769927978515,72.9211840057373,74.20064544677734,24,68.38636763890584,73.15141487121582,74.20064544677734,3.377142462730408,3.881274005889893,3.890833282470703,0.9026915113871635,0.9391891891891891,0.11440677966101695,0.0,0.8851063829787233,1.0,0.9390519187358917,0.567287784679089,0.4705493450164795,0.4699792960662526,0.4699792960662526,0.09673843966260953,0.09673843966260953,24,0.04292607307434082,0.01728144436765722,0.04323315620422363,0.017405071796053138,0.06473126411437988,0.026059913230438454,0,0,0.0,0.0,0.0,24,23,0.05339344688083814,0.02149546454600389,0.052771568298339844,0.02124510481455886,0.07495098114013672,0.030174230208093376,0,1,0.041666666666666664,0.0,0.041666666666666664,24
gait_00_trot__vx_pos_0p5__seed_0042,fl,71.42244808682788,381.6322338199615,79.1759048461914,80.0475274658203,80.50740051269531,24,76.35970115661621,79.60250663757324,79.84525299072266,4.284074405034382,4.590322036743164,4.604459228515625,0.917184265010352,0.954954954954955,0.0847457627118644,0.0,0.9122807017543859,1.0,0.9541284403669724,0.5527950310559007,0.4705493450164795,0.4699792960662526,0.4699792960662526,0.08224568603942117,0.08224568603942117,24,0.030506213506062824,0.01228138037830505,0.030397653579711914,0.01223767565077171,0.05189509391784668,0.02089224832987791,0,0,0.0,0.0,0.0,24,23,0.0512334160182787,0.020625865942863628,0.05110931396484375,0.02057590416954619,0.0731464385986328,0.029447746295016505,0,1,0.041666666666666664,0.0,0.041666666666666664,24
gait_00_trot__vx_pos_0p5__seed_0042,fr,74.23032522030628,414.2052147293091,87.1763557434082,87.91612884521484,88.10232543945312,24,73.05862538019817,77.40618438720703,78.13092803955078,3.928233397801717,4.502359390258789,4.5258447265625,0.8944099378881988,0.9279279279279279,0.13559322033898305,0.0,0.8666666666666667,1.0,0.9285714285714286,0.577639751552795,0.4705493450164795,0.4720496894409938,0.4720496894409938,0.10709040653631552,0.10709040653631552,24,0.056484738985697426,0.02273997606798229,0.056899309158325195,0.022906876295784383,0.07745122909545898,0.0311807955156262,0,0,0.0,0.0,0.0,24,24,0.05069315433502197,0.020408364048222376,0.05110931396484375,0.02057590416954619,0.07165813446044922,0.028848575597020656,0,0,0.0,0.0,0.0,24
gait_00_trot__vx_pos_0p5__seed_0042,rl,67.04194622470024,356.81714978933337,74.83971786499023,75.49279823303223,75.69361877441406,23,65.44327644679858,72.18932037353515,73.690185546875,3.5744616234820827,4.010471145629883,4.057586288452148,0.9213250517598344,0.9572072072072072,0.08050847457627118,0.0,0.9162995594713657,1.0,0.9563218390804598,0.5507246376811594,0.4705493450164795,0.4720496894409938,0.4720496894409938,0.08017529266467993,0.08017529266467993,20,0.016253852844238283,0.006543576748828995,0.013639688491821289,0.005491150272594641,0.03927655220031739,0.01581219765031099,4,3,0.25925925925925924,0.16666666666666666,0.13043478260869565,23,24,0.06311293443044026,0.02540839604289846,0.06311321258544922,0.025408508024264764,0.08449563980102538,0.034016778008139445,0,0,0.0,0.0,0.0,24
gait_00_trot__vx_pos_0p5__seed_0042,rr,59.84500511802921,331.54132835388185,68.23873596191406,73.0501596069336,74.8031997680664,24,66.89431683222453,74.16865997314453,74.8031997680664,3.435766216913859,3.742144618988037,3.7748338317871095,0.8964803312629399,0.9324324324324325,0.1271186440677966,0.0,0.8739495798319328,1.0,0.9327354260089686,0.5734989648033126,0.4705493450164795,0.4699792960662526,0.4699792960662526,0.10294961978683315,0.10294961978683315,24,0.05741600195566813,0.023114889682356855,0.05773282051086426,0.023242436458573292,0.07878284454345702,0.03171688551025109,0,0,0.0,0.0,0.0,24,23,0.04475332343060037,0.01801707013344284,0.04469108581542969,0.01799201412884896,0.06672649383544921,0.02686316516931582,0,1,0.041666666666666664,0.0,0.041666666666666664,24
gait_00_trot__vx_pos_1p0__seed_0042,fl,69.36756819397655,372.09502126693724,81.56778869628906,82.4208625793457,83.45498657226562,31,72.71681631765058,77.49319458007812,80.43263244628906,3.7993173303911765,4.2971149444580075,4.426219787597656,0.8463114754098361,0.8789237668161435,0.19708029197080293,0.0,0.7610619469026548,1.0,0.8643216080402011,0.5491803278688525,0.39623603224754333,0.39549180327868855,0.39549180327868855,0.15294429562130918,0.15294429562130918,31,0.08133410157695893,0.025600344268223958,0.08132973313331604,0.025598969277180767,0.12233009934425354,0.03850405422645135,0,0,0.0,0.0,0.0,31,30,0.07134984334309896,0.02245774549238559,0.06995677947998047,0.022019271177282827,0.09807748794555664,0.030870414840607555,0,1,0.03225806451612903,0.0,0.03225806451612903,31
gait_00_trot__vx_pos_1p0__seed_0042,fr,73.62895369703752,403.4866662597656,85.15253677368163,86.28485733032227,88.70733642578125,30,74.25663808186849,79.82606124877928,82.55074310302734,4.124964171091716,4.470010795593262,4.509326477050782,0.8360655737704918,0.8628318584070797,0.2246376811594203,0.0,0.7394957983193278,1.0,0.8502415458937198,0.5614754098360656,0.39623603224754333,0.3975409836065574,0.3975409836065574,0.16523937758852225,0.16523937758852225,27,0.075910531812244,0.023893246624709003,0.07480660080909729,0.023545778426487366,0.10142078995704651,0.03192273706249625,4,3,0.20588235294117646,0.12903225806451613,0.1,30,31,0.0859709708921371,0.027059823730021478,0.08597564697265625,0.027061295551419826,0.1146697998046875,0.03609293390166297,0,0,0.0,0.0,0.0,31
gait_00_trot__vx_pos_1p0__seed_0042,rl,69.4580749058895,386.53800292968754,78.59424018859863,79.22482872009277,79.2831802368164,31,72.08010470482611,75.57898330688477,75.90428924560547,3.8282504069420598,4.187854766845703,4.283073272705078,0.8278688524590164,0.8539823008849557,0.2391304347826087,0.0,0.7272727272727273,1.0,0.8421052631578948,0.569672131147541,0.39623603224754333,0.3975409836065574,0.3975409836065574,0.17343609889999767,0.17343609889999767,31,0.06096503330815223,0.019189070890955465,0.05942574143409729,0.018704570525905028,0.08902111649513245,0.028019873401572915,0,0,0.0,0.0,0.0,31,31,0.11261718503890498,0.035446862406001936,0.11313247680664062,0.035609053250885515,0.1396493911743164,0.04395539412859459,0,0,0.0,0.0,0.0,31
gait_00_trot__vx_pos_1p0__seed_0042,rr,65.79610915476665,364.61860231518745,71.99531860351563,78.40804992675781,95.5379409790039,31,72.48026644799018,78.92281723022461,95.5379409790039,3.943382351783014,4.141886787414551,4.4451545715332035,0.8278688524590164,0.8587443946188341,0.22992700729927007,0.0,0.7319148936170212,1.0,0.8452088452088452,0.5676229508196722,0.39623603224754333,0.39549180327868855,0.39549180327868855,0.17138691857212884,0.17138691857212884,31,0.08953274738404059,0.02818091196523016,0.09055939316749573,0.028504054226451345,0.11617699265480042,0.036567330926937626,0,0,0.0,0.0,0.0,31,30,0.08194007873535156,0.02579107882571892,0.08135986328125,0.02560845290268356,0.11014404296875,0.03466842768805908,0,1,0.03225806451612903,0.0,0.03225806451612903,31
gait_00_trot__vx_pos_1p5__seed_0042,fl,70.26893217988716,362.8043833732605,81.69004020690917,83.19270111083985,109.9094009399414,39,74.61138857327975,80.08772048950195,80.81238555908203,4.022027991857284,4.347443710327149,4.373032684326172,0.7979166666666667,0.8194130925507901,0.26490066225165565,0.0,0.6380090497737556,1.0,0.7790055248618785,0.5375,0.333658903837204,0.33541666666666664,0.33541666666666664,0.203841096162796,0.203841096162796,39,0.1040367705699725,0.025602680357947733,0.10208633542060852,0.02512269268229717,0.14745624661445617,0.03628789252270647,0,0,0.0,0.0,0.0,39,38,0.09888167130319696,0.024334048526935874,0.09974479675292969,0.024546457321223215,0.1340930938720703,0.032999319392616584,0,1,0.02564102564102564,0.0,0.02564102564102564,39
gait_00_trot__vx_pos_1p5__seed_0042,fr,73.19591110079897,373.2991466140747,84.41489334106446,86.24173187255859,86.78598022460938,39,75.22614190517328,83.49917831420899,85.83979034423828,4.100904465699807,4.498642578125,4.570787963867188,0.8,0.830316742081448,0.25,0.0,0.6543778801843319,1.0,0.7910863509749304,0.53125,0.333658903837204,0.33125,0.33125,0.19759109616279602,0.19759109616279602,39,0.07082083209967002,0.01742848338138506,0.07150962948799133,0.017597991328123168,0.10733097195625306,0.026413358973456317,0,0,0.0,0.0,0.0,39,39,0.12690392518654847,0.03123011811035468,0.12495613098144531,0.030750780351568918,0.16331806182861328,0.04019136802084067,0,0,0.0,0.0,0.0,39
gait_00_trot__vx_pos_1p5__seed_0042,rl,71.08359696739598,405.3640886807442,82.33796997070313,90.07047546386747,120.6884536743164,38,79.95943752088044,99.27658195495606,120.6884536743164,4.166488850242213,4.446739082336426,4.746340026855469,0.7375,0.7624434389140271,0.35,0.0,0.5748987854251012,1.0,0.7300771208226221,0.59375,0.333658903837204,0.33125,0.33125,0.260091096162796,0.260091096162796,38,0.1102330229784313,0.027127532282529884,0.1105063259601593,0.0271947901264991,0.14584034085273742,0.0358902300570302,1,0,0.02564102564102564,0.02564102564102564,0.0,38,39,0.1498264410556891,0.03687117985787281,0.14970779418945312,0.03684198174094675,0.18507347106933594,0.04554521345255697,0,0,0.0,0.0,0.0,39
gait_00_trot__vx_pos_1p5__seed_0042,rr,69.17971409029431,398.4751531600952,77.36123695373536,87.26198127746578,119.5015869140625,39,77.55624330960788,96.7709053039551,119.5015869140625,4.255389655675644,4.821543777465821,5.2530450439453125,0.7354166666666667,0.7516930022573364,0.36423841059602646,0.0,0.5617529880478087,1.0,0.7193877551020408,0.6,0.333658903837204,0.33541666666666664,0.33541666666666664,0.266341096162796,0.266341096162796,39,0.10195277210993645,0.02508982373863473,0.10163238644599915,0.025010979194536365,0.13745563626289367,0.03382681622427187,0,0,0.0,0.0,0.0,39,35,0.16204283578055245,0.039877544314916705,0.16208648681640625,0.0398882865122392,0.19352989196777343,0.047626276138843904,3,4,0.16666666666666666,0.07894736842105263,0.10256410256410256,39
gait_01_bound__vx_neg_1p5__seed_0042,fl,89.19572922266447,465.1256539618969,139.3278396606445,180.62408233642648,260.61248779296875,39,143.79187872470953,197.44012451171875,260.61248779296875,7.573746650891428,9.124818267822265,10.420112915039063,0.79375,0.8148984198645598,0.271523178807947,0.0,0.6322869955156951,1.0,0.7747252747252747,0.5416666666666666,0.333658903837204,0.33541666666666664,0.33541666666666664,0.20800776282946265,0.20800776282946265,39,0.10820442514541821,0.02662830934809126,0.10863998532295227,0.026735497488793447,0.1444632351398468,0.03555133451852895,0,0,0.0,0.0,0.0,39,38,0.09888172149658203,0.024334060879156988,0.09974479675292969,0.024546457321223215,0.1340930938720703,0.032999319392616584,0,1,0.02564102564102564,0.0,0.02564102564102564,39
gait_01_bound__vx_neg_1p5__seed_0042,fr,92.73502694292272,523.9739747089147,152.31927490234375,185.1766874694824,244.48484802246094,39,156.56259116148337,194.44151763916022,244.48484802246094,8.2544439071264,9.82430014038086,10.68342254638672,0.7479166666666667,0.7652370203160271,0.3443708609271523,0.0,0.5755102040816327,1.0,0.7305699481865285,0.5875,0.333658903837204,0.33541666666666664,0.33541666666666664,0.25384109616279604,0.25384109616279604,39,0.11653988101543525,0.02867960343487081,0.1161053478717804,0.028572668039616046,0.15187938809394838,0.03737639495177076,0,0,0.0,0.0,0.0,39,37,0.1353845854063292,0.03331714591448451,0.13687515258789062,0.0336839634818935,0.1697509765625,0.04177446079466779,1,2,0.075,0.02631578947368421,0.05128205128205128,39
gait_01_bound__vx_neg_1p5__seed_0042,rl,59.488967033319696,204.9149213963747,133.4621353149414,145.6164640808105,202.92510986328125,39,106.0230933947441,144.144059753418,202.92510986328125,4.542486306214944,5.667035163879395,7.070951538085938,0.96875,0.9841628959276018,0.023333333333333334,0.0,0.9530201342281879,1.0,0.9759450171821306,0.35833333333333334,0.333658903837204,0.33125,0.33125,0.024674429496129358,0.024674429496129358,39,0.035162879106325984,0.008653324678306198,0.029465943574905396,0.007251350946983032,0.07660877108573913,0.01885285239034007,0,0,0.0,0.0,0.0,39,39,0.04980131296011118,0.012255735065000713,0.046962738037109375,0.011557182754817059,0.08605880737304689,0.021178436480555753,0,0,0.0,0.0,0.0,39
gait_01_bound__vx_neg_1p5__seed_0042,rr,57.11014163689535,209.23342558689416,121.67184677124034,146.36273254394533,148.7144317626953,39,105.30464191925832,146.30624084472657,148.7144317626953,4.455611488146659,5.489199295043945,5.545808334350586,0.95,0.9886877828054299,0.016666666666666666,0.0,0.9659863945578231,1.0,0.9826989619377162,0.38125,0.333658903837204,0.33125,0.33125,0.047591096162796,0.047591096162796,39,0.024393505775011502,0.006003061492064696,0.022454530000686646,0.005525893883921238,0.0562377154827118,0.013839686157853977,0,0,0.0,0.0,0.0,39,39,0.06230442340557392,0.015332658141923791,0.0642547607421875,0.015812621746579363,0.09679756164550782,0.02382116454270225,0,0,0.0,0.0,0.0,39
gait_01_bound__vx_neg_1p0__seed_0042,fl,90.16187489927994,456.3958444403112,136.17830810546874,138.66453308105466,155.7312469482422,31,135.81679067304057,139.62520599365234,155.7312469482422,7.5191046241021935,8.014079055786134,8.337627258300781,0.8770491803278688,0.9125560538116592,0.14233576642335766,0.0,0.8151658767772512,1.0,0.8981723237597911,0.5184426229508197,0.39623603224754333,0.39549180327868855,0.39549180327868855,0.12220659070327633,0.12220659070327633,31,0.06493650232591937,0.020439112043856407,0.06467857956886292,0.020357929474094975,0.09427300095558167,0.029672932175661887,0,0,0.0,0.0,0.0,31,30,0.05652351379394531,0.01779107882571892,0.05637836456298828,0.017745392327549982,0.08368902206420897,0.02634156810950351,0,1,0.03225806451612903,0.0,0.03225806451612903,31
gait_01_bound__vx_neg_1p0__seed_0042,fr,90.39090163567487,491.95245882272724,149.85059814453126,151.44180343627932,177.15884399414062,31,149.50626250236266,152.09716033935547,177.15884399414062,8.090076244723413,8.230297317504883,9.37802734375,0.8381147540983607,0.8699551569506726,0.2116788321167883,0.0,0.7478260869565218,1.0,0.8557213930348259,0.5573770491803278,0.39623603224754333,0.39549180327868855,0.39549180327868855,0.1611410169327845,0.1611410169327845,31,0.0690358252294602,0.021729395892359508,0.06775322556495667,0.02132569077564988,0.09580841660499573,0.030156212478237382,0,0,0.0,0.0,0.0,31,30,0.0925302505493164,0.02912439214744552,0.09340190887451172,0.02939875127573993,0.12007255554199218,0.03779348021852675,0,1,0.03225806451612903,0.0,0.03225806451612903,31
gait_01_bound__vx_neg_1p0__seed_0042,rl,58.12463616820239,220.1199401008524,92.91602172851562,100.37542266845703,102.95897674560547,31,90.98578422300277,100.77042007446289,102.95897674560547,4.551399996357579,5.033139190673828,5.134954681396485,0.9733606557377049,1.0,0.0,0.0,1.0,1.0,1.0,0.38729508196721313,0.39623603224754333,0.3975409836065574,0.3975409836065574,-0.008940950280330207,0.008940950280330207,31,0.026524348605063655,0.00834868084376035,0.025119394063949585,0.007906463874046948,0.05317649245262146,0.016737585924836408,0,0,0.0,0.0,0.0,31,31,0.02017599536526588,0.0063505026463736075,0.017026901245117188,0.005359308398871346,0.0428009033203125,0.013471813651918114,0,0,0.0,0.0,0.0,31
gait_01_bound__vx_neg_1p0__seed_0042,rr,59.46917316418339,246.30691771149637,102.12669296264649,131.1762605285644,211.52310180664062,31,105.86397060271233,149.6128921508789,211.52310180664062,4.871304440036897,5.990831451416016,7.13939437866211,0.9651639344262295,0.9867256637168141,0.021739130434782608,0.0,0.967032967032967,1.0,0.9832402234636871,0.42418032786885246,0.39623603224754333,0.3975409836065574,0.3975409836065574,0.027944295621309123,0.027944295621309123,31,0.017225068423055833,0.005421682579928617,0.01561775803565979,0.004915773023353546,0.035981565713882446,0.011325390601548899,0,0,0.0,0.0,0.0,31,31,0.029106324718844508,0.009161371660078976,0.026782989501953125,0.008430089451882092,0.05637836456298828,0.017745392327549982,0,0,0.0,0.0,0.0,31
gait_01_bound__vx_neg_0p5__seed_0042,fl,89.80375155303705,436.44623254776,131.2401397705078,132.88517303466796,154.46836853027344,24,131.87411244710287,133.0958335876465,154.46836853027344,7.516169567108155,7.735543403625488,8.346163940429687,0.937888198757764,0.9707207207207207,0.05508474576271186,0.0,0.9411764705882353,1.0,0.9696969696969697,0.5031055900621118,0.4705493450164795,0.4699792960662526,0.4699792960662526,0.03255624504563226,0.03255624504563226,24,0.022297998269399006,0.00897686624945609,0.021602392196655273,0.008696824848345235,0.043815279006958,0.01763942639944713,0,0,0.0,0.0,0.0,24,20,0.01593918800354004,0.006416897028334485,0.013667106628417969,0.0055021884358442755,0.03193778991699219,0.01285771327651079,3,3,0.23076923076923078,0.13043478260869565,0.13043478260869565,23
gait_01_bound__vx_neg_0p5__seed_0042,fr,90.71651240545488,466.3166678738594,142.7027404785156,145.81353576660158,146.2000732421875,24,143.21784083048502,146.11189346313478,146.2000732421875,7.779364852905274,8.07655445098877,8.152974700927734,0.937888198757764,0.9617117117117117,0.07203389830508475,0.0,0.9244444444444444,1.0,0.9607390300230947,0.5320910973084886,0.4705493450164795,0.4699792960662526,0.4699792960662526,0.06154175229200909,0.06154175229200909,24,0.030506213506062824,0.01228138037830505,0.030397653579711914,0.01223767565077171,0.05189509391784668,0.02089224832987791,0,0,0.0,0.0,0.0,24,23,0.031793387039848,0.012799578671848137,0.03185462951660156,0.012824234047454504,0.05260534286499023,0.021178184750057588,0,0,0.0,0.0,0.0,23
gait_01_bound__vx_neg_0p5__seed_0042,rl,52.17179037555712,229.09132380127906,80.94544525146485,82.22737472534179,82.57771301269531,23,80.33514736009681,82.32851486206054,82.57771301269531,4.243211139181385,4.496860076904297,4.526601257324219,0.94824016563147,0.9842342342342343,0.0,0.03365384615384615,1.0,0.9663461538461539,0.9828850855745722,0.453416149068323,0.4705493450164795,0.4720496894409938,0.4720496894409938,-0.017133195948156488,0.017133195948156488,23,0.01405582220658012,0.005658679960871902,0.012093782424926758,0.004868789833371727,0.029572057723999023,0.011905302157720956,1,0,0.041666666666666664,0.041666666666666664,0.0,23,24,0.014834721883138021,0.005972254216898308,0.0135498046875,0.005454964293941488,0.033153915405273425,0.01334730860784765,0,0,0.0,0.0,0.0,24
gait_01_bound__vx_neg_0p5__seed_0042,rr,52.32972117419883,242.1646154999733,92.81600952148438,97.58931732177734,137.7746124267578,24,91.49244538942973,98.57141799926758,137.7746124267578,4.432269067764282,4.90080445098877,5.8098538208007815,0.9565217391304348,0.9932432432432432,0.012711864406779662,0.0,0.985781990521327,1.0,0.9928400954653938,0.4782608695652174,0.4705493450164795,0.4720496894409938,0.4720496894409938,0.007711524548737914,0.007711524548737914,23,0.013211592384006666,0.005318804690030014,0.012093782424926758,0.004868789833371727,0.02331533432006836,0.009386431697765492,1,1,0.08,0.041666666666666664,0.041666666666666664,24,24,0.013767878214518229,0.005542757685121196,0.012835025787353516,0.00516720417722491,0.02839727401733398,0.011432350456883974,0,1,0.04,0.0,0.04,25
gait_01_bound__vx_pos_0p5__seed_0042,fl,69.48112879594167,333.6299006462097,101.17212333679198,106.20601669311522,106.86309051513672,24,100.17572180430095,106.72272872924805,106.86309051513672,5.1725694370269775,5.388044906616211,5.487415771484375,0.9440993788819876,0.9684684684684685,0.0423728813559322,0.019230769230769232,0.9532710280373832,0.9807692307692307,0.966824644549763,0.4968944099378882,0.4705493450164795,0.4699792960662526,0.4699792960662526,0.0263450649214087,0.0263450649214087,24,0.017491658528645832,0.007041900227802093,0.016016721725463867,0.006448111034323889,0.03739895820617675,0.015056304230975964,0,0,0.0,0.0,0.0,24,19,0.022670996816534745,0.009127030314787198,0.023773193359375,0.009570759425631575,0.04336223602294921,0.01745703754895185,4,4,0.2962962962962963,0.17391304347826086,0.17391304347826086,23
gait_01_bound__vx_pos_0p5__seed_0042,fr,75.58789339298156,372.02641177058223,100.02668762207031,104.04055137634278,114.60675048828125,24,100.9234635035197,104.33653831481934,114.60675048828125,5.415118287404378,5.756028915405273,6.061678009033203,0.9399585921325052,0.9617117117117117,0.059322033898305086,0.014423076923076924,0.9360730593607306,0.9855769230769231,0.9601873536299765,0.5093167701863354,0.4705493450164795,0.4699792960662526,0.4699792960662526,0.038767425169855874,0.038767425169855874,24,0.02462567885716756,0.009913958317335995,0.02398085594177246,0.00965436151424403,0.0481065273284912,0.019367023727251784,0,0,0.0,0.0,0.0,24,20,0.024129533767700197,0.009714217154265532,0.024605751037597656,0.009905935652307456,0.04335069656372071,0.017452391921984185,3,3,0.23076923076923078,0.13043478260869565,0.13043478260869565,23
gait_01_bound__vx_pos_0p5__seed_0042,rl,61.52231155797696,385.2091300773621,91.92349395751953,127.52952423095697,175.2798309326172,23,103.66273332678753,168.03679351806636,175.2798309326172,5.211027480415677,6.621426452636718,6.785525817871094,0.8240165631469979,0.8513513513513513,0.2796610169491525,0.0,0.7591240875912408,1.0,0.8630705394190871,0.6480331262939959,0.4705493450164795,0.4720496894409938,0.4720496894409938,0.1774837812775164,0.1774837812775164,20,0.027236270904541015,0.010964946632880288,0.024811506271362305,0.00998876986869385,0.049090814590454106,0.019763284189510868,4,3,0.25925925925925924,0.16666666666666666,0.13043478260869565,23,24,0.1500514348347982,0.06040863600296911,0.1560535430908203,0.06282500191968056,0.18147544860839843,0.07305951009751976,0,0,0.0,0.0,0.0,24
gait_01_bound__vx_pos_0p5__seed_0042,rr,62.328932393206294,341.91411922454836,87.12162055969237,139.08209312438885,173.37484741210938,23,100.29584403659986,172.72361755371094,173.37484741210938,5.0056682810576065,6.646220153808594,6.654730072021485,0.9047619047619048,0.9391891891891891,0.11440677966101695,0.0,0.8851063829787233,1.0,0.9390519187358917,0.567287784679089,0.4705493450164795,0.4720496894409938,0.4720496894409938,0.09673843966260953,0.09673843966260953,20,0.01802189350128174,0.007255365507179605,0.01601719856262207,0.006448303002380404,0.04093976020812989,0.01648178223143669,4,3,0.25925925925925924,0.16666666666666666,0.13043478260869565,23,24,0.07760282357533772,0.031241825360260052,0.07749462127685547,0.0311982646087691,0.10328302383422851,0.04158031943484604,0,0,0.0,0.0,0.0,24
gait_01_bound__vx_pos_1p0__seed_0042,fl,67.57840500981355,327.16823323011397,96.94949645996094,155.40638259887697,195.52886962890625,31,106.48273566461378,167.40618896484375,195.52886962890625,4.945056642101658,6.340390014648438,6.922665405273437,0.8995901639344263,0.9372197309417041,0.10218978102189781,0.0,0.86,1.0,0.924731182795699,0.4959016393442623,0.39623603224754333,0.39549180327868855,0.39549180327868855,0.09966560709671896,0.09966560709671896,31,0.036240380617880055,0.011406853979340277,0.03444710373878479,0.010842410473074384,0.06494084000587463,0.02044047735186408,0,0,0.0,0.0,0.0,31,30,0.0628774642944336,0.019791018790898725,0.06316757202148438,0.019882331752416403,0.09361753463745116,0.029466620639971183,0,1,0.03225806451612903,0.0,0.03225806451612903,31
gait_01_bound__vx_pos_1p0__seed_0042,fr,74.59039821309491,361.0791371202469,97.4041877746582,103.34934410095215,114.87755584716797,31,96.84152000181136,103.83294296264648,114.87755584716797,4.967605571131552,5.291230087280273,5.604319305419922,0.8995901639344263,0.9349775784753364,0.10583941605839416,0.0,0.8557213930348259,1.0,0.9222520107238605,0.4959016393442623,0.39623603224754333,0.39549180327868855,0.39549180327868855,0.09966560709671896,0.09966560709671896,31,0.04853865696537879,0.015277802355204729,0.048023611307144165,0.015115688974605272,0.07851830124855042,0.02471405602749595,0,0,0.0,0.0,0.0,31,30,0.05016949971516927,0.015791118848932383,0.04958820343017578,0.01560815272858258,0.07834787368774414,0.02466041303956295,0,1,0.03225806451612903,0.0,0.03225806451612903,31
gait_01_bound__vx_pos_1p0__seed_0042,rl,70.52390213517953,425.992838010788,100.16454124450682,108.76240142822266,192.4678192138672,31,105.33071604082662,149.63473510742188,192.4678192138672,5.438077894641508,6.38925537109375,7.279951324462891,0.7786885245901639,0.8008849557522124,0.32608695652173914,0.0,0.6616541353383458,1.0,0.7963800904977375,0.6188524590163934,0.39623603224754333,0.3975409836065574,0.3975409836065574,0.22261642676885007,0.22261642676885007,31,0.05276620291894482,0.016608445095736175,0.05327644944190979,0.016769047922795224,0.08069363236427307,0.025398753151828064,0,0,0.0,0.0,0.0,31,30,0.1689239501953125,0.05316971843669329,0.16834259033203125,0.05298673230473675,0.19710149765014648,0.06203875247643634,1,1,0.0625,0.03225806451612903,0.03225806451612903,31
gait_01_bound__vx_pos_1p0__seed_0042,rr,68.85643571546709,359.5180974674225,100.19446563720703,190.41434326171876,191.35397338867188,31,113.99123210291708,190.47028350830078,191.35397338867188,5.425502235658707,7.056448135375977,7.0847866821289065,0.8627049180327869,0.8915929203539823,0.17753623188405798,0.0,0.7822222222222223,1.0,0.8778054862842892,0.5348360655737705,0.39623603224754333,0.3975409836065574,0.3975409836065574,0.13860003332622717,0.13860003332622717,31,0.05276620291894482,0.016608445095736175,0.05327644944190979,0.016769047922795224,0.08069363236427307,0.025398753151828064,0,0,0.0,0.0,0.0,31,31,0.08597103241951234,0.02705984309609251,0.08597564697265625,0.027061295551419826,0.11838054656982422,0.037260911328570574,0,0,0.0,0.0,0.0,31
gait_01_bound__vx_pos_1p5__seed_0042,fl,66.75757067154865,327.2065844523907,96.47696228027344,169.58805297851563,205.40966796875,39,101.23039949857272,171.67144317626955,205.40966796875,4.697253187130658,6.288544357299805,6.915704650878906,0.825,0.8487584650112867,0.22185430463576158,0.0,0.6778846153846154,1.0,0.8080229226361032,0.5104166666666666,0.333658903837204,0.33541666666666664,0.33541666666666664,0.17675776282946265,0.17675776282946265,39,0.03237257630397112,0.007966651780260701,0.03110244870185852,0.007654082764204746,0.06692207455635071,0.016469027963575772,0,0,0.0,0.0,0.0,39,38,0.14593305085834704,0.03591304530424139,0.1459789276123047,0.03592433523434017,0.18743724822998045,0.04612692154239714,0,1,0.02564102564102564,0.0,0.02564102564102564,39
gait_01_bound__vx_pos_1p5__seed_0042,fr,72.66681113124879,351.86597060203553,93.33753623962401,99.54871307373047,192.4187469482422,39,92.77005259195964,100.1681610107422,192.4187469482422,4.5872319823045,5.0882754821777345,6.897115478515625,0.83125,0.8555304740406321,0.2119205298013245,0.0,0.6878048780487804,1.0,0.815028901734104,0.5041666666666667,0.333658903837204,0.33541666666666664,0.33541666666666664,0.17050776282946267,0.17050776282946267,39,0.062393467395733565,0.015354571209826263,0.06286361813545227,0.015470271832242016,0.10241439938545227,0.025203426799502455,0,0,0.0,0.0,0.0,39,38,0.1074365314684416,0.026439336389272837,0.10698127746582031,0.026327301743763055,0.14395465850830078,0.03542617756811941,0,1,0.02564102564102564,0.0,0.02564102564102564,39
gait_01_bound__vx_pos_1p5__seed_0042,rl,71.90922539151948,417.0817904752493,99.9159969329834,105.90442695617678,111.67180633544922,39,98.39863038674379,107.04000396728516,111.67180633544922,5.220519841512045,5.511360458374024,5.584498901367188,0.7270833333333333,0.751131221719457,0.36666666666666664,0.0,0.5634920634920635,1.0,0.7208121827411168,0.6041666666666666,0.333658903837204,0.33125,0.33125,0.27050776282946265,0.27050776282946265,39,0.05831777056058248,0.014351572339959477,0.05795028805732727,0.01426113761177216,0.09336135983467103,0.022975540672158467,0,0,0.0,0.0,0.0,39,14,0.18574905395507812,0.04571146940787158,0.1863842010498047,0.04586777441385623,0.19892301559448242,0.04895348400572649,25,25,0.78125,0.6410256410256411,0.6410256410256411,39
gait_01_bound__vx_pos_1p5__seed_0042,rr,66.51325274079214,336.5570588684082,93.35742645263672,105.5933706665039,174.6072235107422,39,95.07733349922376,106.29800720214845,174.6072235107422,4.7872264549059755,5.176821594238281,6.440641021728516,0.8041666666666667,0.834841628959276,0.24333333333333335,0.0,0.6604651162790698,1.0,0.7955182072829132,0.5270833333333333,0.333658903837204,0.33125,0.33125,0.19342442949612937,0.19342442949612937,39,0.06248552294877859,0.015377225401098,0.061227113008499146,0.015067540015020302,0.09704673886299134,0.02388248521439133,0,0,0.0,0.0,0.0,39,39,0.13107182429387018,0.03225580727798569,0.13151168823242188,0.03236405454246755,0.16733131408691407,0.041178999741838584,0,0,0.0,0.0,0.0,39
gait_02_half_bound__vx_neg_1p5__seed_0042,fl,93.50417517588056,435.1665137076378,146.3625160217285,291.74304809570293,367.0277099609375,39,161.39548120743189,317.1753356933594,367.0277099609375,7.973499935834837,11.754275360107423,12.817846374511719,0.8520833333333333,0.8800904977375565,0.1760797342192691,0.0,0.7268041237113402,1.0,0.8417910447761193,0.48333333333333334,0.333658903837204,0.33541666666666664,0.33541666666666664,0.14967442949612936,0.14967442949612936,39,0.020559848730380956,0.005059626825860251,0.021143342256543463,0.005203220270364787,0.03943366885185178,0.009704334471590354,0,0,0.0,0.0,0.0,39,30,0.14778659820556814,0.03636918960782976,0.15034187316894787,0.03699802389166671,0.19487150192260838,0.04795643643361755,9,9,0.375,0.23076923076923078,0.23076923076923078,39
gait_02_half_bound__vx_neg_1p5__seed_0042,fr,98.67726391070597,584.6418097183108,148.61705780029297,192.47052459716812,236.9506378173828,39,154.0060788668119,207.15922393798832,236.9506378173828,8.1381372265938,9.727155242919922,10.264711303710937,0.7166666666666667,0.7352941176470589,0.38870431893687707,0.0,0.5465116279069767,1.0,0.706766917293233,0.6166666666666667,0.333658903837204,0.3333333333333333,0.3333333333333333,0.2830077628294627,0.2830077628294627,20,0.17910753369331509,0.04407704035532436,0.17862144589424211,0.043957417740383684,0.19675823330879466,0.04842074708395003,19,19,0.6551724137931034,0.48717948717948717,0.48717948717948717,39,39,0.08430030235877248,0.020745681392699247,0.08441650390624744,0.020774277734750244,0.11995765686034936,0.029520692811377338,0,0,0.0,0.0,0.0,39
gait_02_half_bound__vx_neg_1p5__seed_0042,rl,50.3058774695212,182.3210076405853,102.97510528564453,107.68383331298827,108.5582504272461,39,88.30782865866637,107.59869537353515,108.5582504272461,3.769300489181128,4.431034767150879,4.619757766723633,0.9166666666666666,0.9502262443438914,0.07,0.007042253521126761,0.8703703703703703,0.9929577464788732,0.9276315789473684,0.3770833333333333,0.333658903837204,0.33125,0.33125,0.043424429496129346,0.043424429496129346,39,0.027690238677538358,0.00681436309501243,0.025735169649124146,0.00633323505597409,0.060815125703811646,0.01496615298411134,0,0,0.0,0.0,0.0,39,39,0.025802807930188302,0.006349880337066144,0.022205352783203125,0.0054645732122321575,0.05802841186523438,0.014280363303527426,0,0,0.0,0.0,0.0,39
gait_02_half_bound__vx_neg_1p5__seed_0042,rr,60.17376215379317,219.28797324344515,102.36962242126464,115.42578086853025,123.60348510742188,39,96.96720084165915,114.88222885131837,123.60348510742188,4.669330680064666,5.5012071990966795,5.608099517822266,0.94375,0.9864253393665159,0.02,0.0,0.9594594594594594,1.0,0.9793103448275862,0.37916666666666665,0.333658903837204,0.33125,0.33125,0.04550776282946267,0.04550776282946267,39,0.03104522060125302,0.007639999351587573,0.02377578616142273,0.005851045260390998,0.07771655917167665,0.019125470851228617,0,0,0.0,0.0,0.0,39,39,0.07064007490109174,0.017384000370693323,0.07126235961914062,0.017537140040836445,0.13188438415527345,0.03245577225468798,0,0,0.0,0.0,0.0,39
gait_02_half_bound__vx_neg_1p0__seed_0042,fl,92.80065940408146,442.00391859292984,139.5148857116699,204.50317260742145,247.37794494628906,31,147.80494148500503,241.08482360839844,247.37794494628906,7.916995829920617,10.300762329101563,10.502386474609375,0.9057377049180327,0.9220489977728286,0.12681159420289856,0.0,0.8317307692307693,1.0,0.9081364829396327,0.48770491803278687,0.39623603224754333,0.39344262295081966,0.39344262295081966,0.09146888578524354,0.09146888578524354,31,0.03089756315754385,0.00972517355630807,0.03201529860496777,0.010076986777331659,0.06070945143699902,0.0191086251275748,0,0,0.0,0.0,0.0,31,23,0.11290095121964235,0.03553617933183878,0.11387145996094006,0.03584165215825259,0.13475158691406186,0.042413783994716736,8,7,0.39473684210526316,0.25806451612903225,0.23333333333333334,30
gait_02_half_bound__vx_neg_1p0__seed_0042,fr,95.0002732541826,547.2333683252335,141.75971603393555,145.9326025390625,184.18760681152344,31,143.8039024106918,164.4906463623047,184.18760681152344,7.841514892578124,8.629068603515625,9.270672912597657,0.805327868852459,0.821826280623608,0.2909090909090909,0.0,0.6850393700787402,1.0,0.8130841121495327,0.5901639344262295,0.39623603224754333,0.39549180327868855,0.39549180327868855,0.19392790217868616,0.19392790217868616,31,0.1518923197638611,0.04780892150108376,0.15086678147316235,0.04748612782914171,0.17892387986183245,0.056317249879930614,0,0,0.0,0.0,0.0,31,31,0.041930251582975586,0.01319777135254554,0.04269325256347756,0.013437929999399967,0.07075130462646584,0.022269352224290405,0,0,0.0,0.0,0.0,31
gait_02_half_bound__vx_neg_1p0__seed_0042,rl,43.10153510137038,190.32969365626573,88.28857650756835,96.51939224243164,114.66978454589844,33,79.57198744109182,97.17108459472657,114.66978454589844,2.9913236698959813,4.026570899963379,4.3568870544433596,0.8524590163934426,0.8805309734513275,0.14492753623188406,0.07954545454545454,0.801980198019802,0.9204545454545454,0.8571428571428572,0.45081967213114754,0.39623603224754333,0.3975409836065574,0.3975409836065574,0.05458363988360421,0.05458363988360421,27,0.05854511150607356,0.018427387537549557,0.05942574143409729,0.018704570525905028,0.08927555680274964,0.028099959851714,4,6,0.2702702702702703,0.12903225806451613,0.18181818181818182,33,31,0.019363526375063004,0.006094773678410898,0.0162811279296875,0.005124572251906106,0.042008399963378906,0.013222368974004924,0,2,0.06060606060606061,0.0,0.06060606060606061,33
gait_02_half_bound__vx_neg_1p0__seed_0042,rr,54.40833608938916,220.60450392127038,84.05782318115234,88.02162940979005,92.16546630859375,33,78.23847392111114,88.3195297241211,92.16546630859375,3.976592017665054,4.680133300781249,4.803267364501953,0.9180327868852459,0.9513274336283186,0.05434782608695652,0.03977272727272727,0.9184782608695652,0.9602272727272727,0.9388888888888888,0.4139344262295082,0.39623603224754333,0.3975409836065574,0.3975409836065574,0.017698393981964877,0.017698393981964877,31,0.019681539266340194,0.006194869939887716,0.01561775803565979,0.004915773023353546,0.042133718729019165,0.01326181372696164,0,2,0.06060606060606061,0.0,0.06060606060606061,33,31,0.015872401575888356,0.004995923442048001,0.0162811279296875,0.005124572251906106,0.02869415283203125,0.009031638350243142,0,2,0.06060606060606061,0.0,0.06060606060606061,33
gait_02_half_bound__vx_neg_0p5__seed_0042,fl,92.52159806043522,449.74423449270427,132.13380584716796,135.14126831054688,229.42373657226562,24,135.80988438924155,136.51617660522462,229.42373657226562,7.354851506551107,7.903222114562988,9.903062133789062,0.9192546583850931,0.9525959367945824,0.07627118644067797,0.014492753623188406,0.918918918918919,0.9855072463768116,0.951048951048951,0.5031055900621118,0.4705493450164795,0.4720496894409938,0.4720496894409938,0.03255624504563226,0.03255624504563226,24,0.04981438795725501,0.020054584837083098,0.049922113418578995,0.020097953620517504,0.07284930229186966,0.02932812332027932,0,0,0.0,0.0,0.0,24,24,0.08226597785949712,0.03311914689395686,0.08258188247680653,0.033246325731398255,0.10645835876464743,0.0428586654380707,0,0,0.0,0.0,0.0,24
gait_02_half_bound__vx_neg_0p5__seed_0042,fr,90.58626550907711,503.6596362304688,139.2187217712402,141.97708648681643,146.8634490966797,24,139.941525777181,143.34954071044922,146.8634490966797,7.690426629384358,8.16516566467285,8.366021118164063,0.8178053830227743,0.8445945945945946,0.25316455696202533,0.043478260869565216,0.7674418604651163,0.9565217391304348,0.8516129032258064,0.5755693581780539,0.4705493450164795,0.4720496894409938,0.4720496894409938,0.10502001316157439,0.10502001316157439,24,0.11910733064015704,0.0479509668791113,0.11880028724670488,0.047827355448053756,0.14151204109191848,0.05697079397988156,0,0,0.0,0.0,0.0,24,24,0.018248451550801386,0.00734657464997816,0.015213012695313388,0.006124548875067547,0.0451273727416982,0.018167657221837878,0,0,0.0,0.0,0.0,24
gait_02_half_bound__vx_neg_0p5__seed_0042,rl,44.05200835148177,222.01848523378374,88.52896118164062,101.32920455932617,127.78050994873047,24,92.82724221547444,114.02150955200193,127.78050994873047,4.106865001519521,5.0696360244750975,5.23342269897461,0.8778467908902692,0.9121621621621622,0.13135593220338984,0.038461538461538464,0.8658008658008658,0.9615384615384616,0.9111617312072893,0.5196687370600414,0.4705493450164795,0.4720496894409938,0.4720496894409938,0.04911939204356186,0.04911939204356186,24,0.06062475840250651,0.024406690726663082,0.06094193458557129,0.024534381478921907,0.08199100494384765,0.03300844659448667,0,0,0.0,0.0,0.0,24,24,0.01572553316752116,0.006330882541145154,0.0135498046875,0.005454964293941488,0.033617687225341794,0.013534016739614527,0,0,0.0,0.0,0.0,24
gait_02_half_bound__vx_neg_0p5__seed_0042,rr,49.51871069487151,223.21566968016327,70.35087165832519,75.34261116027832,76.58549499511719,26,65.67425830547626,76.12966918945312,76.58549499511719,3.395727791602795,4.017258129119873,4.0409556579589845,0.9213250517598344,0.9594594594594594,0.025423728813559324,0.057692307692307696,0.9702970297029703,0.9423076923076923,0.9560975609756097,0.45962732919254656,0.4705493450164795,0.4720496894409938,0.4720496894409938,-0.010922015823932929,0.010922015823932929,23,0.012640984162040379,0.005089085697879003,0.012093782424926758,0.004868789833371727,0.025887966156005852,0.010422137756277353,1,3,0.14814814814814814,0.041666666666666664,0.11538461538461539,26,24,0.02324219544728597,0.009356986997363639,0.020200729370117188,0.00813253474621823,0.046453857421874994,0.018701681640175074,0,3,0.1111111111111111,0.0,0.1111111111111111,27
gait_02_half_bound__vx_pos_0p5__seed_0042,fl,76.44843243144233,362.4638683414459,97.9446029663086,104.98725189208984,160.2410125732422,24,102.50135676066081,135.77512397766105,160.2410125732422,5.576047980785369,6.543686737060545,7.013358917236328,0.927536231884058,0.963882618510158,0.05508474576271186,0.014492753623188406,0.9400921658986175,0.9855072463768116,0.9622641509433962,0.4906832298136646,0.4705493450164795,0.4720496894409938,0.4720496894409938,0.020133884797185087,0.020133884797185087,24,0.05188433806101478,0.02088791817041643,0.052299623489379776,0.021055106350303266,0.07451251029968162,0.029997707901404803,0,0,0.0,0.0,0.0,24,24,0.07191622734069829,0.028952480227290196,0.07212436676025469,0.029036274283959464,0.09267385482788039,0.03730921446671255,0,0,0.0,0.0,0.0,24
gait_02_half_bound__vx_pos_0p5__seed_0042,fr,67.65353338945951,326.1894043540955,82.09959411621094,85.45692901611328,89.19149780273438,24,82.3558422724406,88.30100898742675,89.19149780273438,4.602984085083008,4.82769734954834,4.834447326660157,0.8115942028985508,0.8378378378378378,0.18143459915611815,0.14009661835748793,0.8054298642533937,0.8599033816425121,0.8317757009345794,0.4989648033126294,0.4705493450164795,0.4720496894409938,0.4720496894409938,0.028415458296149887,0.028415458296149887,24,0.08391778151194251,0.0337841402390642,0.0843335437774666,0.03395152038700792,0.10629594802856372,0.042793281118021664,0,0,0.0,0.0,0.0,24,24,0.05539811134338368,0.022302514781540307,0.05571353912353594,0.0224295016509256,0.08910120010375902,0.035870913000076485,0,0,0.0,0.0,0.0,24
gait_02_half_bound__vx_pos_0p5__seed_0042,rl,66.3380483819273,415.61775931537153,97.23763122558593,167.35688903808594,171.80545043945312,24,118.15416049957275,169.79649047851564,171.80545043945312,5.36758540948232,6.705562294006348,6.763954925537109,0.8240165631469979,0.8513513513513513,0.2796610169491525,0.0,0.7591240875912408,1.0,0.8630705394190871,0.6480331262939959,0.4705493450164795,0.4720496894409938,0.4720496894409938,0.1774837812775164,0.1774837812775164,24,0.06890463829040527,0.0277400560546725,0.06890416145324707,0.027739864086615988,0.09028592109680175,0.036347865315211544,0,0,0.0,0.0,0.0,24,24,0.10865235328674316,0.043741937341626354,0.1031656265258789,0.04153305689933195,0.162471866607666,0.06540893035398909,0,0,0.0,0.0,0.0,24
gait_02_half_bound__vx_pos_0p5__seed_0042,rr,60.23378700167475,336.4634303474426,82.45769729614254,133.66522979736203,169.4866485595703,23,96.1955161716627,168.7762481689453,169.4866485595703,4.648289871215821,6.322623870849609,6.328818511962891,0.8944099378881988,0.9279279279279279,0.13559322033898305,0.0,0.8666666666666667,1.0,0.9285714285714286,0.577639751552795,0.4705493450164795,0.4720496894409938,0.4720496894409938,0.10709040653631552,0.10709040653631552,20,0.03468780517578125,0.01396483145204638,0.03764653205871582,0.01515597404591876,0.055507135391235356,0.022346406357982032,4,3,0.25925925925925924,0.16666666666666666,0.13043478260869565,23,24,0.0734630028406779,0.029575190688269474,0.0727386474609375,0.029283575213084542,0.09686670303344726,0.03899719726637487,0,0,0.0,0.0,0.0,24
gait_02_half_bound__vx_pos_1p0__seed_0042,fl,75.53612859818617,373.65240495026114,97.69806671142578,169.8195138549804,203.8231201171875,31,113.93076964347593,178.37850189208984,203.8231201171875,5.591330132022981,7.064211959838867,7.589939117431641,0.8872950819672131,0.9153674832962138,0.13768115942028986,0.0,0.8199052132701422,1.0,0.9010416666666666,0.5061475409836066,0.39623603224754333,0.39344262295081966,0.39344262295081966,0.10991150873606326,0.10991150873606326,31,0.021267340452440872,0.006694009360106454,0.018434976339342768,0.005802507579396855,0.047769044637680835,0.015035562751396057,0,0,0.0,0.0,0.0,31,22,0.1164440397782767,0.03665138543991904,0.11604869842529375,0.03652694963078611,0.13481529235839762,0.042433835624662054,9,8,0.4358974358974359,0.2903225806451613,0.26666666666666666,30
gait_02_half_bound__vx_pos_1p0__seed_0042,fr,66.82249872945249,342.16275367021564,79.56636810302734,136.58147125244128,152.13671875,31,87.90859542354461,143.4167938232422,152.13671875,4.509649739419261,5.678792343139649,5.819437561035157,0.8176229508196722,0.8463251670378619,0.24,0.017241379310344827,0.7215189873417721,0.9827586206896551,0.8321167883211679,0.5245901639344263,0.39623603224754333,0.39549180327868855,0.39549180327868855,0.12835413168688292,0.12835413168688292,31,0.12319656722007331,0.03877677963299382,0.12370995163917442,0.0389383701296749,0.1502297270298012,0.04728561152968747,0,0,0.0,0.0,0.0,31,31,0.016415675993888653,0.005166921976036438,0.015538330078125995,0.004890772648136232,0.03394412994384943,0.010684096776130716,0,0,0.0,0.0,0.0,31
gait_02_half_bound__vx_pos_1p0__seed_0042,rl,72.78656086439871,418.1338842916489,93.58329467773437,190.61806335449202,203.2885284423828,30,108.9334332784017,202.5634666442871,203.2885284423828,5.306080591201782,7.498915740966797,7.524750671386719,0.8094262295081968,0.834070796460177,0.2717391304347826,0.0,0.701195219123506,1.0,0.8243559718969555,0.5881147540983607,0.39623603224754333,0.3975409836065574,0.3975409836065574,0.19187872185081734,0.19187872185081734,25,0.06898911118507385,0.021714692396590025,0.07173004746437073,0.022577416776730506,0.1029823362827301,0.03241424213543856,6,5,0.3055555555555556,0.1935483870967742,0.16666666666666666,30,31,0.1146667234359249,0.036091965598111425,0.11620712280273438,0.03657681455244042,0.14336299896240234,0.04512427207780513,0,0,0.0,0.0,0.0,31
gait_02_half_bound__vx_pos_1p0__seed_0042,rr,62.37833602905273,343.1101618719101,88.96134948730469,139.08202087402285,187.87977600097656,31,98.74364151493195,186.9016876220703,187.87977600097656,4.916578828134846,6.862744522094727,6.873650360107422,0.8340163934426229,0.8606194690265486,0.22826086956521738,0.0,0.7364016736401674,1.0,0.8481927710843373,0.5635245901639344,0.39623603224754333,0.3975409836065574,0.3975409836065574,0.16728855791639108,0.16728855791639108,31,0.04866675696065349,0.015318122515091013,0.04892197251319885,0.015398452977727083,0.07544174790382385,0.02374569437773909,0,0,0.0,0.0,0.0,31,31,0.11876616939421623,0.037382288178756586,0.11928176879882812,0.03754457585399532,0.14797592163085938,0.046576214204238464,0,0,0.0,0.0,0.0,31
gait_02_half_bound__vx_pos_1p5__seed_0042,fl,70.24910511951965,361.3177388238907,96.0109390258789,179.43912292480468,195.1650390625,39,110.69554861997946,180.08368682861328,195.1650390625,5.149072359525241,6.798120712280274,7.061675567626954,0.8,0.8212669683257918,0.26245847176079734,0.0,0.6409090909090909,1.0,0.7811634349030471,0.5354166666666667,0.333658903837204,0.33541666666666664,0.33541666666666664,0.20175776282946267,0.20175776282946267,39,0.022188626650052428,0.005460457034477546,0.021360014677046735,0.0052565417517423454,0.039761351346968975,0.00978497471191517,0,0,0.0,0.0,0.0,39,15,0.18217946370442892,0.044833019628091546,0.18233383178711193,0.0448710084723891,0.1973282623291041,0.04856102701307299,24,23,0.7580645161290323,0.6153846153846154,0.6052631578947368,38
gait_02_half_bound__vx_pos_1p5__seed_0042,fr,68.08486336227355,335.0037572598457,80.61970710754395,90.18680915832522,193.0446319580078,39,83.60961014185196,93.7827171325684,193.0446319580078,4.474604556743915,4.8745206909179695,6.806592864990234,0.8166666666666667,0.8416289592760181,0.23255813953488372,0.0,0.6682464454976303,1.0,0.8011363636363636,0.5125,0.333658903837204,0.3333333333333333,0.3333333333333333,0.17884109616279598,0.17884109616279598,39,0.12359209033159264,0.030415100028524513,0.12232986569404858,0.03010447587364235,0.1581533062458064,0.03892035984181809,0,0,0.0,0.0,0.0,39,39,0.05513282775878764,0.013567781454621914,0.05638610839843494,0.013876204557721919,0.09552795410155995,0.023508723509117167,0,0,0.0,0.0,0.0,39
gait_02_half_bound__vx_pos_1p5__seed_0042,rl,79.14060515950159,444.82386977672576,115.9201889038086,229.5032348632812,250.83697509765625,38,136.00371009425112,234.5236946105957,250.83697509765625,6.011741351077431,8.087679870605468,8.382525482177735,0.7458333333333333,0.7714932126696833,0.33666666666666667,0.0,0.5843621399176955,1.0,0.7376623376623377,0.5854166666666667,0.333658903837204,0.33125,0.33125,0.2517577628294627,0.2517577628294627,38,0.08456884402977793,0.020811767513287904,0.08411243557929993,0.020699448766692483,0.1210867702960968,0.029798559283250016,1,0,0.02564102564102564,0.02564102564102564,0.0,38,36,0.16312101152208117,0.04014287539669501,0.1634988784790039,0.040235865662184046,0.1963057518005371,0.04830939472881316,3,3,0.14285714285714285,0.07692307692307693,0.07692307692307693,39
gait_02_half_bound__vx_pos_1p5__seed_0042,rr,69.68601960826007,386.1591436004639,186.93063354492182,225.83761474609375,232.6162567138672,38,140.38256876092208,226.93410110473633,232.6162567138672,5.6648807525634775,7.480102638244629,7.561033172607422,0.7541666666666667,0.7805429864253394,0.3233333333333333,0.0,0.5941422594142259,1.0,0.7454068241469817,0.5770833333333333,0.333658903837204,0.33125,0.33125,0.2434244294961293,0.2434244294961293,38,0.08456884402977793,0.020811767513287904,0.08411243557929993,0.020699448766692483,0.1210867702960968,0.029798559283250016,1,0,0.02564102564102564,0.02564102564102564,0.0,38,37,0.15568929105191617,0.03831398391280107,0.15626144409179688,0.03845478654744303,0.19241256713867186,0.04735131075594358,2,2,0.0975609756097561,0.05128205128205128,0.05128205128205128,39
gait_03_half_bound__vx_neg_1p5__seed_0042,fl,89.67371423306061,486.4349601495266,129.73734283447266,140.38739318847672,157.8173065185547,39,128.14874208890475,149.87688903808595,157.8173065185547,6.897500446026142,7.9490362091064455,8.079034271240234,0.76875,0.7737556561085973,0.33222591362126247,0.0,0.5850622406639004,1.0,0.7382198952879581,0.5645833333333333,0.333658903837204,0.3333333333333333,0.3333333333333333,0.23092442949612935,0.23092442949612935,26,0.17250927384083234,0.04245325736978681,0.1734792339801814,0.04269195739163151,0.19648090481758285,0.048352498591847204,13,13,0.5,0.3333333333333333,0.3333333333333333,39,39,0.0447068747495978,0.01100203147162202,0.04237091064452869,0.010427167969207755,0.0811886978149392,0.01997993851064275,0,0,0.0,0.0,0.0,39
gait_03_half_bound__vx_neg_1p5__seed_0042,fr,98.72240805913167,492.80660454511644,152.8620178222656,168.25035156250016,207.6796112060547,39,154.58194869603867,178.14299163818364,207.6796112060547,8.493524119059243,9.490043212890626,10.07240936279297,0.8166666666666667,0.8416289592760181,0.23255813953488372,0.0,0.6682464454976303,1.0,0.8011363636363636,0.51875,0.333658903837204,0.33541666666666664,0.33541666666666664,0.18509109616279606,0.18509109616279606,39,0.0313952919458719,0.007726149322310915,0.028604890108105963,0.00703945205238267,0.0669651043415076,0.01647961727569309,0,0,0.0,0.0,0.0,39,29,0.15442320461931058,0.038002409398694696,0.16085327148437756,0.03958480133305233,0.1880276489257824,0.0462722147903028,10,9,0.3958333333333333,0.2564102564102564,0.23684210526315788,38
gait_03_half_bound__vx_neg_1p5__seed_0042,rl,57.330144217207625,218.26050485610963,105.01799468994139,107.62580017089843,108.21569061279297,45,88.92464095221625,107.37966003417968,108.21569061279297,4.050638292948405,5.072809936523438,5.1214468383789065,0.9333333333333333,0.9570135746606335,0.06333333333333334,0.0,0.8819875776397516,1.0,0.9372937293729372,0.3854166666666667,0.333658903837204,0.33125,0.33125,0.051757762829462706,0.051757762829462706,39,0.02077364233823923,0.0051122398527216175,0.020500868558883667,0.0050451122415452136,0.04052818417549134,0.009973686603769159,0,6,0.13333333333333333,0.0,0.13333333333333333,45,39,0.0342411628136268,0.008426497110577939,0.03294563293457031,0.008107676781900539,0.06872005462646484,0.016911497570935716,0,6,0.13333333333333333,0.0,0.13333333333333333,45
gait_03_half_bound__vx_neg_1p5__seed_0042,rr,50.81727080001045,197.77305247334763,84.82125091552733,113.35022850036621,114.5040283203125,39,82.69616562280899,113.36651229858398,114.5040283203125,4.104645638099083,4.964081665039062,5.042539291381836,0.9270833333333334,0.9547511312217195,0.06666666666666667,0.0,0.8765432098765432,1.0,0.9342105263157895,0.4041666666666667,0.333658903837204,0.33125,0.33125,0.0705077628294627,0.0705077628294627,39,0.021592607100804646,0.005313781028264764,0.020500868558883667,0.0050451122415452136,0.04679954648017883,0.011517022518716703,0,0,0.0,0.0,0.0,39,39,0.060220522758288264,0.014819825593605783,0.050235748291015625,0.012362646389260485,0.14635009765625,0.036015677439038704,0,0,0.0,0.0,0.0,39
gait_03_half_bound__vx_neg_1p0__seed_0042,fl,85.76418085965243,472.0876256328821,123.18748703002932,125.13111389160156,127.29541015625,31,122.71230070052609,125.4410629272461,127.29541015625,6.6994958766814205,6.9219501495361335,6.958694915771485,0.8114754098360656,0.8307349665924276,0.27636363636363637,0.0,0.696,1.0,0.820754716981132,0.5635245901639344,0.39623603224754333,0.39549180327868855,0.39549180327868855,0.16728855791639108,0.16728855791639108,31,0.1416438279228833,0.04458315378161292,0.14343956589698692,0.04514837193071951,0.16905716538429338,0.05321164863120635,0,0,0.0,0.0,0.0,31,31,0.026933040003622375,0.008477318651269238,0.02604019165039162,0.008196289848112218,0.05871116638183693,0.018479654199435987,0,0,0.0,0.0,0.0,31
gait_03_half_bound__vx_neg_1p0__seed_0042,fr,99.88645439147949,489.6481046411395,151.76842651367187,153.7650280761719,184.1371612548828,31,152.5282947171119,153.9095916748047,184.1371612548828,8.392113992014238,8.81763626098633,9.73147705078125,0.8913934426229508,0.9265033407572383,0.11956521739130435,0.0,0.8398058252427184,1.0,0.9129287598944591,0.5020491803278688,0.39623603224754333,0.39344262295081966,0.39344262295081966,0.10581314808032549,0.10581314808032549,31,0.016482987903779597,0.005188108760339076,0.016634439229964215,0.005235778876748202,0.03330802917480469,0.010483880650777452,0,0,0.0,0.0,0.0,31,28,0.09803045272827227,0.03085561025394754,0.09785736083984453,0.030801128654619928,0.12329967498779427,0.038809233355346515,3,3,0.17647058823529413,0.0967741935483871,0.0967741935483871,31
gait_03_half_bound__vx_neg_1p0__seed_0042,rl,50.19695387192822,223.0317130856216,90.29235458374023,94.62240684509275,96.2210922241211,34,81.80435831406537,94.99478149414062,96.2210922241211,4.007638630586512,4.8655914688110355,4.99090835571289,0.9426229508196722,0.9800884955752213,0.03260869565217391,0.0,0.9513513513513514,1.0,0.9750692520775623,0.44672131147540983,0.39623603224754333,0.3975409836065574,0.3975409836065574,0.0504852792278665,0.0504852792278665,31,0.020731746189055905,0.006525428195934288,0.018690496683120728,0.005882933976706491,0.046387284994125366,0.014600646499969984,0,3,0.08823529411764706,0.0,0.08823529411764706,34,31,0.053678820210118446,0.01689569627803481,0.0539398193359375,0.016977847151347782,0.08353424072265625,0.026292849852914694,0,3,0.08823529411764706,0.0,0.08823529411764706,34
gait_03_half_bound__vx_neg_1p0__seed_0042,rr,52.981818979641176,225.40820510029792,88.00253868103027,95.34723358154295,110.16155242919922,33,83.77661618319425,97.64601287841796,110.16155242919922,4.151187286376953,4.775419540405274,5.210504455566406,0.9262295081967213,0.9601769911504425,0.06521739130434782,0.0,0.9072164948453608,1.0,0.9513513513513514,0.4344262295081967,0.39623603224754333,0.3975409836065574,0.3975409836065574,0.03819019726065337,0.03819019726065337,31,0.023398052300176313,0.007364662330764747,0.02176705002784729,0.006851295626463349,0.050460249185562134,0.015882633802605513,0,2,0.06060606060606061,0.0,0.06060606060606061,33,31,0.019026417886057207,0.005988666975232732,0.0162811279296875,0.005124572251906106,0.04126262664794922,0.012987632827039684,0,2,0.06060606060606061,0.0,0.06060606060606061,33
gait_03_half_bound__vx_neg_0p5__seed_0042,fl,80.91640450102942,453.21432031273844,120.55201873779296,122.89178375244141,123.33666229248047,24,120.95106442769368,123.14162139892578,123.33666229248047,6.5067792256673185,6.833019973754883,6.877201843261719,0.8881987577639752,0.9099099099099099,0.16877637130801687,0.0,0.8380566801619433,1.0,0.9118942731277533,0.5797101449275363,0.4705493450164795,0.4720496894409938,0.4720496894409938,0.10916079991105676,0.10916079991105676,24,0.07770793120066322,0.03128414023906421,0.07791626930236895,0.031368014282423716,0.10012896537780662,0.040310539046302295,0,0,0.0,0.0,0.0,24,24,0.031577413876851645,0.01271263085822529,0.032470817565918964,0.01307230284880636,0.0641784858703623,0.02583737234124281,0,0,0.0,0.0,0.0,24
gait_03_half_bound__vx_neg_0p5__seed_0042,fr,100.18541168011232,454.90129809260367,145.60086975097656,147.65361206054686,147.74038696289062,24,143.1275717417399,147.70825729370117,147.74038696289062,7.177126107215881,7.945236457824707,8.010160522460938,0.9648033126293996,1.0,0.0,0.0,1.0,1.0,1.0,0.4699792960662526,0.4705493450164795,0.4720496894409938,0.4720496894409938,-0.0005700489502268868,0.0005700489502268868,24,0.043604537645975716,0.017554584837083095,0.043505315780638654,0.017514639483989465,0.0662185478210442,0.026658673116793073,0,0,0.0,0.0,0.0,24,24,0.04293684641520187,0.017285781565947445,0.042413597106934375,0.01707512861859818,0.06391075134277244,0.02572958611686975,0,0,0.0,0.0,0.0,24
gait_03_half_bound__vx_neg_0p5__seed_0042,rl,38.74162646323916,197.99575698047877,62.97732124328613,64.84473846435547,65.30327606201172,26,56.597327085641716,64.88504409790039,65.30327606201172,3.074139438775869,3.758872699737549,3.8041571807861327,0.9461697722567288,0.9774774774774775,0.038135593220338986,0.004807692307692308,0.9583333333333334,0.9951923076923077,0.9764150943396227,0.5217391304347826,0.4705493450164795,0.4720496894409938,0.4720496894409938,0.0511897854183031,0.0511897854183031,23,0.01334840318431025,0.005373882829375453,0.012093782424926758,0.004868789833371727,0.02791037559509277,0.011236331874376103,1,3,0.14814814814814814,0.041666666666666664,0.11538461538461539,26,24,0.05170313517252604,0.020814968389260027,0.05110931396484375,0.02057590416954619,0.07902574539184569,0.03181467403824003,0,3,0.1111111111111111,0.0,0.1111111111111111,27
gait_03_half_bound__vx_neg_0p5__seed_0042,rr,49.035167479427095,268.0951760196686,83.89165115356445,89.60185012817382,110.35722351074219,28,76.60465768405369,91.1608242034912,110.35722351074219,3.684837463242667,4.706975036621094,5.268087463378906,0.8819875776397516,0.9099099099099099,0.1694915254237288,0.0,0.8387096774193549,1.0,0.9122807017543859,0.5610766045548654,0.4705493450164795,0.4720496894409938,0.4720496894409938,0.09052725953838592,0.09052725953838592,24,0.07097458839416504,0.028573389388005837,0.0704500675201416,0.028362224525838902,0.09194912910461425,0.03701744989633725,0,4,0.14285714285714285,0.0,0.14285714285714285,28,24,0.014937241872151693,0.006013527349049119,0.012835025787353516,0.00516720417722491,0.03293771743774413,0.01326027029102357,0,4,0.14285714285714285,0.0,0.14285714285714285,28
gait_03_half_bound__vx_pos_0p5__seed_0042,fl,62.50307396281849,343.7669067955017,79.2906707763672,80.74579315185547,82.1570053100586,27,73.62018860710992,81.0585563659668,82.1570053100586,3.9761007648044164,4.73606706237793,4.760158843994141,0.8737060041407867,0.9099099099099099,0.15611814345991562,0.014492753623188406,0.8464730290456431,0.9855072463768116,0.9107142857142857,0.5693581780538303,0.4705493450164795,0.4720496894409938,0.4720496894409938,0.09880883303735077,0.09880883303735077,24,0.059078141848246224,0.023784044255035948,0.058662538528442276,0.02361672809644471,0.08087590217590232,0.032559521615602764,0,3,0.1111111111111111,0.0,0.1111111111111111,27,24,0.04223204453786219,0.01700203806086669,0.04364406585693281,0.017570498349074398,0.08201944351196387,0.03301989556937765,0,3,0.1111111111111111,0.0,0.1111111111111111,27
gait_03_half_bound__vx_pos_0p5__seed_0042,fr,78.02209253348265,401.2242879942805,92.78399353027343,94.13500762939454,94.9947509765625,24,86.07483418782552,89.65485229492188,90.33332824707031,4.666729654471079,5.150645324707032,5.170996551513672,0.927536231884058,0.9548532731376975,0.0847457627118644,0.0,0.9118942731277533,1.0,0.9539170506912442,0.5320910973084886,0.4705493450164795,0.4720496894409938,0.4720496894409938,0.06154175229200909,0.06154175229200909,24,0.03712379455566409,0.014945527144283204,0.036599988937378036,0.014734650234201072,0.05809828758239543,0.023389568455808134,0,0,0.0,0.0,0.0,24,24,0.02498498916625976,0.010058611687015278,0.024823074340821094,0.009993427013745228,0.052989368438722706,0.021332788144053635,0,0,0.0,0.0,0.0,24
gait_03_half_bound__vx_pos_0p5__seed_0042,rl,52.39430782433712,346.0684331417084,85.72446937561035,104.61897758483848,138.46580505371094,23,93.77525993015455,137.31334533691404,138.46580505371094,4.587209704855213,5.6833960266113275,5.715067749023437,0.7888198757763976,0.8130630630630631,0.3516949152542373,0.0,0.7147766323024055,1.0,0.8336673346693386,0.6832298136645962,0.4705493450164795,0.4720496894409938,0.4720496894409938,0.21268046864811674,0.21268046864811674,19,0.020695422825060393,0.00833169150127103,0.019940614700317383,0.00802781617138908,0.042828989028930654,0.017242359671350682,5,4,0.32142857142857145,0.20833333333333334,0.17391304347826086,23,17,0.18193486157585592,0.07324446341540532,0.18243789672851562,0.07344697842279045,0.19727001190185547,0.07941818321431314,7,7,0.45161290322580644,0.2916666666666667,0.2916666666666667,24
gait_03_half_bound__vx_pos_0p5__seed_0042,rr,64.83869527367985,352.86218314051627,95.30470733642578,150.7010942077638,178.2864990234375,24,110.63506730397542,173.055191040039,178.2864990234375,5.008995081583659,6.586339530944824,6.686794738769532,0.9006211180124224,0.9211711711711712,0.1483050847457627,0.0,0.8559670781893004,1.0,0.9223946784922394,0.5631469979296067,0.4705493450164795,0.4720496894409938,0.4720496894409938,0.09259765291312716,0.09259765291312716,24,0.06890463829040527,0.0277400560546725,0.06890416145324707,0.027739864086615988,0.09169964790344237,0.03691701220916839,0,0,0.0,0.0,0.0,24,24,0.02447660764058431,0.009853944303667869,0.02306079864501953,0.009283959149197574,0.04765005111694336,0.019183252706749594,0,0,0.0,0.0,0.0,24
gait_03_half_bound__vx_pos_1p0__seed_0042,fl,60.62270076567356,326.15013011932376,80.64678802490235,91.74396026611328,97.07960510253906,32,78.65487360954285,92.73828010559082,97.07960510253906,4.128839390277863,4.693455490112305,4.739993133544922,0.8237704918032787,0.8552338530066815,0.23636363636363636,0.0,0.7280334728033473,1.0,0.8426150121065376,0.5512295081967213,0.39623603224754333,0.39549180327868855,0.39549180327868855,0.154993475949178,0.154993475949178,31,0.10884862942080416,0.03426068933287781,0.11012962937354942,0.0346638909317401,0.13574913620949047,0.04272776798042946,0,1,0.03125,0.0,0.03125,32,31,0.04557878801899513,0.014346167745033871,0.03526603698730568,0.011100174100978882,0.1071349334716789,0.03372129435072318,0,1,0.03125,0.0,0.03125,32
gait_03_half_bound__vx_pos_1p0__seed_0042,fr,78.31374847321283,394.7012923049927,90.73559646606445,111.31394149780277,128.04522705078125,31,93.01320303640058,117.0948486328125,128.04522705078125,5.000268877090947,5.546817398071289,5.760754699707031,0.8770491803278688,0.910913140311804,0.14492753623188406,0.0,0.812206572769953,1.0,0.8963730569948186,0.5163934426229508,0.39623603224754333,0.39344262295081966,0.39344262295081966,0.1201574103754075,0.1201574103754075,31,0.04562043570703003,0.014359276577995655,0.04510262131690723,0.014196291724199232,0.0808530104160301,0.025448918247583354,0,0,0.0,0.0,0.0,31,31,0.07466960045599252,0.023502656831284992,0.0744122314453115,0.023421648556162262,0.10093200683593828,0.03176888995617483,0,0,0.0,0.0,0.0,31
gait_03_half_bound__vx_pos_1p0__seed_0042,rl,64.54720384646684,402.7745520019531,95.48003540039062,114.25535049438456,166.8435821533203,31,98.91065437563005,125.49346160888672,166.8435821533203,5.002776601852909,5.771222991943359,6.5845269775390625,0.7581967213114754,0.7787610619469026,0.36231884057971014,0.0,0.6376811594202898,1.0,0.7787610619469026,0.639344262295082,0.39623603224754333,0.3975409836065574,0.3975409836065574,0.24310823004753868,0.24310823004753868,31,0.058915371856381814,0.018543928966703916,0.05815163254737854,0.01830353792699766,0.08748379349708557,0.027535992750795463,0,0,0.0,0.0,0.0,31,23,0.1761914128842561,0.0554571912578861,0.17667007446289062,0.055607852554481606,0.19754810333251954,0.062179324007924607,8,8,0.41025641025641024,0.25806451612903225,0.25806451612903225,31
gait_03_half_bound__vx_pos_1p0__seed_0042,rr,72.37801432424737,373.68898121356966,110.55107040405267,202.13927886962892,204.54649353027344,30,134.06378504435222,203.80899963378906,204.54649353027344,5.7917314179738355,7.3782369308471685,7.399640655517579,0.8647540983606558,0.8761061946902655,0.2028985507246377,0.0,0.7586206896551724,1.0,0.8627450980392156,0.5286885245901639,0.39623603224754333,0.3975409836065574,0.3975409836065574,0.13245249234262058,0.13245249234262058,22,0.09387661923061717,0.02954816890387334,0.09427204728126526,0.02967263200156091,0.11538801789283752,0.036318996893198056,9,8,0.4358974358974359,0.2903225806451613,0.26666666666666666,30,31,0.030851364135742188,0.009710632166656661,0.029857635498046875,0.009397850753436994,0.05791759490966797,0.018229873326529387,0,0,0.0,0.0,0.0,31
gait_03_half_bound__vx_pos_1p5__seed_0042,fl,60.55648062210675,312.4774919497967,81.37630348205566,108.1662909698489,154.15023803710938,39,83.7858395698743,131.60289611816407,154.15023803710938,4.30900508587177,5.263063949584962,5.729518280029297,0.7958333333333333,0.8212669683257918,0.26245847176079734,0.0,0.6409090909090909,1.0,0.7811634349030471,0.5375,0.333658903837204,0.3333333333333333,0.3333333333333333,0.203841096162796,0.203841096162796,39,0.10066942774332642,0.024774002174513893,0.10085502743720909,0.024819676887511785,0.13774696469307204,0.03389850999788841,0,0,0.0,0.0,0.0,39,39,0.10305506583971699,0.025361090079078854,0.10261833190918068,0.025253613086437383,0.15171882629394312,0.03733688187941461,0,0,0.0,0.0,0.0,39
gait_03_half_bound__vx_pos_1p5__seed_0042,fr,75.75419863462449,363.6201534461975,89.60808219909667,123.18038597106926,145.22923278808594,39,92.20283019237029,125.63073501586915,145.22923278808594,4.879000705816807,5.815178085327149,6.1704098510742185,0.8354166666666667,0.8619909502262444,0.2026578073089701,0.0,0.698019801980198,1.0,0.8221574344023324,0.5,0.333658903837204,0.33541666666666664,0.33541666666666664,0.16634109616279602,0.16634109616279602,39,0.04280402473914162,0.010533754146980724,0.04262008786201221,0.010488488640896835,0.07839431881904382,0.01929226249149187,0,0,0.0,0.0,0.0,39,27,0.11492085492169579,0.02828117307854493,0.11134613037109631,0.02740145978549196,0.159870223999026,0.03934288061207789,12,12,0.47058823529411764,0.3076923076923077,0.3076923076923077,39
gait_03_half_bound__vx_pos_1p5__seed_0042,rl,73.09547531720504,452.04929454803465,112.15737915039041,168.80042419433602,183.79177856445312,38,119.83410403603001,176.9004066467285,183.79177856445312,5.647623038040964,6.877087257385254,7.136729583740235,0.6875,0.7081447963800905,0.43,0.0,0.5239852398523985,1.0,0.6876513317191283,0.64375,0.333658903837204,0.33125,0.33125,0.31009109616279606,0.31009109616279606,38,0.0974013350511852,0.023969748715677808,0.09649208188056946,0.023745988230186112,0.13510196805000305,0.03324759587176418,1,0,0.02564102564102564,0.02564102564102564,0.0,38,14,0.18624932425362722,0.04583458223111817,0.1863842010498047,0.04586777441385623,0.19892301559448242,0.04895348400572649,25,25,0.78125,0.6410256410256411,0.6410256410256411,39
gait_03_half_bound__vx_pos_1p5__seed_0042,rr,72.77825569196511,381.54765604019167,110.09046592712399,206.9592219543457,213.2587890625,38,132.85148941843133,207.3459831237793,213.2587890625,5.740027677636398,7.264226249694825,7.3643341064453125,0.7854166666666667,0.8144796380090498,0.2733333333333333,0.0,0.6339285714285714,1.0,0.7759562841530054,0.5458333333333333,0.333658903837204,0.33125,0.33125,0.2121744294961293,0.2121744294961293,38,0.12520425413784228,0.030811841626614593,0.12638786435127258,0.03110311935271891,0.16073291897773742,0.03955518347062827,1,0,0.02564102564102564,0.02564102564102564,0.0,38,39,0.087310546483749,0.021486480224774954,0.0890045166015625,0.021903353751554836,0.12155113220214844,0.029912835316482436,0,0,0.0,0.0,0.0,39
gait_04_half_bound__vx_neg_1p5__seed_0042,fl,94.11612649249216,443.9332547804713,147.85119857788087,262.73565444946223,354.60919189453125,39,164.3939655010517,286.01460266113287,354.60919189453125,7.937945317977513,10.81618296813965,12.330643615722657,0.8395833333333333,0.8510158013544018,0.2185430463576159,0.0,0.6811594202898551,1.0,0.810344827586207,0.4875,0.333658903837204,0.33541666666666664,0.33541666666666664,0.153841096162796,0.153841096162796,39,0.11653988101543525,0.02867960343487081,0.1161053478717804,0.028572668039616046,0.15187938809394838,0.03737639495177076,0,0,0.0,0.0,0.0,39,36,0.03822946548461914,0.009407988922528105,0.03808784484863281,0.009373137130653148,0.07674312591552734,0.0188859161210073,2,2,0.1,0.05263157894736842,0.05263157894736842,38
gait_04_half_bound__vx_neg_1p5__seed_0042,fr,96.12566773874777,550.219995458126,147.0187644958496,148.00258255004883,149.51893615722656,39,145.6291026580028,148.23852996826173,149.51893615722656,7.831185725285457,8.157433212280274,8.364868774414063,0.7395833333333334,0.7562076749435666,0.3576158940397351,0.0,0.5662650602409639,1.0,0.7230769230769232,0.5958333333333333,0.333658903837204,0.33541666666666664,0.33541666666666664,0.26217442949612935,0.26217442949612935,39,0.08319820425449273,0.020474463194245108,0.08388641476631165,0.02064382671501326,0.11970604062080384,0.02945877191438429,0,0,0.0,0.0,0.0,39,29,0.16844183823158002,0.04145229152655947,0.16864013671875,0.04150109131873548,0.19366607666015626,0.04765979018517215,9,10,0.3958333333333333,0.23684210526315788,0.2564102564102564,39
gait_04_half_bound__vx_neg_1p5__seed_0042,rl,50.24771978909319,177.6059300610423,91.5709228515625,107.17942428588867,110.94097137451172,38,86.01481246948242,107.13660049438477,110.94097137451172,3.832804559406482,4.468075687408447,4.5221185302734375,0.9291666666666667,0.9636363636363636,0.043333333333333335,0.02142857142857143,0.9133333333333333,0.9785714285714285,0.9448275862068967,0.36666666666666664,0.333658903837204,0.3333333333333333,0.3333333333333333,0.03300776282946266,0.03300776282946266,38,0.057243707493733205,0.014087253357025228,0.05639800906181591,0.013879133223028629,0.10482501864433491,0.025796662383534494,0,0,0.0,0.0,0.0,38,39,0.08811164073455192,0.021683623599444608,0.08822906494140881,0.021712520828933483,0.1245043563842767,0.030639601962026645,0,0,0.0,0.0,0.0,39
gait_04_half_bound__vx_neg_1p5__seed_0042,rr,61.390227691612054,244.5833212608099,103.80249862670898,189.38163970947286,239.3665008544922,40,108.15190110206603,190.00646743774408,239.3665008544922,4.6868048639297495,6.692234741210937,7.44755859375,0.8708333333333333,0.9027149321266968,0.12956810631229235,0.028368794326241134,0.7784090909090909,0.9716312056737588,0.8643533123028392,0.41458333333333336,0.333658903837204,0.33125,0.33125,0.08092442949612938,0.08092442949612938,39,0.05911832684125811,0.01454858332415665,0.05716720700264233,0.014068427151541385,0.09626747250557202,0.023690713522965264,0,1,0.025,0.0,0.025,40,39,0.03423737354767553,0.00842556460023174,0.03327285766601307,0.008188204369968156,0.0658400497436503,0.016202749653828504,0,1,0.025,0.0,0.025,40
gait_04_half_bound__vx_neg_1p0__seed_0042,fl,95.00622184814945,471.51707540333274,152.59665222167968,220.69489898681644,321.6112365722656,31,164.10618394420993,256.79779052734375,321.6112365722656,8.433271863383633,10.842592086791992,12.115299682617188,0.8709016393442623,0.8901345291479821,0.17883211678832117,0.0,0.7782805429864253,1.0,0.8753180661577609,0.5081967213114754,0.39623603224754333,0.39549180327868855,0.39549180327868855,0.11196068906393208,0.11196068906393208,31,0.08953274738404059,0.02818091196523016,0.09055939316749573,0.028504054226451345,0.11617699265480042,0.036567330926937626,0,0,0.0,0.0,0.0,31,26,0.020998001098632812,0.0066092333553461015,0.017818450927734375,0.005608452902683557,0.05003786087036133,0.015749684817193976,4,4,0.23529411764705882,0.13333333333333333,0.13333333333333333,30
gait_04_half_bound__vx_neg_1p0__seed_0042,fr,90.85791086023504,499.9124739158154,136.7599609375,140.00246459960937,140.7082977294922,31,136.6528571344191,140.33209228515625,140.7082977294922,7.4411173789731935,7.693010940551758,7.851388092041016,0.8319672131147541,0.8632286995515696,0.22262773722627738,0.0,0.7381974248927039,1.0,0.8493827160493828,0.5635245901639344,0.39623603224754333,0.39549180327868855,0.39549180327868855,0.16728855791639108,0.16728855791639108,31,0.03419955411264973,0.010764492901850815,0.03317108750343323,0.010440777525965061,0.06313934922218323,0.01987344847511557,0,0,0.0,0.0,0.0,31,30,0.13277276357014975,0.0417909387444718,0.13132190704345703,0.041334273878849734,0.16010808944702148,0.05039487902983731,0,1,0.03225806451612903,0.0,0.03225806451612903,31
gait_04_half_bound__vx_neg_1p0__seed_0042,rl,44.3081773659433,189.93717265158892,67.3421432495117,72.35791900634766,74.28682708740234,35,60.760129301888604,72.60184020996094,74.28682708740234,3.13119648034232,3.917813278198242,4.04243408203125,0.9118852459016393,0.9444444444444444,0.07636363636363637,0.022857142857142857,0.890625,0.9771428571428571,0.9318801089918256,0.4364754098360656,0.39623603224754333,0.3975409836065574,0.3975409836065574,0.04023937758852225,0.04023937758852225,22,0.023939447511325988,0.0075350693743279585,0.01640846848487776,0.0051646533739566495,0.0551424276828774,0.017356374572252163,8,13,0.4883720930232558,0.26666666666666666,0.37142857142857144,35,31,0.0184025967505675,0.005792315930336516,0.016123657226561505,0.005075007504352212,0.04200637817383068,0.013221732604911655,0,4,0.11428571428571428,0.0,0.11428571428571428,35
gait_04_half_bound__vx_neg_1p0__seed_0042,rr,58.04027797040981,266.3230798371136,97.0789794921875,113.50683471679686,190.36203002929688,32,98.03757846355438,125.52120323181151,190.36203002929688,4.690740606784821,5.549985038757324,6.825609130859375,0.8299180327868853,0.8530066815144766,0.18181818181818182,0.09195402298850575,0.7596153846153846,0.9080459770114943,0.8272251308900522,0.4692622950819672,0.39623603224754333,0.3975409836065574,0.3975409836065574,0.07302626283442387,0.07302626283442387,31,0.08847993031624897,0.02784953215203551,0.08949974656105297,0.028170524779372843,0.11691979050636192,0.0368011305307075,0,1,0.03125,0.0,0.03125,32,31,0.026558997861800913,0.008359586882972852,0.02609909057617088,0.00821482860058803,0.05457878112792791,0.017178963799002866,0,1,0.03125,0.0,0.03125,32
gait_04_half_bound__vx_neg_0p5__seed_0042,fl,94.43557875497001,475.9673804807663,148.19424209594726,153.75828903198246,206.6376953125,24,151.5189577738444,172.0725517272949,206.6376953125,8.229453382492066,9.161184814453124,9.93957000732422,0.865424430641822,0.8986486486486487,0.1483050847457627,0.04807692307692308,0.8497854077253219,0.9519230769230769,0.8979591836734693,0.5217391304347826,0.4705493450164795,0.4699792960662526,0.4699792960662526,0.0511897854183031,0.0511897854183031,24,0.06776575247446696,0.027281556349023524,0.06724238395690918,0.02707085540965983,0.0887406826019287,0.035725773631267756,0,0,0.0,0.0,0.0,24,21,0.020302863348098027,0.008173652475656622,0.0194854736328125,0.007844582661445136,0.038738250732421875,0.015595484911310757,2,3,0.19230769230769232,0.08695652173913043,0.125,24
gait_04_half_bound__vx_neg_0p5__seed_0042,fr,84.57167549751065,417.8808849513531,123.37479019165039,126.51405395507811,128.0540771484375,24,123.5962127049764,127.10293807983399,128.0540771484375,6.563660618464152,7.107570419311523,7.157293701171875,0.9461697722567288,0.9819819819819819,0.03389830508474576,0.0,0.9629629629629629,1.0,0.9811320754716981,0.5113871635610766,0.4705493450164795,0.4699792960662526,0.4699792960662526,0.040837818544597115,0.040837818544597115,24,0.016030351320902508,0.006453598121272621,0.014497756958007812,0.005836596790294095,0.03693518638610839,0.014869596099209088,0,0,0.0,0.0,0.0,24,21,0.028492291768391926,0.011470603291612275,0.027101516723632812,0.010910696460109039,0.062282562255859375,0.025074099669814942,2,2,0.16,0.08695652173913043,0.08695652173913043,23
gait_04_half_bound__vx_neg_0p5__seed_0042,rl,43.10080361947781,213.64302567623557,72.4905891418457,76.95866584777833,77.65414428710938,26,66.88240300692044,77.4465217590332,77.65414428710938,3.414369596334604,4.051507911682129,4.253552703857422,0.9627329192546584,0.9842696629213483,0.029535864978902954,0.0,0.9674418604651163,1.0,0.983451536643026,0.5093167701863354,0.4705493450164795,0.4720496894409938,0.4720496894409938,0.038767425169855874,0.038767425169855874,24,0.018036216894785777,0.007261131907650653,0.015212059020996094,0.006124164938954158,0.03733761787414753,0.015031609460186638,0,2,0.07692307692307693,0.0,0.07692307692307693,26,24,0.03579581260681156,0.01441089994624896,0.03611076354980458,0.01453769484757732,0.05716350555420124,0.023013238117178113,0,2,0.07692307692307693,0.0,0.07692307692307693,26
gait_04_half_bound__vx_neg_0p5__seed_0042,rr,55.194544530096856,289.9592083325982,91.0547706604004,101.36737846374504,129.22714233398438,27,85.48287434048123,121.42012405395506,129.22714233398438,4.240762310734502,5.529157577514648,5.725846557617188,0.8302277432712215,0.8558558558558559,0.20675105485232068,0.07246376811594203,0.7966804979253111,0.927536231884058,0.8571428571428571,0.5424430641821946,0.4705493450164795,0.4720496894409938,0.4720496894409938,0.07189371916571508,0.07189371916571508,24,0.08898878574371334,0.035825656530753265,0.08991921424865623,0.036200234201028546,0.1097534465789785,0.04418522229900904,0,3,0.1111111111111111,0.0,0.1111111111111111,27,24,0.030406349500020562,0.012241176508229118,0.030426979064942294,0.012249481686247767,0.0559656906127925,0.02253101435921044,0,3,0.1111111111111111,0.0,0.1111111111111111,27
gait_04_half_bound__vx_pos_0p5__seed_0042,fl,77.09985545949733,362.3693206596375,106.21130599975585,108.9427978515625,111.75912475585938,24,106.45760091145833,109.23583488464355,111.75912475585938,5.804404201507569,6.0473183822631835,6.052730102539063,0.8881987577639752,0.9234234234234234,0.08898305084745763,0.0625,0.9027777777777778,0.9375,0.9198113207547169,0.4865424430641822,0.4705493450164795,0.4699792960662526,0.4699792960662526,0.015993098047702714,0.015993098047702714,24,0.03878617286682129,0.015614777700990555,0.03847813606262207,0.01549076633648161,0.0611924648284912,0.024635241495815093,0,0,0.0,0.0,0.0,24,22,0.02296668832952326,0.009246071635498034,0.021032333374023438,0.00846732703678108,0.04643149375915527,0.0186926783383245,1,2,0.12,0.043478260869565216,0.08333333333333333,24
gait_04_half_bound__vx_pos_0p5__seed_0042,fr,71.53285524922032,354.80296203613284,92.60084609985351,94.25646842956543,95.3876724243164,24,92.36811860402425,94.6409523010254,95.3876724243164,5.088858814239502,5.338613525390625,5.362481994628906,0.9565217391304348,0.9864864864864865,0.025423728813559324,0.0,0.9719626168224299,1.0,0.985781990521327,0.5134575569358178,0.4705493450164795,0.4699792960662526,0.4699792960662526,0.04290821191933836,0.04290821191933836,24,0.012555857499440512,0.005054814878804167,0.012835502624511719,0.005167396145281425,0.023197150230407713,0.009338852414958151,0,0,0.0,0.0,0.0,24,23,0.04043351049008577,0.01627797308440919,0.039936065673828125,0.01607770866927743,0.07613849639892577,0.03065230745603931,0,1,0.041666666666666664,0.0,0.041666666666666664,24
gait_04_half_bound__vx_pos_0p5__seed_0042,rl,68.22668633011152,361.90686125040054,90.97700653076171,112.98661041259774,160.56875610351562,24,96.54115613301595,128.60078315734862,160.56875610351562,4.799958891868592,5.7936660766601555,6.431285095214844,0.906832298136646,0.9280898876404494,0.1350210970464135,0.0,0.8666666666666667,1.0,0.9285714285714286,0.5486542443064182,0.4705493450164795,0.4720496894409938,0.4720496894409938,0.07810489928993869,0.07810489928993869,24,0.03211574236551925,0.012929354475415308,0.03221571922302324,0.012969603777931667,0.05371368408203176,0.021624387621899922,0,0,0.0,0.0,0.0,24,24,0.11031457265218103,0.04441112390898156,0.10979927062988182,0.04420367042924017,0.13251169204711813,0.053347377716347594,0,0,0.0,0.0,0.0,24
gait_04_half_bound__vx_pos_0p5__seed_0042,rr,55.30892560482025,353.9771238708496,78.38596572875977,85.85090377807617,86.57649993896484,23,80.63368556810462,86.3631591796875,86.57649993896484,4.329060313183329,4.641337417602539,4.657644805908204,0.8095238095238095,0.8220720720720721,0.3333333333333333,0.0,0.7237762237762237,1.0,0.8397565922920892,0.6625258799171843,0.4705493450164795,0.4720496894409938,0.4720496894409938,0.19197653490070477,0.19197653490070477,20,0.15723617553710945,0.06330111341472781,0.1548115062713622,0.06232497504415261,0.17917387962341547,0.07213293020041561,4,3,0.25925925925925924,0.16666666666666666,0.13043478260869565,23,24,0.0345414034525553,0.013905892139547963,0.034017677307128125,0.013695047224141587,0.055515117645264664,0.022349619903248498,0,0,0.0,0.0,0.0,24
gait_04_half_bound__vx_pos_1p0__seed_0042,fl,71.40253401222733,324.1675044155121,99.97972946166992,103.525838470459,188.3773651123047,31,103.86826447517642,133.82029342651367,188.3773651123047,5.182037453189971,6.07803955078125,7.18978286743164,0.9057377049180327,0.9349775784753364,0.10583941605839416,0.0,0.8557213930348259,1.0,0.9222520107238605,0.4651639344262295,0.39623603224754333,0.39549180327868855,0.39549180327868855,0.06892790217868616,0.06892790217868616,31,0.04853871849275405,0.015277821721275762,0.048023611307144165,0.015115688974605272,0.07915535569190979,0.024914572326949633,0,0,0.0,0.0,0.0,31,24,0.022147417068481445,0.00697101819055052,0.015753746032714844,0.004958575974064958,0.060531425476074215,0.019052590502491445,6,6,0.3333333333333333,0.2,0.2,30
gait_04_half_bound__vx_pos_1p0__seed_0042,fr,72.51918391653672,366.98848555088045,97.35917053222654,120.41694763183553,160.7208709716797,31,99.34754722349105,148.91472625732422,160.7208709716797,4.960068979570942,6.16177230834961,6.361311798095703,0.8770491803278688,0.9125560538116592,0.14233576642335766,0.0,0.8151658767772512,1.0,0.8981723237597911,0.5184426229508197,0.39623603224754333,0.39549180327868855,0.39549180327868855,0.12220659070327633,0.12220659070327633,31,0.028654743586817095,0.009019234079153006,0.02829018235206604,0.008904486477156751,0.057888418436050415,0.018220689875127576,0,0,0.0,0.0,0.0,31,30,0.09464829762776693,0.02979105881411219,0.0949392318725586,0.029882631926517383,0.12314929962158203,0.0387619019031038,0,1,0.03225806451612903,0.0,0.03225806451612903,31
gait_04_half_bound__vx_pos_1p0__seed_0042,rl,75.35499686237732,420.6107004670799,107.71125259399295,174.02567047119126,183.7947540283203,31,128.8620147705078,179.94607543945312,183.7947540283203,5.7366058005056075,6.992134628295899,7.055312652587891,0.8258196721311475,0.8533333333333334,0.24,0.0,0.7261410788381742,1.0,0.8413461538461537,0.5717213114754098,0.39623603224754333,0.3975409836065574,0.3975409836065574,0.1754852792278665,0.1754852792278665,22,0.012168145071376363,0.0038299888594475425,0.012041091918943536,0.0037899981989548354,0.023534082174303705,0.00740747846250906,8,9,0.4358974358974359,0.26666666666666666,0.2903225806451613,31,26,0.17176418597881687,0.054063697867840516,0.17126262664795,0.053905829381041256,0.19547641754150558,0.061527249804887364,5,5,0.2777777777777778,0.16129032258064516,0.16129032258064516,31
gait_04_half_bound__vx_pos_1p0__seed_0042,rr,66.12801774448117,399.53428445577623,95.07190818786621,175.83583267211915,177.69168090820312,30,117.29710210164389,176.9470558166504,177.69168090820312,5.433697352091472,6.74536222076416,6.763363952636719,0.7704918032786885,0.7750556792873051,0.36727272727272725,0.0,0.6327272727272727,1.0,0.775055679287305,0.6188524590163934,0.39623603224754333,0.3975409836065574,0.3975409836065574,0.22261642676885007,0.22261642676885007,18,0.1816697201463919,0.05718151782200368,0.18263748764991838,0.057486127829141156,0.1988446104526515,0.06258740657081092,13,12,0.5813953488372093,0.41935483870967744,0.4,30,31,0.027936881280713727,0.00879328307192342,0.02694046020507912,0.008479654199435986,0.05499946594238203,0.017311376598426843,0,0,0.0,0.0,0.0,31
gait_04_half_bound__vx_pos_1p5__seed_0042,fl,68.15639793447086,305.3727730679512,96.38036994934082,171.53032341003512,205.6135711669922,39,101.57079569498698,193.88547668457034,205.6135711669922,4.917086774385892,6.929510543823243,7.163614501953125,0.86875,0.8961625282167043,0.152317880794702,0.0,0.7540106951871658,1.0,0.8597560975609757,0.4666666666666667,0.333658903837204,0.33541666666666664,0.33541666666666664,0.1330077628294627,0.1330077628294627,39,0.03758916717309218,0.009250416240158724,0.03810623288154602,0.009377662289657114,0.07319381833076477,0.018012457755403787,0,0,0.0,0.0,0.0,39,38,0.09460439180072985,0.023281441652430734,0.0946035385131836,0.023281231664671782,0.13036231994628905,0.03208120350160764,0,1,0.02564102564102564,0.0,0.02564102564102564,39
gait_04_half_bound__vx_pos_1p5__seed_0042,fr,72.78742204070562,368.3043555259705,98.6128173828125,152.71549194335907,198.96905517578125,39,101.9546379676232,170.57034149169925,198.96905517578125,4.936440367087339,6.504716339111329,7.063170166015625,0.8083333333333333,0.8306997742663657,0.24834437086092714,0.0,0.6527777777777778,1.0,0.7899159663865547,0.5270833333333333,0.333658903837204,0.33541666666666664,0.33541666666666664,0.19342442949612937,0.19342442949612937,39,0.03947114715209374,0.009713557604298116,0.04138496518135071,0.010184534077307612,0.0739331066608429,0.018194391149757096,0,0,0.0,0.0,0.0,39,37,0.1532469569025813,0.03771294352861628,0.15462493896484375,0.038052054730221316,0.18815231323242185,0.04630289375484052,1,2,0.075,0.02631578947368421,0.05128205128205128,39
gait_04_half_bound__vx_pos_1p5__seed_0042,rl,76.89535224605613,436.7687219825387,115.52006835937493,171.5096351623536,176.782470703125,38,122.2769869754189,175.96498794555663,176.782470703125,5.760166617945622,6.844644309997559,6.884424285888672,0.7416666666666667,0.7636363636363637,0.3466666666666667,0.0,0.5737704918032787,1.0,0.7291666666666666,0.5916666666666667,0.333658903837204,0.3333333333333333,0.3333333333333333,0.2580077628294627,0.2580077628294627,30,0.01637934382756517,0.004030835465120744,0.015882492065429688,0.0039085639184209915,0.03204364895820361,0.007885705191390858,8,8,0.34782608695652173,0.21052631578947367,0.21052631578947367,38,0,,,,,,,39,39,1.0,1.0,1.0,39
gait_04_half_bound__vx_pos_1p5__seed_0042,rr,66.5850125006267,372.87607000350954,96.435750579834,100.01109451293942,129.19639587402344,39,95.26077563946063,101.0504653930664,129.19639587402344,4.8158823101337145,5.025048278808594,5.593919677734375,0.7479166666666667,0.7624434389140271,0.3488372093023256,0.0,0.573170731707317,1.0,0.7286821705426356,0.5833333333333334,0.333658903837204,0.33125,0.33125,0.2496744294961294,0.2496744294961294,21,0.17799465480305054,0.0438031690851143,0.17720810055732983,0.04360960389823809,0.19495788693428295,0.04797769514656591,18,18,0.631578947368421,0.46153846153846156,0.46153846153846156,39,39,0.053168313442130764,0.013084328999952054,0.05147087097168068,0.012666600952850582,0.08982955932616968,0.02210639066863754,0,0,0.0,0.0,0.0,39
gait_05_half_bound__vx_neg_1p5__seed_0042,fl,91.3545429326217,470.36433415412904,125.353955078125,126.67702850341797,127.27738952636719,39,124.39971610827324,126.9558349609375,127.27738952636719,6.87838610918094,7.133052581787109,7.185310974121094,0.8,0.8216704288939052,0.26158940397350994,0.0,0.6409090909090909,1.0,0.7811634349030471,0.5354166666666667,0.333658903837204,0.33541666666666664,0.33541666666666664,0.20175776282946267,0.20175776282946267,39,0.08319820425449273,0.020474463194245108,0.08388641476631165,0.02064382671501326,0.11970604062080384,0.02945877191438429,0,0,0.0,0.0,0.0,39,38,0.11813008157830489,0.029070940041083487,0.11749458312988281,0.028914548569551037,0.15796985626220703,0.03887521415663357,0,1,0.02564102564102564,0.0,0.02564102564102564,39
gait_05_half_bound__vx_neg_1p5__seed_0042,fr,94.26837057375725,495.57891954421996,149.6132209777832,310.73719390869053,384.6712951660156,39,171.7481200389373,350.7937408447266,384.6712951660156,8.445136018410707,12.449082427978517,13.103304901123048,0.7895833333333333,0.8103837471783296,0.2781456953642384,0.0,0.6266666666666667,1.0,0.7704918032786886,0.5458333333333333,0.333658903837204,0.33541666666666664,0.33541666666666664,0.2121744294961293,0.2121744294961293,39,0.12695894409448671,0.031243657856983385,0.12683990597724915,0.031214363456077355,0.16220577359199526,0.03991764210612782,0,0,0.0,0.0,0.0,39,38,0.0860497324090255,0.021176203198978227,0.08386802673339844,0.020639301556009296,0.1200784683227539,0.029550423619423127,0,0,0.0,0.0,0.0,38
gait_05_half_bound__vx_neg_1p5__seed_0042,rl,58.90835294950576,249.50663357168438,87.58651809692383,90.92130729675293,123.45651245117188,41,82.42296670122845,91.06402587890625,123.45651245117188,4.207805467000822,4.557345581054688,5.3706611633300785,0.89375,0.9117647058823529,0.12956810631229235,0.0,0.7833333333333333,1.0,0.8785046728971964,0.4375,0.333658903837204,0.33125,0.33125,0.10384109616279602,0.10384109616279602,39,0.04869906813670583,0.011984480760054086,0.04970565915107983,0.012232195369523502,0.08479076504707272,0.020866380635546324,0,2,0.04878048780487805,0.0,0.04878048780487805,41,39,0.05108441279484511,0.012571496451634046,0.05101501464843494,0.01255441808068655,0.12532493591308375,0.030841540519607996,0,2,0.04878048780487805,0.0,0.04878048780487805,41
gait_05_half_bound__vx_neg_1p5__seed_0042,rr,55.01487465000632,219.00034497141837,91.14533309936523,99.88631988525391,101.66149139404297,38,89.98568324038857,99.9115478515625,101.66149139404297,4.493649177551269,5.030974197387695,5.073820495605469,0.91875,0.9568181818181818,0.06333333333333334,0.0,0.8805031446540881,1.0,0.9364548494983278,0.41458333333333336,0.333658903837204,0.3333333333333333,0.3333333333333333,0.08092442949612938,0.08092442949612938,35,0.01972075315884183,0.0048531316070045604,0.019265745878222162,0.004741157677955991,0.04415874361992032,0.010867140451548163,3,3,0.14634146341463414,0.07894736842105263,0.07894736842105263,38,39,0.08186008551182056,0.020145162060983067,0.08167541503906506,0.020099716022437205,0.11744964599609312,0.028903489873031363,0,0,0.0,0.0,0.0,39
gait_05_half_bound__vx_neg_1p0__seed_0042,fl,85.21108537527823,422.9281473422051,117.05358810424805,119.11620635986328,120.82347869873047,31,116.4208253429782,119.29920959472656,120.82347869873047,6.530676279375631,6.906620635986329,7.030253601074219,0.8872950819672131,0.9237668161434978,0.12408759124087591,0.0,0.8349514563106796,1.0,0.91005291005291,0.5081967213114754,0.39623603224754333,0.39549180327868855,0.39549180327868855,0.11196068906393208,0.11196068906393208,31,0.02633329072306233,0.008288544351691724,0.027019888162612915,0.0085046545746533,0.0526374876499176,0.016567931275139582,0,0,0.0,0.0,0.0,31,30,0.08617623647054036,0.027124432170658984,0.0866098403930664,0.027260911328570572,0.11699790954589843,0.036825718916971846,0,1,0.03225806451612903,0.0,0.03225806451612903,31
gait_05_half_bound__vx_neg_1p0__seed_0042,fr,91.78379072776208,477.5890157337487,145.45822982788087,154.14376602172854,299.60302734375,31,151.28835862682712,195.2211456298828,299.60302734375,8.09008077806042,9.461425323486328,11.69370849609375,0.8627049180327869,0.8834080717488789,0.1897810218978102,0.0,0.7678571428571429,1.0,0.8686868686868687,0.5327868852459017,0.39623603224754333,0.39549180327868855,0.39549180327868855,0.13655085299835834,0.13655085299835834,31,0.09158253189056151,0.02882609262162377,0.09183540940284729,0.02890568717356067,0.11925259232521057,0.03753539240259351,0,0,0.0,0.0,0.0,31,30,0.04593340555826823,0.014457785515599049,0.04651451110839844,0.014640691601128656,0.07896318435668942,0.02485408536951431,0,0,0.0,0.0,0.0,30
gait_05_half_bound__vx_neg_1p0__seed_0042,rl,56.20828031795294,269.2985489845276,86.87365493774413,93.22380905151367,95.6290283203125,33,82.74038424636379,93.64033660888671,95.6290283203125,4.230105702949293,4.734596832275391,4.903748779296875,0.9077868852459017,0.9198218262806236,0.13090909090909092,0.0,0.8285714285714286,1.0,0.90625,0.48975409836065575,0.39623603224754333,0.3975409836065574,0.3975409836065574,0.09351806611311242,0.09351806611311242,31,0.0515850397463775,0.016236667658371118,0.05184105515479942,0.016317249879930048,0.08053520798683422,0.025348888230174307,0,2,0.06060606060606061,0.0,0.06060606060606061,33,31,0.03795902867470934,0.011947807663928688,0.037442321777344745,0.011785171399411973,0.08522998809814375,0.026826595425346458,0,2,0.06060606060606061,0.0,0.06060606060606061,33
gait_05_half_bound__vx_neg_1p0__seed_0042,rr,51.242728150144536,241.27492562532424,78.48684158325196,81.66960174560546,81.88539123535156,31,76.92701228972405,81.74980163574219,81.88539123535156,4.159581618770477,4.493348388671874,4.613553466796875,0.9159836065573771,0.9511111111111111,0.08,0.0,0.8883248730964467,1.0,0.9408602150537635,0.48155737704918034,0.39623603224754333,0.3975409836065574,0.3975409836065574,0.085321344801637,0.085321344801637,22,0.016669410250403614,0.005246786192809996,0.012041091918943536,0.0037899981989548354,0.04585116028785787,0.014431898376058372,8,9,0.4358974358974359,0.26666666666666666,0.2903225806451613,31,31,0.07454143893334257,0.02346231730532768,0.07531250000000256,0.02370501290748715,0.10400856018066662,0.03273725160593225,0,0,0.0,0.0,0.0,31
gait_05_half_bound__vx_neg_0p5__seed_0042,fl,78.91832951721716,367.75941555023195,103.33096923828124,105.7450927734375,106.9766616821289,24,102.7678035100301,105.9308422088623,106.9766616821289,5.746340421040853,6.243173461914062,6.313822326660157,0.937888198757764,0.9774774774774775,0.03389830508474576,0.009615384615384616,0.9626168224299065,0.9903846153846154,0.976303317535545,0.4824016563146998,0.4705493450164795,0.4699792960662526,0.4699792960662526,0.011852311298220286,0.011852311298220286,24,0.01601088047027588,0.006445759425631575,0.014470338821411133,0.0058255586270444595,0.035271692276000965,0.014199896337249477,0,0,0.0,0.0,0.0,24,20,0.013548326492309571,0.005454369192966291,0.013667106628417969,0.0055021884358442755,0.023796558380126953,0.009580165860400829,3,3,0.23076923076923078,0.13043478260869565,0.13043478260869565,23
gait_05_half_bound__vx_neg_0p5__seed_0042,fr,93.02663168163807,489.3200826454163,144.82608184814453,149.29319519042969,224.19090270996094,24,148.35483105977377,161.474299621582,224.19090270996094,7.979612655639649,8.952034927368164,10.192532958984375,0.8799171842650103,0.9144144144144144,0.15677966101694915,0.004807692307692308,0.8483606557377049,0.9951923076923077,0.915929203539823,0.5445134575569358,0.4705493450164795,0.4699792960662526,0.4699792960662526,0.07396411254045632,0.07396411254045632,24,0.0719056526819865,0.02894822301569019,0.07128214836120605,0.028697208784458268,0.09349408149719238,0.03763942639944713,0,0,0.0,0.0,0.0,24,20,0.013608217239379883,0.0054784803808646245,0.013667106628417969,0.0055021884358442755,0.02385644912719727,0.009604277048299165,3,3,0.23076923076923078,0.13043478260869565,0.13043478260869565,23
gait_05_half_bound__vx_neg_0p5__seed_0042,rl,54.88175496843908,297.8728844118118,90.46109771728516,96.1816635131836,97.31509399414062,25,89.06775489807129,96.69015808105469,97.31509399414062,4.516635136413575,4.913215026855469,5.060930328369141,0.8944099378881988,0.9256756756756757,0.13924050632911392,0.0,0.8625,1.0,0.9261744966442953,0.5610766045548654,0.4705493450164795,0.4720496894409938,0.4720496894409938,0.09052725953838592,0.09052725953838592,24,0.05793929576873776,0.02332556054672501,0.05782998085021962,0.023281551869768827,0.07932904243469441,0.031936777240268034,0,1,0.04,0.0,0.04,25,24,0.03146266619364413,0.012666435025211774,0.03092586517333995,0.012450326345696119,0.06763722419738867,0.027229812639177235,0,1,0.04,0.0,0.04,25
gait_05_half_bound__vx_neg_0p5__seed_0042,rr,49.78931193295204,252.26745378732682,80.74727172851561,84.72541381835937,85.4710693359375,24,80.75605297088623,85.2941764831543,85.4710693359375,4.248544460932414,4.638949653625488,4.646669006347657,0.927536231884058,0.952808988764045,0.08860759493670886,0.0,0.9082969432314411,1.0,0.9519450800915332,0.5238095238095238,0.4705493450164795,0.4720496894409938,0.4720496894409938,0.053260178793044344,0.053260178793044344,24,0.03418577194213871,0.013762719803424726,0.03387797355651756,0.013638804422943622,0.05659053802490161,0.022782569300468108,0,0,0.0,0.0,0.0,24,24,0.08754500230153406,0.035244409250300764,0.08816850662231435,0.03549542348153263,0.10871847152709914,0.04376855563234259,0,0,0.0,0.0,0.0,24
gait_05_half_bound__vx_pos_0p5__seed_0042,fl,64.49739441890198,331.51660731315616,90.82673645019531,95.86312408447266,99.67159271240234,24,90.9123306274414,97.28959197998047,99.67159271240234,4.817692232131958,5.023492378234863,5.0517041015625,0.937888198757764,0.9684684684684685,0.059322033898305086,0.0,0.9369369369369369,1.0,0.9674418604651163,0.5320910973084886,0.4705493450164795,0.4699792960662526,0.4699792960662526,0.06154175229200909,0.06154175229200909,24,0.019093771775563557,0.0076868889016867585,0.0175626277923584,0.007070471473546802,0.03905892372131347,0.01572458342931736,0,0,0.0,0.0,0.0,24,23,0.0447534063588018,0.0180171035191918,0.04469108581542969,0.01799201412884896,0.0731464385986328,0.029447746295016505,0,0,0.0,0.0,0.0,23
gait_05_half_bound__vx_pos_0p5__seed_0042,fr,81.09765805180365,410.4432822751999,103.38484344482421,107.53267761230468,109.52316284179688,24,103.96412722269694,108.25202178955078,109.52316284179688,5.932970504760743,6.118421104431153,6.1777685546875,0.8633540372670807,0.8963963963963963,0.15254237288135594,0.04807692307692308,0.8461538461538461,0.9519230769230769,0.8959276018099548,0.5238095238095238,0.4705493450164795,0.4699792960662526,0.4699792960662526,0.053260178793044344,0.053260178793044344,24,0.06983570257822673,0.02811488968235686,0.06890511512756348,0.02774024802272902,0.09161686897277832,0.03688368655455732,0,0,0.0,0.0,0.0,24,20,0.019251394271850585,0.007750345542501727,0.017589569091796875,0.007081317668739922,0.04373292922973633,0.017606273516086925,3,4,0.25925925925925924,0.13043478260869565,0.16666666666666666,24
gait_05_half_bound__vx_pos_0p5__seed_0042,rl,59.34249280755076,376.23140439987185,83.43142547607421,88.14017639160156,94.02354431152344,24,83.80813280741374,88.71237258911133,94.02354431152344,4.572469765345256,4.778869590759277,4.817071838378906,0.8157349896480331,0.8400900900900901,0.29957805907172996,0.0,0.7446043165467626,1.0,0.8536082474226805,0.6563146997929606,0.4705493450164795,0.4720496894409938,0.4720496894409938,0.18576535477648115,0.18576535477648115,24,0.10554838657379147,0.04249232319741993,0.10513365745544423,0.04232535898026564,0.12734654426574607,0.05126796053136718,0,0,0.0,0.0,0.0,24,24,0.08008062362670894,0.032239353451585635,0.08060371398925792,0.032449942409583085,0.10165645599365031,0.040925485679182166,0,0,0.0,0.0,0.0,24
gait_05_half_bound__vx_pos_0p5__seed_0042,rr,68.78193082328605,327.5201960325241,96.3348014831543,162.45834259033202,169.85018920898438,24,113.61911328633626,168.3892738342285,169.85018920898438,5.368891321818033,6.655905403137207,6.736343078613281,0.917184265010352,0.952808988764045,0.06751054852320675,0.02403846153846154,0.9269406392694064,0.9759615384615384,0.9508196721311476,0.4927536231884058,0.4705493450164795,0.4720496894409938,0.4720496894409938,0.022204278171926328,0.022204278171926328,24,0.05488543192545577,0.022096117126110232,0.05550873756408681,0.02234705137065188,0.076059656143188,0.03062056745757487,0,0,0.0,0.0,0.0,24,24,0.07719509283701582,0.031077678594281927,0.0777109909057625,0.031285372034093845,0.09754522323608299,0.03927036013207362,0,0,0.0,0.0,0.0,24
gait_05_half_bound__vx_pos_1p0__seed_0042,fl,63.051112103111606,343.0583116769791,90.71198768615723,120.586277236939,167.9675750732422,31,94.18350736556515,139.15431213378906,167.9675750732422,4.579636496267011,5.660244903564453,6.143235778808594,0.8381147540983607,0.8699551569506726,0.2116788321167883,0.0,0.7478260869565218,1.0,0.8557213930348259,0.5573770491803278,0.39623603224754333,0.39549180327868855,0.39549180327868855,0.1611410169327845,0.1611410169327845,31,0.040339826576171384,0.012697176559985437,0.04059639573097229,0.012777933076184187,0.06711617112159729,0.021125174476196197,0,0,0.0,0.0,0.0,31,30,0.12218240102132162,0.038457565387925004,0.12299537658691406,0.038713453803205865,0.15645713806152342,0.04924572251906106,0,1,0.03225806451612903,0.0,0.03225806451612903,31
gait_05_half_bound__vx_pos_1p0__seed_0042,fr,79.8241146798076,394.3311265182495,97.01060180664062,100.46115402221679,164.6964569091797,31,98.84438225530809,100.8870849609375,164.6964569091797,5.446574886691186,5.546680679321289,6.896178436279297,0.8770491803278688,0.8946188340807175,0.17153284671532848,0.0,0.7853881278538812,1.0,0.8797953964194373,0.5061475409836066,0.39623603224754333,0.39549180327868855,0.39549180327868855,0.10991150873606326,0.10991150873606326,31,0.08543348600787501,0.02689064748279809,0.08440819382667542,0.026567931275139584,0.11246529221534729,0.03539905332592904,0,0,0.0,0.0,0.0,31,27,0.02402708265516493,0.007562653005409805,0.021532058715820312,0.006777330851894099,0.05138206481933594,0.016172780212523264,3,3,0.18181818181818182,0.1,0.1,30
gait_05_half_bound__vx_pos_1p0__seed_0042,rl,66.15119470334521,404.84531158447265,92.74252891540527,96.94442367553711,137.3352813720703,31,94.08486077093309,112.25457382202148,137.3352813720703,4.726704462112918,5.300652008056641,5.791846466064453,0.7704918032786885,0.7928730512249443,0.3381818181818182,0.0,0.651685393258427,1.0,0.7891156462585034,0.6270491803278688,0.39623603224754333,0.3975409836065574,0.3975409836065574,0.2308131480803255,0.2308131480803255,31,0.14587137387644933,0.04591379652214437,0.14561775803566235,0.04583396957735567,0.17213371872901995,0.05418001028096321,0,0,0.0,0.0,0.0,31,31,0.08510247261293388,0.026786459243134948,0.08433067321777443,0.026543531248124228,0.11392604827880781,0.03585883412379156,0,0,0.0,0.0,0.0,31
gait_05_half_bound__vx_pos_1p0__seed_0042,rr,68.38545006370545,342.25541166901587,96.29510612487792,180.07594100952144,182.30511474609375,30,110.00106379191081,181.57082748413086,182.30511474609375,5.137794763565064,6.940213600158692,6.973509826660156,0.8852459016393442,0.9155555555555556,0.13818181818181818,0.0,0.8215962441314554,1.0,0.902061855670103,0.5122950819672131,0.39623603224754333,0.3975409836065574,0.3975409836065574,0.11605904971966974,0.11605904971966974,22,0.012749754082073007,0.0040130534118880306,0.012041091918943536,0.0037899981989548354,0.02489821791648783,0.007836847496547741,8,8,0.42105263157894735,0.26666666666666666,0.26666666666666666,30,31,0.12373417515908602,0.03894599461235931,0.12347496032714744,0.03886440535510565,0.1515330123901375,0.04769582757999665,0,0,0.0,0.0,0.0,31
gait_05_half_bound__vx_pos_1p5__seed_0042,fl,63.390721020875155,342.3715483570099,87.52645797729491,127.96003990173348,161.4149627685547,39,91.85919522016476,152.22087707519532,161.4149627685547,4.476137570112179,5.657752227783203,5.847163696289063,0.7729166666666667,0.7923250564334086,0.304635761589404,0.0,0.6051502145922747,1.0,0.7540106951871658,0.5625,0.333658903837204,0.33541666666666664,0.33541666666666664,0.22884109616279602,0.22884109616279602,39,0.03237257630397112,0.007966651780260701,0.03110244870185852,0.007654082764204746,0.06692207455635071,0.016469027963575772,0,0,0.0,0.0,0.0,39,20,0.1772764205932617,0.04362641695416461,0.17774009704589844,0.04374052430237743,0.19401149749755858,0.04774479570043887,18,19,0.6491228070175439,0.47368421052631576,0.48717948717948717,39
gait_05_half_bound__vx_pos_1p5__seed_0042,fr,75.7533152626782,372.8263999795914,92.08778762817383,96.1861701965332,164.78627014160156,39,92.01655852488982,96.28201370239258,164.78627014160156,4.991984352698694,5.312844924926758,6.679201049804687,0.8229166666666666,0.8465011286681715,0.2251655629139073,0.0,0.6746411483253588,1.0,0.8057142857142856,0.5125,0.333658903837204,0.33541666666666664,0.33541666666666664,0.17884109616279598,0.17884109616279598,39,0.09361731623991942,0.023038529651855183,0.09462478756904602,0.023286460900279284,0.1297098934650421,0.03192064616630289,0,0,0.0,0.0,0.0,39,38,0.08604963202225535,0.021176178494535996,0.08573341369628906,0.021098359501513765,0.12670021057128905,0.031179985449083524,0,0,0.0,0.0,0.0,38
gait_05_half_bound__vx_pos_1p5__seed_0042,rl,70.82859220913927,429.221268787384,99.39774169921876,149.60404327392612,201.41354370117188,39,104.35354340382112,162.66224212646486,201.41354370117188,5.015503395276191,6.256538406372071,6.987441711425781,0.7,0.7194570135746606,0.4119601328903654,0.0,0.5320754716981132,1.0,0.6945812807881773,0.63125,0.333658903837204,0.33125,0.33125,0.297591096162796,0.297591096162796,33,0.165312891909572,0.040682280961057846,0.16601768612861534,0.04085572560961275,0.19468551754951732,0.04791066705390943,6,6,0.26666666666666666,0.15384615384615385,0.15384615384615385,39,39,0.12610331999949756,0.031033095090659994,0.12573348999023537,0.030942082658593502,0.16110298156738026,0.03964625313900756,0,0,0.0,0.0,0.0,39
gait_05_half_bound__vx_pos_1p5__seed_0042,rr,70.01736268364047,337.5165584611893,97.05652618408203,145.67218017578085,202.15821838378906,38,102.54625782213714,175.7150825500488,202.15821838378906,5.055268480401289,6.7589714965820304,7.250713653564453,0.83125,0.8613636363636363,0.20333333333333334,0.0,0.6965174129353234,1.0,0.8211143695014663,0.5020833333333333,0.333658903837204,0.3333333333333333,0.3333333333333333,0.16842442949612935,0.16842442949612935,34,0.018394470214843646,0.004526743176324225,0.0177459716796875,0.004367152479523105,0.03381793940067137,0.008322344956464217,4,4,0.19047619047619047,0.10526315789473684,0.10526315789473684,38,36,0.1620941607157405,0.03989017500215174,0.1627196121215846,0.040044093970757984,0.1955279159545924,0.048117975075688865,3,3,0.14285714285714285,0.07692307692307693,0.07692307692307693,39
gait_06_gallop__vx_neg_1p5__seed_0042,fl,85.68620238197384,460.9714238512516,131.35161209106445,199.41581527709943,224.85986328125,42,130.77411226999192,206.35447769165035,224.85986328125,6.741701175598871,8.985503814697264,9.380428771972657,0.675,0.6923076923076923,0.4019933554817276,0.10638297872340426,0.5101214574898786,0.8936170212765957,0.6494845360824744,0.5583333333333333,0.333658903837204,0.3333333333333333,0.3333333333333333,0.22467442949612937,0.22467442949612937,7,0.1928636181354538,0.04746231107277843,0.19286361813545483,0.047462311072778686,0.1988881695270564,0.048944908646061325,32,35,0.9054054054054054,0.8205128205128205,0.8333333333333334,42,39,0.02400701278295295,0.005907948423079085,0.021346206665040057,0.0052531437020350265,0.04996383666992444,0.012295730948861201,0,3,0.07142857142857142,0.0,0.07142857142857142,42
gait_06_gallop__vx_neg_1p5__seed_0042,fr,99.31768596748437,535.4524523103237,152.56580505371093,159.06402587890616,266.9798583984375,39,154.73179665589944,170.49601287841801,266.9798583984375,8.063853497627457,9.395350830078126,11.286572265625,0.775,0.7963800904977375,0.29900332225913623,0.0,0.6103896103896104,1.0,0.7580645161290321,0.5604166666666667,0.333658903837204,0.33541666666666664,0.33541666666666664,0.2267577628294627,0.2267577628294627,39,0.04296603193649736,0.010573622920942678,0.04262008786201221,0.010488488640896835,0.08098030209541385,0.019928653864207252,0,0,0.0,0.0,0.0,39,27,0.16989657649287634,0.04181029186148333,0.1683148193359365,0.041421033115069346,0.19536273956298977,0.04807732638644455,12,11,0.46,0.3076923076923077,0.2894736842105263,38
gait_06_gallop__vx_neg_1p5__seed_0042,rl,55.297278370362164,204.79357344940306,97.35228042602539,100.95588485717775,107.10733032226562,43,86.82826130889183,100.26739273071288,107.10733032226562,4.02412610519764,4.921337646484375,5.158734970092773,0.89375,0.9295454545454546,0.09,0.02857142857142857,0.8343558282208589,0.9714285714285714,0.8976897689768977,0.38125,0.333658903837204,0.3333333333333333,0.3333333333333333,0.047591096162796,0.047591096162796,38,0.06895669516764351,0.016969733059237945,0.06900176882743914,0.016980825353798686,0.11010169863700818,0.027095214332652606,0,5,0.11627906976744186,0.0,0.11627906976744186,43,37,0.10069162935824168,0.024779465827864448,0.099421386718749,0.024466868501959435,0.13511779785156505,0.03325149146893912,2,6,0.17777777777777778,0.05128205128205128,0.13953488372093023,43
gait_06_gallop__vx_neg_1p5__seed_0042,rr,60.84757142779471,212.0977314646542,93.58532333374023,125.64692214965821,145.51681518554688,41,89.42096489231761,125.49532318115234,145.51681518554688,4.229915447235107,5.411161804199219,5.829132537841797,0.8604166666666667,0.8936651583710408,0.10299003322259136,0.11347517730496454,0.8012820512820513,0.8865248226950354,0.8417508417508417,0.3625,0.333658903837204,0.33125,0.33125,0.02884109616279601,0.02884109616279601,39,0.038618714839985684,0.009503780312153026,0.03896919369697471,0.00959003056865896,0.07520919919014234,0.01850842809031019,0,2,0.04878048780487805,0.0,0.04878048780487805,41,39,0.02388282775878964,0.005877387406416627,0.01970779418945412,0.004849942500410956,0.054598312377929045,0.013436241169705774,0,2,0.04878048780487805,0.0,0.04878048780487805,41
gait_06_gallop__vx_neg_1p0__seed_0042,fl,85.35421763905939,452.4066413784027,131.1466094970703,145.28357727050818,200.92218017578125,31,133.71416694887222,165.870849609375,200.92218017578125,7.178953030493951,8.398455963134765,9.079929809570313,0.680327868852459,0.6971046770601337,0.3781818181818182,0.1839080459770115,0.5772357723577236,0.8160919540229885,0.6761904761904761,0.5430327868852459,0.39623603224754333,0.39549180327868855,0.39549180327868855,0.1467967546377026,0.1467967546377026,15,0.1847049264113115,0.05813686525684919,0.18417671799659985,0.05797060882812112,0.19686134934425362,0.06196316451041607,16,16,0.6808510638297872,0.5161290322580645,0.5161290322580645,31,31,0.05440568247149134,0.01712448006940821,0.05415428161621172,0.01704535030317609,0.08194721221923906,0.025793324127994486,0,0,0.0,0.0,0.0,31
gait_06_gallop__vx_neg_1p0__seed_0042,fr,95.62804931881784,499.4022781932354,145.7360076904297,148.5915802001953,149.36077880859375,31,144.7953604421308,148.81011199951172,149.36077880859375,7.541530849702897,8.1452205657959,8.331400909423829,0.8586065573770492,0.89086859688196,0.17753623188405798,0.0,0.7792792792792793,1.0,0.8759493670886076,0.5348360655737705,0.39623603224754333,0.39344262295081966,0.39344262295081966,0.13860003332622717,0.13860003332622717,31,0.0233168463937692,0.007339102336613116,0.021024252176285785,0.006617496022693476,0.04754402756690901,0.014964737422704924,0,0,0.0,0.0,0.0,31,23,0.10941398620605555,0.034438638410278236,0.11079681396484631,0.03487389085669769,0.13149478912353416,0.041388689439874816,8,7,0.39473684210526316,0.25806451612903225,0.23333333333333334,30
gait_06_gallop__vx_neg_1p0__seed_0042,rl,50.01109874010086,203.90514219105245,77.8523609161377,81.77209907531737,83.22314453125,33,70.08624053723884,82.17246856689452,83.22314453125,3.7818528597282643,4.631786926269531,4.69068359375,0.9549180327868853,0.9822222222222222,0.02181818181818182,0.011428571428571429,0.9664804469273743,0.9885714285714285,0.9774011299435028,0.4098360655737705,0.39623603224754333,0.3975409836065574,0.3975409836065574,0.013600033326227168,0.013600033326227168,21,0.02055786967277552,0.0064706996307859355,0.01577141404152016,0.004964137074503525,0.05392310500145214,0.016972586225011313,9,12,0.5,0.3,0.36363636363636365,33,31,0.02948571728121897,0.009280787501912548,0.02662551879882713,0.008380524704328199,0.06301010131836016,0.01983276700486307,0,3,0.08823529411764706,0.0,0.08823529411764706,34
gait_06_gallop__vx_neg_1p0__seed_0042,rr,59.39156846426152,257.2407709452324,93.62869644165039,96.12495994567871,146.1439666748047,33,87.87828104423754,96.45283813476563,146.1439666748047,4.32306260658033,4.773447326660157,5.957666473388672,0.819672131147541,0.844097995545657,0.16727272727272727,0.13793103448275862,0.7653061224489796,0.8620689655172413,0.8108108108108109,0.4426229508196721,0.39623603224754333,0.3975409836065574,0.3975409836065574,0.04638691857212879,0.04638691857212879,31,0.07823131542052064,0.024623725700422604,0.07772377610206505,0.024463974980488374,0.10551766037941057,0.033212248979408304,0,2,0.06060606060606061,0.0,0.06060606060606061,33,31,0.038841417374150006,0.012225544235011323,0.04094970703125256,0.012889139701027402,0.06529319763183672,0.02055138380260576,0,2,0.06060606060606061,0.0,0.06060606060606061,33
gait_06_gallop__vx_neg_0p5__seed_0042,fl,78.9801302009754,421.96766370773315,119.35397644042969,122.53610412597656,123.90766143798828,24,117.68390941619873,122.55939559936523,123.90766143798828,6.058751152356467,6.769687591552734,6.791987609863281,0.6128364389233955,0.6216216216216216,0.4388185654008439,0.30917874396135264,0.5789473684210527,0.6908212560386473,0.6299559471365639,0.5527950310559007,0.4705493450164795,0.4720496894409938,0.4720496894409938,0.08224568603942117,0.08224568603942117,8,0.19171381473541316,0.07718133494586524,0.1941491413116463,0.07816176380250357,0.19915431022643942,0.08017677570452236,16,16,0.8,0.6666666666666666,0.6666666666666666,24,19,0.12639325392873657,0.05088417900314017,0.12381446838378807,0.049845995546340685,0.1532208251953115,0.06168458880442254,5,4,0.32142857142857145,0.20833333333333334,0.17391304347826086,23
gait_06_gallop__vx_neg_0p5__seed_0042,fr,87.21328662052628,422.24678756475447,115.81084022521972,117.56068572998046,121.32528686523438,24,114.08834775288899,117.50790901184082,118.56375122070312,6.1706576903661094,6.679002517700195,6.700073394775391,0.9296066252587992,0.963882618510158,0.059322033898305086,0.00966183574879227,0.9360730593607306,0.9903381642512077,0.9624413145539906,0.5010351966873706,0.4705493450164795,0.4720496894409938,0.4720496894409938,0.03048585167089113,0.03048585167089113,24,0.025189961592356314,0.010141130755842208,0.02304875373840254,0.00927911003608968,0.048140735626220184,0.01938079551562599,0,0,0.0,0.0,0.0,24,24,0.015437822341919002,0.0062150541349919606,0.013650779724120099,0.005495615449588788,0.03636386871337817,0.014639591491975438,0,0,0.0,0.0,0.0,24
gait_06_gallop__vx_neg_0p5__seed_0042,rl,43.400580026153335,231.99229479193687,78.58894157409668,85.51901512145997,110.98294067382812,30,66.52554814020793,87.04681854248047,110.98294067382812,3.3800953845977784,4.586808334350586,5.211613616943359,0.917184265010352,0.9348314606741573,0.12236286919831224,0.0,0.8776371308016878,1.0,0.9348314606741573,0.5507246376811594,0.4705493450164795,0.4720496894409938,0.4720496894409938,0.08017529266467993,0.08017529266467993,24,0.022912346522012832,0.009224194374055951,0.023291587829588067,0.00937687168855031,0.0451679515838613,0.01818399370344734,0,6,0.2,0.0,0.2,30,24,0.08547513167063399,0.034411107911643514,0.08816850662231435,0.03549542348153263,0.11821735382080331,0.04759267449896439,0,6,0.2,0.0,0.2,30
gait_06_gallop__vx_neg_0p5__seed_0042,rr,55.2844607423853,299.3940534451604,80.67603416442871,86.00431861877442,86.9627914428711,25,73.26273189544678,86.62185211181641,86.9627914428711,3.8644866567611693,4.64236376953125,4.654693603515625,0.7639751552795031,0.7882882882882883,0.2911392405063291,0.12077294685990338,0.7250996015936255,0.8792270531400966,0.7947598253275109,0.5590062111801242,0.4705493450164795,0.4720496894409938,0.4720496894409938,0.08845686616364468,0.08845686616364468,22,0.13523404641584913,0.05444335999944153,0.13484490394592363,0.0542866966136838,0.15620325088501047,0.06288527221070442,2,3,0.18518518518518517,0.08333333333333333,0.12,25,24,0.04766709009806321,0.01919011236530244,0.04929721832275469,0.019846379482454435,0.07684529304504321,0.03093685402748953,0,2,0.07692307692307693,0.0,0.07692307692307693,26
gait_06_gallop__vx_pos_0p5__seed_0042,fl,63.392102015058335,379.1292625653744,84.71541442871093,86.23975769042968,106.72164916992188,26,79.65020594230064,86.38058853149414,86.62835693359375,4.176892894598154,4.8363276290893555,4.881689453125,0.8115942028985508,0.831081081081081,0.28270042194092826,0.03864734299516908,0.7481203007518797,0.961352657004831,0.8414376321353066,0.6190476190476191,0.4705493450164795,0.4720496894409938,0.4720496894409938,0.14849827403113958,0.14849827403113958,24,0.1149674304326375,0.04628430021244464,0.11475956916808983,0.04620061813714158,0.13697131156921286,0.055142758964907834,0,2,0.07692307692307693,0.0,0.07692307692307693,26,24,0.05391461531321232,0.021705279761447795,0.044924736022950995,0.018086078476542217,0.10032226562500046,0.04038835905705309,0,2,0.07692307692307693,0.0,0.07692307692307693,26
gait_06_gallop__vx_pos_0p5__seed_0042,fr,74.95809775298497,397.3529534482956,93.20510864257812,94.81493072509767,95.62078094482422,24,89.7568531036377,91.47309646606445,92.09580993652344,4.9519873436292015,5.415256660461425,5.440231628417969,0.9233954451345756,0.9525959367945824,0.08898305084745763,0.0,0.9078947368421053,1.0,0.9517241379310345,0.5486542443064182,0.4705493450164795,0.4720496894409938,0.4720496894409938,0.07810489928993869,0.07810489928993869,24,0.032983973821004264,0.013278892472292624,0.033506746292113476,0.013489353451585341,0.054557867050171883,0.02196424402979384,0,0,0.0,0.0,0.0,24,24,0.04500687599182133,0.018119146893956863,0.04407585144042869,0.017744329263610133,0.07320650100708209,0.029471926591416,0,0,0.0,0.0,0.0,24
gait_06_gallop__vx_pos_0p5__seed_0042,rl,52.39016823636161,302.78372462239116,84.44478721618653,117.26046325683593,147.34402465820312,24,93.0126126607259,139.69079856872554,147.34402465820312,4.30104663848877,5.53317691040039,5.709013214111328,0.8467908902691511,0.8696629213483146,0.24472573839662448,0.0,0.7819548872180451,1.0,0.8776371308016877,0.5962732919254659,0.4705493450164795,0.4720496894409938,0.4720496894409938,0.12572394690898636,0.12572394690898636,24,0.03832567214965824,0.015429386470091393,0.0386329936981209,0.015553109882515865,0.06322319984435988,0.025452787376180414,0,0,0.0,0.0,0.0,24,23,0.16241895592730987,0.06538762924458069,0.16340148925781506,0.06578318359825028,0.1841513442993154,0.07413678875835021,1,1,0.08,0.041666666666666664,0.041666666666666664,24
gait_06_gallop__vx_pos_0p5__seed_0042,rr,52.63667856299359,363.19308208465577,89.70894317626953,152.8404888916016,168.97573852539062,24,108.37544059753418,159.50021591186524,168.97573852539062,4.870078757603963,6.143868385314941,6.3122888183593755,0.7577639751552795,0.7635135135135135,0.4430379746835443,0.0,0.6634615384615384,1.0,0.7976878612716763,0.7142857142857143,0.4705493450164795,0.4720496894409938,0.4720496894409938,0.2437363692692348,0.2437363692692348,7,0.19421862329755538,0.07818973629073847,0.1948643970489492,0.07844971588727595,0.19919026374817025,0.08019125009598456,17,17,0.8292682926829268,0.7083333333333334,0.7083333333333334,24,24,0.03247129440307613,0.013072494816862458,0.0324708175659163,0.013072302848805286,0.0538532447814946,0.021680572832680826,0,0,0.0,0.0,0.0,24
gait_06_gallop__vx_pos_1p0__seed_0042,fl,58.89084291640129,308.63926688671114,81.44422836303711,86.30839157104491,87.59757232666016,31,81.14629388624623,87.04656600952148,87.59757232666016,4.452575929703251,4.751220932006836,4.765126495361328,0.8422131147540983,0.8663697104677061,0.21818181818181817,0.0,0.7435897435897436,1.0,0.8529411764705882,0.5368852459016393,0.39623603224754333,0.39549180327868855,0.39549180327868855,0.140649213654096,0.140649213654096,31,0.10474924498988808,0.032970386118303684,0.10398033738136547,0.032728368328631414,0.13203743577003557,0.04155949037942031,0,0,0.0,0.0,0.0,31,31,0.03830053760159325,0.012055299428507008,0.030919189453122442,0.009731980548717453,0.0926572036743174,0.0291643513237681,0,0,0.0,0.0,0.0,31
gait_06_gallop__vx_pos_1p0__seed_0042,fr,77.09995056862054,397.835744934082,91.42828140258788,95.04481262207031,95.77928924560547,31,91.37042482437626,95.10904693603516,95.77928924560547,4.852654217135522,5.263028106689454,5.270595245361328,0.8647540983606558,0.8975501113585747,0.16666666666666666,0.0,0.7899543378995434,1.0,0.8826530612244898,0.5286885245901639,0.39623603224754333,0.39344262295081966,0.39344262295081966,0.13245249234262058,0.13245249234262058,31,0.051769358534966024,0.016294682984679277,0.05125572800636036,0.01613301502371295,0.08827736496925276,0.027785773623701503,0,0,0.0,0.0,0.0,31,31,0.08081852328392851,0.02543806323796861,0.08183944702148338,0.025759404454583346,0.11297119140625078,0.03555828780692827,0,0,0.0,0.0,0.0,31
gait_06_gallop__vx_pos_1p0__seed_0042,rl,60.8360948923387,369.8834569454193,94.30783271789551,104.94773101806635,182.0183563232422,31,99.99229012766192,131.4278221130371,182.0183563232422,4.92601085047568,5.437026138305664,6.889797058105469,0.7745901639344263,0.7977777777777778,0.33090909090909093,0.0,0.6578947368421053,1.0,0.7936507936507937,0.6229508196721312,0.39623603224754333,0.3975409836065574,0.3975409836065574,0.22671478742458784,0.22671478742458784,22,0.012168145071376363,0.0038299888594475425,0.012041091918943536,0.0037899981989548354,0.023534082174303705,0.00740747846250906,8,9,0.4358974358974359,0.26666666666666666,0.2903225806451613,31,1,0.19931686401367443,0.06273605090952834,0.19931686401367443,0.06273605090952834,0.19931686401367443,0.06273605090952834,30,30,0.9836065573770492,0.967741935483871,0.967741935483871,31
gait_06_gallop__vx_pos_1p0__seed_0042,rr,59.84709775369931,366.3168535852432,92.94337844848633,173.08601531982367,193.5626220703125,31,105.16633901288432,180.98416137695312,193.5626220703125,4.869808926736156,6.690925903320313,6.990583038330079,0.6680327868852459,0.6815144766146993,0.46545454545454545,0.08620689655172414,0.554006968641115,0.9137931034482759,0.6898047722342733,0.6270491803278688,0.39623603224754333,0.3975409836065574,0.3975409836065574,0.2308131480803255,0.2308131480803255,0,,,,,,,31,31,1.0,1.0,1.0,31,31,0.022737032982611424,0.007156602958748501,0.019945983886717755,0.00627810530107431,0.05017936706543047,0.01579422465029742,0,0,0.0,0.0,0.0,31
gait_06_gallop__vx_pos_1p5__seed_0042,fl,59.31605905458039,302.5823701763153,86.0907356262207,134.70906677246103,160.6101531982422,39,89.90782752403847,142.95402832031252,160.6101531982422,4.530494103064903,5.624363372802734,6.031133575439453,0.8020833333333334,0.8280542986425339,0.25249169435215946,0.0,0.6497695852534562,1.0,0.7877094972067039,0.53125,0.333658903837204,0.3333333333333333,0.3333333333333333,0.19759109616279602,0.19759109616279602,39,0.10483718013152253,0.025799655235652415,0.10458389401436108,0.025737323394119244,0.1404073345661189,0.03455320736229498,0,0,0.0,0.0,0.0,39,39,0.09263570932241431,0.0227969634439813,0.08814727783202869,0.02169239362575919,0.16651565551757594,0.04097827219601439,0,0,0.0,0.0,0.0,39
gait_06_gallop__vx_pos_1p5__seed_0042,fr,76.88457740920474,385.978569573164,97.32595825195312,132.94293975830078,188.37364196777344,39,100.19159013797075,168.14019317626955,188.37364196777344,5.057715598375369,6.618867691040039,6.986157531738281,0.8125,0.8371040723981901,0.23920265780730898,0.0,0.6619718309859155,1.0,0.7966101694915254,0.5229166666666667,0.333658903837204,0.33541666666666664,0.33541666666666664,0.18925776282946272,0.18925776282946272,39,0.04905553105549779,0.012072203649944767,0.049173737764359515,0.012101293447393989,0.08503875851631229,0.020927409995541008,0,0,0.0,0.0,0.0,39,27,0.13900070755570187,0.034207046850648376,0.1290921020507838,0.03176861226501507,0.18252151489257962,0.04491719589758069,12,12,0.47058823529411764,0.3076923076923077,0.3076923076923077,39
gait_06_gallop__vx_pos_1p5__seed_0042,rl,68.47470809284009,416.40820700645446,106.51624183654785,184.45287490844711,196.26620483398438,38,119.43744880274723,186.2113914489746,196.26620483398438,5.725023185328435,7.209286331176758,7.32484115600586,0.7,0.7181818181818181,0.41333333333333333,0.0,0.5303030303030303,1.0,0.693069306930693,0.6333333333333333,0.333658903837204,0.3333333333333333,0.3333333333333333,0.2996744294961293,0.2996744294961293,34,0.018394470214843646,0.004526743176324225,0.0177459716796875,0.004367152479523105,0.03381793940067137,0.008322344956464217,4,4,0.19047619047619047,0.10526315789473684,0.10526315789473684,38,0,,,,,,,39,39,1.0,1.0,1.0,39
gait_06_gallop__vx_pos_1p5__seed_0042,rr,65.23124140881478,367.9668845319748,97.30938034057615,194.47186706542968,204.4422607421875,38,111.09272625571803,197.0610694885254,204.4422607421875,5.115722394240531,6.965289390563965,7.145453338623047,0.64375,0.6583710407239819,0.45514950166112955,0.09929078014184398,0.4810606060606061,0.900709219858156,0.6271604938271605,0.5875,0.333658903837204,0.33125,0.33125,0.25384109616279604,0.25384109616279604,0,,,,,,,39,38,1.0,1.0,1.0,38,39,0.02204933949005941,0.005426179493799089,0.01970779418945412,0.004849942500410956,0.04496925354004163,0.01106660095285097,0,0,0.0,0.0,0.0,39
gait_07_gallop__vx_neg_1p5__seed_0042,fl,95.37649636844108,443.40019109725955,158.52257766723628,291.8112274169921,388.4508056640625,39,169.7122321495643,305.72065429687507,388.4508056640625,8.113623140775239,11.132816223144534,12.855802612304688,0.8520833333333333,0.8800904977375565,0.1760797342192691,0.0,0.7268041237113402,1.0,0.8417910447761193,0.48333333333333334,0.333658903837204,0.33541666666666664,0.33541666666666664,0.14967442949612936,0.14967442949612936,39,0.027137003892506256,0.006678216103074149,0.024418259859086078,0.0060091532892114444,0.05995578885078494,0.014754676535473884,0,0,0.0,0.0,0.0,39,29,0.11786215946592303,0.029005006389293275,0.11507690429687756,0.0283195756765009,0.16655014038086194,0.04098675866601016,10,10,0.40816326530612246,0.2564102564102564,0.2564102564102564,39
gait_07_gallop__vx_neg_1p5__seed_0042,fr,97.16799575837992,573.8347774586082,135.43312072753906,136.57213836669922,148.94725036621094,39,134.2176016783103,136.83235931396484,148.94725036621094,7.309407211694963,7.543876892089844,8.1918505859375,0.71875,0.7375565610859729,0.3853820598006645,0.0,0.5486381322957199,1.0,0.7085427135678393,0.6145833333333334,0.333658903837204,0.3333333333333333,0.3333333333333333,0.2809244294961294,0.2809244294961294,39,0.14651465510710848,0.036056173811540145,0.1466333019733419,0.03608537192846557,0.1821706402301782,0.044830848236287954,0,0,0.0,0.0,0.0,39,39,0.13431279304699864,0.03305338573588905,0.1343814086914037,0.033070271538876136,0.16946136474609155,0.04170318946701347,0,0,0.0,0.0,0.0,39
gait_07_gallop__vx_neg_1p5__seed_0042,rl,50.58528811757157,207.647877484411,81.85330352783203,103.52046112060555,118.58154296875,38,77.34002755817615,104.19788017272948,118.58154296875,3.512028101870888,4.373653114318848,4.512163314819336,0.90625,0.9431818181818182,0.08333333333333333,0.0,0.8484848484848485,1.0,0.9180327868852458,0.4270833333333333,0.333658903837204,0.3333333333333333,0.3333333333333333,0.09342442949612934,0.09342442949612934,31,0.0168188526938036,0.004138995348930462,0.015992735624315912,0.003935694043512563,0.031879807710645025,0.007845385071228454,7,7,0.3111111111111111,0.18421052631578946,0.18421052631578946,38,39,0.08394388834635581,0.020657970538306085,0.08495223999023693,0.020906118425685346,0.1200356292724635,0.029539881245746837,0,0,0.0,0.0,0.0,39
gait_07_gallop__vx_neg_1p5__seed_0042,rr,68.36593079566956,263.1128464317322,105.78541526794424,262.08762542724617,288.7404479980469,39,125.07515755677835,262.3491180419922,288.7404479980469,5.182808268620418,8.112985633850098,8.886172943115234,0.93125,0.9705882352941176,0.04318936877076412,0.0,0.9155844155844156,1.0,0.9559322033898304,0.4,0.333658903837204,0.33125,0.33125,0.06634109616279604,0.06634109616279604,39,0.020378353381768275,0.005014962161900315,0.021223222017287213,0.0052228780891358535,0.038898314237592053,0.009572587657536514,0,0,0.0,0.0,0.0,39,39,0.06983946971404083,0.017186977350998632,0.06921684265136818,0.017033753432373688,0.10458442687988026,0.025737454528385394,0,0,0.0,0.0,0.0,39
gait_07_gallop__vx_neg_1p0__seed_0042,fl,93.35603898789238,435.6466924345493,133.56512145996095,279.514041748047,325.8688049316406,31,153.718134480138,291.5679473876953,325.8688049316406,7.866084875291393,10.979280090332033,11.675613403320312,0.9159836065573771,0.9532293986636972,0.07608695652173914,0.0,0.8917525773195877,1.0,0.9427792915531336,0.4774590163934426,0.39623603224754333,0.39344262295081966,0.39344262295081966,0.08122298414589929,0.08122298414589929,31,0.01848657181186045,0.0058187475308258945,0.016634439229964215,0.005235778876748202,0.04139092087745588,0.013028014123191206,0,0,0.0,0.0,0.0,31,31,0.06852049304593077,0.02156719232638828,0.06826103210449119,0.0214855256048505,0.10925949096679943,0.034390010205920245,0,0,0.0,0.0,0.0,31
gait_07_gallop__vx_neg_1p0__seed_0042,fr,89.32434252171818,537.9422807705403,121.14622497558594,123.7650146484375,125.86343383789062,31,120.94212587418095,124.59297180175781,125.86343383789062,6.515156272149856,6.974006652832031,7.060829772949219,0.7786885245901639,0.8040089086859689,0.32,0.0,0.6641221374045801,1.0,0.798165137614679,0.6168032786885246,0.39623603224754333,0.39549180327868855,0.39549180327868855,0.22056724644098125,0.22056724644098125,31,0.1211467827135524,0.03813159897660021,0.1206314909458186,0.0379694081317172,0.1486904966831215,0.046801130530708064,0,0,0.0,0.0,0.0,31,31,0.0993218797253017,0.03126209382086749,0.09880935668945412,0.03110077444918084,0.1268655014038078,0.03993159632586876,0,0,0.0,0.0,0.0,31
gait_07_gallop__vx_neg_1p0__seed_0042,rl,56.78802613238899,278.2706058871746,85.45882873535156,94.63048858642578,157.8136444091797,31,88.45911112139302,118.38446426391602,157.8136444091797,4.315460797586748,5.167837142944336,5.880594253540039,0.8668032786885246,0.8933333333333333,0.17454545454545456,0.0,0.7847533632286996,1.0,0.8793969849246231,0.5020491803278688,0.39623603224754333,0.3975409836065574,0.3975409836065574,0.10581314808032549,0.10581314808032549,22,0.08462253819812333,0.026635397314533044,0.0799527418613426,0.025165553896259588,0.11560919404029928,0.03638861327069726,8,9,0.4358974358974359,0.26666666666666666,0.2903225806451613,31,31,0.02155386893980002,0.006784195736753241,0.01920021057129162,0.006043369154110189,0.04571903228759844,0.014390310380020659,0,0,0.0,0.0,0.0,31
gait_07_gallop__vx_neg_1p0__seed_0042,rr,47.83734270876104,211.15681542515756,93.71490974426268,97.46554321289062,98.99181365966797,31,93.33873896444997,97.79969024658203,98.99181365966797,4.146975146878151,4.62761287689209,4.660435562133789,0.9467213114754098,0.9755011135857461,0.04,0.0,0.9405405405405406,1.0,0.9693593314763231,0.45081967213114754,0.39623603224754333,0.3975409836065574,0.3975409836065574,0.05458363988360421,0.05458363988360421,31,0.020359078876433918,0.006408129162494919,0.015456472635271723,0.004865007579396855,0.04351452469825823,0.013696429804286734,0,0,0.0,0.0,0.0,31,31,0.0523069664739785,0.01646389796404469,0.05282318115234119,0.016626379299993194,0.08984481811523182,0.028279137899981186,0,0,0.0,0.0,0.0,31
gait_07_gallop__vx_neg_0p5__seed_0042,fl,90.7969533252716,454.14733402967454,127.32064704895019,131.33015945434568,244.95672607421875,24,134.59435335795084,178.49734115600575,244.95672607421875,7.417888587315876,8.637204330444334,10.015242919921874,0.9544513457556936,0.9932279909706546,0.012711864406779662,0.0,0.9857142857142858,1.0,0.9928057553956835,0.5175983436853002,0.4705493450164795,0.4720496894409938,0.4720496894409938,0.04704899866882073,0.04704899866882073,24,0.01260736544926977,0.0050755512682690235,0.012836456298828125,0.005167780081394456,0.02416978740692261,0.009730422713660938,0,0,0.0,0.0,0.0,24,24,0.04500679651896163,0.018119114899280777,0.04407585144042869,0.017744329263610133,0.06678827285766803,0.02688803655071877,0,0,0.0,0.0,0.0,24
gait_07_gallop__vx_neg_0p5__seed_0042,fr,75.7754735994339,454.6528415966034,111.98346061706543,114.31787490844727,115.66246795654297,24,112.19437217712402,114.52239608764648,115.66246795654297,5.633846966425577,6.241676902770996,6.2956640625,0.8509316770186336,0.8783783783783784,0.22784810126582278,0.0,0.7931034482758621,1.0,0.8846153846153846,0.6211180124223602,0.4705493450164795,0.4720496894409938,0.4720496894409938,0.1505686674058807,0.1505686674058807,24,0.08391778151194251,0.0337841402390642,0.0843335437774666,0.03395152038700792,0.10488384246826099,0.042224786915456974,0,0,0.0,0.0,0.0,24,24,0.06672962029774987,0.02686442383987306,0.06693660736084084,0.02694775397373917,0.08748800277710007,0.035221462028718606,0,0,0.0,0.0,0.0,24
gait_07_gallop__vx_neg_0p5__seed_0042,rl,54.90149936079979,281.46867150187495,81.68135070800781,83.82772216796874,90.4680404663086,24,80.77899742126465,84.17598571777344,90.4680404663086,4.40669510046641,4.707536712646484,4.886069641113282,0.8178053830227743,0.8449438202247191,0.20675105485232068,0.09615384615384616,0.7932489451476793,0.9038461538461539,0.8449438202247191,0.5300207039337475,0.4705493450164795,0.4720496894409938,0.4720496894409938,0.05947135891726796,0.05947135891726796,24,0.09622195879618323,0.03873763213801222,0.09590661048889171,0.03861067726330343,0.11740538597106731,0.04726578745296701,0,0,0.0,0.0,0.0,24,24,0.03665299733479821,0.014755990683150337,0.036860580444335156,0.014839560777086378,0.05741087913513256,0.02311282730553665,0,0,0.0,0.0,0.0,24
gait_07_gallop__vx_neg_0p5__seed_0042,rr,46.3895616949317,233.4130598473549,75.40386581420898,81.66150665283203,82.04713439941406,24,76.90944131215413,81.88320693969726,82.04713439941406,3.6795166810353597,4.260230438232422,4.3097196960449216,0.9523809523809523,0.9819819819819819,0.03375527426160337,0.0,0.9627906976744186,1.0,0.9810426540284359,0.5196687370600414,0.4705493450164795,0.4720496894409938,0.4720496894409938,0.04911939204356186,0.04911939204356186,24,0.014558247725168671,0.0058609495379968,0.012003898620603692,0.004832603854717859,0.032527761459350116,0.013095227674114838,0,0,0.0,0.0,0.0,24,24,0.03868130366007483,0.01557255880621463,0.038058395385741406,0.015321784535053052,0.06027013778686569,0.02426392536281981,0,0,0.0,0.0,0.0,24
gait_07_gallop__vx_pos_0p5__seed_0042,fl,82.51108167420573,442.2593977737427,97.47444877624511,98.50084861755371,101.80414581298828,24,96.82888793945312,99.13683319091797,101.80414581298828,5.2515084187189744,5.8741512069702155,5.928169555664063,0.917184265010352,0.9525959367945824,0.08898305084745763,0.0,0.9078947368421053,1.0,0.9517241379310345,0.5548654244306418,0.4705493450164795,0.4720496894409938,0.4720496894409938,0.0843160794141623,0.0843160794141623,24,0.03505384445190433,0.01411219381094987,0.03505312919616532,0.014111905858864413,0.056433744430542984,0.022719446364125408,0,0,0.0,0.0,0.0,24,24,0.04914677619934086,0.01978581356062353,0.04883087158203203,0.019658634723182376,0.0703289794921865,0.028313476157566977,0,0,0.0,0.0,0.0,24
gait_07_gallop__vx_pos_0p5__seed_0042,fr,59.21729700064954,287.79606342315674,75.55508728027343,77.32757949829102,78.13084411621094,24,75.10302511850993,77.56564254760742,78.13084411621094,4.229057052930196,4.536809463500977,4.558269805908203,0.9026915113871635,0.9324324324324325,0.09282700421940929,0.03864734299516908,0.9004524886877828,0.961352657004831,0.9299065420560747,0.5031055900621118,0.4705493450164795,0.4720496894409938,0.4720496894409938,0.03255624504563226,0.03255624504563226,24,0.04044874986012773,0.01628410824438812,0.04107106208801348,0.01653464255547908,0.06162150382995532,0.024807966674345094,0,0,0.0,0.0,0.0,24,24,0.024605285326639786,0.009905748163505583,0.026053543090821307,0.010488796744222161,0.047751693725585465,0.019224172617676227,0,0,0.0,0.0,0.0,24
gait_07_gallop__vx_pos_0p5__seed_0042,rl,72.07759705163483,383.5093972921372,91.69285202026367,105.1556442260746,140.99209594726562,24,95.62712796529134,118.41096153259276,140.99209594726562,4.869890554745992,5.643422203063965,6.085901336669922,0.9213250517598344,0.9550561797752809,0.08438818565400844,0.0,0.9122807017543859,1.0,0.9541284403669724,0.5507246376811594,0.4705493450164795,0.4720496894409938,0.4720496894409938,0.08017529266467993,0.08017529266467993,24,0.03412293910980221,0.013737424172617661,0.035054559707642596,0.014112481763035032,0.05751845359802345,0.02315613529908663,0,0,0.0,0.0,0.0,24,24,0.046145642598470094,0.018577598607591714,0.045621757507325,0.018366689702833762,0.06712081909179587,0.027021915073331394,0,0,0.0,0.0,0.0,24
gait_07_gallop__vx_pos_0p5__seed_0042,rr,58.659497774309585,337.97649602890016,71.52556953430175,76.70052452087401,78.403076171875,24,72.55729166666667,78.09101943969726,78.403076171875,3.8207072067260746,4.133535236358643,4.140996322631836,0.8757763975155279,0.9054054054054054,0.17721518987341772,0.0,0.8313253012048193,1.0,0.9078947368421052,0.5962732919254659,0.4705493450164795,0.4720496894409938,0.4720496894409938,0.12572394690898636,0.12572394690898636,24,0.05793929576873776,0.02332556054672501,0.05782998085021962,0.023281551869768827,0.07932904243469441,0.031936777240268034,0,0,0.0,0.0,0.0,24,24,0.06766060511271155,0.027239225472881295,0.06776868820190529,0.027282738232358536,0.08882028579711711,0.03575782077862162,0,0,0.0,0.0,0.0,24
gait_07_gallop__vx_pos_1p0__seed_0042,fl,78.6375975091328,405.8175082626939,91.88231735229492,93.34076461791993,112.97764587402344,31,88.82575570383379,92.05717849731445,112.97764587402344,5.116671602802892,5.321470947265626,5.7752392578125,0.8647540983606558,0.8975501113585747,0.16666666666666666,0.0,0.7899543378995434,1.0,0.8826530612244898,0.5286885245901639,0.39623603224754333,0.39344262295081966,0.39344262295081966,0.13245249234262058,0.13245249234262058,31,0.04357058967313386,0.013714076555531012,0.04383041977882485,0.013795859473494942,0.09443047165870588,0.02972249692321522,0,0,0.0,0.0,0.0,31,31,0.08901747672788643,0.028018727765329966,0.0879925537109365,0.027696127754097067,0.1197603988647451,0.03769522723179413,0,0,0.0,0.0,0.0,31
gait_07_gallop__vx_pos_1p0__seed_0042,fr,60.5418244566512,299.07661281585695,74.17393188476562,81.61219314575196,84.56407165527344,31,74.03882303545552,83.04236221313477,84.56407165527344,3.9215206152392965,4.356629409790039,4.419334869384766,0.889344262295082,0.9220489977728286,0.12727272727272726,0.0,0.8325358851674641,1.0,0.9086161879895561,0.5061475409836066,0.39623603224754333,0.39549180327868855,0.39549180327868855,0.10991150873606326,0.10991150873606326,31,0.04325817088927065,0.013615741069336575,0.043513571023940045,0.013696129630185195,0.07003334641456682,0.022043371030197764,0,0,0.0,0.0,0.0,31,31,0.06652692733272357,0.020939706836416508,0.06549942016601662,0.020616293450201433,0.10713588714599531,0.03372159452482416,0,0,0.0,0.0,0.0,31
gait_07_gallop__vx_pos_1p0__seed_0042,rl,79.4430499448844,448.1372937488556,99.14520149230957,163.56522521972656,171.23129272460938,31,116.14893144176853,165.04872131347656,171.23129272460938,5.541648651861376,6.768601150512696,6.930175628662109,0.819672131147541,0.8466666666666667,0.2509090909090909,0.0,0.7172131147540983,1.0,0.8353221957040573,0.5778688524590164,0.39623603224754333,0.3975409836065574,0.3975409836065574,0.1816328202114731,0.1816328202114731,22,0.06151691686023271,0.019362779196024308,0.06112148880958479,0.019238316098336792,0.08229944825172505,0.02590419230653805,8,9,0.4358974358974359,0.26666666666666666,0.2903225806451613,31,31,0.12373417515908602,0.03894599461235931,0.12347496032714744,0.03886440535510565,0.1515330123901375,0.04769582757999665,0,0,0.0,0.0,0.0,31
gait_07_gallop__vx_pos_1p0__seed_0042,rr,59.50122683675666,339.2045512533188,82.54718017578125,88.35035247802746,178.24264526367188,31,86.4326440134356,102.25996017456055,178.24264526367188,4.310439690620668,4.87950325012207,6.399064025878906,0.8135245901639344,0.8396436525612472,0.26181818181818184,0.0,0.7073170731707317,1.0,0.8285714285714285,0.5840163934426229,0.39623603224754333,0.3975409836065574,0.3975409836065574,0.18778036119507957,0.18778036119507957,31,0.09872823757510103,0.031075241773293256,0.0987274992465963,0.031075009380440347,0.12524727463722307,0.03942225078045291,0,0,0.0,0.0,0.0,31,31,0.08920179551647471,0.02807674309163805,0.08740531921386818,0.02751129254967913,0.11700164794921797,0.036826895599447435,0,0,0.0,0.0,0.0,31
gait_07_gallop__vx_pos_1p5__seed_0042,fl,74.75204916000366,373.884666519165,88.99510269165039,125.79297309875484,149.5355682373047,39,91.47168986002605,127.99990615844726,149.5355682373047,4.986560939397568,5.821910171508789,6.331908569335938,0.8145833333333333,0.8393665158371041,0.23588039867109634,0.0,0.6650943396226415,1.0,0.7988668555240794,0.5208333333333334,0.333658903837204,0.33541666666666664,0.33541666666666664,0.1871744294961294,0.1871744294961294,39,0.05947464304092447,0.014636270107554842,0.05991020321846108,0.014743458248257657,0.09577713131904347,0.023570044180806247,0,0,0.0,0.0,0.0,39,27,0.12094072977701986,0.02976261979081142,0.11507690429687756,0.0283195756765009,0.16360099792480617,0.04026099650308657,12,12,0.47058823529411764,0.3076923076923077,0.3076923076923077,39
gait_07_gallop__vx_pos_1p5__seed_0042,fr,65.24285890642277,315.9341711711884,83.14513053894044,87.85231086730957,89.52660369873047,39,79.3877463707557,88.06904678344726,89.52660369873047,4.20677247658754,4.490127578735351,4.537436370849609,0.8291666666666667,0.8574660633484162,0.20930232558139536,0.0,0.6911764705882353,1.0,0.817391304347826,0.5041666666666667,0.333658903837204,0.3333333333333333,0.3333333333333333,0.17050776282946267,0.17050776282946267,39,0.05065698596147546,0.012466309866821587,0.051345978975295026,0.012635865955549053,0.09016014218330319,0.02218774466661957,0,0,0.0,0.0,0.0,39,39,0.11972587976700065,0.029463654181642956,0.11991226196288807,0.02950952146260117,0.15573188781738026,0.038324466661972194,0,0,0.0,0.0,0.0,39
gait_07_gallop__vx_pos_1p5__seed_0042,rl,79.26605138849857,425.6834833431244,100.0471652984619,104.67466667175293,118.5419692993164,39,97.32371814434345,104.74319686889649,118.5419692993164,5.224025452931722,5.660787185668945,5.743049774169922,0.775,0.8,0.29333333333333333,0.0,0.6140350877192983,1.0,0.7608695652173912,0.5583333333333333,0.333658903837204,0.3333333333333333,0.3333333333333333,0.22467442949612937,0.22467442949612937,28,0.04913007310458425,0.012090547897325103,0.05103721737861555,0.012559882008495666,0.08873033642768728,0.021835880037081045,10,11,0.42857142857142855,0.2631578947368421,0.28205128205128205,39,31,0.16733487283030027,0.041179875522285185,0.16667640686035057,0.041017831913445275,0.19634712219238537,0.0483195756765009,8,8,0.3404255319148936,0.20512820512820512,0.20512820512820512,39
gait_07_gallop__vx_pos_1p5__seed_0042,rr,65.19905651199234,372.9386032485962,94.94736289978027,167.3991180419914,200.4290771484375,39,103.38848994328426,197.23255462646486,200.4290771484375,4.849074556399613,6.903536758422852,6.9400851440429685,0.7354166666666667,0.7579185520361991,0.3554817275747508,0.0,0.5685483870967742,1.0,0.724935732647815,0.5958333333333333,0.333658903837204,0.33125,0.33125,0.26217442949612935,0.26217442949612935,39,0.1320535779305009,0.03249740959235207,0.13143173336982983,0.03234437824168666,0.16679741024971229,0.041047609953296794,0,0,0.0,0.0,0.0,39,39,0.13027112129406887,0.03205876018729601,0.12901412963866932,0.03174942383064548,0.16483032226562563,0.04056352413809305,0,0,0.0,0.0,0.0,39
gait_08_gallop__vx_neg_1p5__seed_0042,fl,93.75024035397698,446.3929084062576,133.72102584838868,136.15534301757813,187.0560760498047,39,133.16139103816107,135.9425537109375,187.0560760498047,7.059926984738081,7.4729404296875,8.918350219726562,0.8395833333333333,0.8665158371040724,0.19601328903654486,0.0,0.705,1.0,0.8269794721407624,0.49583333333333335,0.333658903837204,0.33541666666666664,0.33541666666666664,0.16217442949612937,0.16217442949612937,39,0.02313613937451218,0.005693632913414651,0.021143342256543463,0.005203220270364787,0.04995536923408253,0.012293647175478732,0,0,0.0,0.0,0.0,39,29,0.14709510540140255,0.03619901833917273,0.1571224975585963,0.038666685442043394,0.1880276489257824,0.0462722147903028,10,10,0.40816326530612246,0.2564102564102564,0.2564102564102564,39
gait_08_gallop__vx_neg_1p5__seed_0042,fr,94.12788401559891,533.9777453637123,141.88262481689452,240.66722869873053,317.2383728027344,39,154.83319404797678,253.2178298950196,317.2383728027344,7.948658208602512,10.20036430358887,11.585299530029298,0.7145833333333333,0.7285067873303167,0.39867109634551495,0.0,0.5402298850574713,1.0,0.7014925373134328,0.5895833333333333,0.333658903837204,0.3333333333333333,0.3333333333333333,0.25592442949612937,0.25592442949612937,6,0.1940315512816125,0.04774973078848791,0.194502030611039,0.04786551227440232,0.19905201077461498,0.04898522876622373,33,33,0.9166666666666666,0.8461538461538461,0.8461538461538461,39,39,0.030765924698266042,0.007571266693986955,0.027901763916013067,0.006866417892932789,0.0637667846679662,0.015692534441079896,0,0,0.0,0.0,0.0,39
gait_08_gallop__vx_neg_1p5__seed_0042,rl,54.32330904805602,221.91613219627413,84.40734634399413,85.86702194213866,87.02484893798828,48,69.70856444040935,85.6945972442627,87.02484893798828,3.5349717577298487,4.408173057556152,4.5023899841308594,0.8708333333333333,0.9004524886877828,0.14285714285714285,0.0070921985815602835,0.7650273224043715,0.9929078014184397,0.8641975308641975,0.42291666666666666,0.333658903837204,0.33125,0.33125,0.08925776282946268,0.08925776282946268,39,0.03867049091901656,0.009516522022553618,0.0356942760944392,0.00878409754981405,0.08552547574043495,0.021047187507334676,0,9,0.1875,0.0,0.1875,48,39,0.037168833414712714,0.00914697520868028,0.022984619140622442,0.005656344903658222,0.1297145080566381,0.031921781783190724,0,9,0.1875,0.0,0.1875,48
gait_08_gallop__vx_neg_1p5__seed_0042,rr,57.25683974730663,223.46012746691704,92.23884201049803,100.1916456604004,103.58049011230469,38,88.8926184804816,100.39707145690917,103.58049011230469,4.446877596001877,4.827821594238282,4.943112945556641,0.9270833333333334,0.9659090909090909,0.05,0.0,0.9032258064516129,1.0,0.9491525423728813,0.40625,0.333658903837204,0.3333333333333333,0.3333333333333333,0.07259109616279602,0.07259109616279602,38,0.022191950835680194,0.005461275091993287,0.019612312316892755,0.004826445117228318,0.047368048429491695,0.011656926646953152,0,0,0.0,0.0,0.0,38,39,0.08394388834635581,0.020657970538306085,0.08495223999023693,0.020906118425685346,0.1200356292724635,0.029539881245746837,0,0,0.0,0.0,0.0,39
gait_08_gallop__vx_neg_1p0__seed_0042,fl,93.38269501544059,439.05293205678464,129.59097442626953,149.86469177246087,203.6766815185547,31,132.28425942697834,174.95453643798828,203.6766815185547,7.286835336992817,8.608942947387696,9.18372039794922,0.9118852459016393,0.9376391982182628,0.10144927536231885,0.0,0.8606965174129353,1.0,0.9251336898395722,0.48155737704918034,0.39623603224754333,0.39344262295081966,0.39344262295081966,0.085321344801637,0.085321344801637,31,0.023545786603805144,0.007411162494408232,0.021513437032702143,0.0067714695773556715,0.04930732131004412,0.015519743576274487,0,0,0.0,0.0,0.0,31,26,0.1024093950711773,0.032233905819221594,0.10093200683593828,0.03176888995617483,0.12668312072754162,0.03987419103079867,5,5,0.2777777777777778,0.16129032258064516,0.16129032258064516,31
gait_08_gallop__vx_neg_1p0__seed_0042,fr,89.47500962490658,497.6169310379028,135.22695922851562,182.21424819946463,288.4695739746094,31,145.6962632210024,257.5738525390625,288.4695739746094,7.710113855177356,10.31487892150879,10.94210433959961,0.7315573770491803,0.7527839643652561,0.3563636363636364,0.07471264367816093,0.6216216216216216,0.9252873563218391,0.7436489607390302,0.569672131147541,0.39623603224754333,0.39549180327868855,0.39549180327868855,0.17343609889999767,0.17343609889999767,21,0.17835539914312903,0.0561383175277378,0.17802361130714672,0.0560338855286074,0.19647911667823692,0.061842854730743524,10,10,0.4878048780487805,0.3225806451612903,0.3225806451612903,31,31,0.019531533025926365,0.006147654671967872,0.015967254638674433,0.005025778951792845,0.0433901596069326,0.013657285225430438,0,0,0.0,0.0,0.0,31
gait_08_gallop__vx_neg_1p0__seed_0042,rl,55.55315942431121,255.61677243143322,78.80708770751953,85.10829498291015,93.97960662841797,33,75.37000875762014,87.36451721191405,93.97960662841797,3.908706078962846,4.4566119842529295,4.585824890136719,0.8790983606557377,0.9086859688195991,0.13818181818181818,0.017241379310344827,0.8181818181818182,0.9827586206896551,0.8929503916449086,0.4692622950819672,0.39623603224754333,0.3975409836065574,0.3975409836065574,0.07302626283442387,0.07302626283442387,31,0.06183365464210583,0.019462474109984022,0.06107071518897911,0.019222334829200625,0.0904009687900551,0.028454189304797033,0,2,0.06060606060606061,0.0,0.06060606060606061,33,31,0.02025998269357972,0.00637693810797354,0.017712707519532245,0.0055751695983673666,0.04576980590820412,0.014406291649156825,0,2,0.06060606060606061,0.0,0.06060606060606061,33
gait_08_gallop__vx_neg_1p0__seed_0042,rr,52.23810268224672,225.1021338236332,74.82616195678705,81.74206253051757,84.27691650390625,32,69.25305861234665,81.95691528320313,84.27691650390625,3.6034088814258576,4.162301795959473,4.258478698730469,0.9569672131147541,0.9888888888888889,0.01818181818181818,0.0,0.9722222222222222,1.0,0.9859154929577464,0.4405737704918033,0.39623603224754333,0.3975409836065574,0.3975409836065574,0.04433773824425996,0.04433773824425996,22,0.012168145071376363,0.0038299888594475425,0.012041091918943536,0.0037899981989548354,0.023534082174303705,0.00740747846250906,8,10,0.45,0.26666666666666666,0.3125,32,31,0.04584544028005376,0.01443009797295361,0.04508102416992443,0.014189493906466557,0.07441223144531328,0.023421648556162824,0,1,0.03125,0.0,0.03125,32
gait_08_gallop__vx_neg_0p5__seed_0042,fl,83.29381539678981,389.81505605697635,118.60392990112305,120.9307866668701,123.8189697265625,24,117.67218812306722,121.49552726745605,123.8189697265625,6.454328133265178,6.9169589767456054,7.242648315429688,0.9751552795031055,1.0,0.0,0.0,1.0,1.0,1.0,0.484472049689441,0.4705493450164795,0.4720496894409938,0.4720496894409938,0.013922704672961528,0.013922704672961528,24,0.031184837023417122,0.012554584837083096,0.030667905807494122,0.012346475466481977,0.05338209152221606,0.021490893035398615,0,0,0.0,0.0,0.0,24,24,0.04500679651896163,0.018119114899280777,0.04407585144042869,0.017744329263610133,0.06678827285766803,0.02688803655071877,0,0,0.0,0.0,0.0,24
gait_08_gallop__vx_neg_0p5__seed_0042,fr,89.22693488303196,476.4718322753906,131.10741729736327,135.92328186035147,196.3677520751953,24,135.02350171407065,165.971824645996,196.3677520751953,7.3920209566752115,8.448628395080565,9.232667999267578,0.6790890269151139,0.6936936936936937,0.37130801687763715,0.2318840579710145,0.6437246963562753,0.7681159420289855,0.7004405286343611,0.5527950310559007,0.4705493450164795,0.4720496894409938,0.4720496894409938,0.08224568603942117,0.08224568603942117,24,0.17706613222757972,0.07128438019913486,0.1772738742828377,0.07136801428242372,0.19782484054565355,0.0796415495661519,0,0,0.0,0.0,0.0,24,23,0.09388671709143583,0.037797496068828,0.09339035034179943,0.037597665668433804,0.11692264556884702,0.04707144283191251,1,0,0.041666666666666664,0.041666666666666664,0.0,23
gait_08_gallop__vx_neg_0p5__seed_0042,rl,55.09652488585208,290.4014482843876,72.39627380371094,75.50076278686524,77.55139923095703,25,69.95700569152832,76.92749938964843,77.55139923095703,3.888446989440918,4.315186096191407,4.382192077636719,0.84472049689441,0.8693693693693694,0.1940928270042194,0.057971014492753624,0.8091286307053942,0.9420289855072463,0.8705357142857142,0.5445134575569358,0.4705493450164795,0.4720496894409938,0.4720496894409938,0.07396411254045632,0.07396411254045632,24,0.08691891511281329,0.03499235519209602,0.08754170417785723,0.0352430814712435,0.1097534465789785,0.04418522229900904,0,1,0.04,0.0,0.04,25,24,0.02477268695831314,0.009973141749212992,0.0268343734741201,0.010803148276126452,0.04349347686767508,0.017509873301082418,0,1,0.04,0.0,0.04,25
gait_08_gallop__vx_neg_0p5__seed_0042,rr,51.671669029352955,237.1576683343202,75.76407051086426,79.39194015502929,83.56716918945312,28,67.85564191000802,79.96374969482422,83.56716918945312,3.4954465130397248,4.337053001403809,4.4652954101562505,0.9047619047619048,0.9393258426966292,0.05907172995780591,0.0625,0.9330143540669856,0.9375,0.9352517985611511,0.4720496894409938,0.4705493450164795,0.4720496894409938,0.4720496894409938,0.0015003444245142994,0.0015003444245142994,24,0.07144527117411299,0.028762879776805153,0.07072127342224022,0.028471408277662195,0.09343626976013386,0.03761615219227602,0,4,0.14285714285714285,0.0,0.14285714285714285,28,24,0.06477547168731694,0.026077710588958015,0.06487548828125078,0.026117975888812418,0.08637278556823781,0.03477249097750155,0,4,0.14285714285714285,0.0,0.14285714285714285,28
gait_08_gallop__vx_pos_0p5__seed_0042,fl,69.46510345480415,370.96316847682,98.29696884155273,101.74240097045899,105.15189361572266,24,99.1671012242635,102.03041610717773,105.15189361572266,5.490930522282919,5.806433830261231,5.814820251464844,0.9192546583850931,0.9390519187358917,0.11440677966101695,0.0,0.8846153846153846,1.0,0.9387755102040816,0.5527950310559007,0.4705493450164795,0.4720496894409938,0.4720496894409938,0.08224568603942117,0.08224568603942117,24,0.021051301161448082,0.00847496320612247,0.017834310531615216,0.007179847193426613,0.046965627670287086,0.018907713276510387,0,0,0.0,0.0,0.0,24,23,0.09956845988398022,0.04008488727301868,0.10409820556640881,0.04190850034554353,0.1248461532592767,0.05026133763341754,1,1,0.08,0.041666666666666664,0.041666666666666664,24
gait_08_gallop__vx_pos_0p5__seed_0042,fr,72.06025880733823,379.0369613265991,92.52464065551756,95.49767501831053,99.60967254638672,24,92.11945947011311,99.26399879455566,99.60967254638672,5.078858623504639,5.319032623291015,5.328379058837891,0.6708074534161491,0.6846846846846847,0.37130801687763715,0.25120772946859904,0.6378600823045267,0.748792270531401,0.6888888888888889,0.5445134575569358,0.4705493450164795,0.4720496894409938,0.4720496894409938,0.07396411254045632,0.07396411254045632,24,0.17706613222757972,0.07128438019913486,0.1772738742828377,0.07136801428242372,0.19782484054565355,0.0796415495661519,0,0,0.0,0.0,0.0,24,23,0.10252642590066646,0.04127572355264426,0.10289848327636619,0.04142550871534936,0.1236483383178701,0.049779113875450726,1,0,0.041666666666666664,0.041666666666666664,0.0,23
gait_08_gallop__vx_pos_0p5__seed_0042,rl,60.70834868797889,394.62608646154405,93.11119842529298,113.72739654540997,139.49496459960938,23,98.40801603897758,132.868399810791,139.49496459960938,5.0451258004229995,5.963566024780274,6.129319458007813,0.7991718426501035,0.8220720720720721,0.3333333333333333,0.0,0.7237762237762237,1.0,0.8397565922920892,0.6728778467908902,0.4705493450164795,0.4720496894409938,0.4720496894409938,0.20232850177441075,0.20232850177441075,21,0.1362882219042097,0.054867756496747515,0.13567746162414807,0.054621872840360394,0.15635788917541582,0.0629475274514324,3,2,0.19230769230769232,0.125,0.08695652173913043,23,24,0.06352070490519202,0.02557255880621463,0.06372844696044844,0.025656192889502872,0.08427764892578171,0.03392901789142305,0,0,0.0,0.0,0.0,24
gait_08_gallop__vx_pos_0p5__seed_0042,rr,61.997096237278384,296.34612001419066,84.83531188964844,100.80760498046881,178.9401092529297,24,88.09466846783955,134.0319087982177,178.9401092529297,4.379383505185445,5.809022064208983,6.66947494506836,0.8778467908902692,0.9101123595505618,0.10970464135021098,0.0673076923076923,0.8818181818181818,0.9326923076923077,0.9065420560747663,0.494824016563147,0.4705493450164795,0.4720496894409938,0.4720496894409938,0.024274671546667514,0.024274671546667514,24,0.07351526101430261,0.029596229107476533,0.07310069084167559,0.029429328879674737,0.09531243324279738,0.03837146970744049,0,0,0.0,0.0,0.0,24,24,0.09789491176605229,0.03941113990631961,0.0969637680053701,0.03903627428395875,0.11967876434326374,0.048181018198572574,0,0,0.0,0.0,0.0,24
gait_08_gallop__vx_pos_1p0__seed_0042,fl,68.43038790110762,368.331255645752,95.71304321289062,97.87877838134766,139.79393005371094,31,96.50457542173324,100.54951095581055,139.79393005371094,5.088953717139458,5.405673217773438,6.2464602661132815,0.8422131147540983,0.8730512249443207,0.20652173913043478,0.0,0.7521739130434782,1.0,0.858560794044665,0.5512295081967213,0.39623603224754333,0.39344262295081966,0.39344262295081966,0.154993475949178,0.154993475949178,31,0.01713886003340479,0.005394548027372115,0.016634439229964215,0.005235778876748202,0.036629174947741205,0.011529229077865967,0,0,0.0,0.0,0.0,31,27,0.16009280452021918,0.050390068017228,0.15895736694335838,0.05003268295611424,0.19495971679687507,0.06136461547697668,4,4,0.22857142857142856,0.12903225806451613,0.12903225806451613,31
gait_08_gallop__vx_pos_1p0__seed_0042,fr,70.42274995051125,367.6067547416687,88.30271911621094,94.6206619262695,182.15432739257812,31,90.23092675978138,95.21121597290039,182.15432739257812,4.747650530415198,4.975219573974609,6.650490875244141,0.7131147540983607,0.732739420935412,0.3418181818181818,0.14942528735632185,0.6115702479338843,0.8505747126436781,0.7115384615384616,0.5348360655737705,0.39623603224754333,0.39549180327868855,0.39549180327868855,0.13860003332622717,0.13860003332622717,25,0.1742032682895669,0.0548314120940148,0.17494515061378735,0.05506492353064859,0.19611900925636264,0.06172950899021424,6,6,0.32432432432432434,0.1935483870967742,0.1935483870967742,31,31,0.0421074061239926,0.013253531693543756,0.04185379028320213,0.013173704748753966,0.06836975097656328,0.02151974545236262,0,0,0.0,0.0,0.0,31
gait_08_gallop__vx_pos_1p0__seed_0042,rl,67.6426251667603,418.17966963768004,95.83453674316407,98.61934783935547,186.10243225097656,31,98.50875436106035,105.5250015258789,186.10243225097656,5.0166396307176155,5.320315093994141,6.898214111328125,0.764344262295082,0.7861915367483296,0.3490909090909091,0.0,0.6444444444444445,1.0,0.7837837837837839,0.6331967213114754,0.39623603224754333,0.3975409836065574,0.3975409836065574,0.23696068906393208,0.23696068906393208,31,0.16021937320309373,0.0504299061883314,0.15919426560402172,0.050107248078886564,0.187249456644059,0.058937769781473505,0,0,0.0,0.0,0.0,31,31,0.07690345764160073,0.024205775349702568,0.076903457641599,0.024205775349702027,0.1055966567993174,0.033237113525845303,0,0,0.0,0.0,0.0,31
gait_08_gallop__vx_pos_1p0__seed_0042,rr,67.38314219825288,315.5396551322937,96.56008949279784,168.04671890258786,183.5438232421875,30,105.62762654622396,167.6777046203613,183.5438232421875,5.043023082733154,6.471916946411133,6.7551954650878905,0.889344262295082,0.9155555555555556,0.13818181818181818,0.0,0.8215962441314554,1.0,0.902061855670103,0.47950819672131145,0.39623603224754333,0.3975409836065574,0.3975409836065574,0.08327216447376812,0.08327216447376812,23,0.03925857943037352,0.0123568482274069,0.04034278273582714,0.01269810702707651,0.0598921525478385,0.018851375923036054,7,7,0.3783783783783784,0.23333333333333334,0.23333333333333334,30,31,0.12988328256914777,0.04088145911725602,0.12962615966796776,0.040800528306417415,0.15614593505859453,0.04914776970642998,0,0,0.0,0.0,0.0,31
gait_08_gallop__vx_pos_1p5__seed_0042,fl,69.48319695742076,364.0919520568848,96.64088287353516,129.98451812744128,166.5870361328125,39,100.45929365891676,137.01033782958984,166.5870361328125,4.901003807263497,5.831473022460938,6.399884643554688,0.7895833333333333,0.8122171945701357,0.2757475083056478,0.0,0.6294642857142857,1.0,0.7726027397260274,0.5458333333333333,0.333658903837204,0.33541666666666664,0.33541666666666664,0.2121744294961293,0.2121744294961293,39,0.020840796232223697,0.005128765929733201,0.021143342256543463,0.005203220270364787,0.042710493803026855,0.01051073687483928,0,0,0.0,0.0,0.0,39,10,0.18854721069336122,0.04640007510150483,0.18770015716552813,0.046191621488418134,0.19814746856689708,0.04876262761388502,29,29,0.8529411764705882,0.7435897435897436,0.7435897435897436,39
gait_08_gallop__vx_pos_1p5__seed_0042,fr,70.35661375907159,348.9688042449951,85.45597915649414,110.72818214416507,154.314208984375,39,86.8055408184345,127.92520141601564,154.314208984375,4.609476486597306,5.423829772949219,6.03916519165039,0.7583333333333333,0.7805429864253394,0.30564784053156147,0.03546099290780142,0.5964912280701754,0.9645390070921985,0.7371273712737128,0.5166666666666667,0.333658903837204,0.3333333333333333,0.3333333333333333,0.18300776282946274,0.18300776282946274,33,0.16537629680200205,0.04069788443649373,0.1648294079303767,0.040563299126945646,0.1963220226764683,0.04831339887113062,6,6,0.26666666666666666,0.15384615384615385,0.15384615384615385,39,39,0.022094538762018782,0.005437302700584995,0.021155242919924433,0.005206148935671498,0.04675704956054753,0.011506564340867114,0,0,0.0,0.0,0.0,39
gait_08_gallop__vx_pos_1p5__seed_0042,rl,69.84078688573355,414.8612689626217,95.88446350097657,109.96884277343754,133.09971618652344,39,96.49889041215945,112.89213027954102,133.09971618652344,4.862320758134892,5.353326385498048,5.721031951904297,0.7125,0.7330316742081447,0.3920265780730897,0.0,0.5444015444015444,1.0,0.7050000000000001,0.61875,0.333658903837204,0.33125,0.33125,0.28509109616279604,0.28509109616279604,28,0.17067713447979674,0.042002381413383874,0.16997352719307024,0.041829228860100175,0.19479900479316967,0.04793859542584963,11,11,0.44,0.28205128205128205,0.28205128205128205,39,39,0.10318114647498333,0.025392117591624335,0.10380279541015369,0.02554510080029978,0.13934032440185326,0.03429062404656239,0,0,0.0,0.0,0.0,39
gait_08_gallop__vx_pos_1p5__seed_0042,rr,64.74071737406206,317.3132412433624,102.73016815185547,104.87657592773438,207.77163696289062,38,101.75161984092311,105.32920036315917,207.77163696289062,4.7425666457728335,5.100474983215332,7.150028381347656,0.8229166666666666,0.8522727272727273,0.21666666666666667,0.0,0.6829268292682927,1.0,0.8115942028985507,0.5104166666666666,0.333658903837204,0.3333333333333333,0.3333333333333333,0.17675776282946265,0.17675776282946265,38,0.021644863078469075,0.005326640838172403,0.019612312316892755,0.004826445117228318,0.04489889025688125,0.011049285068882047,0,0,0.0,0.0,0.0,38,26,0.1720224116398754,0.04233344418026567,0.17159355163574475,0.042227904902720714,0.19716632843017834,0.048521176277312936,13,13,0.5,0.3333333333333333,0.3333333333333333,39
gait_09_gallop__vx_neg_1p5__seed_0042,fl,88.95697916299105,456.01113602757454,118.67590713500977,121.22160301208496,122.77696228027344,39,118.06398734068259,121.6601791381836,122.77696228027344,6.50569597293169,6.719172637939454,6.720825805664063,0.8,0.8257918552036199,0.2558139534883721,0.0,0.6467889908256881,1.0,0.7855153203342619,0.5333333333333333,0.333658903837204,0.3333333333333333,0.3333333333333333,0.19967442949612935,0.19967442949612935,39,0.08608251446332843,0.0211842706202678,0.08683792233467358,0.02137017091459614,0.12270294308662671,0.030196287462743245,0,0,0.0,0.0,0.0,39,39,0.11347432454426928,0.02792519264318142,0.11335670471191506,0.02789624727170341,0.14872428894042714,0.036599948367715116,0,0,0.0,0.0,0.0,39
gait_09_gallop__vx_neg_1p5__seed_0042,fr,100.34346264483882,512.6254063916207,149.65506286621093,153.86390167236328,280.16864013671875,39,150.4601534329928,154.32284088134764,280.16864013671875,8.141087411733773,8.477819458007813,11.295306091308595,0.8041666666666667,0.8280542986425339,0.25249169435215946,0.0,0.6497695852534562,1.0,0.7877094972067039,0.53125,0.333658903837204,0.33541666666666664,0.33541666666666664,0.19759109616279602,0.19759109616279602,39,0.06364229761637019,0.015661899097698374,0.06364288449287159,0.015662043523668078,0.09946251034736378,0.024476988723039106,0,0,0.0,0.0,0.0,39,28,0.1303226143973231,0.032071432259449285,0.12372291564941662,0.030447295172382052,0.17044475555420052,0.0419451946771812,11,11,0.44,0.28205128205128205,0.28205128205128205,39
gait_09_gallop__vx_neg_1p5__seed_0042,rl,57.49780344963074,240.74519701778888,87.74485359191893,91.49113578796387,119.5903549194336,39,85.86549260066106,91.56010360717774,119.5903549194336,4.351014537322216,4.614400695800782,5.451620635986329,0.8979166666666667,0.9343891402714932,0.09634551495016612,0.0,0.8294117647058824,1.0,0.9067524115755626,0.43333333333333335,0.333658903837204,0.33125,0.33125,0.09967442949612937,0.09967442949612937,39,0.022662588724723758,0.005577095598257631,0.021223222017287213,0.0052228780891358535,0.050033532381059946,0.012312882548288464,0,0,0.0,0.0,0.0,39,39,0.08650999020307328,0.021289469240577757,0.08651077270507557,0.021289661808537474,0.12233039855956776,0.0301046070079085,0,0,0.0,0.0,0.0,39
gait_09_gallop__vx_neg_1p5__seed_0042,rr,65.58501695346281,227.32370213329793,97.25449523925782,131.67184020996095,202.57717895507812,38,96.81389316759612,130.3402229309082,202.57717895507812,4.622685869116533,5.557733436584472,6.955979461669922,0.9270833333333334,0.9636363636363636,0.04666666666666667,0.014285714285714285,0.9078947368421053,0.9857142857142858,0.9452054794520548,0.36041666666666666,0.333658903837204,0.3333333333333333,0.3333333333333333,0.026757762829462683,0.026757762829462683,31,0.0168188526938036,0.004138995348930462,0.015992735624315912,0.003935694043512563,0.031879807710645025,0.007845385071228454,7,7,0.3111111111111111,0.18421052631578946,0.18421052631578946,38,39,0.024214890308869943,0.005959105545897255,0.020617599487305682,0.005073838860334916,0.05356414794922131,0.01318174094674897,0,0,0.0,0.0,0.0,39
gait_09_gallop__vx_neg_1p0__seed_0042,fl,84.53137581055935,454.9172873282433,113.82738494873047,115.82577209472656,116.21358489990234,31,112.71240480484501,115.83880233764648,116.21358489990234,6.128565878099011,6.5216613769531255,6.538989105224609,0.8442622950819673,0.8752783964365256,0.20363636363636364,0.0,0.7565217391304347,1.0,0.8613861386138613,0.5512295081967213,0.39623603224754333,0.39549180327868855,0.39549180327868855,0.154993475949178,0.154993475949178,31,0.0658049390777472,0.020712457164671867,0.06632164597511192,0.02087509342918862,0.09411457657814104,0.029623067254007575,0,0,0.0,0.0,0.0,31,31,0.08907357246644963,0.028036384199609743,0.08958160400390724,0.028196289848112222,0.11700069427490156,0.036826595425346456,0,0,0.0,0.0,0.0,31
gait_09_gallop__vx_neg_1p0__seed_0042,fr,98.05113923934198,486.88897284269336,137.49125289916992,146.4573602294922,315.73626708984375,31,144.38126545567667,193.01700592041016,315.73626708984375,7.592624856272052,9.218589782714844,11.882227172851563,0.8852459016393442,0.9198218262806236,0.13043478260869565,0.0,0.8277511961722488,1.0,0.9057591623036649,0.5081967213114754,0.39623603224754333,0.39344262295081966,0.39344262295081966,0.11196068906393208,0.11196068906393208,31,0.03742142073569687,0.011778592684563272,0.03767731308937172,0.011859136173981223,0.06419613480567854,0.020206077399891692,0,0,0.0,0.0,0.0,31,31,0.07466960045599252,0.023502656831284992,0.0744122314453115,0.023421648556162262,0.10093200683593828,0.03176888995617483,0,0,0.0,0.0,0.0,31
gait_09_gallop__vx_neg_1p0__seed_0042,rl,55.914086874916045,257.1411739017814,87.060400390625,88.78842193603515,90.54708862304688,31,84.88418751378214,88.93045043945312,90.54708862304688,4.346875730945218,4.6563461303710945,4.684712982177735,0.9282786885245902,0.9643652561247216,0.05818181818181818,0.0,0.9157894736842105,1.0,0.956043956043956,0.4692622950819672,0.39623603224754333,0.3975409836065574,0.3975409836065574,0.07302626283442387,0.07302626283442387,31,0.016474249093763337,0.005185358173062973,0.015456472635271723,0.004865007579396855,0.0320670258998863,0.010093268220567685,0,0,0.0,0.0,0.0,31,31,0.07690358069635123,0.024205814081844627,0.076903457641599,0.024205775349702027,0.10342323303222578,0.03255301674971459,0,0,0.0,0.0,0.0,31
gait_09_gallop__vx_neg_1p0__seed_0042,rr,60.69075038092477,255.35178291842342,89.3143268585205,94.10580375671385,136.0290069580078,31,91.30373308735508,114.24789428710938,136.0290069580078,4.636965986682523,5.353075637817383,5.907979583740235,0.8770491803278688,0.9111111111111111,0.10181818181818182,0.06857142857142857,0.8534031413612565,0.9314285714285714,0.8907103825136612,0.430327868852459,0.39623603224754333,0.3975409836065574,0.3975409836065574,0.03409183660491566,0.03409183660491566,22,0.04996384609829201,0.015726388271106038,0.052794004678725415,0.016617195848591938,0.07300598740577442,0.022979025709910946,8,9,0.4358974358974359,0.26666666666666666,0.2903225806451613,31,31,0.01811582995999217,0.005702054546475581,0.016123657226561505,0.005075007504352212,0.039091224670409375,0.012304172420003357,0,0,0.0,0.0,0.0,31
gait_09_gallop__vx_neg_0p5__seed_0042,fl,70.52669798260304,378.16234301269054,98.02608108520508,100.03195732116698,100.58007049560547,24,97.87873872121175,100.23327713012695,100.58007049560547,5.325650606155396,5.792917144775391,5.812062072753906,0.917184265010352,0.9504504504504504,0.09282700421940929,0.0,0.9039301310043668,1.0,0.9495412844036697,0.5548654244306418,0.4705493450164795,0.4720496894409938,0.4720496894409938,0.0843160794141623,0.0843160794141623,24,0.03216871102650957,0.012950678927026529,0.032277231216431446,0.012994367657222153,0.05878260612487842,0.023665065653075527,0,0,0.0,0.0,0.0,24,24,0.05223981062571211,0.021031026517187554,0.051724548339844745,0.02082358903478501,0.0744385910034187,0.029967949013284482,0,0,0.0,0.0,0.0,24
gait_09_gallop__vx_neg_0p5__seed_0042,fr,99.40826751365036,485.31366270542145,126.74986839294434,128.089468460083,179.60443115234375,24,128.25886503855386,128.41986846923828,179.60443115234375,7.268889118830363,7.559423965454101,8.640471343994141,0.9585921325051759,0.981941309255079,0.03389830508474576,0.0,0.9627906976744186,1.0,0.9810426540284359,0.505175983436853,0.4705493450164795,0.4720496894409938,0.4720496894409938,0.0346266384203735,0.0346266384203735,24,0.01573405424753808,0.0063343130103150165,0.012836456298828125,0.005167780081394456,0.034088869094846604,0.013723708054978835,0,0,0.0,0.0,0.0,24,24,0.022378985087076735,0.009009470424121391,0.022444610595703907,0.009035890347846433,0.04299505233764602,0.017309214466712554,0,0,0.0,0.0,0.0,24
gait_09_gallop__vx_neg_0p5__seed_0042,rl,54.020026694443146,291.17531317710876,73.3164306640625,79.87409759521485,81.16767120361328,24,75.00718975067139,80.74026336669921,81.16767120361328,3.8327997620900476,4.221584289550782,4.274134674072266,0.9151138716356108,0.9436936936936937,0.10548523206751055,0.0,0.8922413793103449,1.0,0.9430523917995445,0.556935817805383,0.4705493450164795,0.4720496894409938,0.4720496894409938,0.08638647278890355,0.08638647278890355,24,0.014797755082448072,0.0059573718933168505,0.01355075836181463,0.005455348230053804,0.032151765823362224,0.012943857022190688,0,0,0.0,0.0,0.0,24,24,0.09664038340250647,0.03890608410760448,0.09653293609619062,0.038862827305536043,0.12065975189209083,0.04857595024188015,0,0,0.0,0.0,0.0,24
gait_09_gallop__vx_neg_0p5__seed_0042,rr,53.277270548739416,265.4549848222733,79.32867660522462,82.75938110351562,87.3739013671875,24,79.65480295817058,85.56498947143554,87.3739013671875,4.130818430582683,4.675465988159179,4.7201342773437505,0.8819875776397516,0.9146067415730337,0.11814345991561181,0.04807692307692308,0.8761061946902655,0.9519230769230769,0.9124423963133641,0.5113871635610766,0.4705493450164795,0.4720496894409938,0.4720496894409938,0.040837818544597115,0.040837818544597115,24,0.0527527284622192,0.021237520156645918,0.05264508247375588,0.021194183367887982,0.07414290428161419,0.02984890962143818,0,0,0.0,0.0,0.0,24,24,0.02370078086853063,0.009541607156569291,0.020798683166505683,0.00837326268908925,0.04790069580077922,0.01928415879597553,0,0,0.0,0.0,0.0,24
gait_09_gallop__vx_pos_0p5__seed_0042,fl,60.20185947758811,337.1304130744934,76.10036468505861,81.55445571899413,82.99118041992188,24,76.52390257517497,81.82359199523925,82.99118041992188,4.018926456769307,4.380430137634277,4.384678039550781,0.8923395445134575,0.9234234234234234,0.14345991561181434,0.0,0.8589211618257261,1.0,0.9241071428571428,0.5797101449275363,0.4705493450164795,0.4720496894409938,0.4720496894409938,0.10916079991105676,0.10916079991105676,24,0.052868212064107224,0.021284012260359864,0.05224478721618642,0.021033030023803995,0.07445605278015037,0.029974978883513383,0,0,0.0,0.0,0.0,24,24,0.05637963136037194,0.022697661189178132,0.05647956848144453,0.022737894494355825,0.0779768657684321,0.03139240958304517,0,0,0.0,0.0,0.0,24
gait_09_gallop__vx_pos_0p5__seed_0042,fr,82.10046234738779,412.1443209838867,94.44161987304688,95.68710708618164,97.08521270751953,24,88.36890411376953,93.50519981384276,94.50951385498047,5.005067352453867,5.287963409423829,5.32574951171875,0.8861283643892339,0.9232505643340858,0.1228813559322034,0.024154589371980676,0.8744588744588745,0.9758454106280193,0.9223744292237444,0.5196687370600414,0.4705493450164795,0.4720496894409938,0.4720496894409938,0.04911939204356186,0.04911939204356186,24,0.05575374285380049,0.022445687117663635,0.055852289199830096,0.022485360516010536,0.07735135078429974,0.03114058588650767,0,0,0.0,0.0,0.0,24,24,0.01328770160675045,0.005349445212316655,0.012004852294921875,0.0048329877908316055,0.028316993713379895,0.011400030714889441,0,0,0.0,0.0,0.0,24
gait_09_gallop__vx_pos_0p5__seed_0042,rl,61.47698158796142,361.48465173721314,71.62248992919922,78.44568687438965,79.77313232421875,24,73.98995399475098,78.8886562347412,79.77313232421875,3.8625812149047856,4.0991299476623535,4.117268676757813,0.8633540372670807,0.8918918918918919,0.20253164556962025,0.0,0.8117647058823529,1.0,0.8961038961038961,0.6086956521739131,0.4705493450164795,0.4720496894409938,0.4720496894409938,0.1381463071574336,0.1381463071574336,24,0.03930950641632077,0.015825464562696755,0.04024136543273826,0.01620061813714158,0.06007597923278709,0.024185759809567286,0,0,0.0,0.0,0.0,24,24,0.09871041297912593,0.039739449435613895,0.0981961441040049,0.03953241188666246,0.12090909004211525,0.04867633033863205,0,0,0.0,0.0,0.0,24
gait_09_gallop__vx_pos_0p5__seed_0042,rr,70.60176033915778,348.9745970797539,89.24065170288085,103.70252395629866,152.53277587890625,24,94.45693397521973,135.59317321777337,152.53277587890625,5.081655848821004,6.0232262191772445,6.356291961669922,0.9399585921325052,0.9662921348314607,0.06329113924050633,0.0,0.9327354260089686,1.0,0.9651972157772621,0.5113871635610766,0.4705493450164795,0.4720496894409938,0.4720496894409938,0.040837818544597115,0.040837818544597115,24,0.02584305922190344,0.01040405884460824,0.026256914138793164,0.010570671120325264,0.04680897712707592,0.018844647930584643,0,0,0.0,0.0,0.0,24,24,0.01709406852722169,0.006881835982492517,0.0151957321167,0.006117591952699386,0.036692886352539575,0.014772049450971565,0,0,0.0,0.0,0.0,24
gait_09_gallop__vx_pos_1p0__seed_0042,fl,64.96769940023457,354.72363872528075,79.49884643554687,86.87907928466782,96.78433990478516,31,79.26038705149004,91.98313522338867,96.78433990478516,4.095683135986328,4.538806953430176,4.568036651611329,0.8360655737704918,0.8663697104677061,0.21818181818181817,0.0,0.7435897435897436,1.0,0.8529411764705882,0.5594262295081968,0.39623603224754333,0.39549180327868855,0.39549180327868855,0.16319019726065342,0.16319019726065342,31,0.08835170726622377,0.02780917326000716,0.08732536911964672,0.02748612782914171,0.11538342118263323,0.03631755005403159,0,0,0.0,0.0,0.0,31,31,0.07472538855767946,0.023520216435209615,0.07473098754882557,0.023521978747672846,0.1086741638183586,0.03420577534970259,0,0,0.0,0.0,0.0,31
gait_09_gallop__vx_pos_1p0__seed_0042,fr,80.20870263730326,397.8351650810242,94.5124038696289,112.45995376586917,145.12802124023438,31,89.90165808893019,127.16248321533203,145.12802124023438,4.867587231051538,5.686452941894531,6.073206939697266,0.8852459016393442,0.9153674832962138,0.13768115942028986,0.0,0.8199052132701422,1.0,0.9010416666666666,0.5081967213114754,0.39623603224754333,0.39344262295081966,0.39344262295081966,0.11196068906393208,0.11196068906393208,31,0.06611729633423517,0.02081077328479528,0.06483223557471973,0.02040629352524384,0.0928912413120262,0.029238015924235815,0,0,0.0,0.0,0.0,31,31,0.04597372485745422,0.014470476231052987,0.04725540161133068,0.014873890856697691,0.07287395477294822,0.022937467731283835,0,0,0.0,0.0,0.0,31
gait_09_gallop__vx_pos_1p0__seed_0042,rl,61.95953630085649,359.36531054496766,80.63902130126954,88.7867141723633,93.51225280761719,31,81.6482164936681,90.74337005615234,93.51225280761719,3.961815850042528,4.525973243713379,4.573695678710938,0.8032786885245902,0.8285077951002228,0.28,0.0,0.6932270916334662,1.0,0.8188235294117647,0.5942622950819673,0.39623603224754333,0.3975409836065574,0.3975409836065574,0.19802626283442393,0.19802626283442393,31,0.08847980726149847,0.027849493419893446,0.08949974656105297,0.028170524779372843,0.11691979050636192,0.0368011305307075,0,0,0.0,0.0,0.0,31,31,0.10969890225318087,0.0345283172627218,0.11021148681640369,0.03468965600047948,0.13826953887939197,0.043521078225369915,0,0,0.0,0.0,0.0,31
gait_09_gallop__vx_pos_1p0__seed_0042,rr,73.79190270797066,373.6991526794434,92.77560119628905,135.2246484374999,168.2744598388672,31,101.22315265286353,143.69461059570312,168.2744598388672,5.296882494034304,6.323416976928711,6.776814880371094,0.8790983606557377,0.9111111111111111,0.14545454545454545,0.0,0.813953488372093,1.0,0.8974358974358974,0.5184426229508197,0.39623603224754333,0.3975409836065574,0.3975409836065574,0.12220659070327633,0.12220659070327633,22,0.04996384609829201,0.015726388271106038,0.052794004678725415,0.016617195848591938,0.07300598740577442,0.022979025709910946,8,9,0.4358974358974359,0.26666666666666666,0.2903225806451613,31,31,0.07659116191248824,0.02410747859565026,0.07658660888671776,0.0241060455063934,0.10464656829834063,0.03293806807948635,0,0,0.0,0.0,0.0,31
gait_09_gallop__vx_pos_1p5__seed_0042,fl,67.0546759503354,363.4363436508179,86.2075309753418,125.06097640991212,153.3098602294922,39,87.50925738994891,126.51577148437501,153.3098602294922,4.264030033991887,5.138532699584961,5.771819152832031,0.76875,0.7918552036199095,0.30564784053156147,0.0,0.6051502145922747,1.0,0.7540106951871658,0.5645833333333333,0.333658903837204,0.3333333333333333,0.3333333333333333,0.23092442949612935,0.23092442949612935,39,0.10275337729698727,0.025286846758329398,0.1013070690631892,0.024930920990871103,0.1404073345661189,0.03455320736229498,0,0,0.0,0.0,0.0,39,39,0.1280612378242673,0.03151492419742752,0.1273719024658213,0.03134528386021757,0.163148040771485,0.040149527095214785,0,0,0.0,0.0,0.0,39
gait_09_gallop__vx_pos_1p5__seed_0042,fr,76.29785506865558,363.399361898303,91.87037162780761,107.1542692565917,135.01773071289062,39,86.14008213923528,116.50337905883792,135.01773071289062,4.5489370854695625,5.372158950805664,5.836290893554688,0.8395833333333333,0.8665158371040724,0.19601328903654486,0.0,0.705,1.0,0.8269794721407624,0.49583333333333335,0.333658903837204,0.33541666666666664,0.33541666666666664,0.16217442949612937,0.16217442949612937,39,0.07406175194642327,0.01822604980379092,0.07438125729560596,0.018304677708934104,0.11020431637763722,0.02712046780022937,0,0,0.0,0.0,0.0,39,38,0.08697819559197839,0.021404691126535317,0.08681858062744219,0.021365411063390558,0.12257602691650646,0.0301650543312452,1,1,0.05,0.02564102564102564,0.02564102564102564,39
gait_09_gallop__vx_pos_1p5__seed_0042,rl,68.06456635064549,392.051902179718,97.05019035339355,150.56574752807614,162.51170349121094,39,101.48355572040265,154.01595611572264,162.51170349121094,4.760821382571489,5.954335571289063,6.07954818725586,0.73125,0.753393665158371,0.36212624584717606,0.0,0.564,1.0,0.7212276214833758,0.6,0.333658903837204,0.33125,0.33125,0.266341096162796,0.266341096162796,39,0.11538247056496605,0.028394773276802985,0.11368576169014233,0.027977225762163552,0.15204597592353758,0.0374173909854724,0,0,0.0,0.0,0.0,39,39,0.15110929635854703,0.03718688106701866,0.150487060546876,0.03703375343237369,0.18585273742675526,0.04573698514398304,0,0,0.0,0.0,0.0,39
gait_09_gallop__vx_pos_1p5__seed_0042,rr,72.44485179613916,375.38757066726686,90.87880401611328,91.77561965942382,109.59894561767578,39,90.55457579783904,92.16502456665039,109.59894561767578,4.997226101801946,5.427805282592773,5.6281436157226565,0.79375,0.8204545454545454,0.2633333333333333,0.0,0.639269406392694,1.0,0.7799442896935933,0.5395833333333333,0.333658903837204,0.3333333333333333,0.3333333333333333,0.20592442949612932,0.20592442949612932,31,0.06245946695727511,0.015370813214154688,0.06573715329169971,0.01617742759745531,0.09727134823798878,0.023937759921612175,7,8,0.32608695652173914,0.18421052631578946,0.20512820512820512,39,39,0.14437568664550945,0.03552978948109595,0.14474380493164318,0.03562038067075094,0.18028133392334206,0.04436590391701339,0,0,0.0,0.0,0.0,39
