cell_id,joint_index,joint_name,leg,motor_role,configured_effort_limit_nm,effort_limit_source,normalized_torque_squared_exposure,absolute_work_j,utilization_p95,utilization_p99,saturation_fraction,soft_limit_utilization_p95,soft_limit_utilization_p99,action_clamp_fraction
gait_00_trot__vx_neg_1p5__seed_0042,0,joint_front_left_abad,fl,hip,17.0,robot.actuators['hip_legs'].effort_limit,0.04685182318082681,3.332801826284267,0.11088359145557176,0.12302235421012425,0.0,0.3704631567001343,0.38178419947624204,0.0
gait_00_trot__vx_neg_1p5__seed_0042,1,joint_front_left_thigh_pitch,fl,thigh,17.0,robot.actuators['thigh_legs'].effort_limit,0.9323536946613227,111.685395822078,0.570102969337912,0.6585695339651668,0.0,0.2783572018146515,0.28170168995857237,0.0
gait_00_trot__vx_neg_1p5__seed_0042,2,joint_front_left_calf_pitch,fl,calf,37.0,robot.actuators['calf_legs'].effort_limit,0.1950548981225563,128.8013878068328,0.27074737677703026,0.2988284768284978,0.0,0.5480611115694046,0.5540786051750183,0.0
gait_00_trot__vx_neg_1p5__seed_0042,3,joint_front_right_abad,fr,hip,17.0,robot.actuators['hip_legs'].effort_limit,0.04973063362968055,2.867632610829314,0.13047072116066427,0.15858632213929116,0.0,0.3020605444908142,0.31045464634895326,0.0
gait_00_trot__vx_neg_1p5__seed_0042,4,joint_front_right_thigh_pitch,fr,thigh,17.0,robot.actuators['thigh_legs'].effort_limit,1.0936151475349523,118.55217057324946,0.6746283054351806,0.7751129711375517,0.0,0.27614924907684324,0.2830369973182678,0.0
gait_00_trot__vx_neg_1p5__seed_0042,5,joint_front_right_calf_pitch,fr,calf,37.0,robot.actuators['calf_legs'].effort_limit,0.24243812844881285,141.00352937878574,0.30388827710538296,0.3317053462363578,0.0,0.5035189121961594,0.5127428048849105,0.0
gait_00_trot__vx_neg_1p5__seed_0042,6,joint_rear_left_abad,rl,hip,17.0,robot.actuators['hip_legs'].effort_limit,0.050723130774893654,2.6302178392140196,0.14304019493215223,0.16753396567176368,0.0,0.4207842379808426,0.4429364877939224,0.0
gait_00_trot__vx_neg_1p5__seed_0042,7,joint_rear_left_thigh_pitch,rl,thigh,20.0,robot.actuators['thigh_legs'].effort_limit,0.39695373108384985,65.20650397743098,0.46489390134811354,0.5485730524063109,0.0,0.2678377419710159,0.2730388396978378,0.0
gait_00_trot__vx_neg_1p5__seed_0042,8,joint_rear_left_calf_pitch,rl,calf,37.0,robot.actuators['calf_legs'].effort_limit,0.2210375677372392,96.51262735650874,0.33656874991752006,0.3733158699241839,0.0,0.5446133792400359,0.5557840883731842,0.0
gait_00_trot__vx_neg_1p5__seed_0042,9,joint_rear_right_abad,rr,hip,17.0,robot.actuators['hip_legs'].effort_limit,0.046981525895561184,2.7643747350927153,0.14643123991349158,0.1666652630357181,0.0,0.3807362556457519,0.4066305327415466,0.0
gait_00_trot__vx_neg_1p5__seed_0042,10,joint_rear_right_thigh_pitch,rr,thigh,20.0,robot.actuators['thigh_legs'].effort_limit,0.28634766801186706,51.43334504307713,0.4554983377456664,0.49170112848281855,0.0,0.29839434921741487,0.3080437928438186,0.0
gait_00_trot__vx_neg_1p5__seed_0042,11,joint_rear_right_calf_pitch,rr,calf,37.0,robot.actuators['calf_legs'].effort_limit,0.3127557538749301,140.6801245485712,0.373045217668688,0.40514669779184664,0.0,0.589734697341919,0.5943420267105103,0.0
gait_00_trot__vx_neg_1p0__seed_0042,0,joint_front_left_abad,fl,hip,17.0,robot.actuators['hip_legs'].effort_limit,0.02534488670832813,1.3143189244258975,0.10536905211560865,0.11206074483254376,0.0,0.35394078195095063,0.36053832292556764,0.0
gait_00_trot__vx_neg_1p0__seed_0042,1,joint_front_left_thigh_pitch,fl,thigh,17.0,robot.actuators['thigh_legs'].effort_limit,0.6404365669813379,52.492502136081455,0.5171813936794505,0.559100954392377,0.0,0.2954120457172394,0.29644634723663327,0.0
gait_00_trot__vx_neg_1p0__seed_0042,2,joint_front_left_calf_pitch,fl,calf,37.0,robot.actuators['calf_legs'].effort_limit,0.18105871079237315,71.04458098548,0.22456631402711608,0.24351089013589394,0.0,0.5293260604143143,0.535775328874588,0.0
gait_00_trot__vx_neg_1p0__seed_0042,3,joint_front_right_abad,fr,hip,17.0,robot.actuators['hip_legs'].effort_limit,0.06733106499395784,2.6105833641666685,0.14658871187883263,0.1551844164904426,0.0,0.3498741865158081,0.35842961072921753,0.0
gait_00_trot__vx_neg_1p0__seed_0042,4,joint_front_right_thigh_pitch,fr,thigh,17.0,robot.actuators['thigh_legs'].effort_limit,0.7172815735964114,60.79443644063547,0.6224684546975526,0.6886827788633457,0.0,0.2845598042011261,0.2891301083564758,0.0
gait_00_trot__vx_neg_1p0__seed_0042,5,joint_front_right_calf_pitch,fr,calf,37.0,robot.actuators['calf_legs'].effort_limit,0.19562269150690514,75.8495601414179,0.23873179538829906,0.2834103764714421,0.0,0.5048837006092072,0.5083008968830108,0.0
gait_00_trot__vx_neg_1p0__seed_0042,6,joint_rear_left_abad,rl,hip,17.0,robot.actuators['hip_legs'].effort_limit,0.07058655065836439,2.7036042568411722,0.17861805172527537,0.19907408321605008,0.0,0.42805551290512084,0.4451850879192352,0.0
gait_00_trot__vx_neg_1p0__seed_0042,7,joint_rear_left_thigh_pitch,rl,thigh,20.0,robot.actuators['thigh_legs'].effort_limit,0.2600698313929225,34.76089378803969,0.294565509557724,0.3249739952087402,0.0,0.2815368860960007,0.28668694734573363,0.0
gait_00_trot__vx_neg_1p0__seed_0042,8,joint_rear_left_calf_pitch,rl,calf,37.0,robot.actuators['calf_legs'].effort_limit,0.201249438426783,63.08692569653271,0.33818246480580927,0.35866351076074515,0.0,0.5333260893821716,0.5384079205989838,0.0
gait_00_trot__vx_neg_1p0__seed_0042,9,joint_rear_right_abad,rr,hip,17.0,robot.actuators['hip_legs'].effort_limit,0.05251142303990074,2.7673040385261265,0.1503635995528277,0.1723160914813771,0.0,0.4352489590644836,0.44999993085861206,0.0
gait_00_trot__vx_neg_1p0__seed_0042,10,joint_rear_right_thigh_pitch,rr,thigh,20.0,robot.actuators['thigh_legs'].effort_limit,0.15299345465893566,31.319985234009803,0.23608251690864557,0.32180101609230044,0.0,0.32622097730636596,0.3339899051189423,0.0
gait_00_trot__vx_neg_1p0__seed_0042,11,joint_rear_right_calf_pitch,rr,calf,37.0,robot.actuators['calf_legs'].effort_limit,0.28547268882755006,84.24557193671353,0.33628893414059186,0.36030813114063137,0.0,0.5510719180107116,0.5587095415592194,0.0
gait_00_trot__vx_neg_0p5__seed_0042,0,joint_front_left_abad,fl,hip,17.0,robot.actuators['hip_legs'].effort_limit,0.029661332418535854,1.8590863555925898,0.10279268201659708,0.11658789831049302,0.0,0.4007037878036499,0.40418343245983124,0.0
gait_00_trot__vx_neg_0p5__seed_0042,1,joint_front_left_thigh_pitch,fl,thigh,17.0,robot.actuators['thigh_legs'].effort_limit,0.35474578809725443,14.370750319371,0.4213980786940631,0.4513775951722089,0.0,0.2975330650806427,0.2989986538887024,0.0
gait_00_trot__vx_neg_0p5__seed_0042,2,joint_front_left_calf_pitch,fl,calf,37.0,robot.actuators['calf_legs'].effort_limit,0.1865397876207516,35.87968591755838,0.22079228066109324,0.23787897986334722,0.0,0.4908919036388397,0.49264688789844513,0.0
gait_00_trot__vx_neg_0p5__seed_0042,3,joint_front_right_abad,fr,hip,17.0,robot.actuators['hip_legs'].effort_limit,0.08941747543261343,2.378155213388236,0.18961281986797557,0.19505416996338787,0.0,0.36453935503959656,0.3700563609600067,0.0
gait_00_trot__vx_neg_0p5__seed_0042,4,joint_front_right_thigh_pitch,fr,thigh,17.0,robot.actuators['thigh_legs'].effort_limit,0.2830330353240895,26.21629102511797,0.3587488777497235,0.4086373483433443,0.0,0.2744039297103882,0.27673739194869995,0.0
gait_00_trot__vx_neg_0p5__seed_0042,5,joint_front_right_calf_pitch,fr,calf,37.0,robot.actuators['calf_legs'].effort_limit,0.1706659851933247,28.482856882344933,0.21141239114709803,0.2407762746553163,0.0,0.5024658441543579,0.504696786403656,0.0
gait_00_trot__vx_neg_0p5__seed_0042,6,joint_rear_left_abad,rl,hip,17.0,robot.actuators['hip_legs'].effort_limit,0.05142694467401575,2.2449489270721097,0.13308243190540986,0.14516502268174114,0.0,0.37919482588768005,0.3865656405687332,0.0
gait_00_trot__vx_neg_0p5__seed_0042,7,joint_rear_left_thigh_pitch,rl,thigh,20.0,robot.actuators['thigh_legs'].effort_limit,0.15581496843711898,17.184100967608394,0.25392250418663026,0.263003933429718,0.0,0.28867587447166443,0.2901919484138489,0.0
gait_00_trot__vx_neg_0p5__seed_0042,8,joint_rear_left_calf_pitch,rl,calf,37.0,robot.actuators['calf_legs'].effort_limit,0.1709504276923719,31.05345980511629,0.30615881327036265,0.3287495664648108,0.0,0.51120924949646,0.514509528875351,0.0
gait_00_trot__vx_neg_0p5__seed_0042,9,joint_rear_right_abad,rr,hip,17.0,robot.actuators['hip_legs'].effort_limit,0.08500022925858369,2.234054908017861,0.16795671687406652,0.17612716380287619,0.0,0.4377586245536804,0.4419021010398865,0.0
gait_00_trot__vx_neg_0p5__seed_0042,10,joint_rear_right_thigh_pitch,rr,thigh,20.0,robot.actuators['thigh_legs'].effort_limit,0.09390395628658707,14.173854123931378,0.1842428922653198,0.19602275192737578,0.0,0.31567659974098206,0.32081960141658783,0.0
gait_00_trot__vx_neg_0p5__seed_0042,11,joint_rear_right_calf_pitch,rr,calf,37.0,robot.actuators['calf_legs'].effort_limit,0.23680428061289177,44.88870767272893,0.2996065616607666,0.316022557181281,0.0,0.5180757343769073,0.5200970470905304,0.0
gait_00_trot__vx_pos_0p5__seed_0042,0,joint_front_left_abad,fl,hip,17.0,robot.actuators['hip_legs'].effort_limit,0.04782250104108445,2.047326468107931,0.13566522037281709,0.14760340662563548,0.0,0.44987913966178894,0.46592044830322266,0.0
gait_00_trot__vx_pos_0p5__seed_0042,1,joint_front_left_thigh_pitch,fl,thigh,17.0,robot.actuators['thigh_legs'].effort_limit,0.2508944059462001,16.37866668589413,0.30908940820132985,0.318200805607964,0.0,0.30018875002861023,0.3030843436717987,0.0
gait_00_trot__vx_pos_0p5__seed_0042,2,joint_front_left_calf_pitch,fl,calf,37.0,robot.actuators['calf_legs'].effort_limit,0.12937657566870955,15.054958526588162,0.23390447126852498,0.2520616054534912,0.0,0.49930791556835175,0.5022003352642059,0.0
gait_00_trot__vx_pos_0p5__seed_0042,3,joint_front_right_abad,fr,hip,17.0,robot.actuators['hip_legs'].effort_limit,0.06307979964471311,2.2078791816195737,0.12091326362946454,0.13453423626282635,0.0,0.33297985792160034,0.33990058302879333,0.0
gait_00_trot__vx_pos_0p5__seed_0042,4,joint_front_right_thigh_pitch,fr,thigh,17.0,robot.actuators['thigh_legs'].effort_limit,0.14895575813922485,13.850580033038277,0.21326651292688706,0.22240608930587769,0.0,0.2606251835823059,0.2709912955760956,0.0
gait_00_trot__vx_pos_0p5__seed_0042,5,joint_front_right_calf_pitch,fr,calf,37.0,robot.actuators['calf_legs'].effort_limit,0.18022572236295242,34.153963140961714,0.26583768226004933,0.29388684839815704,0.0,0.5021719932556152,0.5038590580224991,0.0
gait_00_trot__vx_pos_0p5__seed_0042,6,joint_rear_left_abad,rl,hip,17.0,robot.actuators['hip_legs'].effort_limit,0.0825282224057224,1.7824723812674348,0.1755838779842152,0.1811923209358664,0.0,0.40424390137195587,0.4074371010065079,0.0
gait_00_trot__vx_pos_0p5__seed_0042,7,joint_rear_left_thigh_pitch,rl,thigh,20.0,robot.actuators['thigh_legs'].effort_limit,0.10832345668688842,17.130703986017036,0.23326267600059508,0.24854050874710082,0.0,0.27490636706352234,0.2762942314147949,0.0
gait_00_trot__vx_pos_0p5__seed_0042,8,joint_rear_left_calf_pitch,rl,calf,37.0,robot.actuators['calf_legs'].effort_limit,0.16638801177283785,29.690736162886026,0.2538519163389464,0.2977620395454201,0.0,0.48421379923820496,0.48652467131614685,0.0
gait_00_trot__vx_pos_0p5__seed_0042,9,joint_rear_right_abad,rr,hip,17.0,robot.actuators['hip_legs'].effort_limit,0.052744992518636374,1.5251147626856982,0.14936231164371266,0.15453869104385376,0.0,0.44092410802841187,0.4463902711868286,0.0
gait_00_trot__vx_pos_0p5__seed_0042,10,joint_rear_right_thigh_pitch,rr,thigh,20.0,robot.actuators['thigh_legs'].effort_limit,0.14639588798487682,16.987005058859943,0.24159729480743408,0.2626317322254181,0.0,0.2933260500431061,0.29438525438308716,0.0
gait_00_trot__vx_pos_0p5__seed_0042,11,joint_rear_right_calf_pitch,rr,calf,37.0,robot.actuators['calf_legs'].effort_limit,0.1985093660557853,34.490121609382335,0.24000394022142565,0.28223501025019465,0.0,0.5167600214481354,0.5184641182422638,0.0
gait_00_trot__vx_pos_1p0__seed_0042,0,joint_front_left_abad,fl,hip,17.0,robot.actuators['hip_legs'].effort_limit,0.04245689304875014,2.3876198388601186,0.13462416284224563,0.1449191526805653,0.0,0.4365705072879791,0.4502685993909835,0.0
gait_00_trot__vx_pos_1p0__seed_0042,1,joint_front_left_thigh_pitch,fl,thigh,17.0,robot.actuators['thigh_legs'].effort_limit,0.19175375785525772,27.75949649902119,0.2575003077002132,0.3304077109168557,0.0,0.30487594604492185,0.3063498497009277,0.0
gait_00_trot__vx_pos_1p0__seed_0042,2,joint_front_left_calf_pitch,fl,calf,37.0,robot.actuators['calf_legs'].effort_limit,0.188017345787025,53.36868088170566,0.296846293114327,0.3632270202121219,0.0,0.5278735160827637,0.5317612880468369,0.0
gait_00_trot__vx_pos_1p0__seed_0042,3,joint_front_right_abad,fr,hip,17.0,robot.actuators['hip_legs'].effort_limit,0.05896187328627308,2.402643049239123,0.14286208433263436,0.16171473264694214,0.0,0.3544655084609985,0.37363211631774895,0.0
gait_00_trot__vx_pos_1p0__seed_0042,4,joint_front_right_thigh_pitch,fr,thigh,17.0,robot.actuators['thigh_legs'].effort_limit,0.19587813021167028,31.613255380569026,0.2545596767874324,0.30125294657314494,0.0,0.25786721110343924,0.26654927134513856,0.0
gait_00_trot__vx_pos_1p0__seed_0042,5,joint_front_right_calf_pitch,fr,calf,37.0,robot.actuators['calf_legs'].effort_limit,0.2405610761153258,75.34163418185082,0.3308084578127474,0.3522762698096198,0.0,0.5248482823371887,0.5303187483549118,0.0
gait_00_trot__vx_pos_1p0__seed_0042,6,joint_rear_left_abad,rl,hip,17.0,robot.actuators['hip_legs'].effort_limit,0.0764848773316953,1.9384106506803074,0.15512168197070847,0.16234913980259613,0.0,0.4127399206161499,0.4185541695356369,0.0
gait_00_trot__vx_pos_1p0__seed_0042,7,joint_rear_left_thigh_pitch,rl,thigh,20.0,robot.actuators['thigh_legs'].effort_limit,0.25311997808308545,47.521260635026266,0.325922520160675,0.35240260624885555,0.0,0.2624950051307678,0.2650490230321884,0.0
gait_00_trot__vx_pos_1p0__seed_0042,8,joint_rear_left_calf_pitch,rl,calf,37.0,robot.actuators['calf_legs'].effort_limit,0.20772242389853715,71.82933065282414,0.3331053759600664,0.36849824647645685,0.0,0.49629745483398435,0.5018108344078064,0.0
gait_00_trot__vx_pos_1p0__seed_0042,9,joint_rear_right_abad,rr,hip,17.0,robot.actuators['hip_legs'].effort_limit,0.043367627713534036,2.0965684624832646,0.13275183930116538,0.14072919130325315,0.0,0.40307665467262266,0.4113720726966858,0.0
gait_00_trot__vx_pos_1p0__seed_0042,10,joint_rear_right_thigh_pitch,rr,thigh,20.0,robot.actuators['thigh_legs'].effort_limit,0.38485990441175155,49.61718615245802,0.3893929195404052,0.4111352257728576,0.0,0.29784026443958284,0.3021324294805527,0.0
gait_00_trot__vx_pos_1p0__seed_0042,11,joint_rear_right_calf_pitch,rr,calf,37.0,robot.actuators['calf_legs'].effort_limit,0.19342143203829554,71.51648971132934,0.2739790014318517,0.292075855152027,0.0,0.5330096244812011,0.5366447699069977,0.0
gait_00_trot__vx_pos_1p5__seed_0042,0,joint_front_left_abad,fl,hip,17.0,robot.actuators['hip_legs'].effort_limit,0.046564747850023694,2.7642422034044283,0.14717476788689104,0.16672221450244679,0.0,0.37730875015258786,0.4003646558523178,0.0
gait_00_trot__vx_pos_1p5__seed_0042,1,joint_front_left_thigh_pitch,fl,thigh,17.0,robot.actuators['thigh_legs'].effort_limit,0.3163662053633066,47.64237816629233,0.5084764480590814,0.5506187859703513,0.0,0.2964146435260772,0.3011792504787445,0.0
gait_00_trot__vx_pos_1p5__seed_0042,2,joint_front_left_calf_pitch,fl,calf,37.0,robot.actuators['calf_legs'].effort_limit,0.26603216533361607,112.5834437675774,0.3606442747889338,0.4051886893607472,0.0,0.5583501100540161,0.5638268893957138,0.0
gait_00_trot__vx_pos_1p5__seed_0042,3,joint_front_right_abad,fr,hip,17.0,robot.actuators['hip_legs'].effort_limit,0.04515810335845247,2.6405757439440642,0.1372556125416475,0.15327715677373546,0.0,0.34998164176940916,0.3768792903423309,0.0
gait_00_trot__vx_pos_1p5__seed_0042,4,joint_front_right_thigh_pitch,fr,thigh,17.0,robot.actuators['thigh_legs'].effort_limit,0.5364176764131107,69.46862948909403,0.561875278809491,0.616761743882123,0.0,0.25485652685165405,0.25801523208618166,0.0
gait_00_trot__vx_pos_1p5__seed_0042,5,joint_front_right_calf_pitch,fr,calf,37.0,robot.actuators['calf_legs'].effort_limit,0.293053623518946,129.88879034625367,0.3741826250746443,0.42534483162132436,0.0,0.5613935440778732,0.5689729392528534,0.0
gait_00_trot__vx_pos_1p5__seed_0042,6,joint_rear_left_abad,rl,hip,17.0,robot.actuators['hip_legs'].effort_limit,0.07748220255709158,3.4060611835535384,0.1499839144594529,0.16815888152402983,0.0,0.4129926562309265,0.41988241553306577,0.0
gait_00_trot__vx_pos_1p5__seed_0042,7,joint_rear_left_thigh_pitch,rl,thigh,20.0,robot.actuators['thigh_legs'].effort_limit,0.3788074021428106,87.99894443735481,0.41757563829421995,0.42873701429367067,0.0,0.24651486277580262,0.24939727067947387,0.0
gait_00_trot__vx_pos_1p5__seed_0042,8,joint_rear_left_calf_pitch,rl,calf,37.0,robot.actuators['calf_legs'].effort_limit,0.257006439416983,122.03218713971786,0.3921502680391879,0.42723934663308627,0.0,0.519902604818344,0.5270641410350799,0.0
gait_00_trot__vx_pos_1p5__seed_0042,9,joint_rear_right_abad,rr,hip,17.0,robot.actuators['hip_legs'].effort_limit,0.11741732204572632,5.242227953961119,0.25216163046219764,0.2826575618631699,0.0,0.36940881013870236,0.3833323240280151,0.0
gait_00_trot__vx_pos_1p5__seed_0042,10,joint_rear_right_thigh_pitch,rr,thigh,20.0,robot.actuators['thigh_legs'].effort_limit,0.633656675683344,102.23428795642336,0.4862919807434082,0.5166152229309081,0.0,0.2868805408477783,0.29235016167163846,0.0
gait_00_trot__vx_pos_1p5__seed_0042,11,joint_rear_right_calf_pitch,rr,calf,37.0,robot.actuators['calf_legs'].effort_limit,0.20157496847309822,114.2117033562134,0.30677107991398983,0.3307262147439492,0.0,0.5386167764663696,0.5442747604846954,0.0
gait_01_bound__vx_neg_1p5__seed_0042,0,joint_front_left_abad,fl,hip,17.0,robot.actuators['hip_legs'].effort_limit,0.16023471319922045,3.8174383642832983,0.31115490829243364,0.34132333531099207,0.0,0.40359639227390287,0.41532517969608307,0.0
gait_01_bound__vx_neg_1p5__seed_0042,1,joint_front_left_thigh_pitch,fl,thigh,17.0,robot.actuators['thigh_legs'].effort_limit,2.2937622791165664,197.42596401676536,0.90523003690383,1.0,0.025,0.37766800522804256,0.3897381782531738,0.0
gait_01_bound__vx_neg_1p5__seed_0042,2,joint_front_left_calf_pitch,fl,calf,37.0,robot.actuators['calf_legs'].effort_limit,0.44596618621789474,476.7111659826711,0.44030732077521245,0.45977610871598523,0.0,0.41259374022483825,0.41440687239170076,0.0
gait_01_bound__vx_neg_1p5__seed_0042,3,joint_front_right_abad,fr,hip,17.0,robot.actuators['hip_legs'].effort_limit,0.10048011198491123,4.582483156221825,0.21824568650301762,0.266856847931357,0.0,0.3737647831439972,0.37845439672470094,0.0
gait_01_bound__vx_neg_1p5__seed_0042,4,joint_front_right_thigh_pitch,fr,thigh,17.0,robot.actuators['thigh_legs'].effort_limit,1.8183494445838295,179.12834702643565,0.8883463999804327,0.974133342294132,0.01875,0.37985119819641106,0.3913059079647064,0.0
gait_01_bound__vx_neg_1p5__seed_0042,5,joint_front_right_calf_pitch,fr,calf,37.0,robot.actuators['calf_legs'].effort_limit,0.4249110500376883,376.35760187849405,0.4343209704837283,0.4874333324947872,0.0,0.4360189318656921,0.4394106608629227,0.0
gait_01_bound__vx_neg_1p5__seed_0042,6,joint_rear_left_abad,rl,hip,17.0,robot.actuators['hip_legs'].effort_limit,0.3416654099350683,6.613882228094154,0.29069700661827536,0.300661301612854,0.0,0.5234448969364165,0.5448877662420273,0.0
gait_01_bound__vx_neg_1p5__seed_0042,7,joint_rear_left_thigh_pitch,rl,thigh,20.0,robot.actuators['thigh_legs'].effort_limit,0.716718698993073,129.94572859253734,0.6325844097137451,0.6621893000602722,0.0,0.28866913020610807,0.2957839620113373,0.0
gait_01_bound__vx_neg_1p5__seed_0042,8,joint_rear_left_calf_pitch,rl,calf,37.0,robot.actuators['calf_legs'].effort_limit,0.43813182895164304,424.6871852451377,0.354518461227417,0.3923875532923517,0.0,0.47732506394386287,0.48444974660873413,0.0
gait_01_bound__vx_neg_1p5__seed_0042,9,joint_rear_right_abad,rr,hip,17.0,robot.actuators['hip_legs'].effort_limit,0.3854534615505785,12.011819533985108,0.3262367655249203,0.3374533470939187,0.0,0.5186421036720276,0.5675548160076141,0.0
gait_01_bound__vx_neg_1p5__seed_0042,10,joint_rear_right_thigh_pitch,rr,thigh,20.0,robot.actuators['thigh_legs'].effort_limit,0.5614786495334233,113.49408193253447,0.5523939967155457,0.5988372645378113,0.0,0.2876887112855911,0.2970060938596725,0.0
gait_01_bound__vx_neg_1p5__seed_0042,11,joint_rear_right_calf_pitch,rr,calf,37.0,robot.actuators['calf_legs'].effort_limit,0.39559595223260674,422.7253916208446,0.3831450784528577,0.46266913955276073,0.0,0.47464587092399596,0.48428136825561524,0.0
gait_01_bound__vx_neg_1p0__seed_0042,0,joint_front_left_abad,fl,hip,17.0,robot.actuators['hip_legs'].effort_limit,0.19619432879234286,4.21398243063013,0.2843737377839928,0.37744449643527755,0.0,0.37825790643692014,0.3835473585128784,0.0
gait_01_bound__vx_neg_1p0__seed_0042,1,joint_front_left_thigh_pitch,fl,thigh,17.0,robot.actuators['thigh_legs'].effort_limit,1.5878495262795804,115.46782688406529,0.8151298158309038,0.9220266297284294,0.00625,0.3895784437656402,0.3963259851932526,0.0
gait_01_bound__vx_neg_1p0__seed_0042,2,joint_front_left_calf_pitch,fl,calf,37.0,robot.actuators['calf_legs'].effort_limit,0.45845180687044707,563.3190051468835,0.4231539855132231,0.4800075293876029,0.0,0.44182753264904023,0.4498493158817291,0.0
gait_01_bound__vx_neg_1p0__seed_0042,3,joint_front_right_abad,fr,hip,17.0,robot.actuators['hip_legs'].effort_limit,0.1152366710638202,5.720986060894793,0.19792709350585935,0.26398960478165573,0.0,0.36194613575935364,0.36976999998092647,0.0
gait_01_bound__vx_neg_1p0__seed_0042,4,joint_front_right_thigh_pitch,fr,thigh,17.0,robot.actuators['thigh_legs'].effort_limit,1.106399479435252,98.08880514071323,0.7451281771940343,0.8517373488931094,0.00625,0.39035689234733567,0.4006165874004364,0.0
gait_01_bound__vx_neg_1p0__seed_0042,5,joint_front_right_calf_pitch,fr,calf,37.0,robot.actuators['calf_legs'].effort_limit,0.39841501810265195,377.3227797860652,0.4133992697741534,0.4425604402696764,0.0,0.44535913765430446,0.45483813643455506,0.0
gait_01_bound__vx_neg_1p0__seed_0042,6,joint_rear_left_abad,rl,hip,17.0,robot.actuators['hip_legs'].effort_limit,0.24455553118177834,6.593629902545363,0.2562607414582196,0.27298436333151427,0.0,0.39313485920429225,0.39837587416172027,0.0
gait_01_bound__vx_neg_1p0__seed_0042,7,joint_rear_left_thigh_pitch,rl,thigh,20.0,robot.actuators['thigh_legs'].effort_limit,0.29428591220307915,64.04292035806924,0.39750604629516584,0.41668184232711786,0.0,0.3055292725563049,0.3097598224878311,0.0
gait_01_bound__vx_neg_1p0__seed_0042,8,joint_rear_left_calf_pitch,rl,calf,37.0,robot.actuators['calf_legs'].effort_limit,0.39971548899873577,333.98346687279644,0.32422905226011506,0.35558985375069285,0.0,0.45168991684913634,0.45557554602622985,0.0
gait_01_bound__vx_neg_1p0__seed_0042,9,joint_rear_right_abad,rr,hip,17.0,robot.actuators['hip_legs'].effort_limit,0.2780357623851972,9.4812756120658,0.25532619812909285,0.26935955973232495,0.0,0.40894421339035036,0.41926580786705014,0.0
gait_01_bound__vx_neg_1p0__seed_0042,10,joint_rear_right_thigh_pitch,rr,thigh,20.0,robot.actuators['thigh_legs'].effort_limit,0.3821573535981851,73.18583112314343,0.36733919024467465,0.38340274238586425,0.0,0.3138263911008834,0.3204442173242569,0.0
gait_01_bound__vx_neg_1p0__seed_0042,11,joint_rear_right_calf_pitch,rr,calf,37.0,robot.actuators['calf_legs'].effort_limit,0.3634687781814079,364.8078096084297,0.3478222099510399,0.4022868579142802,0.0,0.46016872525215147,0.46421871542930604,0.0
gait_01_bound__vx_neg_0p5__seed_0042,0,joint_front_left_abad,fl,hip,17.0,robot.actuators['hip_legs'].effort_limit,0.2189217694877945,4.124623919338919,0.2579342196969425,0.3644468293470495,0.0,0.34178052842617035,0.34738387167453766,0.0
gait_01_bound__vx_neg_0p5__seed_0042,1,joint_front_left_thigh_pitch,fl,thigh,17.0,robot.actuators['thigh_legs'].effort_limit,1.0677565408500018,69.89502268409822,0.6569923232583439,0.7097953768337475,0.0,0.38170740008354187,0.3866221010684967,0.0
gait_01_bound__vx_neg_0p5__seed_0042,2,joint_front_left_calf_pitch,fl,calf,37.0,robot.actuators['calf_legs'].effort_limit,0.3970385438029145,476.8904644282744,0.4080391381237958,0.4481963466953587,0.0,0.5125515311956406,0.517411544919014,0.0
gait_01_bound__vx_neg_0p5__seed_0042,3,joint_front_right_abad,fr,hip,17.0,robot.actuators['hip_legs'].effort_limit,0.14990179199901366,6.810352508253418,0.19718493433559642,0.256111039834864,0.0,0.3282586336135864,0.33220401406288147,0.0
gait_01_bound__vx_neg_0p5__seed_0042,4,joint_front_right_thigh_pitch,fr,thigh,17.0,robot.actuators['thigh_legs'].effort_limit,0.6202152536429225,50.637704542167484,0.5248911661260268,0.6184911727905273,0.0,0.3856483995914459,0.3919532895088196,0.0
gait_01_bound__vx_neg_0p5__seed_0042,5,joint_front_right_calf_pitch,fr,calf,37.0,robot.actuators['calf_legs'].effort_limit,0.24708980080771384,211.04028448250145,0.32683789407884756,0.38595704774598816,0.0,0.51467564702034,0.5175392031669617,0.0
gait_01_bound__vx_neg_0p5__seed_0042,6,joint_rear_left_abad,rl,hip,17.0,robot.actuators['hip_legs'].effort_limit,0.13047527165801373,5.741701877005398,0.22214796963860006,0.26150298819822426,0.0,0.3197052776813507,0.3256947696208954,0.0
gait_01_bound__vx_neg_0p5__seed_0042,7,joint_rear_left_thigh_pitch,rl,thigh,20.0,robot.actuators['thigh_legs'].effort_limit,0.1439086199815845,30.722658610025245,0.22740908861160278,0.2585381925106049,0.0,0.30794741213321686,0.3123229444026947,0.0
gait_01_bound__vx_neg_0p5__seed_0042,8,joint_rear_left_calf_pitch,rl,calf,37.0,robot.actuators['calf_legs'].effort_limit,0.2716417255476225,178.0751873597503,0.29323431607839223,0.32448081712465027,0.0,0.4974801242351532,0.5018416345119476,0.0
gait_01_bound__vx_neg_0p5__seed_0042,9,joint_rear_right_abad,rr,hip,17.0,robot.actuators['hip_legs'].effort_limit,0.12504270898549474,4.002050485711662,0.16705338043325088,0.18232601179796107,0.0,0.32593196630477905,0.3338918387889862,0.0
gait_01_bound__vx_neg_0p5__seed_0042,10,joint_rear_right_thigh_pitch,rr,thigh,20.0,robot.actuators['thigh_legs'].effort_limit,0.3111360682896595,38.061693992819635,0.37329964041709895,0.39801812171936035,0.0,0.31372833251953125,0.31578582525253296,0.0
gait_01_bound__vx_neg_0p5__seed_0042,11,joint_rear_right_calf_pitch,rr,calf,37.0,robot.actuators['calf_legs'].effort_limit,0.2320351764112065,187.38452483262867,0.2895956168303619,0.3254301612441604,0.0,0.513051837682724,0.5177790224552155,0.0
gait_01_bound__vx_pos_0p5__seed_0042,0,joint_front_left_abad,fl,hip,17.0,robot.actuators['hip_legs'].effort_limit,0.1188893847279258,3.9167611786909404,0.18598105276332183,0.22297173387864055,0.0,0.3162425458431244,0.31945525109767914,0.0
gait_01_bound__vx_pos_0p5__seed_0042,1,joint_front_left_thigh_pitch,fl,thigh,17.0,robot.actuators['thigh_legs'].effort_limit,0.8109222094524893,86.74991554467007,0.5411781002493465,0.5611929472754984,0.0,0.3187066316604614,0.34041517972946167,0.0
gait_01_bound__vx_pos_0p5__seed_0042,2,joint_front_left_calf_pitch,fl,calf,37.0,robot.actuators['calf_legs'].effort_limit,0.45392149330251885,589.874137198748,0.4563918113708496,0.4880354726636732,0.0,0.5213671177625656,0.5279231518507004,0.0
gait_01_bound__vx_pos_0p5__seed_0042,3,joint_front_right_abad,fr,hip,17.0,robot.actuators['hip_legs'].effort_limit,0.0946671439496158,5.2982203836576085,0.1549931519171771,0.16808627984103036,0.0,0.3010549247264862,0.3064383864402771,0.0
gait_01_bound__vx_pos_0p5__seed_0042,4,joint_front_right_thigh_pitch,fr,thigh,17.0,robot.actuators['thigh_legs'].effort_limit,0.37997144579153636,46.52246186465491,0.40884015840642596,0.4374071710249957,0.0,0.3042561709880829,0.31164276599884033,0.0
gait_01_bound__vx_pos_0p5__seed_0042,5,joint_front_right_calf_pitch,fr,calf,37.0,robot.actuators['calf_legs'].effort_limit,0.36732736261052606,372.3367316441238,0.29664706539463354,0.36072642738754684,0.0,0.5162153393030167,0.5219486355781555,0.0
gait_01_bound__vx_pos_0p5__seed_0042,6,joint_rear_left_abad,rl,hip,17.0,robot.actuators['hip_legs'].effort_limit,0.11735478149640236,7.973590253223665,0.1942405104637146,0.22226877773509307,0.0,0.30794331431388855,0.311788946390152,0.0
gait_01_bound__vx_pos_0p5__seed_0042,7,joint_rear_left_thigh_pitch,rl,thigh,20.0,robot.actuators['thigh_legs'].effort_limit,0.2786550043285632,45.60176877758,0.33722547888755794,0.38724517822265625,0.0,0.3759744465351105,0.3812496066093445,0.0
gait_01_bound__vx_pos_0p5__seed_0042,8,joint_rear_left_calf_pitch,rl,calf,37.0,robot.actuators['calf_legs'].effort_limit,0.23588618082544838,175.2293733854033,0.3330902924408784,0.3572668255986394,0.0,0.5009701550006866,0.5050145387649536,0.0
gait_01_bound__vx_pos_0p5__seed_0042,9,joint_rear_right_abad,rr,hip,17.0,robot.actuators['hip_legs'].effort_limit,0.17906752969209142,6.237752348631621,0.20230383031508503,0.31476256426642923,0.0,0.3475455641746521,0.3559282124042511,0.0
gait_01_bound__vx_pos_0p5__seed_0042,10,joint_rear_right_thigh_pitch,rr,thigh,20.0,robot.actuators['thigh_legs'].effort_limit,0.35486646968035696,44.54584671325749,0.3568096995353699,0.37242501974105835,0.0,0.3784273713827133,0.3828553259372711,0.0
gait_01_bound__vx_pos_0p5__seed_0042,11,joint_rear_right_calf_pitch,rr,calf,37.0,robot.actuators['calf_legs'].effort_limit,0.24939256253695521,206.4583145272266,0.31324396906672297,0.34571924725094355,0.0,0.504712700843811,0.5085412561893463,0.0
gait_01_bound__vx_pos_1p0__seed_0042,0,joint_front_left_abad,fl,hip,17.0,robot.actuators['hip_legs'].effort_limit,0.05502449569170386,2.8692343643226197,0.11598691379322719,0.12501071368946748,0.0,0.34665923714637753,0.35536568641662597,0.0
gait_01_bound__vx_pos_1p0__seed_0042,1,joint_front_left_thigh_pitch,fl,thigh,17.0,robot.actuators['thigh_legs'].effort_limit,0.8283656107648214,124.90589578330517,0.4971093374140122,0.5181921291351318,0.0,0.32273033857345573,0.35568568110466,0.0
gait_01_bound__vx_pos_1p0__seed_0042,2,joint_front_left_calf_pitch,fl,calf,37.0,robot.actuators['calf_legs'].effort_limit,0.517821967616368,683.4649248596281,0.43267916602057355,0.49407151763503615,0.0,0.46257573962211607,0.46954203724861143,0.0
gait_01_bound__vx_pos_1p0__seed_0042,3,joint_front_right_abad,fr,hip,17.0,robot.actuators['hip_legs'].effort_limit,0.0457788296336552,3.4263376504179908,0.11426863214548894,0.1297302550428054,0.0,0.3285536110401153,0.3355294346809387,0.0
gait_01_bound__vx_pos_1p0__seed_0042,4,joint_front_right_thigh_pitch,fr,thigh,17.0,robot.actuators['thigh_legs'].effort_limit,0.6236939510514906,102.15095700085163,0.42787767999312454,0.43934920956106743,0.0,0.30400356054306027,0.3334110367298126,0.0
gait_01_bound__vx_pos_1p0__seed_0042,5,joint_front_right_calf_pitch,fr,calf,37.0,robot.actuators['calf_legs'].effort_limit,0.6036745301178067,613.8686431774497,0.3850454485094224,0.44606027087649786,0.0,0.45799265801906586,0.46339934766292573,0.0
gait_01_bound__vx_pos_1p0__seed_0042,6,joint_rear_left_abad,rl,hip,17.0,robot.actuators['hip_legs'].effort_limit,0.19726753444716674,11.069111626108644,0.28978545385248494,0.3200697001288918,0.0,0.35190750658512115,0.3550714784860611,0.0
gait_01_bound__vx_pos_1p0__seed_0042,7,joint_rear_left_thigh_pitch,rl,thigh,20.0,robot.actuators['thigh_legs'].effort_limit,0.6246655909774715,90.10075023792685,0.5356473660469053,0.6049781961441039,0.0,0.37985960245132444,0.38666643679142,0.0
gait_01_bound__vx_pos_1p0__seed_0042,8,joint_rear_left_calf_pitch,rl,calf,37.0,robot.actuators['calf_legs'].effort_limit,0.3204151572617286,240.6971534399502,0.39243392815461003,0.45094825796178867,0.0,0.4503994405269623,0.4580527305603027,0.0
gait_01_bound__vx_pos_1p0__seed_0042,9,joint_rear_right_abad,rr,hip,17.0,robot.actuators['hip_legs'].effort_limit,0.30556753625325267,10.71808965939941,0.3008447464774636,0.35550825595855706,0.0,0.4250216543674469,0.4361604702472687,0.0
gait_01_bound__vx_pos_1p0__seed_0042,10,joint_rear_right_thigh_pitch,rr,thigh,20.0,robot.actuators['thigh_legs'].effort_limit,0.7073036699222104,104.79959954041057,0.5420006012916563,0.5903459234237671,0.0,0.3633073419332504,0.370442116856575,0.0
gait_01_bound__vx_pos_1p0__seed_0042,11,joint_rear_right_calf_pitch,rr,calf,37.0,robot.actuators['calf_legs'].effort_limit,0.4068756295554389,385.6057763086632,0.3832543656632707,0.43050094656042154,0.0,0.456309050321579,0.4629354548454284,0.0
gait_01_bound__vx_pos_1p5__seed_0042,0,joint_front_left_abad,fl,hip,17.0,robot.actuators['hip_legs'].effort_limit,0.04477477352067813,2.395113547256915,0.11979429090724268,0.1307537916127373,0.0,0.3994542539119719,0.4130230975151062,0.0
gait_01_bound__vx_pos_1p5__seed_0042,1,joint_front_left_thigh_pitch,fl,thigh,17.0,robot.actuators['thigh_legs'].effort_limit,1.0811195490579928,145.25451283812524,0.7038233476526595,0.7570364710863898,0.0,0.32073232531547546,0.3299813294410705,0.0
gait_01_bound__vx_pos_1p5__seed_0042,2,joint_front_left_calf_pitch,fl,calf,37.0,robot.actuators['calf_legs'].effort_limit,0.5636205590721833,702.869315347448,0.4155566885664656,0.47784517958357525,0.0,0.49402032494544984,0.503066838979721,0.0
gait_01_bound__vx_pos_1p5__seed_0042,3,joint_front_right_abad,fr,hip,17.0,robot.actuators['hip_legs'].effort_limit,0.05605368611018954,3.7747512049082435,0.1328562315772561,0.14583793401718134,0.0,0.3733868658542633,0.38820918440818786,0.0
gait_01_bound__vx_pos_1p5__seed_0042,4,joint_front_right_thigh_pitch,fr,thigh,17.0,robot.actuators['thigh_legs'].effort_limit,1.2339860321627265,159.9362789516151,0.7653701109044692,0.7991730718051686,0.0,0.2976081013679504,0.3050766110420227,0.0
gait_01_bound__vx_pos_1p5__seed_0042,5,joint_front_right_calf_pitch,fr,calf,37.0,robot.actuators['calf_legs'].effort_limit,0.634245124894753,625.8626972404868,0.4074883306348646,0.486239839502283,0.0,0.4841985166072845,0.4948686981201172,0.0
gait_01_bound__vx_pos_1p5__seed_0042,6,joint_rear_left_abad,rl,hip,17.0,robot.actuators['hip_legs'].effort_limit,0.22176900234066452,7.783579128818819,0.3834519821054795,0.4199857481788186,0.0,0.3819356322288513,0.3888107669353485,0.0
gait_01_bound__vx_pos_1p5__seed_0042,7,joint_rear_left_thigh_pitch,rl,thigh,20.0,robot.actuators['thigh_legs'].effort_limit,1.07829220335293,152.20775099000895,0.7201781105995178,0.8114959440231323,0.0,0.37578465342521666,0.3878261375427246,0.0
gait_01_bound__vx_pos_1p5__seed_0042,8,joint_rear_left_calf_pitch,rl,calf,37.0,robot.actuators['calf_legs'].effort_limit,0.40886770844609543,285.7795272254199,0.45861980335132474,0.5131222838324468,0.0,0.44303619861602783,0.45549032330513,0.0
gait_01_bound__vx_pos_1p5__seed_0042,9,joint_rear_right_abad,rr,hip,17.0,robot.actuators['hip_legs'].effort_limit,0.3237964650025814,11.573599079861307,0.3408245044596055,0.3559581725737627,0.0,0.47861156463623045,0.4902854514122009,0.0
gait_01_bound__vx_pos_1p5__seed_0042,10,joint_rear_right_thigh_pitch,rr,thigh,20.0,robot.actuators['thigh_legs'].effort_limit,1.1564005909424881,176.28637302532792,0.7032415890693665,0.7513649673461914,0.0,0.3429643243551254,0.34766378164291384,0.0
gait_01_bound__vx_pos_1p5__seed_0042,11,joint_rear_right_calf_pitch,rr,calf,37.0,robot.actuators['calf_legs'].effort_limit,0.46431830158328846,411.8799250272475,0.43834693754041515,0.4801036267667202,0.0,0.43301711678504945,0.44396484971046446,0.0
gait_02_half_bound__vx_neg_1p5__seed_0042,0,joint_front_left_abad,fl,hip,17.0,robot.actuators['hip_legs'].effort_limit,0.4360327583155491,21.23299051651411,0.4429706938126507,0.46519714018877806,0.0,0.47625255584716797,0.4908198285102844,0.0
gait_02_half_bound__vx_neg_1p5__seed_0042,1,joint_front_left_thigh_pitch,fl,thigh,17.0,robot.actuators['thigh_legs'].effort_limit,2.323657330831436,196.01091917186977,0.8357674907235537,0.873597344230203,0.0,0.3154828250408172,0.32652837634086607,0.0
gait_02_half_bound__vx_neg_1p5__seed_0042,2,joint_front_left_calf_pitch,fl,calf,37.0,robot.actuators['calf_legs'].effort_limit,0.2952163760322665,273.7864871880971,0.422763394020699,0.5114972496032714,0.0,0.4247787684202194,0.44007610380649564,0.0
gait_02_half_bound__vx_neg_1p5__seed_0042,3,joint_front_right_abad,fr,hip,17.0,robot.actuators['hip_legs'].effort_limit,0.16208302925417242,6.811724406569265,0.24368833233328424,0.25491108024821557,0.0,0.33970534205436703,0.35098991870880125,0.0
gait_02_half_bound__vx_neg_1p5__seed_0042,4,joint_front_right_thigh_pitch,fr,thigh,17.0,robot.actuators['thigh_legs'].effort_limit,1.5980859704092567,165.73407572061754,0.7877608944387996,0.8310146028855268,0.0,0.39435364603996276,0.40458299875259396,0.0
gait_02_half_bound__vx_neg_1p5__seed_0042,5,joint_front_right_calf_pitch,fr,calf,37.0,robot.actuators['calf_legs'].effort_limit,0.4109936050357697,514.0331489676237,0.4194440055537861,0.5109523809278331,0.0,0.5521447539329529,0.5611742722988128,0.0
gait_02_half_bound__vx_neg_1p5__seed_0042,6,joint_rear_left_abad,rl,hip,17.0,robot.actuators['hip_legs'].effort_limit,0.31401972049783,11.765937478188425,0.3098487559486838,0.32739710106569175,0.0,0.5413950711488722,0.5687841463088988,0.0
gait_02_half_bound__vx_neg_1p5__seed_0042,7,joint_rear_left_thigh_pitch,rl,thigh,20.0,robot.actuators['thigh_legs'].effort_limit,0.8351249038453777,150.7069364904554,0.6606905984878538,0.6955129919052124,0.0,0.2997459828853607,0.3054038220643997,0.0
gait_02_half_bound__vx_neg_1p5__seed_0042,8,joint_rear_left_calf_pitch,rl,calf,37.0,robot.actuators['calf_legs'].effort_limit,0.3462530657106884,333.6899967193231,0.34000843537820347,0.36851889661840487,0.0,0.4739564180374145,0.4866661822795868,0.0
gait_02_half_bound__vx_neg_1p5__seed_0042,9,joint_rear_right_abad,rr,hip,17.0,robot.actuators['hip_legs'].effort_limit,0.25265237237950844,12.778229589648545,0.3052613931543687,0.3235922252430635,0.0,0.4515787482261657,0.4585134243965149,0.0
gait_02_half_bound__vx_neg_1p5__seed_0042,10,joint_rear_right_thigh_pitch,rr,thigh,20.0,robot.actuators['thigh_legs'].effort_limit,0.7406246206670468,146.90557328790428,0.5468574166297913,0.5585499892234802,0.0,0.3055142015218735,0.3144011032581329,0.0
gait_02_half_bound__vx_neg_1p5__seed_0042,11,joint_rear_right_calf_pitch,rr,calf,37.0,robot.actuators['calf_legs'].effort_limit,0.4356549622233199,376.7497618109547,0.400369169905379,0.42237598625389294,0.0,0.5111803948879242,0.5186257565021515,0.0
gait_02_half_bound__vx_neg_1p0__seed_0042,0,joint_front_left_abad,fl,hip,17.0,robot.actuators['hip_legs'].effort_limit,0.28878297597763297,12.247624649162171,0.318441928134245,0.32950444558087516,0.0,0.4160645842552185,0.4229096740484238,0.0
gait_02_half_bound__vx_neg_1p0__seed_0042,1,joint_front_left_thigh_pitch,fl,thigh,17.0,robot.actuators['thigh_legs'].effort_limit,1.4946456335386535,127.33513838049025,0.6670629865982952,0.7189057103325339,0.0,0.32875416874885555,0.3419934725761414,0.0
gait_02_half_bound__vx_neg_1p0__seed_0042,2,joint_front_left_calf_pitch,fl,calf,37.0,robot.actuators['calf_legs'].effort_limit,0.3401671538483652,274.10866940295676,0.4618449262670567,0.498785428227605,0.0,0.468730103969574,0.48343502819538114,0.0
gait_02_half_bound__vx_neg_1p0__seed_0042,3,joint_front_right_abad,fr,hip,17.0,robot.actuators['hip_legs'].effort_limit,0.20252155618612427,8.647265160841634,0.2734809594995834,0.30404384360593906,0.0,0.3327138304710388,0.33692505836486814,0.0
gait_02_half_bound__vx_neg_1p0__seed_0042,4,joint_front_right_thigh_pitch,fr,thigh,17.0,robot.actuators['thigh_legs'].effort_limit,0.8482481028244739,110.72860347473063,0.5549268470090978,0.6069976054920869,0.0,0.40474748015403744,0.40923680901527404,0.0
gait_02_half_bound__vx_neg_1p0__seed_0042,5,joint_front_right_calf_pitch,fr,calf,37.0,robot.actuators['calf_legs'].effort_limit,0.3656133922461079,469.2197861817479,0.45105150325878224,0.5315145337903822,0.0,0.5765354216098786,0.5968625211715698,0.0
gait_02_half_bound__vx_neg_1p0__seed_0042,6,joint_rear_left_abad,rl,hip,17.0,robot.actuators['hip_legs'].effort_limit,0.3327975914366607,14.839290845626966,0.40093076790080334,0.48352564980002005,0.0,0.4085062831640243,0.41339055836200717,0.0
gait_02_half_bound__vx_neg_1p0__seed_0042,7,joint_rear_left_thigh_pitch,rl,thigh,20.0,robot.actuators['thigh_legs'].effort_limit,0.3508442198655894,83.89873710419982,0.43984580993652334,0.4513879890441894,0.0,0.33959364593029023,0.3461299967765808,0.0
gait_02_half_bound__vx_neg_1p0__seed_0042,8,joint_rear_left_calf_pitch,rl,calf,37.0,robot.actuators['calf_legs'].effort_limit,0.32986907691608425,253.10227560149505,0.342659246599352,0.41156995309365685,0.0,0.46337692737579345,0.46996546506881715,0.0
gait_02_half_bound__vx_neg_1p0__seed_0042,9,joint_rear_right_abad,rr,hip,17.0,robot.actuators['hip_legs'].effort_limit,0.09711020102833186,5.872960172418971,0.18576622710508453,0.1967321301909054,0.0,0.39786021113395686,0.43830418586730957,0.0
gait_02_half_bound__vx_neg_1p0__seed_0042,10,joint_rear_right_thigh_pitch,rr,thigh,20.0,robot.actuators['thigh_legs'].effort_limit,0.4349925852722386,83.54038091515191,0.36328300952911374,0.38890722036361697,0.0,0.313130721449852,0.3211255598068237,0.0
gait_02_half_bound__vx_neg_1p0__seed_0042,11,joint_rear_right_calf_pitch,rr,calf,37.0,robot.actuators['calf_legs'].effort_limit,0.36808361185043803,283.38951495638116,0.35180985734269427,0.36417571042035074,0.0,0.4671413838863373,0.4710375213623047,0.0
gait_02_half_bound__vx_neg_0p5__seed_0042,0,joint_front_left_abad,fl,hip,17.0,robot.actuators['hip_legs'].effort_limit,0.13727658227228806,4.585700342387427,0.22438378544414744,0.23567289464613972,0.0,0.39228518307209015,0.39531853795051575,0.0
gait_02_half_bound__vx_neg_0p5__seed_0042,1,joint_front_left_thigh_pitch,fl,thigh,17.0,robot.actuators['thigh_legs'].effort_limit,0.5874379475179778,48.03709628114244,0.4238867479212144,0.5298992044785443,0.0,0.31843429803848267,0.3243050277233124,0.0
gait_02_half_bound__vx_neg_0p5__seed_0042,2,joint_front_left_calf_pitch,fl,calf,37.0,robot.actuators['calf_legs'].effort_limit,0.3048732445580237,192.03157118002883,0.3690720442179087,0.4045093446164518,0.0,0.4990706741809845,0.5036311149597168,0.0
gait_02_half_bound__vx_neg_0p5__seed_0042,3,joint_front_right_abad,fr,hip,17.0,robot.actuators['hip_legs'].effort_limit,0.1432386212086624,5.775778455969994,0.19379271829829497,0.22580255129758048,0.0,0.3079867362976074,0.32649150490760803,0.0
gait_02_half_bound__vx_neg_0p5__seed_0042,4,joint_front_right_thigh_pitch,fr,thigh,17.0,robot.actuators['thigh_legs'].effort_limit,0.6079766694581512,61.277110312953596,0.4086635673747343,0.4476039970622343,0.0,0.4179908335208893,0.42151856422424316,0.0
gait_02_half_bound__vx_neg_0p5__seed_0042,5,joint_front_right_calf_pitch,fr,calf,37.0,robot.actuators['calf_legs'].effort_limit,0.18892537822495542,215.9859399779886,0.3061631627984949,0.3676050804756783,0.0,0.576015293598175,0.5801005810499191,0.0
gait_02_half_bound__vx_neg_0p5__seed_0042,6,joint_rear_left_abad,rl,hip,17.0,robot.actuators['hip_legs'].effort_limit,0.17503680025393872,6.949737125614193,0.3400977920083439,0.40208128620596495,0.0,0.3593490719795227,0.3774845451116562,0.0
gait_02_half_bound__vx_neg_0p5__seed_0042,7,joint_rear_left_thigh_pitch,rl,thigh,20.0,robot.actuators['thigh_legs'].effort_limit,0.09173413350558912,29.192751457327976,0.18577347099781036,0.21606200337409973,0.0,0.34597596526145935,0.35834357142448425,0.0
gait_02_half_bound__vx_neg_0p5__seed_0042,8,joint_rear_left_calf_pitch,rl,calf,37.0,robot.actuators['calf_legs'].effort_limit,0.23428269217818593,162.6296856188029,0.31851792335510254,0.36013665070404877,0.0,0.515417069196701,0.5183998942375183,0.0
gait_02_half_bound__vx_neg_0p5__seed_0042,9,joint_rear_right_abad,rr,hip,17.0,robot.actuators['hip_legs'].effort_limit,0.04655482472387721,3.1753055830288215,0.1458656542441424,0.16241903515423045,0.0,0.3769203722476959,0.4135512411594391,0.0
gait_02_half_bound__vx_neg_0p5__seed_0042,10,joint_rear_right_thigh_pitch,rr,thigh,20.0,robot.actuators['thigh_legs'].effort_limit,0.3691209910274225,51.05472667790949,0.38265380859375003,0.4010834574699402,0.0,0.30791303515434265,0.31363242864608765,0.0
gait_02_half_bound__vx_neg_0p5__seed_0042,11,joint_rear_right_calf_pitch,rr,calf,37.0,robot.actuators['calf_legs'].effort_limit,0.26408124444024755,198.4420460142568,0.2633388944574304,0.2840766455676105,0.0,0.49140119552612305,0.49509578943252563,0.0
gait_02_half_bound__vx_pos_0p5__seed_0042,0,joint_front_left_abad,fl,hip,17.0,robot.actuators['hip_legs'].effort_limit,0.14283375065778245,5.173045125463687,0.21310908654156852,0.22905349380829754,0.0,0.38425929844379425,0.3911634683609009,0.0
gait_02_half_bound__vx_pos_0p5__seed_0042,1,joint_front_left_thigh_pitch,fl,thigh,17.0,robot.actuators['thigh_legs'].effort_limit,0.700441336013673,48.076157756205646,0.5001485768486472,0.5214820188634537,0.0,0.394326388835907,0.4189564883708954,0.0
gait_02_half_bound__vx_pos_0p5__seed_0042,2,joint_front_left_calf_pitch,fl,calf,37.0,robot.actuators['calf_legs'].effort_limit,0.18560893884217256,116.49377632958814,0.33657440623721563,0.3973363605705468,0.0,0.4895150661468506,0.4945273697376251,0.0
gait_02_half_bound__vx_pos_0p5__seed_0042,3,joint_front_right_abad,fr,hip,17.0,robot.actuators['hip_legs'].effort_limit,0.07818845634413057,4.395182014633901,0.1475311657961677,0.1528124178157133,0.0,0.32917657494544983,0.3552968204021454,0.0
gait_02_half_bound__vx_pos_0p5__seed_0042,4,joint_front_right_thigh_pitch,fr,thigh,17.0,robot.actuators['thigh_legs'].effort_limit,0.3687236447854087,44.97280780500965,0.4050595970714793,0.46466196284574623,0.0,0.3098410964012146,0.31146880984306335,0.0
gait_02_half_bound__vx_pos_0p5__seed_0042,5,joint_front_right_calf_pitch,fr,calf,37.0,robot.actuators['calf_legs'].effort_limit,0.3601694477378205,252.561213804984,0.3278532801447688,0.34204684077082453,0.0,0.5597135424613953,0.5688915252685547,0.0
gait_02_half_bound__vx_pos_0p5__seed_0042,6,joint_rear_left_abad,rl,hip,17.0,robot.actuators['hip_legs'].effort_limit,0.061884135507244614,5.247346803059336,0.164435674162472,0.2184152322656968,0.0,0.3584172874689102,0.3715074360370636,0.0
gait_02_half_bound__vx_pos_0p5__seed_0042,7,joint_rear_left_thigh_pitch,rl,thigh,20.0,robot.actuators['thigh_legs'].effort_limit,0.4480555006527677,60.60708153089509,0.4460444927215576,0.4866582274436951,0.0,0.33708007633686066,0.34186235070228577,0.0
gait_02_half_bound__vx_pos_0p5__seed_0042,8,joint_rear_left_calf_pitch,rl,calf,37.0,robot.actuators['calf_legs'].effort_limit,0.2351087426425605,170.91125176608563,0.36859688887725006,0.4083483025834367,0.0,0.5174469947814941,0.522606611251831,0.0
gait_02_half_bound__vx_pos_0p5__seed_0042,9,joint_rear_right_abad,rr,hip,17.0,robot.actuators['hip_legs'].effort_limit,0.10102757815112791,6.7245258951339935,0.22430381003548117,0.2651323991663316,0.0,0.3409751355648041,0.3498052656650543,0.0
gait_02_half_bound__vx_pos_0p5__seed_0042,10,joint_rear_right_thigh_pitch,rr,thigh,20.0,robot.actuators['thigh_legs'].effort_limit,0.19902611549050303,38.321325246393684,0.34635229110717775,0.3894786834716797,0.0,0.3656426668167114,0.369856059551239,0.0
gait_02_half_bound__vx_pos_0p5__seed_0042,11,joint_rear_right_calf_pitch,rr,calf,37.0,robot.actuators['calf_legs'].effort_limit,0.2976525871981044,227.0640702476725,0.2624533563046842,0.2754388628779231,0.0,0.4871782660484314,0.49125152826309204,0.0
gait_02_half_bound__vx_pos_1p0__seed_0042,0,joint_front_left_abad,fl,hip,17.0,robot.actuators['hip_legs'].effort_limit,0.13732773891606456,6.698413922789041,0.21167041554170496,0.2315104384983287,0.0,0.42592406272888184,0.4328584253787994,0.0
gait_02_half_bound__vx_pos_1p0__seed_0042,1,joint_front_left_thigh_pitch,fl,thigh,17.0,robot.actuators['thigh_legs'].effort_limit,0.706595824350578,69.10245664660819,0.5060651526731603,0.528431728587431,0.0,0.3860207319259643,0.40686777472496033,0.0
gait_02_half_bound__vx_pos_1p0__seed_0042,2,joint_front_left_calf_pitch,fl,calf,37.0,robot.actuators['calf_legs'].effort_limit,0.15831533232644077,121.22707746215166,0.29970972215807107,0.36652361947136897,0.0,0.4272177487611771,0.4356520456075668,0.0
gait_02_half_bound__vx_pos_1p0__seed_0042,3,joint_front_right_abad,fr,hip,17.0,robot.actuators['hip_legs'].effort_limit,0.10073966207799498,5.70728384540078,0.21010836503084965,0.24266531046699072,0.0,0.3723936378955841,0.38324739336967467,0.0
gait_02_half_bound__vx_pos_1p0__seed_0042,4,joint_front_right_thigh_pitch,fr,thigh,17.0,robot.actuators['thigh_legs'].effort_limit,0.6883355317485094,79.88561789765488,0.4823903897229362,0.5103959571613984,0.0,0.2941429436206818,0.2990488612651825,0.0
gait_02_half_bound__vx_pos_1p0__seed_0042,5,joint_front_right_calf_pitch,fr,calf,37.0,robot.actuators['calf_legs'].effort_limit,0.6026713746861802,417.40934892771764,0.43445017273361597,0.46351347588204045,0.0,0.6022982120513916,0.6099995601177216,0.0
gait_02_half_bound__vx_pos_1p0__seed_0042,6,joint_rear_left_abad,rl,hip,17.0,robot.actuators['hip_legs'].effort_limit,0.049085837911782094,5.65095085773035,0.10372575837023117,0.11631267309188838,0.0,0.3551479339599609,0.36987455785274503,0.0
gait_02_half_bound__vx_pos_1p0__seed_0042,7,joint_rear_left_thigh_pitch,rl,thigh,20.0,robot.actuators['thigh_legs'].effort_limit,0.7490276368287646,105.39899860590056,0.5402131342887877,0.5940916795730591,0.0,0.3654455155134201,0.3717941111326218,0.0
gait_02_half_bound__vx_pos_1p0__seed_0042,8,joint_rear_left_calf_pitch,rl,calf,37.0,robot.actuators['calf_legs'].effort_limit,0.3122492713201859,231.13793386990204,0.4183030798628523,0.4714930158048063,0.0,0.4630185782909393,0.46920983433723445,0.0
gait_02_half_bound__vx_pos_1p0__seed_0042,9,joint_rear_right_abad,rr,hip,17.0,robot.actuators['hip_legs'].effort_limit,0.09727622243211068,6.2527064434898785,0.19762874140458941,0.23775332282571215,0.0,0.38705583214759826,0.39866130471229555,0.0
gait_02_half_bound__vx_pos_1p0__seed_0042,10,joint_rear_right_thigh_pitch,rr,thigh,20.0,robot.actuators['thigh_legs'].effort_limit,0.4215943384864655,82.18567781477235,0.47756043195724485,0.5237187170982361,0.0,0.37193723917007443,0.37556921124458315,0.0
gait_02_half_bound__vx_pos_1p0__seed_0042,11,joint_rear_right_calf_pitch,rr,calf,37.0,robot.actuators['calf_legs'].effort_limit,0.3547767011681465,281.79182992160787,0.3572738905210753,0.39045082813984633,0.0,0.48699172139167785,0.4949560821056366,0.0
gait_02_half_bound__vx_pos_1p5__seed_0042,0,joint_front_left_abad,fl,hip,17.0,robot.actuators['hip_legs'].effort_limit,0.18087648016352958,8.868660018139053,0.24948511123657224,0.2767066658244413,0.0,0.49293932020664216,0.5087293374538421,0.0
gait_02_half_bound__vx_pos_1p5__seed_0042,1,joint_front_left_thigh_pitch,fl,thigh,17.0,robot.actuators['thigh_legs'].effort_limit,0.5654353012875941,90.92552112289705,0.502693193099077,0.5828583077823414,0.0,0.34919120073318477,0.3567818689346313,0.0
gait_02_half_bound__vx_pos_1p5__seed_0042,2,joint_front_left_calf_pitch,fl,calf,37.0,robot.actuators['calf_legs'].effort_limit,0.26028269305105384,204.43935036316515,0.31809186548800067,0.47119968156556774,0.0,0.43618047237396235,0.44397301733493805,0.0
gait_02_half_bound__vx_pos_1p5__seed_0042,3,joint_front_right_abad,fr,hip,17.0,robot.actuators['hip_legs'].effort_limit,0.15221636428704896,6.483468509530066,0.23859801993650548,0.26338799308328065,0.0,0.4387389779090881,0.4498184049129486,0.0
gait_02_half_bound__vx_pos_1p5__seed_0042,4,joint_front_right_thigh_pitch,fr,thigh,17.0,robot.actuators['thigh_legs'].effort_limit,1.107367895800046,135.09000459879638,0.728073257558486,0.7711779083925133,0.0,0.3011546730995178,0.30858484268188474,0.0
gait_02_half_bound__vx_pos_1p5__seed_0042,5,joint_front_right_calf_pitch,fr,calf,37.0,robot.actuators['calf_legs'].effort_limit,0.6815457743151931,531.1276345728896,0.4783841983692066,0.5078555277231577,0.0,0.6265710890293121,0.6381437051296234,0.0
gait_02_half_bound__vx_pos_1p5__seed_0042,6,joint_rear_left_abad,rl,hip,17.0,robot.actuators['hip_legs'].effort_limit,0.08748789706451897,5.43980659885332,0.1766171735875746,0.22661431410733382,0.0,0.37129994630813595,0.39229390263557434,0.0
gait_02_half_bound__vx_pos_1p5__seed_0042,7,joint_rear_left_thigh_pitch,rl,thigh,20.0,robot.actuators['thigh_legs'].effort_limit,0.9197888563455686,142.3843415481597,0.5778370356559753,0.636313618659973,0.0,0.37294233739376065,0.38425401628017425,0.0
gait_02_half_bound__vx_pos_1p5__seed_0042,8,joint_rear_left_calf_pitch,rl,calf,37.0,robot.actuators['calf_legs'].effort_limit,0.38748503609462726,269.27602545249044,0.4518940178123677,0.5001853994421055,0.0,0.44105008244514465,0.4457702338695526,0.0
gait_02_half_bound__vx_pos_1p5__seed_0042,9,joint_rear_right_abad,rr,hip,17.0,robot.actuators['hip_legs'].effort_limit,0.12766477313966978,8.057017365660867,0.212455532130073,0.2745224442201501,0.0,0.416306459903717,0.42364949703216553,0.0
gait_02_half_bound__vx_pos_1p5__seed_0042,10,joint_rear_right_thigh_pitch,rr,thigh,20.0,robot.actuators['thigh_legs'].effort_limit,0.7968738310492447,136.96354445841163,0.6085028672218322,0.6352720937728882,0.0,0.3528490424156189,0.3616125601530075,0.0
gait_02_half_bound__vx_pos_1p5__seed_0042,11,joint_rear_right_calf_pitch,rr,calf,37.0,robot.actuators['calf_legs'].effort_limit,0.4497272309141537,317.29659117086675,0.46580651515238974,0.503154695871714,0.0,0.4841280281543731,0.49811341762542727,0.0
gait_03_half_bound__vx_neg_1p5__seed_0042,0,joint_front_left_abad,fl,hip,17.0,robot.actuators['hip_legs'].effort_limit,0.2319729360773923,7.918508589516859,0.313429271473604,0.33758205021128934,0.0,0.41893952190875994,0.44439892411231996,0.0
gait_03_half_bound__vx_neg_1p5__seed_0042,1,joint_front_left_thigh_pitch,fl,thigh,17.0,robot.actuators['thigh_legs'].effort_limit,1.9246003149358704,186.20379411617293,0.8094646846546846,0.853773588292739,0.0,0.39498407840728755,0.40466035842895504,0.0
gait_03_half_bound__vx_neg_1p5__seed_0042,2,joint_front_left_calf_pitch,fl,calf,37.0,robot.actuators['calf_legs'].effort_limit,0.3892860401085334,458.6950373889506,0.3893022434131519,0.5257949561041754,0.0,0.5178155034780503,0.5245619320869446,0.0
gait_03_half_bound__vx_neg_1p5__seed_0042,3,joint_front_right_abad,fr,hip,17.0,robot.actuators['hip_legs'].effort_limit,0.2228859830470689,13.109938476070528,0.2838243358275469,0.3036550434897927,0.0,0.44724573493003844,0.45907336473464966,0.0
gait_03_half_bound__vx_neg_1p5__seed_0042,4,joint_front_right_thigh_pitch,fr,thigh,17.0,robot.actuators['thigh_legs'].effort_limit,1.4652375680147527,127.03362990648486,0.7815336900598862,0.8418275109459371,0.0,0.31453638076782225,0.3258220314979553,0.0
gait_03_half_bound__vx_neg_1p5__seed_0042,5,joint_front_right_calf_pitch,fr,calf,37.0,robot.actuators['calf_legs'].effort_limit,0.2786584988355826,239.07988392938103,0.3926020892890722,0.4728867252452953,0.0,0.4256281524896622,0.43925198614597316,0.0
gait_03_half_bound__vx_neg_1p5__seed_0042,6,joint_rear_left_abad,rl,hip,17.0,robot.actuators['hip_legs'].effort_limit,0.2984874850229175,10.370816881526261,0.3341322225682875,0.3606111355388866,0.0,0.47173376977443693,0.47912918269634247,0.0
gait_03_half_bound__vx_neg_1p5__seed_0042,7,joint_rear_left_thigh_pitch,rl,thigh,20.0,robot.actuators['thigh_legs'].effort_limit,0.6375385693531721,129.63603826471603,0.5464860558509826,0.5525882396697999,0.0,0.3013700395822525,0.3119818902015686,0.0
gait_03_half_bound__vx_neg_1p5__seed_0042,8,joint_rear_left_calf_pitch,rl,calf,37.0,robot.actuators['calf_legs'].effort_limit,0.3937292912676592,319.8662920735404,0.3524508888657028,0.3771970509194039,0.0,0.4947269678115845,0.5010450494289398,0.0
gait_03_half_bound__vx_neg_1p5__seed_0042,9,joint_rear_right_abad,rr,hip,17.0,robot.actuators['hip_legs'].effort_limit,0.3937109777989973,17.767147970367223,0.29043296785915595,0.3359866411545696,0.0,0.5550566494464874,0.5866641867160797,0.0
gait_03_half_bound__vx_neg_1p5__seed_0042,10,joint_rear_right_thigh_pitch,rr,thigh,20.0,robot.actuators['thigh_legs'].effort_limit,0.353963438730497,71.5761409625411,0.4502089810371398,0.4745768866539001,0.0,0.29981710612773893,0.3049119824171066,0.0
gait_03_half_bound__vx_neg_1p5__seed_0042,11,joint_rear_right_calf_pitch,rr,calf,37.0,robot.actuators['calf_legs'].effort_limit,0.2697286494867614,247.57418976178394,0.30892890466226103,0.37298731030644533,0.0,0.4642529249191284,0.4678781580924987,0.0
gait_03_half_bound__vx_neg_1p0__seed_0042,0,joint_front_left_abad,fl,hip,17.0,robot.actuators['hip_legs'].effort_limit,0.27951160904814826,9.86823294425325,0.3659519756541531,0.38358116598690256,0.0,0.35880668759345996,0.3890433233976364,0.0
gait_03_half_bound__vx_neg_1p0__seed_0042,1,joint_front_left_thigh_pitch,fl,thigh,17.0,robot.actuators['thigh_legs'].effort_limit,1.3029389812354921,120.20308314181864,0.6902300385867847,0.7658587848438935,0.0,0.40761553049087523,0.4128820097446442,0.0
gait_03_half_bound__vx_neg_1p0__seed_0042,2,joint_front_left_calf_pitch,fl,calf,37.0,robot.actuators['calf_legs'].effort_limit,0.3161326890145282,391.29247052699327,0.39938154220581057,0.4868670917201685,0.0,0.5118086993694304,0.5295632606744766,0.0
gait_03_half_bound__vx_neg_1p0__seed_0042,3,joint_front_right_abad,fr,hip,17.0,robot.actuators['hip_legs'].effort_limit,0.14977840376413534,8.643452242229104,0.2291851548587573,0.24171518746544335,0.0,0.41821426153182983,0.4248976755142212,0.0
gait_03_half_bound__vx_neg_1p0__seed_0042,4,joint_front_right_thigh_pitch,fr,thigh,17.0,robot.actuators['thigh_legs'].effort_limit,0.8497259255611386,80.2360570870676,0.5534188326667338,0.6228781565497903,0.0,0.3279535114765167,0.33826892137527464,0.0
gait_03_half_bound__vx_neg_1p0__seed_0042,5,joint_front_right_calf_pitch,fr,calf,37.0,robot.actuators['calf_legs'].effort_limit,0.28323416648187355,215.41150814666412,0.3917756969864304,0.4370945595406197,0.0,0.4613306403160095,0.47020812571048737,0.0
gait_03_half_bound__vx_neg_1p0__seed_0042,6,joint_rear_left_abad,rl,hip,17.0,robot.actuators['hip_legs'].effort_limit,0.15544987070593191,6.1446267567772885,0.23048237421933337,0.2554336699317483,0.0,0.41516391038894646,0.4616599148511885,0.0
gait_03_half_bound__vx_neg_1p0__seed_0042,7,joint_rear_left_thigh_pitch,rl,thigh,20.0,robot.actuators['thigh_legs'].effort_limit,0.3974490864842056,75.71351661778986,0.38805044054985,0.421156641960144,0.0,0.3045346140861511,0.3071990126371384,0.0
gait_03_half_bound__vx_neg_1p0__seed_0042,8,joint_rear_left_calf_pitch,rl,calf,37.0,robot.actuators['calf_legs'].effort_limit,0.33944652344136717,245.71243546877056,0.29916160944345827,0.32079705264117264,0.0,0.44193705320358273,0.44822503209114073,0.0
gait_03_half_bound__vx_neg_1p0__seed_0042,9,joint_rear_right_abad,rr,hip,17.0,robot.actuators['hip_legs'].effort_limit,0.3663702685676871,17.315108281314608,0.3674954077776739,0.40775806595297415,0.0,0.42014017105102536,0.4349220561981201,0.0
gait_03_half_bound__vx_neg_1p0__seed_0042,10,joint_rear_right_thigh_pitch,rr,thigh,20.0,robot.actuators['thigh_legs'].effort_limit,0.19093707672668686,48.21473986718804,0.25650323271751396,0.28481043100357056,0.0,0.2983410507440567,0.3013368284702301,0.0
gait_03_half_bound__vx_neg_1p0__seed_0042,11,joint_rear_right_calf_pitch,rr,calf,37.0,robot.actuators['calf_legs'].effort_limit,0.21408651958403763,177.30200040377676,0.3019409205462481,0.36055331436363425,0.0,0.4643164277076721,0.4704195785522461,0.0
gait_03_half_bound__vx_neg_0p5__seed_0042,0,joint_front_left_abad,fl,hip,17.0,robot.actuators['hip_legs'].effort_limit,0.1898039123978758,5.030037341027346,0.25696856134078083,0.27538075166590076,0.0,0.29362034797668457,0.30095112323760986,0.0
gait_03_half_bound__vx_neg_0p5__seed_0042,1,joint_front_left_thigh_pitch,fl,thigh,17.0,robot.actuators['thigh_legs'].effort_limit,0.8106910038174242,54.40151446539909,0.4815274126389447,0.5088331839617561,0.0,0.400442898273468,0.4075799584388733,0.0
gait_03_half_bound__vx_neg_0p5__seed_0042,2,joint_front_left_calf_pitch,fl,calf,37.0,robot.actuators['calf_legs'].effort_limit,0.14737506924097485,157.87550181307714,0.21731078946912613,0.24580675846821554,0.0,0.4998880624771118,0.5044002681970596,0.0
gait_03_half_bound__vx_neg_0p5__seed_0042,3,joint_front_right_abad,fr,hip,17.0,robot.actuators['hip_legs'].effort_limit,0.06254347854429214,3.7115926707582547,0.13656344483880437,0.14727206440532908,0.0,0.36553293466567993,0.3724513649940491,0.0
gait_03_half_bound__vx_neg_0p5__seed_0042,4,joint_front_right_thigh_pitch,fr,thigh,17.0,robot.actuators['thigh_legs'].effort_limit,0.359922914657859,34.01246426242171,0.3588661446290857,0.38762716686024384,0.0,0.31732094287872314,0.3219754695892334,0.0
gait_03_half_bound__vx_neg_0p5__seed_0042,5,joint_front_right_calf_pitch,fr,calf,37.0,robot.actuators['calf_legs'].effort_limit,0.27032896200830675,153.3762332791456,0.34312016899521286,0.3831099690617742,0.0,0.4869677722454071,0.49300074577331543,0.0
gait_03_half_bound__vx_neg_0p5__seed_0042,6,joint_rear_left_abad,rl,hip,17.0,robot.actuators['hip_legs'].effort_limit,0.07919438268896326,4.04448986542644,0.16323128517936258,0.17394036405226765,0.0,0.39759115874767303,0.43062716722488403,0.0
gait_03_half_bound__vx_neg_0p5__seed_0042,7,joint_rear_left_thigh_pitch,rl,thigh,20.0,robot.actuators['thigh_legs'].effort_limit,0.2835441620918897,46.82949388610199,0.39488366842269895,0.4132266998291016,0.0,0.30375202000141144,0.307585671544075,0.0
gait_03_half_bound__vx_neg_0p5__seed_0042,8,joint_rear_left_calf_pitch,rl,calf,37.0,robot.actuators['calf_legs'].effort_limit,0.2583768561585752,178.50354211281055,0.22466099584424817,0.23460848911388502,0.0,0.4776240885257721,0.4802147150039673,0.0
gait_03_half_bound__vx_neg_0p5__seed_0042,9,joint_rear_right_abad,rr,hip,17.0,robot.actuators['hip_legs'].effort_limit,0.26004032403212995,10.79101766160602,0.35661174970514636,0.37262050544514375,0.0,0.35481953620910645,0.36512434482574463,0.0
gait_03_half_bound__vx_neg_0p5__seed_0042,10,joint_rear_right_thigh_pitch,rr,thigh,20.0,robot.actuators['thigh_legs'].effort_limit,0.17649062250173317,35.80474333947059,0.23512260913848876,0.24790328741073608,0.0,0.3159670978784561,0.32870446145534515,0.0
gait_03_half_bound__vx_neg_0p5__seed_0042,11,joint_rear_right_calf_pitch,rr,calf,37.0,robot.actuators['calf_legs'].effort_limit,0.1664587686552946,124.89958349552006,0.3006932928755477,0.32152156572084173,0.0,0.5079280138015747,0.5107606053352356,0.0
gait_03_half_bound__vx_pos_0p5__seed_0042,0,joint_front_left_abad,fl,hip,17.0,robot.actuators['hip_legs'].effort_limit,0.13075261963081997,5.327392868557945,0.2013792956576628,0.21349439550848567,0.0,0.3072036951780319,0.32564975321292877,0.0
gait_03_half_bound__vx_pos_0p5__seed_0042,1,joint_front_left_thigh_pitch,fl,thigh,17.0,robot.actuators['thigh_legs'].effort_limit,0.5210195616861024,54.993301834283486,0.4715752601623535,0.48391695583567895,0.0,0.32190364599227905,0.32530805468559265,0.0
gait_03_half_bound__vx_pos_0p5__seed_0042,2,joint_front_left_calf_pitch,fl,calf,37.0,robot.actuators['calf_legs'].effort_limit,0.23834872071369126,196.3599427908397,0.2517302422910123,0.2829280543971706,0.0,0.49754202365875244,0.5062531232833862,0.0
gait_03_half_bound__vx_pos_0p5__seed_0042,3,joint_front_right_abad,fr,hip,17.0,robot.actuators['hip_legs'].effort_limit,0.11861255639732335,5.293582421066385,0.15976139727760763,0.16409625726587632,0.0,0.34921666979789734,0.3538759648799896,0.0
gait_03_half_bound__vx_pos_0p5__seed_0042,4,joint_front_right_thigh_pitch,fr,thigh,17.0,robot.actuators['thigh_legs'].effort_limit,0.2904123368811662,39.88371188767255,0.2778076494441313,0.2958825335783117,0.0,0.3652024269104004,0.39016181230545044,0.0
gait_03_half_bound__vx_pos_0p5__seed_0042,5,joint_front_right_calf_pitch,fr,calf,37.0,robot.actuators['calf_legs'].effort_limit,0.20763896078505795,123.04183076852001,0.31313162880974843,0.3727417894311853,0.0,0.4982423484325409,0.5027118474245071,0.0
gait_03_half_bound__vx_pos_0p5__seed_0042,6,joint_rear_left_abad,rl,hip,17.0,robot.actuators['hip_legs'].effort_limit,0.10567435166984483,6.7386319941468535,0.2642069353776819,0.2782696906258078,0.0,0.29346606135368347,0.3235780596733093,0.0
gait_03_half_bound__vx_pos_0p5__seed_0042,7,joint_rear_left_thigh_pitch,rl,thigh,20.0,robot.actuators['thigh_legs'].effort_limit,0.22810419315877564,46.9868240891397,0.4083517789840698,0.48225475549697877,0.0,0.35686731338500977,0.36217036843299866,0.0
gait_03_half_bound__vx_pos_0p5__seed_0042,8,joint_rear_left_calf_pitch,rl,calf,37.0,robot.actuators['calf_legs'].effort_limit,0.26732149906450386,187.21496854133903,0.30589029595658584,0.34130358695983887,0.0,0.49461960792541504,0.4979352056980133,0.0
gait_03_half_bound__vx_pos_0p5__seed_0042,9,joint_rear_right_abad,rr,hip,17.0,robot.actuators['hip_legs'].effort_limit,0.1882415553639963,10.354577489409131,0.23765822719125188,0.26933205127716064,0.0,0.34692057967185974,0.3519466817378998,0.0
gait_03_half_bound__vx_pos_0p5__seed_0042,10,joint_rear_right_thigh_pitch,rr,thigh,20.0,robot.actuators['thigh_legs'].effort_limit,0.4389213473828631,60.36463935757056,0.3939335227012634,0.42692703008651733,0.0,0.3438124358654022,0.34870368242263794,0.0
gait_03_half_bound__vx_pos_0p5__seed_0042,11,joint_rear_right_calf_pitch,rr,calf,37.0,robot.actuators['calf_legs'].effort_limit,0.20236248760613954,150.73486815916374,0.35174130104683543,0.39563256341057856,0.0,0.5238765478134155,0.5274918973445892,0.0
gait_03_half_bound__vx_pos_1p0__seed_0042,0,joint_front_left_abad,fl,hip,17.0,robot.actuators['hip_legs'].effort_limit,0.08372212619147223,3.310563723483183,0.20162245175417726,0.2238282329895917,0.0,0.33261321783065795,0.3535159361362457,0.0
gait_03_half_bound__vx_pos_1p0__seed_0042,1,joint_front_left_thigh_pitch,fl,thigh,17.0,robot.actuators['thigh_legs'].effort_limit,0.8473110905442492,100.99837240440772,0.5279032566968133,0.5519701598672305,0.0,0.33120818734169,0.3405188751220703,0.0
gait_03_half_bound__vx_pos_1p0__seed_0042,2,joint_front_left_calf_pitch,fl,calf,37.0,robot.actuators['calf_legs'].effort_limit,0.4796235437330378,497.9609708315507,0.3445415316401301,0.4722541602882176,0.0,0.5101134896278381,0.5130405741930008,0.0
gait_03_half_bound__vx_pos_1p0__seed_0042,3,joint_front_right_abad,fr,hip,17.0,robot.actuators['hip_legs'].effort_limit,0.13071077007318152,7.688293185264338,0.17589312721701228,0.18112009342978982,0.0,0.3747782230377197,0.38516474366188047,0.0
gait_03_half_bound__vx_pos_1p0__seed_0042,4,joint_front_right_thigh_pitch,fr,thigh,17.0,robot.actuators['thigh_legs'].effort_limit,0.43834786162109046,71.64755211018026,0.4229650020599365,0.45449584652395797,0.0,0.3614643692970274,0.3871458172798157,0.0
gait_03_half_bound__vx_pos_1p0__seed_0042,5,joint_front_right_calf_pitch,fr,calf,37.0,robot.actuators['calf_legs'].effort_limit,0.244612660819677,187.91476419195533,0.32622580528259254,0.5134534258455842,0.0,0.4502284437417984,0.45632039844989775,0.0
gait_03_half_bound__vx_pos_1p0__seed_0042,6,joint_rear_left_abad,rl,hip,17.0,robot.actuators['hip_legs'].effort_limit,0.1455601454750995,5.646815604957519,0.2951407390482284,0.35119522908154654,0.0,0.31669126749038695,0.3275779753923416,0.0
gait_03_half_bound__vx_pos_1p0__seed_0042,7,joint_rear_left_thigh_pitch,rl,thigh,20.0,robot.actuators['thigh_legs'].effort_limit,0.5554815955264636,106.7426991119294,0.5402955365180969,0.6175442299842832,0.0,0.3732226967811584,0.3823141694068909,0.0
gait_03_half_bound__vx_pos_1p0__seed_0042,8,joint_rear_left_calf_pitch,rl,calf,37.0,robot.actuators['calf_legs'].effort_limit,0.34327271187870667,237.255701469779,0.3954424703443372,0.42674718727936617,0.0,0.45963014960289,0.46485455632209777,0.0
gait_03_half_bound__vx_pos_1p0__seed_0042,9,joint_rear_right_abad,rr,hip,17.0,robot.actuators['hip_legs'].effort_limit,0.24872622159901203,13.154908994489816,0.2314298124874339,0.265562621565426,0.0,0.39959864020347596,0.4059323906898498,0.0
gait_03_half_bound__vx_pos_1p0__seed_0042,10,joint_rear_right_thigh_pitch,rr,thigh,20.0,robot.actuators['thigh_legs'].effort_limit,1.014957116119086,128.35433384265286,0.6383096480369567,0.6708433651924132,0.0,0.3482581257820129,0.3564083683490753,0.0
gait_03_half_bound__vx_pos_1p0__seed_0042,11,joint_rear_right_calf_pitch,rr,calf,37.0,robot.actuators['calf_legs'].effort_limit,0.26620816310410567,261.54345279772303,0.3958052042368295,0.4263825643384778,0.0,0.49726372957229614,0.5071660351753234,0.0
gait_03_half_bound__vx_pos_1p5__seed_0042,0,joint_front_left_abad,fl,hip,17.0,robot.actuators['hip_legs'].effort_limit,0.104372950810268,4.896071122772628,0.22072601739098038,0.243309232487398,0.0,0.3797916203737258,0.4132543039321899,0.0
gait_03_half_bound__vx_pos_1p5__seed_0042,1,joint_front_left_thigh_pitch,fl,thigh,17.0,robot.actuators['thigh_legs'].effort_limit,1.146382711207161,133.99202168241143,0.6973740774042462,0.7676312900992001,0.0,0.3175324499607086,0.3245449757575989,0.0
gait_03_half_bound__vx_pos_1p5__seed_0042,2,joint_front_left_calf_pitch,fl,calf,37.0,robot.actuators['calf_legs'].effort_limit,0.57537719466221,638.359862017259,0.38265447358827337,0.4367483185433051,0.0,0.5557853251695632,0.5595967769622803,0.0
gait_03_half_bound__vx_pos_1p5__seed_0042,3,joint_front_right_abad,fr,hip,17.0,robot.actuators['hip_legs'].effort_limit,0.15066907154409107,11.277442110622943,0.20064032919266642,0.21343512310701257,0.0,0.44068985581398007,0.45991819143295287,0.0
gait_03_half_bound__vx_pos_1p5__seed_0042,4,joint_front_right_thigh_pitch,fr,thigh,17.0,robot.actuators['thigh_legs'].effort_limit,0.8809022651324777,152.31020461186768,0.7000863636241239,0.7142216643165139,0.0,0.3012240409851074,0.3341720175743103,0.0
gait_03_half_bound__vx_pos_1p5__seed_0042,5,joint_front_right_calf_pitch,fr,calf,37.0,robot.actuators['calf_legs'].effort_limit,0.3486548454862568,264.65210744664074,0.34929762530971203,0.4618538155426846,0.0,0.445850270986557,0.45359800338745115,0.0
gait_03_half_bound__vx_pos_1p5__seed_0042,6,joint_rear_left_abad,rl,hip,17.0,robot.actuators['hip_legs'].effort_limit,0.23358384794747072,9.12464617920341,0.43409327338723575,0.4676708619734819,0.0,0.35218452811241147,0.36017674863338467,0.0
gait_03_half_bound__vx_pos_1p5__seed_0042,7,joint_rear_left_thigh_pitch,rl,thigh,20.0,robot.actuators['thigh_legs'].effort_limit,0.9345736493970296,154.7519710201025,0.66727126121521,0.7108566298484802,0.0,0.3674545407295227,0.375931738615036,0.0
gait_03_half_bound__vx_pos_1p5__seed_0042,8,joint_rear_left_calf_pitch,rl,calf,37.0,robot.actuators['calf_legs'].effort_limit,0.46387063973546966,268.991768437177,0.5105942674585289,0.5369360923767089,0.0,0.4592526197433472,0.46541977286338804,0.0
gait_03_half_bound__vx_pos_1p5__seed_0042,9,joint_rear_right_abad,rr,hip,17.0,robot.actuators['hip_legs'].effort_limit,0.3136987419143899,14.183580844062234,0.3072204940459307,0.36111234244178314,0.0,0.4653369188308715,0.4740188431739807,0.0
gait_03_half_bound__vx_pos_1p5__seed_0042,10,joint_rear_right_thigh_pitch,rr,thigh,20.0,robot.actuators['thigh_legs'].effort_limit,1.517068439359681,187.99899871699512,0.7106398439407349,0.7906528043746945,0.0,0.33069656491279603,0.3386993271112442,0.0
gait_03_half_bound__vx_pos_1p5__seed_0042,11,joint_rear_right_calf_pitch,rr,calf,37.0,robot.actuators['calf_legs'].effort_limit,0.2985370377229685,297.74169821528716,0.37526108123160695,0.4022380764419968,0.0,0.427712744474411,0.4418057858943939,0.0
gait_04_half_bound__vx_neg_1p5__seed_0042,0,joint_front_left_abad,fl,hip,17.0,robot.actuators['hip_legs'].effort_limit,0.20523524704592722,7.428830141732833,0.26786484017091633,0.3049711235831764,0.0,0.42175003290176394,0.42929023146629336,0.0
gait_04_half_bound__vx_neg_1p5__seed_0042,1,joint_front_left_thigh_pitch,fl,thigh,17.0,robot.actuators['thigh_legs'].effort_limit,2.0275952519833127,182.4236510550976,0.8819900456596823,0.9392053065580479,0.00625,0.34955052733421327,0.3615723514556885,0.0
gait_04_half_bound__vx_neg_1p5__seed_0042,2,joint_front_left_calf_pitch,fl,calf,37.0,robot.actuators['calf_legs'].effort_limit,0.3286907721257547,314.8316597775277,0.3869774019395983,0.42110743084469354,0.0,0.39945522546768186,0.40284026503562925,0.0
gait_04_half_bound__vx_neg_1p5__seed_0042,3,joint_front_right_abad,fr,hip,17.0,robot.actuators['hip_legs'].effort_limit,0.07665565832293002,4.74662045983292,0.20905669436735255,0.27556598410886873,0.0,0.3420372188091278,0.3488258945941925,0.0
gait_04_half_bound__vx_neg_1p5__seed_0042,4,joint_front_right_thigh_pitch,fr,thigh,17.0,robot.actuators['thigh_legs'].effort_limit,1.3860259625325764,164.9651011542976,0.7640776465920841,0.8173505553077249,0.0,0.3605469226837158,0.3750670456886291,0.0
gait_04_half_bound__vx_neg_1p5__seed_0042,5,joint_front_right_calf_pitch,fr,calf,37.0,robot.actuators['calf_legs'].effort_limit,0.3995434767341742,375.45089576895816,0.40263762216310245,0.44118114522985513,0.0,0.45419287085533144,0.4602139061689377,0.0
gait_04_half_bound__vx_neg_1p5__seed_0042,6,joint_rear_left_abad,rl,hip,17.0,robot.actuators['hip_legs'].effort_limit,0.4762124392418261,10.75881538127549,0.37736757783328784,0.4154933404922484,0.0,0.5473381072282791,0.562398077249527,0.0
gait_04_half_bound__vx_neg_1p5__seed_0042,7,joint_rear_left_thigh_pitch,rl,thigh,20.0,robot.actuators['thigh_legs'].effort_limit,0.35322109379445793,102.41898219686001,0.47783076524734497,0.5028482627868652,0.0,0.31020622849464413,0.3256299561262131,0.0
gait_04_half_bound__vx_neg_1p5__seed_0042,8,joint_rear_left_calf_pitch,rl,calf,37.0,robot.actuators['calf_legs'].effort_limit,0.2247238418475039,163.44485900968314,0.304522232107214,0.3805291866611789,0.0,0.4890954077243805,0.5030656147003174,0.0
gait_04_half_bound__vx_neg_1p5__seed_0042,9,joint_rear_right_abad,rr,hip,17.0,robot.actuators['hip_legs'].effort_limit,0.5051843276864414,11.899412265441788,0.3904586834066054,0.40640882464016187,0.0,0.5173216640949247,0.5379162538051605,0.0
gait_04_half_bound__vx_neg_1p5__seed_0042,10,joint_rear_right_thigh_pitch,rr,thigh,20.0,robot.actuators['thigh_legs'].effort_limit,0.6916216495722423,120.65753948286176,0.541347529888153,0.5826832895278931,0.0,0.2903944790363312,0.29967856645584107,0.0
gait_04_half_bound__vx_neg_1p5__seed_0042,11,joint_rear_right_calf_pitch,rr,calf,37.0,robot.actuators['calf_legs'].effort_limit,0.3924273842683264,314.47301618888974,0.33191435401504105,0.3413360789015486,0.0,0.5360219776630402,0.5412289881706238,0.0
gait_04_half_bound__vx_neg_1p0__seed_0042,0,joint_front_left_abad,fl,hip,17.0,robot.actuators['hip_legs'].effort_limit,0.21322216929958365,7.889683402534574,0.23697167845333322,0.2538432805678424,0.0,0.42898314595222475,0.435104261636734,0.0
gait_04_half_bound__vx_neg_1p0__seed_0042,1,joint_front_left_thigh_pitch,fl,thigh,17.0,robot.actuators['thigh_legs'].effort_limit,1.4855488171593965,119.96340810805559,0.8112593875211813,0.9423999079535988,0.004166666666666667,0.3623871386051178,0.37025917410850523,0.0
gait_04_half_bound__vx_neg_1p0__seed_0042,2,joint_front_left_calf_pitch,fl,calf,37.0,robot.actuators['calf_legs'].effort_limit,0.2770789073558359,267.7878449281864,0.38062154280172805,0.41732313001478016,0.0,0.4643686473369598,0.4766323137283325,0.0
gait_04_half_bound__vx_neg_1p0__seed_0042,3,joint_front_right_abad,fr,hip,17.0,robot.actuators['hip_legs'].effort_limit,0.09105279175890749,3.430351573712542,0.22597370708689954,0.31437718868255604,0.0,0.34008370637893676,0.34533607244491576,0.0
gait_04_half_bound__vx_neg_1p0__seed_0042,4,joint_front_right_thigh_pitch,fr,thigh,17.0,robot.actuators['thigh_legs'].effort_limit,0.7618180783872858,98.33437420681119,0.6050178191241096,0.6766339593775131,0.0,0.3739717721939086,0.3812562668323517,0.0
gait_04_half_bound__vx_neg_1p0__seed_0042,5,joint_front_right_calf_pitch,fr,calf,37.0,robot.actuators['calf_legs'].effort_limit,0.294791273273481,252.2465288820863,0.3263589588371482,0.3748452057709565,0.0,0.4606742173433303,0.4661729300022125,0.0
gait_04_half_bound__vx_neg_1p0__seed_0042,6,joint_rear_left_abad,rl,hip,17.0,robot.actuators['hip_legs'].effort_limit,0.26710441140799257,8.374676885996013,0.2735562955631929,0.2857968686608707,0.0,0.4249396353960037,0.4349287176132202,0.0
gait_04_half_bound__vx_neg_1p0__seed_0042,7,joint_rear_left_thigh_pitch,rl,thigh,20.0,robot.actuators['thigh_legs'].effort_limit,0.19793101768363947,50.580116209957055,0.26162928819656334,0.3060377802848816,0.0,0.34380766153335557,0.35338472247123714,0.0
gait_04_half_bound__vx_neg_1p0__seed_0042,8,joint_rear_left_calf_pitch,rl,calf,37.0,robot.actuators['calf_legs'].effort_limit,0.15241383674654235,116.60513162368443,0.25718353116834486,0.2978473964897361,0.0,0.43866060972213744,0.443938684463501,0.0
gait_04_half_bound__vx_neg_1p0__seed_0042,9,joint_rear_right_abad,rr,hip,17.0,robot.actuators['hip_legs'].effort_limit,0.3257767696544024,9.496711229997418,0.32170492901521563,0.37003855985753664,0.0,0.4208605885505676,0.43049352526664725,0.0
gait_04_half_bound__vx_neg_1p0__seed_0042,10,joint_rear_right_thigh_pitch,rr,thigh,20.0,robot.actuators['thigh_legs'].effort_limit,0.546117451357583,74.95514878809452,0.4401064205169677,0.4580665760040283,0.0,0.305576890707016,0.30977219104766845,0.0
gait_04_half_bound__vx_neg_1p0__seed_0042,11,joint_rear_right_calf_pitch,rr,calf,37.0,robot.actuators['calf_legs'].effort_limit,0.318961383817597,241.0126311611943,0.2792765797795476,0.29075227892076644,0.0,0.5219787001609802,0.527947427034378,0.0
gait_04_half_bound__vx_neg_0p5__seed_0042,0,joint_front_left_abad,fl,hip,17.0,robot.actuators['hip_legs'].effort_limit,0.23399733370140674,8.834944242229685,0.2974691250744988,0.32674270517685833,0.0,0.4245733171701431,0.43598081171512604,0.0
gait_04_half_bound__vx_neg_0p5__seed_0042,1,joint_front_left_thigh_pitch,fl,thigh,17.0,robot.actuators['thigh_legs'].effort_limit,0.9404063809818457,63.5239562253654,0.6744682368110209,0.7918127144084257,0.0,0.3600059151649475,0.36579346656799316,0.0
gait_04_half_bound__vx_neg_0p5__seed_0042,2,joint_front_left_calf_pitch,fl,calf,37.0,robot.actuators['calf_legs'].effort_limit,0.22841586178562498,197.6374200764578,0.35730386424709015,0.4174209736488961,0.0,0.5220725238323212,0.5293098837137222,0.0
gait_04_half_bound__vx_neg_0p5__seed_0042,3,joint_front_right_abad,fr,hip,17.0,robot.actuators['hip_legs'].effort_limit,0.10688580985278692,6.070345395223485,0.2503308759016149,0.320137851378497,0.0,0.3157714605331421,0.32141873240470886,0.0
gait_04_half_bound__vx_neg_0p5__seed_0042,4,joint_front_right_thigh_pitch,fr,thigh,17.0,robot.actuators['thigh_legs'].effort_limit,0.3433436944751356,44.43111804813612,0.4025326476377599,0.45836960568147544,0.0,0.3752896189689636,0.3784879446029663,0.0
gait_04_half_bound__vx_neg_0p5__seed_0042,5,joint_front_right_calf_pitch,fr,calf,37.0,robot.actuators['calf_legs'].effort_limit,0.20687416701977404,160.07177220725455,0.2640159001221528,0.30386619954495814,0.0,0.4990845322608948,0.5033922493457794,0.0
gait_04_half_bound__vx_neg_0p5__seed_0042,6,joint_rear_left_abad,rl,hip,17.0,robot.actuators['hip_legs'].effort_limit,0.12513317562164936,5.799834773189505,0.18244468815186446,0.19599167038412657,0.0,0.3350248783826828,0.33855706453323364,0.0
gait_04_half_bound__vx_neg_0p5__seed_0042,7,joint_rear_left_thigh_pitch,rl,thigh,20.0,robot.actuators['thigh_legs'].effort_limit,0.1964933804459735,30.602852761404357,0.24511258006095887,0.25186544060707095,0.0,0.3677171468734741,0.3805520236492157,0.0
gait_04_half_bound__vx_neg_0p5__seed_0042,8,joint_rear_left_calf_pitch,rl,calf,37.0,robot.actuators['calf_legs'].effort_limit,0.1413951108992435,88.18076818710426,0.2482797455143284,0.27721307084367086,0.0,0.4906720519065857,0.49428072571754456,0.0
gait_04_half_bound__vx_neg_0p5__seed_0042,9,joint_rear_right_abad,rr,hip,17.0,robot.actuators['hip_legs'].effort_limit,0.162319109722974,5.421332033623476,0.21616630694445443,0.23709903043859146,0.0,0.34279197454452515,0.3480396270751953,0.0
gait_04_half_bound__vx_neg_0p5__seed_0042,10,joint_rear_right_thigh_pitch,rr,thigh,20.0,robot.actuators['thigh_legs'].effort_limit,0.4663128884093742,49.409303375352174,0.43832759857177733,0.4520676851272583,0.0,0.308108925819397,0.3101443648338318,0.0
gait_04_half_bound__vx_neg_0p5__seed_0042,11,joint_rear_right_calf_pitch,rr,calf,37.0,robot.actuators['calf_legs'].effort_limit,0.21359949971868752,149.24507462511653,0.23458813976597143,0.24172446534440323,0.0,0.5094379484653473,0.5152373611927032,0.0
gait_04_half_bound__vx_pos_0p5__seed_0042,0,joint_front_left_abad,fl,hip,17.0,robot.actuators['hip_legs'].effort_limit,0.1467667657539017,5.936712157783331,0.27326419774223776,0.34166845153359804,0.0,0.331948846578598,0.37661951780319214,0.0
gait_04_half_bound__vx_pos_0p5__seed_0042,1,joint_front_left_thigh_pitch,fl,thigh,17.0,robot.actuators['thigh_legs'].effort_limit,0.4225623052376172,36.96226223038509,0.3902592799242805,0.4042486583485323,0.0,0.3047407865524292,0.3063618838787079,0.0
gait_04_half_bound__vx_pos_0p5__seed_0042,2,joint_front_left_calf_pitch,fl,calf,37.0,robot.actuators['calf_legs'].effort_limit,0.25110905624817276,162.53695249477403,0.36470893911413244,0.42405928147805705,0.0,0.5027165114879608,0.5091329962015152,0.0
gait_04_half_bound__vx_pos_0p5__seed_0042,3,joint_front_right_abad,fr,hip,17.0,robot.actuators['hip_legs'].effort_limit,0.0771268163978054,3.5915626650583,0.1670810825684491,0.19532903853584738,0.0,0.36679962277412415,0.39713889360427856,0.0
gait_04_half_bound__vx_pos_0p5__seed_0042,4,joint_front_right_thigh_pitch,fr,thigh,17.0,robot.actuators['thigh_legs'].effort_limit,0.2828882695560048,31.47631630279124,0.37505010296316704,0.39393305077272306,0.0,0.30036598443984985,0.3016466200351715,0.0
gait_04_half_bound__vx_pos_0p5__seed_0042,5,joint_front_right_calf_pitch,fr,calf,37.0,robot.actuators['calf_legs'].effort_limit,0.2295853313285174,193.9267819249831,0.22269459028501767,0.2356313692556845,0.0,0.4912680685520172,0.4977421164512634,0.0
gait_04_half_bound__vx_pos_0p5__seed_0042,6,joint_rear_left_abad,rl,hip,17.0,robot.actuators['hip_legs'].effort_limit,0.06308786865773432,4.53194253661437,0.1485994247829213,0.15522568716722374,0.0,0.35984891653060913,0.3694469630718231,0.0
gait_04_half_bound__vx_pos_0p5__seed_0042,7,joint_rear_left_thigh_pitch,rl,thigh,20.0,robot.actuators['thigh_legs'].effort_limit,0.2638225736949639,26.81927191607654,0.300015389919281,0.33987927436828613,0.0,0.3049974739551544,0.3082600086927414,0.0
gait_04_half_bound__vx_pos_0p5__seed_0042,8,joint_rear_left_calf_pitch,rl,calf,37.0,robot.actuators['calf_legs'].effort_limit,0.23537413072517274,153.24581860855687,0.335229306607633,0.3595196427525701,0.0,0.5008989870548248,0.5050899684429169,0.0
gait_04_half_bound__vx_pos_0p5__seed_0042,9,joint_rear_right_abad,rr,hip,17.0,robot.actuators['hip_legs'].effort_limit,0.10471224859638283,4.350679017381045,0.17527730324689078,0.19598432498819687,0.0,0.34366533160209656,0.3490268886089325,0.0
gait_04_half_bound__vx_pos_0p5__seed_0042,10,joint_rear_right_thigh_pitch,rr,thigh,20.0,robot.actuators['thigh_legs'].effort_limit,0.5694457729151166,44.920098643847744,0.37941433787345885,0.3923051416873932,0.0,0.39130114018917084,0.39868584275245667,0.0
gait_04_half_bound__vx_pos_0p5__seed_0042,11,joint_rear_right_calf_pitch,rr,calf,37.0,robot.actuators['calf_legs'].effort_limit,0.13873518560209538,116.26116666114889,0.20187448488699422,0.21935934633822055,0.0,0.5149772465229034,0.525306761264801,0.0
gait_04_half_bound__vx_pos_1p0__seed_0042,0,joint_front_left_abad,fl,hip,17.0,robot.actuators['hip_legs'].effort_limit,0.14161748809112998,7.8442265192448035,0.2401400369756362,0.27128374829011803,0.0,0.34234402179718015,0.3501833045482635,0.0
gait_04_half_bound__vx_pos_1p0__seed_0042,1,joint_front_left_thigh_pitch,fl,thigh,17.0,robot.actuators['thigh_legs'].effort_limit,0.5189497909527441,81.84198776328937,0.4115959433948292,0.4477489193748025,0.0,0.312780225276947,0.3291362273693084,0.0
gait_04_half_bound__vx_pos_1p0__seed_0042,2,joint_front_left_calf_pitch,fl,calf,37.0,robot.actuators['calf_legs'].effort_limit,0.2966208932780974,294.46734851460906,0.33359054488104684,0.398976700499251,0.0,0.463578599691391,0.46944080412387845,0.0
gait_04_half_bound__vx_pos_1p0__seed_0042,3,joint_front_right_abad,fr,hip,17.0,robot.actuators['hip_legs'].effort_limit,0.0787274194436515,4.651389033892774,0.15782614806119133,0.1668069968504064,0.0,0.36134721040725704,0.3703582990169525,0.0
gait_04_half_bound__vx_pos_1p0__seed_0042,4,joint_front_right_thigh_pitch,fr,thigh,17.0,robot.actuators['thigh_legs'].effort_limit,0.44932768973742077,70.77372639160603,0.3870076347799862,0.40051638154422536,0.0,0.3005379557609558,0.304034925699234,0.0
gait_04_half_bound__vx_pos_1p0__seed_0042,5,joint_front_right_calf_pitch,fr,calf,37.0,robot.actuators['calf_legs'].effort_limit,0.4024523119318987,336.4045011717826,0.29610607301866687,0.303391215092427,0.0,0.45029222369194033,0.4533922153711319,0.0
gait_04_half_bound__vx_pos_1p0__seed_0042,6,joint_rear_left_abad,rl,hip,17.0,robot.actuators['hip_legs'].effort_limit,0.1697610682082355,10.94124628610909,0.23800971788518568,0.2505055278890273,0.0,0.40317869782447807,0.41292344212532045,0.0
gait_04_half_bound__vx_pos_1p0__seed_0042,7,joint_rear_left_thigh_pitch,rl,thigh,20.0,robot.actuators['thigh_legs'].effort_limit,0.47128851176982756,69.73706054624171,0.3887382519245147,0.4154790158271789,0.0,0.31359398663043975,0.3204178160429001,0.0
gait_04_half_bound__vx_pos_1p0__seed_0042,8,joint_rear_left_calf_pitch,rl,calf,37.0,robot.actuators['calf_legs'].effort_limit,0.2751786755517583,220.4945634294761,0.3955133438110351,0.43911465103561814,0.0,0.45993960499763487,0.46248133420944215,0.0
gait_04_half_bound__vx_pos_1p0__seed_0042,9,joint_rear_right_abad,rr,hip,17.0,robot.actuators['hip_legs'].effort_limit,0.2673912059812153,9.291510954530786,0.2987365694607005,0.32387006535249596,0.0,0.4212788939476013,0.42681840777397156,0.0
gait_04_half_bound__vx_pos_1p0__seed_0042,10,joint_rear_right_thigh_pitch,rr,thigh,20.0,robot.actuators['thigh_legs'].effort_limit,0.7051642860900817,97.37293223925866,0.45157919883728026,0.4776205306053162,0.0,0.387571969628334,0.390354334115982,0.0
gait_04_half_bound__vx_pos_1p0__seed_0042,11,joint_rear_right_calf_pitch,rr,calf,37.0,robot.actuators['calf_legs'].effort_limit,0.2829439917264137,271.20318616583944,0.30500429514292116,0.3579918688696784,0.0,0.533939927816391,0.5493908524513245,0.0
gait_04_half_bound__vx_pos_1p5__seed_0042,0,joint_front_left_abad,fl,hip,17.0,robot.actuators['hip_legs'].effort_limit,0.1283685394887776,7.496753325363825,0.2207367742762846,0.2348319407070384,0.0,0.4266358226537704,0.44176272690296176,0.0
gait_04_half_bound__vx_pos_1p5__seed_0042,1,joint_front_left_thigh_pitch,fl,thigh,17.0,robot.actuators['thigh_legs'].effort_limit,0.8328641289243105,137.25286630511283,0.6521009641535142,0.6846516496994914,0.0,0.31391249299049373,0.3266409027576446,0.0
gait_04_half_bound__vx_pos_1p5__seed_0042,2,joint_front_left_calf_pitch,fl,calf,37.0,robot.actuators['calf_legs'].effort_limit,0.4117776286990887,483.88402651222424,0.37118121868855236,0.4234902722126729,0.0,0.4989193111658096,0.5069069069623947,0.0
gait_04_half_bound__vx_pos_1p5__seed_0042,3,joint_front_right_abad,fr,hip,17.0,robot.actuators['hip_legs'].effort_limit,0.10675863167602492,6.97669777618954,0.19313895491992725,0.2011884138163398,0.0,0.37694662213325497,0.3933828163146973,0.0
gait_04_half_bound__vx_pos_1p5__seed_0042,4,joint_front_right_thigh_pitch,fr,thigh,17.0,robot.actuators['thigh_legs'].effort_limit,0.9672332557402428,144.56315723761915,0.6312986429999856,0.6422131639368394,0.0,0.3131064474582672,0.317328085899353,0.0
gait_04_half_bound__vx_pos_1p5__seed_0042,5,joint_front_right_calf_pitch,fr,calf,37.0,robot.actuators['calf_legs'].effort_limit,0.5277688576870263,443.7770272359648,0.38955054025392266,0.41292058506527457,0.0,0.48409186601638793,0.4948745769262314,0.0
gait_04_half_bound__vx_pos_1p5__seed_0042,6,joint_rear_left_abad,rl,hip,17.0,robot.actuators['hip_legs'].effort_limit,0.321881293157291,17.944921508357076,0.383268471325145,0.4095094293706557,0.0,0.4492407083511352,0.453881276845932,0.0
gait_04_half_bound__vx_pos_1p5__seed_0042,7,joint_rear_left_thigh_pitch,rl,thigh,20.0,robot.actuators['thigh_legs'].effort_limit,0.7948946769428679,140.65389015112072,0.5348633790016174,0.5792062335014342,0.0,0.32004766166210175,0.3249204480648041,0.0
gait_04_half_bound__vx_pos_1p5__seed_0042,8,joint_rear_left_calf_pitch,rl,calf,37.0,robot.actuators['calf_legs'].effort_limit,0.33086869311935396,260.2305104530114,0.42814515861305025,0.45728530265189504,0.0,0.410253119468689,0.41489157438278196,0.0
gait_04_half_bound__vx_pos_1p5__seed_0042,9,joint_rear_right_abad,rr,hip,17.0,robot.actuators['hip_legs'].effort_limit,0.4386345904025419,14.196662658716086,0.35497594019945927,0.37089646900401396,0.0,0.48794489502906796,0.4983492851257324,0.0
gait_04_half_bound__vx_pos_1p5__seed_0042,10,joint_rear_right_thigh_pitch,rr,thigh,20.0,robot.actuators['thigh_legs'].effort_limit,1.011201532278524,165.60989686308488,0.5787030434608458,0.6206097860336304,0.0,0.3638235956430435,0.3710149973630905,0.0
gait_04_half_bound__vx_pos_1p5__seed_0042,11,joint_rear_right_calf_pitch,rr,calf,37.0,robot.actuators['calf_legs'].effort_limit,0.44726232799074334,436.6982767084055,0.4124737198288376,0.47286522581770607,0.0,0.5573279321193695,0.5731829094886779,0.0
gait_05_half_bound__vx_neg_1p5__seed_0042,0,joint_front_left_abad,fl,hip,17.0,robot.actuators['hip_legs'].effort_limit,0.11950807959724458,4.854889434512589,0.24511041500989103,0.3429410679200116,0.0,0.386678871512413,0.39715274453163146,0.0
gait_05_half_bound__vx_neg_1p5__seed_0042,1,joint_front_left_thigh_pitch,fl,thigh,17.0,robot.actuators['thigh_legs'].effort_limit,1.8101892490719034,196.99613279020414,0.896396073173074,1.0,0.022916666666666665,0.3461811363697052,0.35643096327781676,0.0
gait_05_half_bound__vx_neg_1p5__seed_0042,2,joint_front_left_calf_pitch,fl,calf,37.0,robot.actuators['calf_legs'].effort_limit,0.43980251936757947,420.90327408462764,0.43186667029922066,0.47241083815291113,0.0,0.44017093181610106,0.4496257871389389,0.0
gait_05_half_bound__vx_neg_1p5__seed_0042,3,joint_front_right_abad,fr,hip,17.0,robot.actuators['hip_legs'].effort_limit,0.15058832781277637,8.444544723517028,0.2522730771233053,0.2613373083226821,0.0,0.38802570700645445,0.3954956912994384,0.0
gait_05_half_bound__vx_neg_1p5__seed_0042,4,joint_front_right_thigh_pitch,fr,thigh,17.0,robot.actuators['thigh_legs'].effort_limit,1.7514709017224905,175.07573052776976,0.8522248857161577,0.9195158077688776,0.00625,0.3310385465621948,0.34226340532302857,0.0
gait_05_half_bound__vx_neg_1p5__seed_0042,5,joint_front_right_calf_pitch,fr,calf,37.0,robot.actuators['calf_legs'].effort_limit,0.3514899112422548,261.6487581949122,0.4006177773346772,0.4587390373848579,0.0,0.4187669038772583,0.42485108375549313,0.0
gait_05_half_bound__vx_neg_1p5__seed_0042,6,joint_rear_left_abad,rl,hip,17.0,robot.actuators['hip_legs'].effort_limit,0.4509155867606584,8.80101943628777,0.43707743392271153,0.47266980956582455,0.0,0.5147273778915404,0.5307480090856551,0.0
gait_05_half_bound__vx_neg_1p5__seed_0042,7,joint_rear_left_thigh_pitch,rl,thigh,20.0,robot.actuators['thigh_legs'].effort_limit,0.8356924621191489,163.70649684280158,0.5876913452148437,0.6089819145202636,0.0,0.24524608850479124,0.24977866053581235,0.0
gait_05_half_bound__vx_neg_1p5__seed_0042,8,joint_rear_left_calf_pitch,rl,calf,37.0,robot.actuators['calf_legs'].effort_limit,0.44116518679570904,404.5610259707272,0.36003990946589287,0.3743259630976496,0.0,0.5451292574405671,0.5485401701927185,0.0
gait_05_half_bound__vx_neg_1p5__seed_0042,9,joint_rear_right_abad,rr,hip,17.0,robot.actuators['hip_legs'].effort_limit,0.5128337824923479,10.799422229576157,0.3959194365669699,0.4236605128119972,0.0,0.5193313777446746,0.5329024565219879,0.0
gait_05_half_bound__vx_neg_1p5__seed_0042,10,joint_rear_right_thigh_pitch,rr,thigh,20.0,robot.actuators['thigh_legs'].effort_limit,0.4528232096840994,85.5262435875088,0.4210676074028015,0.4393050327301025,0.0,0.30309502780437464,0.32960634052753446,0.0
gait_05_half_bound__vx_neg_1p5__seed_0042,11,joint_rear_right_calf_pitch,rr,calf,37.0,robot.actuators['calf_legs'].effort_limit,0.2361949266809062,152.78959630280733,0.3115973511257686,0.35494467735290525,0.0,0.3822442233562469,0.3905030024051666,0.0
gait_05_half_bound__vx_neg_1p0__seed_0042,0,joint_front_left_abad,fl,hip,17.0,robot.actuators['hip_legs'].effort_limit,0.16052392268876436,4.720518451708485,0.28850599877974503,0.35930551332585947,0.0,0.38084812164306636,0.38932733833789823,0.0
gait_05_half_bound__vx_neg_1p0__seed_0042,1,joint_front_left_thigh_pitch,fl,thigh,17.0,robot.actuators['thigh_legs'].effort_limit,1.1162476538983237,117.30264997879044,0.714872104981366,0.8242206623974968,0.0,0.3723571956157684,0.37750118017196654,0.0
gait_05_half_bound__vx_neg_1p0__seed_0042,2,joint_front_left_calf_pitch,fl,calf,37.0,robot.actuators['calf_legs'].effort_limit,0.3639665769747178,376.6799857194512,0.3575445278270822,0.3793679739977862,0.0,0.44423943161964413,0.44939561545848844,0.0
gait_05_half_bound__vx_neg_1p0__seed_0042,3,joint_front_right_abad,fr,hip,17.0,robot.actuators['hip_legs'].effort_limit,0.14925553768738098,9.061610189299099,0.21372248495326324,0.22146956864525283,0.0,0.3830863296985626,0.38805322408676146,0.0
gait_05_half_bound__vx_neg_1p0__seed_0042,4,joint_front_right_thigh_pitch,fr,thigh,17.0,robot.actuators['thigh_legs'].effort_limit,1.326275741728388,109.52260255511851,0.8173512346604289,0.9905638829399557,0.016666666666666666,0.3601681232452392,0.367420574426651,0.0
gait_05_half_bound__vx_neg_1p0__seed_0042,5,joint_front_right_calf_pitch,fr,calf,37.0,robot.actuators['calf_legs'].effort_limit,0.26349007879317166,218.04717222431674,0.3805034457026301,0.4544433134955328,0.0,0.4501748740673065,0.45785447776317595,0.0
gait_05_half_bound__vx_neg_1p0__seed_0042,6,joint_rear_left_abad,rl,hip,17.0,robot.actuators['hip_legs'].effort_limit,0.275121214514789,8.354379186609004,0.35578235738417674,0.3812267157610724,0.0,0.43448879420757286,0.454902840256691,0.0
gait_05_half_bound__vx_neg_1p0__seed_0042,7,joint_rear_left_thigh_pitch,rl,thigh,20.0,robot.actuators['thigh_legs'].effort_limit,0.4525911924530125,88.1842560858652,0.37358540534973134,0.40782599639892575,0.0,0.2797527104616165,0.2880123001337051,0.0
gait_05_half_bound__vx_neg_1p0__seed_0042,8,joint_rear_left_calf_pitch,rl,calf,37.0,robot.actuators['calf_legs'].effort_limit,0.43954605250904794,316.2653942018421,0.33784365267366967,0.3474610761694006,0.0,0.5427059948444366,0.5566900706291199,0.0
gait_05_half_bound__vx_neg_1p0__seed_0042,9,joint_rear_right_abad,rr,hip,17.0,robot.actuators['hip_legs'].effort_limit,0.3246669799857998,8.690050173267956,0.32034268238965197,0.3282487097908468,0.0,0.43721218109130855,0.4432903182506561,0.0
gait_05_half_bound__vx_neg_1p0__seed_0042,10,joint_rear_right_thigh_pitch,rr,thigh,20.0,robot.actuators['thigh_legs'].effort_limit,0.47993088351664326,62.37333832200617,0.40047333717346184,0.42728560113906855,0.0,0.37149491310119614,0.39736224234104156,0.0
gait_05_half_bound__vx_neg_1p0__seed_0042,11,joint_rear_right_calf_pitch,rr,calf,37.0,robot.actuators['calf_legs'].effort_limit,0.1517828919418126,120.11505487419664,0.2836979376303183,0.3080065384426631,0.0,0.4252029180526733,0.43155573844909667,0.0
gait_05_half_bound__vx_neg_0p5__seed_0042,0,joint_front_left_abad,fl,hip,17.0,robot.actuators['hip_legs'].effort_limit,0.19491770001008069,7.012252666080313,0.3393726629369399,0.3588697699939503,0.0,0.3482217937707901,0.3513646423816681,0.0
gait_05_half_bound__vx_neg_0p5__seed_0042,1,joint_front_left_thigh_pitch,fl,thigh,17.0,robot.actuators['thigh_legs'].effort_limit,0.588034742121417,66.04322678128025,0.5314106520484476,0.6591649616465849,0.0,0.36137905716896057,0.3643783926963806,0.0
gait_05_half_bound__vx_neg_0p5__seed_0042,2,joint_front_left_calf_pitch,fl,calf,37.0,robot.actuators['calf_legs'].effort_limit,0.2693938898503021,234.48769917905332,0.27220312969104665,0.290956297436276,0.0,0.48979704082012177,0.4947143644094467,0.0
gait_05_half_bound__vx_neg_0p5__seed_0042,3,joint_front_right_abad,fr,hip,17.0,robot.actuators['hip_legs'].effort_limit,0.1533152524624952,9.223851297386137,0.2336832705666037,0.28798123668221864,0.0,0.3520005941390991,0.3543149530887604,0.0
gait_05_half_bound__vx_neg_0p5__seed_0042,4,joint_front_right_thigh_pitch,fr,thigh,17.0,robot.actuators['thigh_legs'].effort_limit,0.8762716233185807,59.422025274615734,0.7179784494287828,0.840263240477618,0.0,0.3580559194087982,0.3624674379825592,0.0
gait_05_half_bound__vx_neg_0p5__seed_0042,5,joint_front_right_calf_pitch,fr,calf,37.0,robot.actuators['calf_legs'].effort_limit,0.1792935165661498,135.13444896914066,0.34056106129208125,0.3848441227062328,0.0,0.5155575573444366,0.5199730545282364,0.0
gait_05_half_bound__vx_neg_0p5__seed_0042,6,joint_rear_left_abad,rl,hip,17.0,robot.actuators['hip_legs'].effort_limit,0.10983762733357877,4.513268891225161,0.2141330873264986,0.22964450541664572,0.0,0.3518369644880295,0.3831775337457657,0.0
gait_05_half_bound__vx_neg_0p5__seed_0042,7,joint_rear_left_thigh_pitch,rl,thigh,20.0,robot.actuators['thigh_legs'].effort_limit,0.19744768650106723,43.74899499345571,0.24198158383369445,0.28037238121032715,0.0,0.30177274346351624,0.30845533311367035,0.0
gait_05_half_bound__vx_neg_0p5__seed_0042,8,joint_rear_left_calf_pitch,rl,calf,37.0,robot.actuators['calf_legs'].effort_limit,0.3196974839839,200.81111487624935,0.29183994757162557,0.29977931203068914,0.0,0.565422922372818,0.5748358368873596,0.0
gait_05_half_bound__vx_neg_0p5__seed_0042,9,joint_rear_right_abad,rr,hip,17.0,robot.actuators['hip_legs'].effort_limit,0.15735570961190423,4.455112834165193,0.22514116413453045,0.24766091739430146,0.0,0.3689841032028198,0.3739355802536011,0.0
gait_05_half_bound__vx_neg_0p5__seed_0042,10,joint_rear_right_thigh_pitch,rr,thigh,20.0,robot.actuators['thigh_legs'].effort_limit,0.39353202065404147,41.891621914883146,0.3759395182132721,0.38866915702819826,0.0,0.39185746014118195,0.4126158356666565,0.0
gait_05_half_bound__vx_neg_0p5__seed_0042,11,joint_rear_right_calf_pitch,rr,calf,37.0,robot.actuators['calf_legs'].effort_limit,0.15797485973331113,103.06662323890428,0.2669164232305578,0.31717114190797546,0.0,0.4935367703437805,0.49755778908729553,0.0
gait_05_half_bound__vx_pos_0p5__seed_0042,0,joint_front_left_abad,fl,hip,17.0,robot.actuators['hip_legs'].effort_limit,0.1439892559464464,5.628157906152446,0.2439147654701682,0.27039872898774986,0.0,0.43475836515426636,0.46901261806488037,0.0
gait_05_half_bound__vx_pos_0p5__seed_0042,1,joint_front_left_thigh_pitch,fl,thigh,17.0,robot.actuators['thigh_legs'].effort_limit,0.5939251628357167,61.150248311413456,0.5221437706666835,0.5667320700252757,0.0,0.30296066403388977,0.3067544102668762,0.0
gait_05_half_bound__vx_pos_0p5__seed_0042,2,joint_front_left_calf_pitch,fl,calf,37.0,robot.actuators['calf_legs'].effort_limit,0.2783852799718877,277.8773040610552,0.2531790088962864,0.2843160307085192,0.0,0.4928157776594162,0.5001557469367981,0.0
gait_05_half_bound__vx_pos_0p5__seed_0042,3,joint_front_right_abad,fr,hip,17.0,robot.actuators['hip_legs'].effort_limit,0.16780338682873808,8.980087610868795,0.32700274271123553,0.3472450200249167,0.0,0.2973683774471283,0.2996847629547119,0.0
gait_05_half_bound__vx_pos_0p5__seed_0042,4,joint_front_right_thigh_pitch,fr,thigh,17.0,robot.actuators['thigh_legs'].effort_limit,0.2627123279738707,37.88301021624749,0.3175325183307423,0.42237018136417165,0.0,0.3055386543273926,0.31298667192459106,0.0
gait_05_half_bound__vx_pos_0p5__seed_0042,5,joint_front_right_calf_pitch,fr,calf,37.0,robot.actuators['calf_legs'].effort_limit,0.23157682115709954,166.2630544340983,0.3375494351258149,0.4067149097855027,0.0,0.5161451697349548,0.5205156058073044,0.0
gait_05_half_bound__vx_pos_0p5__seed_0042,6,joint_rear_left_abad,rl,hip,17.0,robot.actuators['hip_legs'].effort_limit,0.09084074108893807,4.083071998982414,0.17256316717933207,0.18912986797444958,0.0,0.3038864731788635,0.3341513127088547,0.0
gait_05_half_bound__vx_pos_0p5__seed_0042,7,joint_rear_left_thigh_pitch,rl,thigh,20.0,robot.actuators['thigh_legs'].effort_limit,0.2243909497275656,40.546796356680574,0.3528287470340729,0.3802246689796448,0.0,0.3840253949165344,0.38777676224708557,0.0
gait_05_half_bound__vx_pos_0p5__seed_0042,8,joint_rear_left_calf_pitch,rl,calf,37.0,robot.actuators['calf_legs'].effort_limit,0.19780403100337673,148.969709669631,0.22185614302351667,0.24076722763680125,0.0,0.6097747683525085,0.6162597239017487,0.0
gait_05_half_bound__vx_pos_0p5__seed_0042,9,joint_rear_right_abad,rr,hip,17.0,robot.actuators['hip_legs'].effort_limit,0.057928003897134504,3.7193632241606247,0.12065889204249663,0.13558641602011287,0.0,0.38379403948783875,0.39223459362983704,0.0
gait_05_half_bound__vx_pos_0p5__seed_0042,10,joint_rear_right_thigh_pitch,rr,thigh,20.0,robot.actuators['thigh_legs'].effort_limit,0.20655634520035698,26.197083953588734,0.26340492963790896,0.3243817567825317,0.0,0.31687572598457336,0.3197241425514221,0.0
gait_05_half_bound__vx_pos_0p5__seed_0042,11,joint_rear_right_calf_pitch,rr,calf,37.0,robot.actuators['calf_legs'].effort_limit,0.2431944428823108,151.97671983961948,0.33226441048287053,0.35334673443356074,0.0,0.49669280648231506,0.5014467835426331,0.0
gait_05_half_bound__vx_pos_1p0__seed_0042,0,joint_front_left_abad,fl,hip,17.0,robot.actuators['hip_legs'].effort_limit,0.12156620423708166,7.520397846630222,0.27274662747102624,0.33779025807100177,0.0,0.44200132191181163,0.48160653352737426,0.0
gait_05_half_bound__vx_pos_1p0__seed_0042,1,joint_front_left_thigh_pitch,fl,thigh,17.0,robot.actuators['thigh_legs'].effort_limit,0.701255127876261,105.01823785588145,0.5389414029962875,0.5715525918848373,0.0,0.31342967748641964,0.3172588729858398,0.0
gait_05_half_bound__vx_pos_1p0__seed_0042,2,joint_front_left_calf_pitch,fl,calf,37.0,robot.actuators['calf_legs'].effort_limit,0.49287244380097167,509.7029060837627,0.37120612763069755,0.4247755684723722,0.0,0.44578784704208374,0.44894540786743165,0.0
gait_05_half_bound__vx_pos_1p0__seed_0042,3,joint_front_right_abad,fr,hip,17.0,robot.actuators['hip_legs'].effort_limit,0.2117147263946242,10.975323891476146,0.38172258910010837,0.42831692218780515,0.0,0.3097095310688019,0.3129901957511902,0.0
gait_05_half_bound__vx_pos_1p0__seed_0042,4,joint_front_right_thigh_pitch,fr,thigh,17.0,robot.actuators['thigh_legs'].effort_limit,0.4332545036184079,72.11412478331476,0.44672082031474386,0.4795971427244298,0.0,0.2947772204875946,0.29896562099456786,0.0
gait_05_half_bound__vx_pos_1p0__seed_0042,5,joint_front_right_calf_pitch,fr,calf,37.0,robot.actuators['calf_legs'].effort_limit,0.2864437921694852,254.78453702412546,0.32622193001412,0.4051394094003211,0.0,0.47425170838832853,0.47847487449646,0.0
gait_05_half_bound__vx_pos_1p0__seed_0042,6,joint_rear_left_abad,rl,hip,17.0,robot.actuators['hip_legs'].effort_limit,0.19252773161429915,8.023079548301176,0.26792062871596384,0.2961471529567943,0.0,0.3664273500442505,0.37188606202602387,0.0
gait_05_half_bound__vx_pos_1p0__seed_0042,7,joint_rear_left_thigh_pitch,rl,thigh,20.0,robot.actuators['thigh_legs'].effort_limit,0.3992999375073305,80.9324677362293,0.4781358170509337,0.5206287097930907,0.0,0.3792813330888748,0.383170570731163,0.0
gait_05_half_bound__vx_pos_1p0__seed_0042,8,joint_rear_left_calf_pitch,rl,calf,37.0,robot.actuators['calf_legs'].effort_limit,0.30311554881780645,281.64176483660935,0.3085385915395374,0.36729384370752277,0.0,0.6403966486454009,0.6527726662158966,0.0
gait_05_half_bound__vx_pos_1p0__seed_0042,9,joint_rear_right_abad,rr,hip,17.0,robot.actuators['hip_legs'].effort_limit,0.14081985883885012,6.405282936492004,0.21932491134194765,0.2350158797993379,0.0,0.4456670820713043,0.45233087897300717,0.0
gait_05_half_bound__vx_pos_1p0__seed_0042,10,joint_rear_right_thigh_pitch,rr,thigh,20.0,robot.actuators['thigh_legs'].effort_limit,0.5792288929166449,84.082636603117,0.44316596984863277,0.4759193210601806,0.0,0.3105998277664185,0.31565344154834746,0.0
gait_05_half_bound__vx_pos_1p0__seed_0042,11,joint_rear_right_calf_pitch,rr,calf,37.0,robot.actuators['calf_legs'].effort_limit,0.30701249606833986,232.45406077685504,0.3878218625042889,0.4102883328618229,0.0,0.4710981726646423,0.4780218780040741,0.0
gait_05_half_bound__vx_pos_1p5__seed_0042,0,joint_front_left_abad,fl,hip,17.0,robot.actuators['hip_legs'].effort_limit,0.07355648212835215,8.389768752777018,0.1678964523708119,0.20306041815701653,0.0,0.41781928241252897,0.44449436008930204,0.0
gait_05_half_bound__vx_pos_1p5__seed_0042,1,joint_front_left_thigh_pitch,fl,thigh,17.0,robot.actuators['thigh_legs'].effort_limit,1.0843066470486737,165.42301182210446,0.62357317980598,0.640101422702565,0.0,0.32980623841285706,0.3394315791130066,0.0
gait_05_half_bound__vx_pos_1p5__seed_0042,2,joint_front_left_calf_pitch,fl,calf,37.0,robot.actuators['calf_legs'].effort_limit,0.6396184514378981,684.4819782715664,0.4405906393721295,0.49240341083423494,0.0,0.5078575193881989,0.516098997592926,0.0
gait_05_half_bound__vx_pos_1p5__seed_0042,3,joint_front_right_abad,fr,hip,17.0,robot.actuators['hip_legs'].effort_limit,0.13178320599644405,10.549643405966927,0.23069842422709733,0.27516135973088884,0.0,0.34341554045677186,0.35456867814064025,0.0
gait_05_half_bound__vx_pos_1p5__seed_0042,4,joint_front_right_thigh_pitch,fr,thigh,17.0,robot.actuators['thigh_legs'].effort_limit,1.1356063831960768,149.5085210323334,0.7302622402415555,0.7596491162917193,0.0,0.28531041145324704,0.3154614174365996,0.0
gait_05_half_bound__vx_pos_1p5__seed_0042,5,joint_front_right_calf_pitch,fr,calf,37.0,robot.actuators['calf_legs'].effort_limit,0.3540960999837175,351.18287633663044,0.33787816279643285,0.3657348006480448,0.0,0.4631378859281539,0.4698203235864639,0.0
gait_05_half_bound__vx_pos_1p5__seed_0042,6,joint_rear_left_abad,rl,hip,17.0,robot.actuators['hip_legs'].effort_limit,0.25141396013841527,9.934558120924049,0.2824628451291253,0.3079895501978257,0.0,0.39500230848789214,0.41216762781143185,0.0
gait_05_half_bound__vx_pos_1p5__seed_0042,7,joint_rear_left_thigh_pitch,rl,thigh,20.0,robot.actuators['thigh_legs'].effort_limit,0.8112631111769774,135.18793669506908,0.6862446856498716,0.7443193793296814,0.0,0.3665370732545853,0.37243354320526123,0.0
gait_05_half_bound__vx_pos_1p5__seed_0042,8,joint_rear_left_calf_pitch,rl,calf,37.0,robot.actuators['calf_legs'].effort_limit,0.44086555095154795,376.72049289360643,0.4073191320573961,0.451760285867227,0.0,0.6266496121883391,0.6544461870193481,0.0
gait_05_half_bound__vx_pos_1p5__seed_0042,9,joint_rear_right_abad,rr,hip,17.0,robot.actuators['hip_legs'].effort_limit,0.37120108185171824,9.010055727004074,0.39680972239550416,0.414613389968872,0.0,0.5015125751495361,0.511035053730011,0.0
gait_05_half_bound__vx_pos_1p5__seed_0042,10,joint_rear_right_thigh_pitch,rr,thigh,20.0,robot.actuators['thigh_legs'].effort_limit,1.193694825347869,148.8573295156099,0.6561912250518799,0.7203964786529541,0.0,0.30077103078365325,0.30718776345252985,0.0
gait_05_half_bound__vx_pos_1p5__seed_0042,11,joint_rear_right_calf_pitch,rr,calf,37.0,robot.actuators['calf_legs'].effort_limit,0.2553692507703203,243.47887569922958,0.3574816562033988,0.43124759210122565,0.0,0.44484375715255736,0.4552672040462494,0.0
gait_06_gallop__vx_neg_1p5__seed_0042,0,joint_front_left_abad,fl,hip,17.0,robot.actuators['hip_legs'].effort_limit,0.2800468703343371,7.028412924016884,0.3046233766219195,0.31254381544449744,0.0,0.4343374252319336,0.44757647752761837,0.0
gait_06_gallop__vx_neg_1p5__seed_0042,1,joint_front_left_thigh_pitch,fl,thigh,17.0,robot.actuators['thigh_legs'].effort_limit,1.821473593609168,184.50543476983904,0.7296340549693388,0.7550859675687902,0.0,0.3854121208190917,0.3967303442955017,0.0
gait_06_gallop__vx_neg_1p5__seed_0042,2,joint_front_left_calf_pitch,fl,calf,37.0,robot.actuators['calf_legs'].effort_limit,0.3333078007338549,340.3369203181565,0.3223798622956146,0.35738165881182693,0.0,0.49684710800647736,0.5036339861154556,0.0
gait_06_gallop__vx_neg_1p5__seed_0042,3,joint_front_right_abad,fr,hip,17.0,robot.actuators['hip_legs'].effort_limit,0.2110922310693486,12.423043403367046,0.3092184824102064,0.35297112885643456,0.0,0.4114333510398865,0.4228594243526459,0.0
gait_06_gallop__vx_neg_1p5__seed_0042,4,joint_front_right_thigh_pitch,fr,thigh,17.0,robot.actuators['thigh_legs'].effort_limit,1.096376907826378,111.80876153303777,0.6140981365652646,0.6976669872508325,0.0,0.3134589850902557,0.32377642035484316,0.0
gait_06_gallop__vx_neg_1p5__seed_0042,5,joint_front_right_calf_pitch,fr,calf,37.0,robot.actuators['calf_legs'].effort_limit,0.2566622775963014,213.38604711670413,0.3253515681704959,0.390243932620899,0.0,0.3950942486524582,0.40549672722816466,0.0
gait_06_gallop__vx_neg_1p5__seed_0042,6,joint_rear_left_abad,rl,hip,17.0,robot.actuators['hip_legs'].effort_limit,0.8103619982299481,12.20991119079292,0.5039458443136776,0.509156857658835,0.0,0.5068986892700195,0.5178994071483612,0.0
gait_06_gallop__vx_neg_1p5__seed_0042,7,joint_rear_left_thigh_pitch,rl,thigh,20.0,robot.actuators['thigh_legs'].effort_limit,0.37040350041107234,92.26332729041576,0.4235006070137023,0.4469408531188964,0.0,0.2925704836845398,0.31158376395702364,0.0
gait_06_gallop__vx_neg_1p5__seed_0042,8,joint_rear_left_calf_pitch,rl,calf,37.0,robot.actuators['calf_legs'].effort_limit,0.29768899733797854,168.32721282705666,0.3210759497977592,0.3488449893126614,0.0,0.49097134470939635,0.49988831996917726,0.0
gait_06_gallop__vx_neg_1p5__seed_0042,9,joint_rear_right_abad,rr,hip,17.0,robot.actuators['hip_legs'].effort_limit,0.7142523801852975,23.853634835043923,0.55289626121521,0.5965370868234073,0.0,0.5277576804161072,0.555589519739151,0.0
gait_06_gallop__vx_neg_1p5__seed_0042,10,joint_rear_right_thigh_pitch,rr,thigh,20.0,robot.actuators['thigh_legs'].effort_limit,0.5860382322836096,116.16549562469125,0.4729051303863525,0.49300802612304684,0.0,0.2781929671764374,0.28055174767971036,0.0
gait_06_gallop__vx_neg_1p5__seed_0042,11,joint_rear_right_calf_pitch,rr,calf,37.0,robot.actuators['calf_legs'].effort_limit,0.2236383132834768,237.43107221886515,0.2523375060107257,0.26852369514671526,0.0,0.5149210155010223,0.52109215259552,0.0
gait_06_gallop__vx_neg_1p0__seed_0042,0,joint_front_left_abad,fl,hip,17.0,robot.actuators['hip_legs'].effort_limit,0.4572433904932768,15.42125978041906,0.4108493720783907,0.4456526918972239,0.0,0.4010082930326462,0.42859279751777646,0.0
gait_06_gallop__vx_neg_1p0__seed_0042,1,joint_front_left_thigh_pitch,fl,thigh,17.0,robot.actuators['thigh_legs'].effort_limit,1.1853573373391948,121.8182318405062,0.5959016743828268,0.6370910453796387,0.0,0.38870354890823366,0.39109611153602597,0.0
gait_06_gallop__vx_neg_1p0__seed_0042,2,joint_front_left_calf_pitch,fl,calf,37.0,robot.actuators['calf_legs'].effort_limit,0.2503453959980621,258.64308742232623,0.28948169398952167,0.31745370065843737,0.0,0.5087502092123032,0.5126473820209503,0.0
gait_06_gallop__vx_neg_1p0__seed_0042,3,joint_front_right_abad,fr,hip,17.0,robot.actuators['hip_legs'].effort_limit,0.212943757687577,18.555729719996453,0.27667166485505945,0.29592351324418015,0.0,0.3928176701068878,0.4012135708332061,0.0
gait_06_gallop__vx_neg_1p0__seed_0042,4,joint_front_right_thigh_pitch,fr,thigh,17.0,robot.actuators['thigh_legs'].effort_limit,0.6471724446590638,83.10636628215784,0.47870958552641024,0.5228865326152128,0.0,0.32226738929748533,0.3287136387825012,0.0
gait_06_gallop__vx_neg_1p0__seed_0042,5,joint_front_right_calf_pitch,fr,calf,37.0,robot.actuators['calf_legs'].effort_limit,0.24159775573163467,176.8523218864575,0.346333057815964,0.3753712339658995,0.0,0.4343289792537689,0.4434684324264526,0.0
gait_06_gallop__vx_neg_1p0__seed_0042,6,joint_rear_left_abad,rl,hip,17.0,robot.actuators['hip_legs'].effort_limit,0.549870957625639,14.305620128943701,0.3959340642480289,0.40860898831311393,0.0,0.4350647658109664,0.47130942165851586,0.0
gait_06_gallop__vx_neg_1p0__seed_0042,7,joint_rear_left_thigh_pitch,rl,thigh,20.0,robot.actuators['thigh_legs'].effort_limit,0.3337036321603434,60.49072256135638,0.3151433384418487,0.32922976088523864,0.0,0.3178966879844665,0.3328494495153427,0.0
gait_06_gallop__vx_neg_1p0__seed_0042,8,joint_rear_left_calf_pitch,rl,calf,37.0,robot.actuators['calf_legs'].effort_limit,0.20516514053898094,115.14576483896002,0.26308046676017144,0.29215257876628153,0.0,0.42504010200500486,0.42908430576324463,0.0
gait_06_gallop__vx_neg_1p0__seed_0042,9,joint_rear_right_abad,rr,hip,17.0,robot.actuators['hip_legs'].effort_limit,0.7694255497523054,29.766810689404373,0.5955355588127585,0.6200159532883588,0.0,0.42086130380630493,0.4507657420635223,0.0
gait_06_gallop__vx_neg_1p0__seed_0042,10,joint_rear_right_thigh_pitch,rr,thigh,20.0,robot.actuators['thigh_legs'].effort_limit,0.3892928202087414,69.07710601541214,0.3716638135910034,0.3882953910827635,0.0,0.280712753534317,0.28851656854152674,0.0
gait_06_gallop__vx_neg_1p0__seed_0042,11,joint_rear_right_calf_pitch,rr,calf,37.0,robot.actuators['calf_legs'].effort_limit,0.23071603078300165,211.8782984488085,0.26876348418158447,0.3025405409529402,0.0,0.49062809348106384,0.5011036157608032,0.0
gait_06_gallop__vx_neg_0p5__seed_0042,0,joint_front_left_abad,fl,hip,17.0,robot.actuators['hip_legs'].effort_limit,0.45650912742421507,13.144777912208811,0.4282168781056124,0.44018563803504496,0.0,0.3393303155899048,0.35288065671920776,0.0
gait_06_gallop__vx_neg_0p5__seed_0042,1,joint_front_left_thigh_pitch,fl,thigh,17.0,robot.actuators['thigh_legs'].effort_limit,0.4698642079225304,59.99994812113233,0.3568631059983197,0.42684197425842285,0.0,0.39307790994644165,0.39985325932502747,0.0
gait_06_gallop__vx_neg_0p5__seed_0042,2,joint_front_left_calf_pitch,fl,calf,37.0,robot.actuators['calf_legs'].effort_limit,0.1872386199159479,200.55400321464987,0.2597091069092622,0.28927422214198756,0.0,0.5058488100767136,0.512468695640564,0.0
gait_06_gallop__vx_neg_0p5__seed_0042,3,joint_front_right_abad,fr,hip,17.0,robot.actuators['hip_legs'].effort_limit,0.14871779267215288,12.282168919651303,0.2212752664790434,0.2418059461257037,0.0,0.3670704662799835,0.37406638264656067,0.0
gait_06_gallop__vx_neg_0p5__seed_0042,4,joint_front_right_thigh_pitch,fr,thigh,17.0,robot.actuators['thigh_legs'].effort_limit,0.4019811312345686,47.57880417324603,0.4107591895496144,0.4953763064216165,0.0,0.3056737780570984,0.311733603477478,0.0
gait_06_gallop__vx_neg_0p5__seed_0042,5,joint_front_right_calf_pitch,fr,calf,37.0,robot.actuators['calf_legs'].effort_limit,0.2838485470052868,158.09147672690392,0.3448040163194811,0.38226920849568136,0.0,0.4655269533395767,0.4690389484167099,0.0
gait_06_gallop__vx_neg_0p5__seed_0042,6,joint_rear_left_abad,rl,hip,17.0,robot.actuators['hip_legs'].effort_limit,0.197269517015494,12.033277471885086,0.26081803966971,0.28807739650501923,0.0,0.3825909048318863,0.40649670362472534,0.0
gait_06_gallop__vx_neg_0p5__seed_0042,7,joint_rear_left_thigh_pitch,rl,thigh,20.0,robot.actuators['thigh_legs'].effort_limit,0.2603546181114439,41.6558260060288,0.3071841180324555,0.32577253580093385,0.0,0.3107728064060211,0.3219067305326462,0.0
gait_06_gallop__vx_neg_0p5__seed_0042,8,joint_rear_left_calf_pitch,rl,calf,37.0,robot.actuators['calf_legs'].effort_limit,0.19866829530945207,104.47640593929216,0.27108624174788193,0.2868781734157253,0.0,0.47799989581108093,0.48135432600975037,0.0
gait_06_gallop__vx_neg_0p5__seed_0042,9,joint_rear_right_abad,rr,hip,17.0,robot.actuators['hip_legs'].effort_limit,0.5348726004298079,14.651918996619788,0.46562274764565864,0.4775556255789364,0.0,0.33143937587738037,0.33705878257751465,0.0
gait_06_gallop__vx_neg_0p5__seed_0042,10,joint_rear_right_thigh_pitch,rr,thigh,20.0,robot.actuators['thigh_legs'].effort_limit,0.2288243995872783,42.413636533990505,0.2758973062038422,0.284807413816452,0.0,0.2876526117324829,0.2939215302467346,0.0
gait_06_gallop__vx_neg_0p5__seed_0042,11,joint_rear_right_calf_pitch,rr,calf,37.0,robot.actuators['calf_legs'].effort_limit,0.17391588530569457,146.575937221786,0.21334096869906866,0.2186214343921558,0.0,0.5014455318450928,0.5040731132030487,0.0
gait_06_gallop__vx_pos_0p5__seed_0042,0,joint_front_left_abad,fl,hip,17.0,robot.actuators['hip_legs'].effort_limit,0.3909345059391116,11.50660117494408,0.44436196018667784,0.4604683553471285,0.0,0.3262917101383209,0.3352004587650299,0.0
gait_06_gallop__vx_pos_0p5__seed_0042,1,joint_front_left_thigh_pitch,fl,thigh,17.0,robot.actuators['thigh_legs'].effort_limit,0.26467698492120856,38.20334662823938,0.3154582135817584,0.34031933195450725,0.0,0.3081320524215698,0.30939432978630066,0.0
gait_06_gallop__vx_pos_0p5__seed_0042,2,joint_front_left_calf_pitch,fl,calf,37.0,robot.actuators['calf_legs'].effort_limit,0.16494354095279096,164.66076091310853,0.20146294542261073,0.21425726607039167,0.0,0.4876248389482498,0.4936336874961853,0.0
gait_06_gallop__vx_pos_0p5__seed_0042,3,joint_front_right_abad,fr,hip,17.0,robot.actuators['hip_legs'].effort_limit,0.22078959790497224,11.04617946038954,0.2815547830918256,0.30722296939176674,0.0,0.4356612265110016,0.4489828050136566,0.0
gait_06_gallop__vx_pos_0p5__seed_0042,4,joint_front_right_thigh_pitch,fr,thigh,17.0,robot.actuators['thigh_legs'].effort_limit,0.2771608925699537,35.033245916265294,0.3037099417518167,0.3436523395426133,0.0,0.2890093922615051,0.29529282450675964,0.0
gait_06_gallop__vx_pos_0p5__seed_0042,5,joint_front_right_calf_pitch,fr,calf,37.0,robot.actuators['calf_legs'].effort_limit,0.2735684515793732,159.77259131269994,0.3112302857476312,0.33150864936210017,0.0,0.4708123952150345,0.4731854051351547,0.0
gait_06_gallop__vx_pos_0p5__seed_0042,6,joint_rear_left_abad,rl,hip,17.0,robot.actuators['hip_legs'].effort_limit,0.1263446388712152,8.64222950697411,0.18754916331347296,0.21752966852749095,0.0,0.3331003785133362,0.3534125089645386,0.0
gait_06_gallop__vx_pos_0p5__seed_0042,7,joint_rear_left_thigh_pitch,rl,thigh,20.0,robot.actuators['thigh_legs'].effort_limit,0.20765905425495756,36.759874536385176,0.27733784914016724,0.3334263026714325,0.0,0.28175872564315796,0.2835705578327179,0.0
gait_06_gallop__vx_pos_0p5__seed_0042,8,joint_rear_left_calf_pitch,rl,calf,37.0,robot.actuators['calf_legs'].effort_limit,0.2757957698868242,167.6639457734488,0.3210155126210805,0.3428207668098243,0.0,0.4819425642490387,0.4854748249053955,0.0
gait_06_gallop__vx_pos_0p5__seed_0042,9,joint_rear_right_abad,rr,hip,17.0,robot.actuators['hip_legs'].effort_limit,0.4619423611953244,17.676233148688915,0.4071263285244212,0.415612353998072,0.0,0.31816384196281433,0.32300376892089844,0.0
gait_06_gallop__vx_pos_0p5__seed_0042,10,joint_rear_right_thigh_pitch,rr,thigh,20.0,robot.actuators['thigh_legs'].effort_limit,0.3995022225094859,42.92422867168673,0.3134146213531494,0.3239737629890442,0.0,0.38032977283000946,0.3882175534963608,0.0
gait_06_gallop__vx_pos_0p5__seed_0042,11,joint_rear_right_calf_pitch,rr,calf,37.0,robot.actuators['calf_legs'].effort_limit,0.14518276492810803,131.22604126124176,0.19515804020134178,0.19942560389235214,0.0,0.5125819444656372,0.5153531730175018,0.0
gait_06_gallop__vx_pos_1p0__seed_0042,0,joint_front_left_abad,fl,hip,17.0,robot.actuators['hip_legs'].effort_limit,0.4595371935474075,16.39579841939587,0.507818951326258,0.5349704731211943,0.0,0.3245224893093109,0.3365983682870864,0.0
gait_06_gallop__vx_pos_1p0__seed_0042,1,joint_front_left_thigh_pitch,fl,thigh,17.0,robot.actuators['thigh_legs'].effort_limit,0.6310962620622483,80.75326795567292,0.44949477139641253,0.4708300859787885,0.0,0.3209872364997864,0.3267192733287811,0.0
gait_06_gallop__vx_pos_1p0__seed_0042,2,joint_front_left_calf_pitch,fl,calf,37.0,robot.actuators['calf_legs'].effort_limit,0.29975023314906873,341.75022367735625,0.27875058328783187,0.3293866915316195,0.0,0.5053723305463791,0.5087911808490753,0.0
gait_06_gallop__vx_pos_1p0__seed_0042,3,joint_front_right_abad,fr,hip,17.0,robot.actuators['hip_legs'].effort_limit,0.3280776551287831,13.001979443081655,0.2755127163494335,0.28454000977908867,0.0,0.4578746438026427,0.49120278835296627,0.0
gait_06_gallop__vx_pos_1p0__seed_0042,4,joint_front_right_thigh_pitch,fr,thigh,17.0,robot.actuators['thigh_legs'].effort_limit,0.4330245497237376,66.59544816527516,0.4032276826746323,0.41934531211853027,0.0,0.2902811229228973,0.29893702030181885,0.0
gait_06_gallop__vx_pos_1p0__seed_0042,5,joint_front_right_calf_pitch,fr,calf,37.0,robot.actuators['calf_legs'].effort_limit,0.2671506948624811,167.13916315365583,0.2994382626301534,0.37213475330455875,0.0,0.4389490276575088,0.4435002678632736,0.0
gait_06_gallop__vx_pos_1p0__seed_0042,6,joint_rear_left_abad,rl,hip,17.0,robot.actuators['hip_legs'].effort_limit,0.24822825916831712,9.488389732786455,0.3023526738671696,0.3279871531093822,0.0,0.37374462187290186,0.3853838276863098,0.0
gait_06_gallop__vx_pos_1p0__seed_0042,7,joint_rear_left_thigh_pitch,rl,thigh,20.0,robot.actuators['thigh_legs'].effort_limit,0.34639613618242543,79.03418024076149,0.3845771741867065,0.40833484935760495,0.0,0.30554787218570706,0.31239006102085115,0.0
gait_06_gallop__vx_pos_1p0__seed_0042,8,joint_rear_left_calf_pitch,rl,calf,37.0,robot.actuators['calf_legs'].effort_limit,0.31785458991551574,212.61536676861346,0.38052507864462354,0.4069557380676269,0.0,0.4433466255664825,0.4487330532073974,0.0
gait_06_gallop__vx_pos_1p0__seed_0042,9,joint_rear_right_abad,rr,hip,17.0,robot.actuators['hip_legs'].effort_limit,0.6568976817797143,23.246349611617624,0.46826673255247225,0.4837589634166044,0.0,0.3850619852542877,0.3921428334712982,0.0
gait_06_gallop__vx_pos_1p0__seed_0042,10,joint_rear_right_thigh_pitch,rr,thigh,20.0,robot.actuators['thigh_legs'].effort_limit,0.8560009147087769,107.19407373972237,0.49719609022140504,0.5122578134536743,0.0,0.3879447102546692,0.3941041713953018,0.0
gait_06_gallop__vx_pos_1p0__seed_0042,11,joint_rear_right_calf_pitch,rr,calf,37.0,robot.actuators['calf_legs'].effort_limit,0.23987946818510683,236.39819502821192,0.2734010670636151,0.3041984395723085,0.0,0.5140546739101409,0.5241150093078614,0.0
gait_06_gallop__vx_pos_1p5__seed_0042,0,joint_front_left_abad,fl,hip,17.0,robot.actuators['hip_legs'].effort_limit,0.34300052499983275,14.161256738607772,0.4084194463842055,0.47797810722799844,0.0,0.3747621238231658,0.3935612672567367,0.0
gait_06_gallop__vx_pos_1p5__seed_0042,1,joint_front_left_thigh_pitch,fl,thigh,17.0,robot.actuators['thigh_legs'].effort_limit,1.1044223999849165,135.89523167140783,0.6058432298548081,0.6454130419562844,0.0,0.31194573044776913,0.332927006483078,0.0
gait_06_gallop__vx_pos_1p5__seed_0042,2,joint_front_left_calf_pitch,fl,calf,37.0,robot.actuators['calf_legs'].effort_limit,0.4207529462585235,536.2231047334661,0.3536424185778644,0.4324265753256307,0.0,0.5539488852024078,0.5643703138828278,0.0
gait_06_gallop__vx_pos_1p5__seed_0042,3,joint_front_right_abad,fr,hip,17.0,robot.actuators['hip_legs'].effort_limit,0.30345400308901244,14.459463245408843,0.31931039866279154,0.3348825653861551,0.0,0.45864481329917905,0.4713420343399048,0.0
gait_06_gallop__vx_pos_1p5__seed_0042,4,joint_front_right_thigh_pitch,fr,thigh,17.0,robot.actuators['thigh_legs'].effort_limit,0.7227070472164033,132.46170892480762,0.6175827811746036,0.6534641983929802,0.0,0.2935588836669922,0.296131865978241,0.0
gait_06_gallop__vx_pos_1p5__seed_0042,5,joint_front_right_calf_pitch,fr,calf,37.0,robot.actuators['calf_legs'].effort_limit,0.41532378068980425,249.85044139995242,0.3810654807735133,0.525526100364891,0.0,0.4742906630039214,0.4905969178676605,0.0
gait_06_gallop__vx_pos_1p5__seed_0042,6,joint_rear_left_abad,rl,hip,17.0,robot.actuators['hip_legs'].effort_limit,0.3861884508799204,13.125443799439818,0.45271082765915766,0.5004599548788627,0.0,0.40937110483646394,0.4161872178316116,0.0
gait_06_gallop__vx_pos_1p5__seed_0042,7,joint_rear_left_thigh_pitch,rl,thigh,20.0,robot.actuators['thigh_legs'].effort_limit,0.6931517312638641,119.3470063852705,0.5346281409263606,0.6151950349807738,0.0,0.30587113797664645,0.31499352753162385,0.0
gait_06_gallop__vx_pos_1p5__seed_0042,8,joint_rear_left_calf_pitch,rl,calf,37.0,robot.actuators['calf_legs'].effort_limit,0.3393853885446685,246.98105701013824,0.40418000865626974,0.4271270195213524,0.0,0.3806715428829193,0.3916199398040771,0.0
gait_06_gallop__vx_pos_1p5__seed_0042,9,joint_rear_right_abad,rr,hip,17.0,robot.actuators['hip_legs'].effort_limit,0.5548904956441899,15.774303957347293,0.3945745215696447,0.41261358513551594,0.0,0.4618033647537231,0.47126691937446596,0.0
gait_06_gallop__vx_pos_1p5__seed_0042,10,joint_rear_right_thigh_pitch,rr,thigh,20.0,robot.actuators['thigh_legs'].effort_limit,1.0951256412597976,178.90105931907894,0.569846544265747,0.6107102012634276,0.0,0.3588210016489029,0.3630761402845383,0.0
gait_06_gallop__vx_pos_1p5__seed_0042,11,joint_rear_right_calf_pitch,rr,calf,37.0,robot.actuators['calf_legs'].effort_limit,0.34826794838818886,333.70043187619945,0.32348329698717265,0.34864425891154516,0.0,0.5298284411430358,0.5393541991710663,0.0
gait_07_gallop__vx_neg_1p5__seed_0042,0,joint_front_left_abad,fl,hip,17.0,robot.actuators['hip_legs'].effort_limit,0.2540335677649976,18.69373097009957,0.3372736033271341,0.3576027858958525,0.0,0.43667178750038144,0.4418503654003143,0.0
gait_07_gallop__vx_neg_1p5__seed_0042,1,joint_front_left_thigh_pitch,fl,thigh,17.0,robot.actuators['thigh_legs'].effort_limit,1.403436947137301,133.49182866629212,0.6811657989726347,0.7323276564654182,0.0,0.2869408309459685,0.2951741552352905,0.0
gait_07_gallop__vx_neg_1p5__seed_0042,2,joint_front_left_calf_pitch,fl,calf,37.0,robot.actuators['calf_legs'].effort_limit,0.24758285101899577,199.57818482060918,0.34344263592281854,0.4226256298374485,0.0,0.3938489258289337,0.4039568132162094,0.0
gait_07_gallop__vx_neg_1p5__seed_0042,3,joint_front_right_abad,fr,hip,17.0,robot.actuators['hip_legs'].effort_limit,0.152680816345182,11.855467476618943,0.2507201629526474,0.26760653467739326,0.0,0.3930445671081543,0.41193333387374875,0.0
gait_07_gallop__vx_neg_1p5__seed_0042,4,joint_front_right_thigh_pitch,fr,thigh,17.0,robot.actuators['thigh_legs'].effort_limit,1.4226237291294879,160.63628171019258,0.7058245630825267,0.7482459365620332,0.0,0.3680978059768677,0.3747159445285797,0.0
gait_07_gallop__vx_neg_1p5__seed_0042,5,joint_front_right_calf_pitch,fr,calf,37.0,robot.actuators['calf_legs'].effort_limit,0.28263654213102607,293.3371872200817,0.2810330210505305,0.3648176151997333,0.0,0.5372352421283721,0.5486972874403,0.0
gait_07_gallop__vx_neg_1p5__seed_0042,6,joint_rear_left_abad,rl,hip,17.0,robot.actuators['hip_legs'].effort_limit,0.14266649720917784,7.70362491982989,0.197909439311308,0.21240719963522517,0.0,0.5398508697748183,0.5651550608873367,0.0
gait_07_gallop__vx_neg_1p5__seed_0042,7,joint_rear_left_thigh_pitch,rl,thigh,20.0,robot.actuators['thigh_legs'].effort_limit,0.36696457822078965,94.58527448259643,0.4919121456146238,0.5135510401725768,0.0,0.3066243320703506,0.3105782604217529,0.0
gait_07_gallop__vx_neg_1p5__seed_0042,8,joint_rear_left_calf_pitch,rl,calf,37.0,robot.actuators['calf_legs'].effort_limit,0.2339507922186222,130.5383249570988,0.3500530281582393,0.4816106992154504,0.0,0.49822689890861505,0.5208560574054718,0.0
gait_07_gallop__vx_neg_1p5__seed_0042,9,joint_rear_right_abad,rr,hip,17.0,robot.actuators['hip_legs'].effort_limit,0.32899986326681907,14.334683723100461,0.3394879341125488,0.3538367773504818,0.0,0.5059057474136353,0.5209670853614807,0.0
gait_07_gallop__vx_neg_1p5__seed_0042,10,joint_rear_right_thigh_pitch,rr,thigh,20.0,robot.actuators['thigh_legs'].effort_limit,0.6055592390658505,111.32707905977965,0.4018716335296631,0.4304970173835754,0.0,0.3050882130861282,0.3128237390518188,0.0
gait_07_gallop__vx_neg_1p5__seed_0042,11,joint_rear_right_calf_pitch,rr,calf,37.0,robot.actuators['calf_legs'].effort_limit,0.4179801635824372,294.3559288953245,0.3756623229464969,0.3898062633823704,0.0,0.5801800549030304,0.5878172838687896,0.0
gait_07_gallop__vx_neg_1p0__seed_0042,0,joint_front_left_abad,fl,hip,17.0,robot.actuators['hip_legs'].effort_limit,0.14519887694974334,7.4638473469603195,0.253348842789145,0.27411253480350267,0.0,0.4314802557229996,0.4362603449821472,0.0
gait_07_gallop__vx_neg_1p0__seed_0042,1,joint_front_left_thigh_pitch,fl,thigh,17.0,robot.actuators['thigh_legs'].effort_limit,0.9226873998755108,74.49818959173747,0.5731204818276797,0.6224592287400187,0.0,0.29470125436782835,0.3003662383556366,0.0
gait_07_gallop__vx_neg_1p0__seed_0042,2,joint_front_left_calf_pitch,fl,calf,37.0,robot.actuators['calf_legs'].effort_limit,0.2352943663632893,168.50451240244206,0.3203750172176876,0.40211965895987845,0.0,0.4338836997747421,0.44216788351535796,0.0
gait_07_gallop__vx_neg_1p0__seed_0042,3,joint_front_right_abad,fr,hip,17.0,robot.actuators['hip_legs'].effort_limit,0.1187618459899651,10.337405065968634,0.18802425370496856,0.2071240663528442,0.0,0.384403920173645,0.3914173626899719,0.0
gait_07_gallop__vx_neg_1p0__seed_0042,4,joint_front_right_thigh_pitch,fr,thigh,17.0,robot.actuators['thigh_legs'].effort_limit,0.7842589767296528,87.66689545111731,0.4944355375626508,0.5193390066483441,0.0,0.37937800884246825,0.3817834413051605,0.0
gait_07_gallop__vx_neg_1p0__seed_0042,5,joint_front_right_calf_pitch,fr,calf,37.0,robot.actuators['calf_legs'].effort_limit,0.20445593788195088,172.8477143158298,0.26429112537487126,0.2760072816384805,0.0,0.5639209091663361,0.5698174750804901,0.0
gait_07_gallop__vx_neg_1p0__seed_0042,6,joint_rear_left_abad,rl,hip,17.0,robot.actuators['hip_legs'].effort_limit,0.07605971497886374,5.322871627850109,0.15237378513111785,0.17917989927179673,0.0,0.413823503255844,0.4274634981155395,0.0
gait_07_gallop__vx_neg_1p0__seed_0042,7,joint_rear_left_thigh_pitch,rl,thigh,20.0,robot.actuators['thigh_legs'].effort_limit,0.18015626764078405,46.097494417175184,0.2925837051868438,0.30588370561599726,0.0,0.3202652633190155,0.323808314204216,0.0
gait_07_gallop__vx_neg_1p0__seed_0042,8,joint_rear_left_calf_pitch,rl,calf,37.0,robot.actuators['calf_legs'].effort_limit,0.18316763855941345,91.82432505282574,0.3128926083848283,0.36845486872904926,0.0,0.42950004935264574,0.43838444590568537,0.0
gait_07_gallop__vx_neg_1p0__seed_0042,9,joint_rear_right_abad,rr,hip,17.0,robot.actuators['hip_legs'].effort_limit,0.13375587638897474,6.45300429579569,0.22552606077755197,0.24114412223591522,0.0,0.41535578966140746,0.429068853855133,0.0
gait_07_gallop__vx_neg_1p0__seed_0042,10,joint_rear_right_thigh_pitch,rr,thigh,20.0,robot.actuators['thigh_legs'].effort_limit,0.361773765842844,53.048031544820404,0.37008700609207157,0.386693256855011,0.0,0.30113790333271023,0.30496962428092955,0.0
gait_07_gallop__vx_neg_1p0__seed_0042,11,joint_rear_right_calf_pitch,rr,calf,37.0,robot.actuators['calf_legs'].effort_limit,0.36015355418403183,219.56339321129025,0.3319176480576798,0.33931060455940865,0.0,0.5788013517856598,0.6035905480384826,0.0
gait_07_gallop__vx_neg_0p5__seed_0042,0,joint_front_left_abad,fl,hip,17.0,robot.actuators['hip_legs'].effort_limit,0.10062569815907763,4.814893699953682,0.19168968060437372,0.22983567854937384,0.0,0.45144884288311005,0.45660507678985596,0.0
gait_07_gallop__vx_neg_0p5__seed_0042,1,joint_front_left_thigh_pitch,fl,thigh,17.0,robot.actuators['thigh_legs'].effort_limit,0.6282065947029911,34.39351251136977,0.5214626228108126,0.5542525543886072,0.0,0.29750120639801025,0.3017183244228363,0.0
gait_07_gallop__vx_neg_0p5__seed_0042,2,joint_front_left_calf_pitch,fl,calf,37.0,robot.actuators['calf_legs'].effort_limit,0.23351709303642817,140.85801173884656,0.29861411532840215,0.34047654512766246,0.0,0.4676923304796219,0.4732777327299118,0.0
gait_07_gallop__vx_neg_0p5__seed_0042,3,joint_front_right_abad,fr,hip,17.0,robot.actuators['hip_legs'].effort_limit,0.060041684754030496,7.165808275685413,0.15554903885897467,0.1804983756121467,0.0,0.3362690210342407,0.3414650559425354,0.0
gait_07_gallop__vx_neg_0p5__seed_0042,4,joint_front_right_thigh_pitch,fr,thigh,17.0,robot.actuators['thigh_legs'].effort_limit,0.33709572641722796,46.773479832503945,0.33217087212730856,0.35477757453918457,0.0,0.38740038871765137,0.39210808277130127,0.0
gait_07_gallop__vx_neg_0p5__seed_0042,5,joint_front_right_calf_pitch,fr,calf,37.0,robot.actuators['calf_legs'].effort_limit,0.1629572909268398,122.7239283592999,0.2299224363790976,0.2368978938540897,0.0,0.5969432145357132,0.600709080696106,0.0
gait_07_gallop__vx_neg_0p5__seed_0042,6,joint_rear_left_abad,rl,hip,17.0,robot.actuators['hip_legs'].effort_limit,0.08571461519413662,5.2884755429691,0.23862520386190977,0.2839614994385663,0.0,0.35611672699451447,0.3652544319629669,0.0
gait_07_gallop__vx_neg_0p5__seed_0042,7,joint_rear_left_thigh_pitch,rl,thigh,20.0,robot.actuators['thigh_legs'].effort_limit,0.24414245585825634,28.287175706973066,0.25302899479866026,0.270019280910492,0.0,0.3575522154569626,0.3657222092151642,0.0
gait_07_gallop__vx_neg_0p5__seed_0042,8,joint_rear_left_calf_pitch,rl,calf,37.0,robot.actuators['calf_legs'].effort_limit,0.14082342463972702,60.95470723850653,0.2628461090294091,0.3013420233855376,0.0,0.4753078818321228,0.47770845890045166,0.0
gait_07_gallop__vx_neg_0p5__seed_0042,9,joint_rear_right_abad,rr,hip,17.0,robot.actuators['hip_legs'].effort_limit,0.060250813646262905,2.726747715176316,0.13127973851035624,0.13939939877566168,0.0,0.3998565971851349,0.43160784244537354,0.0
gait_07_gallop__vx_neg_0p5__seed_0042,10,joint_rear_right_thigh_pitch,rr,thigh,20.0,robot.actuators['thigh_legs'].effort_limit,0.21635025044748382,31.305596003979446,0.27436971068382265,0.2963488221168518,0.0,0.2973569184541702,0.29914242029190063,0.0
gait_07_gallop__vx_neg_0p5__seed_0042,11,joint_rear_right_calf_pitch,rr,calf,37.0,robot.actuators['calf_legs'].effort_limit,0.30126481027911267,140.3345440465957,0.30748532913826604,0.3198856920809359,0.0,0.559961348772049,0.5649563074111938,0.0
gait_07_gallop__vx_pos_0p5__seed_0042,0,joint_front_left_abad,fl,hip,17.0,robot.actuators['hip_legs'].effort_limit,0.10118347048745822,6.888076716955693,0.2420853025772992,0.3077769910587984,0.0,0.3780277669429779,0.3869604021310806,0.0
gait_07_gallop__vx_pos_0p5__seed_0042,1,joint_front_left_thigh_pitch,fl,thigh,17.0,robot.actuators['thigh_legs'].effort_limit,0.6456926635028291,40.50715140299755,0.48238242373746987,0.5054595189936021,0.0,0.3614516854286194,0.365651935338974,0.0
gait_07_gallop__vx_pos_0p5__seed_0042,2,joint_front_left_calf_pitch,fl,calf,37.0,robot.actuators['calf_legs'].effort_limit,0.18631212037520395,75.47523090325413,0.3279390979457546,0.34635946557328506,0.0,0.4362834244966507,0.44064077734947205,0.0
gait_07_gallop__vx_pos_0p5__seed_0042,3,joint_front_right_abad,fr,hip,17.0,robot.actuators['hip_legs'].effort_limit,0.08852859959063508,6.284697210835293,0.16131008723202872,0.16925292155321908,0.0,0.356282502412796,0.36947041749954224,0.0
gait_07_gallop__vx_pos_0p5__seed_0042,4,joint_front_right_thigh_pitch,fr,thigh,17.0,robot.actuators['thigh_legs'].effort_limit,0.3745652977590256,29.982828733061908,0.4675823169596055,0.4821903144612032,0.0,0.2953992486000061,0.29794204235076904,0.0
gait_07_gallop__vx_pos_0p5__seed_0042,5,joint_front_right_calf_pitch,fr,calf,37.0,robot.actuators['calf_legs'].effort_limit,0.23086930976149206,131.3482482473459,0.2744082309104301,0.2895572121078903,0.0,0.572235494852066,0.5797570645809174,0.0
gait_07_gallop__vx_pos_0p5__seed_0042,6,joint_rear_left_abad,rl,hip,17.0,robot.actuators['hip_legs'].effort_limit,0.08834188117292546,3.7803418240061273,0.19533440295387716,0.20748350900762222,0.0,0.4724556803703308,0.48130854964256287,0.0
gait_07_gallop__vx_pos_0p5__seed_0042,7,joint_rear_left_thigh_pitch,rl,thigh,20.0,robot.actuators['thigh_legs'].effort_limit,0.29604051174939794,30.98140119393356,0.3170817971229553,0.36319376826286315,0.0,0.30115923285484314,0.3043639659881592,0.0
gait_07_gallop__vx_pos_0p5__seed_0042,8,joint_rear_left_calf_pitch,rl,calf,37.0,robot.actuators['calf_legs'].effort_limit,0.22579498247866045,110.67400363791617,0.3014952363194646,0.3409284707662221,0.0,0.44920432567596436,0.453384131193161,0.0
gait_07_gallop__vx_pos_0p5__seed_0042,9,joint_rear_right_abad,rr,hip,17.0,robot.actuators['hip_legs'].effort_limit,0.04097341073059991,3.7439321856328753,0.12911634585436654,0.14656223970301013,0.0,0.3392293155193329,0.3465077579021454,0.0
gait_07_gallop__vx_pos_0p5__seed_0042,10,joint_rear_right_thigh_pitch,rr,thigh,20.0,robot.actuators['thigh_legs'].effort_limit,0.18740933416350505,39.5217675289698,0.27652794122695923,0.30304365158081054,0.0,0.3628482520580292,0.3678791970014572,0.0
gait_07_gallop__vx_pos_0p5__seed_0042,11,joint_rear_right_calf_pitch,rr,calf,37.0,robot.actuators['calf_legs'].effort_limit,0.22957335504216822,120.53944831090048,0.27614733335134145,0.2825940879615577,0.0,0.5593627989292145,0.5622584223747253,0.0
gait_07_gallop__vx_pos_1p0__seed_0042,0,joint_front_left_abad,fl,hip,17.0,robot.actuators['hip_legs'].effort_limit,0.06881134533008465,3.773709740252234,0.14430197056602026,0.1811478372181163,0.0,0.4546038627624511,0.4660103911161423,0.0
gait_07_gallop__vx_pos_1p0__seed_0042,1,joint_front_left_thigh_pitch,fl,thigh,17.0,robot.actuators['thigh_legs'].effort_limit,0.5861376811741102,58.86015164811164,0.41639831346624034,0.4366064966426176,0.0,0.3913370072841644,0.4006778037548065,0.0
gait_07_gallop__vx_pos_1p0__seed_0042,2,joint_front_left_calf_pitch,fl,calf,37.0,robot.actuators['calf_legs'].effort_limit,0.18347361737382767,91.29386226783973,0.34538573445500553,0.45365158802754113,0.0,0.4009541928768158,0.4111182701587677,0.0
gait_07_gallop__vx_pos_1p0__seed_0042,3,joint_front_right_abad,fr,hip,17.0,robot.actuators['hip_legs'].effort_limit,0.1313328721181279,10.56878764026682,0.20347350555307725,0.21664324255550607,0.0,0.4270183205604553,0.4450093007087707,0.0
gait_07_gallop__vx_pos_1p0__seed_0042,4,joint_front_right_thigh_pitch,fr,thigh,17.0,robot.actuators['thigh_legs'].effort_limit,0.4479576390384194,54.24640954824281,0.42137080781600034,0.46668398492476515,0.0,0.30020877718925476,0.3039711618423462,0.0
gait_07_gallop__vx_pos_1p0__seed_0042,5,joint_front_right_calf_pitch,fr,calf,37.0,robot.actuators['calf_legs'].effort_limit,0.37686634613079967,225.4478355355002,0.34376011152525204,0.3561898824330922,0.0,0.5909880042076111,0.595512381196022,0.0
gait_07_gallop__vx_pos_1p0__seed_0042,6,joint_rear_left_abad,rl,hip,17.0,robot.actuators['hip_legs'].effort_limit,0.08923080321976125,5.876948525261833,0.16819931899800009,0.20269587909474088,0.0,0.4366935312747955,0.4508131867647171,0.0
gait_07_gallop__vx_pos_1p0__seed_0042,7,joint_rear_left_thigh_pitch,rl,thigh,20.0,robot.actuators['thigh_legs'].effort_limit,0.5467285425400376,62.86395151722245,0.475216598510742,0.5169124646186828,0.0,0.31518587172031404,0.3267642205953598,0.0
gait_07_gallop__vx_pos_1p0__seed_0042,8,joint_rear_left_calf_pitch,rl,calf,37.0,robot.actuators['calf_legs'].effort_limit,0.2533838297676895,178.52571291895583,0.35722038939192485,0.408546629467526,0.0,0.42559543251991266,0.43074931621551515,0.0
gait_07_gallop__vx_pos_1p0__seed_0042,9,joint_rear_right_abad,rr,hip,17.0,robot.actuators['hip_legs'].effort_limit,0.054092501089991404,5.522386497875268,0.15446721105014571,0.17995670809465292,0.0,0.3732655942440033,0.38812550306320187,0.0
gait_07_gallop__vx_pos_1p0__seed_0042,10,joint_rear_right_thigh_pitch,rr,thigh,20.0,robot.actuators['thigh_legs'].effort_limit,0.41735661133890695,91.48449754643254,0.37745044112205506,0.41315770053863504,0.0,0.36167384386062623,0.3656098175048828,0.0
gait_07_gallop__vx_pos_1p0__seed_0042,11,joint_rear_right_calf_pitch,rr,calf,37.0,robot.actuators['calf_legs'].effort_limit,0.26036724303331327,175.86582069005817,0.2928936417038375,0.3416104600236222,0.0,0.5716431140899658,0.5809102833271027,0.0
gait_07_gallop__vx_pos_1p5__seed_0042,0,joint_front_left_abad,fl,hip,17.0,robot.actuators['hip_legs'].effort_limit,0.15810809033021228,9.242030330612325,0.2453389420228846,0.27189538254457357,0.0,0.5108760595321655,0.5240735274553299,0.0
gait_07_gallop__vx_pos_1p5__seed_0042,1,joint_front_left_thigh_pitch,fl,thigh,17.0,robot.actuators['thigh_legs'].effort_limit,0.5894647119427807,93.90883382430766,0.6035615836872774,0.6520042840172262,0.0,0.34897372126579285,0.36465924859046933,0.0
gait_07_gallop__vx_pos_1p5__seed_0042,2,joint_front_left_calf_pitch,fl,calf,37.0,robot.actuators['calf_legs'].effort_limit,0.22285395013988285,126.55282161257696,0.3699959858043769,0.5134451330030281,0.0,0.45907353460788725,0.4677296006679535,0.0
gait_07_gallop__vx_pos_1p5__seed_0042,3,joint_front_right_abad,fr,hip,17.0,robot.actuators['hip_legs'].effort_limit,0.18607917988437003,12.932586489215828,0.21379969751133637,0.22289779144174907,0.0,0.4445333480834961,0.450659122467041,0.0
gait_07_gallop__vx_pos_1p5__seed_0042,4,joint_front_right_thigh_pitch,fr,thigh,17.0,robot.actuators['thigh_legs'].effort_limit,0.9579559142522054,128.92629605837166,0.5725656593547144,0.6280412735658533,0.0,0.31086112260818477,0.3169524979591369,0.0
gait_07_gallop__vx_pos_1p5__seed_0042,5,joint_front_right_calf_pitch,fr,calf,37.0,robot.actuators['calf_legs'].effort_limit,0.5332569476028596,350.0417690490186,0.4095494257437216,0.43629720894066015,0.0,0.6146419078111648,0.6242682594060898,0.0
gait_07_gallop__vx_pos_1p5__seed_0042,6,joint_rear_left_abad,rl,hip,17.0,robot.actuators['hip_legs'].effort_limit,0.12094670798922856,11.814651378709824,0.1893651569590849,0.2035512272049399,0.0,0.46315868496894824,0.488421961069107,0.0
gait_07_gallop__vx_pos_1p5__seed_0042,7,joint_rear_left_thigh_pitch,rl,thigh,20.0,robot.actuators['thigh_legs'].effort_limit,0.7326750513697161,115.49031895902009,0.4773604321479797,0.5516612219810485,0.0,0.3099123209714889,0.3312148505449295,0.0
gait_07_gallop__vx_pos_1p5__seed_0042,8,joint_rear_left_calf_pitch,rl,calf,37.0,robot.actuators['calf_legs'].effort_limit,0.2954771950717088,212.76297813464421,0.3903921681481438,0.45739103575010553,0.0,0.3977512836456296,0.42776063203811643,0.0
gait_07_gallop__vx_pos_1p5__seed_0042,9,joint_rear_right_abad,rr,hip,17.0,robot.actuators['hip_legs'].effort_limit,0.18244800652086426,9.960528728696518,0.26274819794823134,0.3010123348236084,0.0,0.4218448758125305,0.4352456271648407,0.0
gait_07_gallop__vx_pos_1p5__seed_0042,10,joint_rear_right_thigh_pitch,rr,thigh,20.0,robot.actuators['thigh_legs'].effort_limit,0.7414916173649796,158.4955405211076,0.5711568117141723,0.6255986638069153,0.0,0.34495376944541933,0.35206633508205415,0.0
gait_07_gallop__vx_pos_1p5__seed_0042,11,joint_rear_right_calf_pitch,rr,calf,37.0,robot.actuators['calf_legs'].effort_limit,0.37839642315571276,304.6932218683511,0.3767573872128048,0.4411392845978608,0.0,0.5935416877269745,0.6025213575363159,0.0
gait_08_gallop__vx_neg_1p5__seed_0042,0,joint_front_left_abad,fl,hip,17.0,robot.actuators['hip_legs'].effort_limit,0.37651077153788637,16.108242683727294,0.4006321444230919,0.45778302921968334,0.0,0.4851815432310104,0.4954098296165466,0.0
gait_08_gallop__vx_neg_1p5__seed_0042,1,joint_front_left_thigh_pitch,fl,thigh,17.0,robot.actuators['thigh_legs'].effort_limit,1.9818911105216015,171.4794608394429,0.7270458586075725,0.7913664935616885,0.0,0.29028060436248776,0.2993765902519226,0.0
gait_08_gallop__vx_neg_1p5__seed_0042,2,joint_front_left_calf_pitch,fl,calf,37.0,robot.actuators['calf_legs'].effort_limit,0.2674214925767788,239.4588244461827,0.3362815328546472,0.4080021041148414,0.0,0.3781648993492126,0.38491566956043244,0.0
gait_08_gallop__vx_neg_1p5__seed_0042,3,joint_front_right_abad,fr,hip,17.0,robot.actuators['hip_legs'].effort_limit,0.1730810890286216,5.57277125732071,0.2422904519473805,0.2490922543581794,0.0,0.32208644747734066,0.3337626850605011,0.0
gait_08_gallop__vx_neg_1p5__seed_0042,4,joint_front_right_thigh_pitch,fr,thigh,17.0,robot.actuators['thigh_legs'].effort_limit,1.3684540155621832,158.15258192166687,0.8325317887698902,0.9027035298066979,0.0,0.3837876915931701,0.39464279770851135,0.0
gait_08_gallop__vx_neg_1p5__seed_0042,5,joint_front_right_calf_pitch,fr,calf,37.0,robot.actuators['calf_legs'].effort_limit,0.4124692387618814,448.51030029517597,0.3713894019255766,0.42355502876075535,0.0,0.54800546169281,0.5630969846248627,0.0
gait_08_gallop__vx_neg_1p5__seed_0042,6,joint_rear_left_abad,rl,hip,17.0,robot.actuators['hip_legs'].effort_limit,0.6560331707426685,20.17880589971319,0.537966868456672,0.5647549836775836,0.0,0.5238255709409714,0.5378187733888626,0.0
gait_08_gallop__vx_neg_1p5__seed_0042,7,joint_rear_left_thigh_pitch,rl,thigh,20.0,robot.actuators['thigh_legs'].effort_limit,0.8996905899010201,180.4816471804306,0.6319811511039732,0.6733262815475464,0.0,0.25525488555431364,0.25991914212703704,0.0
gait_08_gallop__vx_neg_1p5__seed_0042,8,joint_rear_left_calf_pitch,rl,calf,37.0,robot.actuators['calf_legs'].effort_limit,0.34942022362066527,373.55849530268927,0.31227344693364323,0.34074722599338836,0.0,0.5162738859653473,0.5219092488288879,0.0
gait_08_gallop__vx_neg_1p5__seed_0042,9,joint_rear_right_abad,rr,hip,17.0,robot.actuators['hip_legs'].effort_limit,0.6436656639508442,19.95212901667459,0.48000692760243135,0.5034392205406637,0.0,0.4880656063556671,0.49790783047676085,0.0
gait_08_gallop__vx_neg_1p5__seed_0042,10,joint_rear_right_thigh_pitch,rr,thigh,20.0,robot.actuators['thigh_legs'].effort_limit,0.5104658037471633,103.30779322039336,0.47429190635681145,0.4909441542625427,0.0,0.30309680998325345,0.30737580060958863,0.0
gait_08_gallop__vx_neg_1p5__seed_0042,11,joint_rear_right_calf_pitch,rr,calf,37.0,robot.actuators['calf_legs'].effort_limit,0.36131852147008203,203.17345873806627,0.3665713580879005,0.4011117919715675,0.0,0.40724201798439025,0.4152625012397766,0.0
gait_08_gallop__vx_neg_1p0__seed_0042,0,joint_front_left_abad,fl,hip,17.0,robot.actuators['hip_legs'].effort_limit,0.35067853043864006,18.94035856072558,0.37689842196071843,0.39310511841493495,0.0,0.44648351073265075,0.46428305208683013,0.0
gait_08_gallop__vx_neg_1p0__seed_0042,1,joint_front_left_thigh_pitch,fl,thigh,17.0,robot.actuators['thigh_legs'].effort_limit,1.3201047690322885,126.19640149354935,0.6303225405075971,0.719538166943718,0.0,0.3206306993961334,0.32788265466690064,0.0
gait_08_gallop__vx_neg_1p0__seed_0042,2,joint_front_left_calf_pitch,fl,calf,37.0,robot.actuators['calf_legs'].effort_limit,0.2541138809391034,205.0980585426651,0.3683572704727582,0.4079274492006044,0.0,0.4420158088207245,0.451917462348938,0.0
gait_08_gallop__vx_neg_1p0__seed_0042,3,joint_front_right_abad,fr,hip,17.0,robot.actuators['hip_legs'].effort_limit,0.32662714002097337,11.432196929320272,0.36266547231113183,0.409803637897267,0.0,0.33517842888832095,0.34197930455207826,0.0
gait_08_gallop__vx_neg_1p0__seed_0042,4,joint_front_right_thigh_pitch,fr,thigh,17.0,robot.actuators['thigh_legs'].effort_limit,0.9671472453074109,110.84291734395549,0.6453659085666432,0.683076082678402,0.0,0.4037054657936096,0.4083015024662018,0.0
gait_08_gallop__vx_neg_1p0__seed_0042,5,joint_front_right_calf_pitch,fr,calf,37.0,robot.actuators['calf_legs'].effort_limit,0.2712873362854562,298.37261997427794,0.29712019353299524,0.34442672342867464,0.0,0.5453413605690002,0.5622258281707764,0.0
gait_08_gallop__vx_neg_1p0__seed_0042,6,joint_rear_left_abad,rl,hip,17.0,robot.actuators['hip_legs'].effort_limit,0.7951200291750281,31.72250499309972,0.6244884631213019,0.6576858470019172,0.0,0.4692089676856994,0.48646510183811187,0.0
gait_08_gallop__vx_neg_1p0__seed_0042,7,joint_rear_left_thigh_pitch,rl,thigh,20.0,robot.actuators['thigh_legs'].effort_limit,0.4220684480224991,96.72841879229993,0.4085079789161682,0.4260464878082275,0.0,0.2928449153900146,0.2961294776201248,0.0
gait_08_gallop__vx_neg_1p0__seed_0042,8,joint_rear_left_calf_pitch,rl,calf,37.0,robot.actuators['calf_legs'].effort_limit,0.39754218339221753,344.55269346563614,0.31959102991464977,0.33711854960467363,0.0,0.5034595012664795,0.5108495259284973,0.0
gait_08_gallop__vx_neg_1p0__seed_0042,9,joint_rear_right_abad,rr,hip,17.0,robot.actuators['hip_legs'].effort_limit,0.4177902188747302,17.320835363967344,0.34738844562979304,0.36622118164511286,0.0,0.4122885227203369,0.45435758471488946,0.0
gait_08_gallop__vx_neg_1p0__seed_0042,10,joint_rear_right_thigh_pitch,rr,thigh,20.0,robot.actuators['thigh_legs'].effort_limit,0.39283687153756186,56.588802095754076,0.36163514018058773,0.37608287215232844,0.0,0.3022862792015076,0.3070209836959839,0.0
gait_08_gallop__vx_neg_1p0__seed_0042,11,joint_rear_right_calf_pitch,rr,calf,37.0,robot.actuators['calf_legs'].effort_limit,0.23453814309744958,145.9395340987621,0.29714840425027383,0.31506330747862116,0.0,0.4387044787406921,0.44686907052993774,0.0
gait_08_gallop__vx_neg_0p5__seed_0042,0,joint_front_left_abad,fl,hip,17.0,robot.actuators['hip_legs'].effort_limit,0.3174579730308968,16.149649291608366,0.3668573814279893,0.38415661980124083,0.0,0.41967031359672546,0.4468564838171005,0.0
gait_08_gallop__vx_neg_0p5__seed_0042,1,joint_front_left_thigh_pitch,fl,thigh,17.0,robot.actuators['thigh_legs'].effort_limit,0.6354034108459529,66.43543447182282,0.6100213106940775,0.6685021204106948,0.0,0.31008121371269226,0.3133470416069031,0.0
gait_08_gallop__vx_neg_0p5__seed_0042,2,joint_front_left_calf_pitch,fl,calf,37.0,robot.actuators['calf_legs'].effort_limit,0.3196984837221082,192.1145652959589,0.3752840209651638,0.41046349422351736,0.0,0.4739915430545807,0.4810558259487152,0.0
gait_08_gallop__vx_neg_0p5__seed_0042,3,joint_front_right_abad,fr,hip,17.0,robot.actuators['hip_legs'].effort_limit,0.49677384734709146,18.638770660159643,0.4578300994985244,0.4796159547917983,0.0,0.3196599781513214,0.34132465720176697,0.0
gait_08_gallop__vx_neg_0p5__seed_0042,4,joint_front_right_thigh_pitch,fr,thigh,17.0,robot.actuators['thigh_legs'].effort_limit,0.5080659019748061,51.52631623327732,0.41284243499531464,0.4675636431750129,0.0,0.41398996114730835,0.41769129037857056,0.0
gait_08_gallop__vx_neg_0p5__seed_0042,5,joint_front_right_calf_pitch,fr,calf,37.0,robot.actuators['calf_legs'].effort_limit,0.12273474817939944,132.53481215372682,0.19040329391891891,0.21155837097683466,0.0,0.5561338067054749,0.5620561093091965,0.0
gait_08_gallop__vx_neg_0p5__seed_0042,6,joint_rear_left_abad,rl,hip,17.0,robot.actuators['hip_legs'].effort_limit,0.5743916858634507,19.021953692418464,0.5021465806400074,0.5396079315858728,0.0,0.39383143186569214,0.4052087366580963,0.0
gait_08_gallop__vx_neg_0p5__seed_0042,7,joint_rear_left_thigh_pitch,rl,thigh,20.0,robot.actuators['thigh_legs'].effort_limit,0.1936401533757515,44.28195452735643,0.28801424503326417,0.36955863833427427,0.0,0.32349206507205963,0.32942627370357513,0.0
gait_08_gallop__vx_neg_0p5__seed_0042,8,joint_rear_left_calf_pitch,rl,calf,37.0,robot.actuators['calf_legs'].effort_limit,0.32896021033442596,243.3296051451564,0.2677353652747902,0.27281923551817194,0.0,0.522656112909317,0.5291924476623535,0.0
gait_08_gallop__vx_neg_0p5__seed_0042,9,joint_rear_right_abad,rr,hip,17.0,robot.actuators['hip_legs'].effort_limit,0.18103713737098356,11.219622695995495,0.2493251912734088,0.2779075959149529,0.0,0.37434783577919006,0.40006837248802185,0.0
gait_08_gallop__vx_neg_0p5__seed_0042,10,joint_rear_right_thigh_pitch,rr,thigh,20.0,robot.actuators['thigh_legs'].effort_limit,0.35598101728281073,41.612880353434015,0.3529543340206146,0.3658905625343323,0.0,0.31349925696849823,0.31793051958084106,0.0
gait_08_gallop__vx_neg_0p5__seed_0042,11,joint_rear_right_calf_pitch,rr,calf,37.0,robot.actuators['calf_legs'].effort_limit,0.1966710339142971,121.77104589271359,0.2764035753301672,0.30447901906193914,0.0,0.48831063508987427,0.49388182163238525,0.0
gait_08_gallop__vx_pos_0p5__seed_0042,0,joint_front_left_abad,fl,hip,17.0,robot.actuators['hip_legs'].effort_limit,0.3486687859467517,17.676667618805077,0.35735078418956084,0.3744233145433314,0.0,0.49888792634010315,0.5096706748008728,0.0
gait_08_gallop__vx_pos_0p5__seed_0042,1,joint_front_left_thigh_pitch,fl,thigh,17.0,robot.actuators['thigh_legs'].effort_limit,0.7842907105485525,59.47192767227069,0.5252131995032816,0.5398795744952034,0.0,0.3391146659851074,0.35906746983528137,0.0
gait_08_gallop__vx_pos_0p5__seed_0042,2,joint_front_left_calf_pitch,fl,calf,37.0,robot.actuators['calf_legs'].effort_limit,0.19937371809348073,136.63356716309443,0.3246019724253062,0.37203329962653087,0.0,0.4908326119184494,0.4971958249807358,0.0
gait_08_gallop__vx_pos_0p5__seed_0042,3,joint_front_right_abad,fr,hip,17.0,robot.actuators['hip_legs'].effort_limit,0.4636861827266634,14.870376785957488,0.4539102456148933,0.46274440428789926,0.0,0.32886338233947754,0.3551974594593048,0.0
gait_08_gallop__vx_pos_0p5__seed_0042,4,joint_front_right_thigh_pitch,fr,thigh,17.0,robot.actuators['thigh_legs'].effort_limit,0.26751788312774283,47.016165916632744,0.2910791986128863,0.3354540502323824,0.0,0.30070826411247253,0.30206814408302307,0.0
gait_08_gallop__vx_pos_0p5__seed_0042,5,joint_front_right_calf_pitch,fr,calf,37.0,robot.actuators['calf_legs'].effort_limit,0.2739157107498973,236.6149935179553,0.29027307355726084,0.3171061438483161,0.0,0.5465404540300369,0.5616640895605087,0.0
gait_08_gallop__vx_pos_0p5__seed_0042,6,joint_rear_left_abad,rl,hip,17.0,robot.actuators['hip_legs'].effort_limit,0.3408164426416764,14.46799456900917,0.39312384409063,0.41116424869088564,0.0,0.33092159032821655,0.3514431267976761,0.0
gait_08_gallop__vx_pos_0p5__seed_0042,7,joint_rear_left_thigh_pitch,rl,thigh,20.0,robot.actuators['thigh_legs'].effort_limit,0.23952038832063807,51.92797675325186,0.4034434676170349,0.43542819023132323,0.0,0.3906387984752655,0.3943779319524765,0.0
gait_08_gallop__vx_pos_0p5__seed_0042,8,joint_rear_left_calf_pitch,rl,calf,37.0,robot.actuators['calf_legs'].effort_limit,0.19784059083716415,172.3243952403497,0.2351164753372605,0.25837389198509425,0.0,0.6049815714359283,0.613037496805191,0.0
gait_08_gallop__vx_pos_0p5__seed_0042,9,joint_rear_right_abad,rr,hip,17.0,robot.actuators['hip_legs'].effort_limit,0.105682562320592,7.669819805342704,0.1956072695115033,0.22761141552644618,0.0,0.34898805618286133,0.3566156029701233,0.0
gait_08_gallop__vx_pos_0p5__seed_0042,10,joint_rear_right_thigh_pitch,rr,thigh,20.0,robot.actuators['thigh_legs'].effort_limit,0.20405344680574064,36.00156710358395,0.2902756214141846,0.3112006902694702,0.0,0.3000730723142624,0.30255939066410065,0.0
gait_08_gallop__vx_pos_0p5__seed_0042,11,joint_rear_right_calf_pitch,rr,calf,37.0,robot.actuators['calf_legs'].effort_limit,0.310571328007186,170.92886131595938,0.3447661850903485,0.35599736265234044,0.0,0.48304611444473267,0.486016184091568,0.0
gait_08_gallop__vx_pos_1p0__seed_0042,0,joint_front_left_abad,fl,hip,17.0,robot.actuators['hip_legs'].effort_limit,0.4326717600341119,19.183439643803286,0.35289858088773834,0.37339067515204927,0.0,0.5804155051708222,0.6062934935092926,0.0
gait_08_gallop__vx_pos_1p0__seed_0042,1,joint_front_left_thigh_pitch,fl,thigh,17.0,robot.actuators['thigh_legs'].effort_limit,0.7074436685496166,68.73448125645518,0.5538738390978645,0.5838850565517648,0.0,0.34575187563896176,0.36195796489715576,0.0
gait_08_gallop__vx_pos_1p0__seed_0042,2,joint_front_left_calf_pitch,fl,calf,37.0,robot.actuators['calf_legs'].effort_limit,0.21067808955991094,138.58513210933657,0.2976388467324746,0.35271546956655125,0.0,0.43140935599803926,0.43783331751823423,0.0
gait_08_gallop__vx_pos_1p0__seed_0042,3,joint_front_right_abad,fr,hip,17.0,robot.actuators['hip_legs'].effort_limit,0.45389680669476135,11.966870174529031,0.521525638243731,0.5555642728244556,0.0,0.3465551495552063,0.36028340458869923,0.0
gait_08_gallop__vx_pos_1p0__seed_0042,4,joint_front_right_thigh_pitch,fr,thigh,17.0,robot.actuators['thigh_legs'].effort_limit,0.6285996981440733,75.0400834657997,0.47451289962319754,0.5333825487249038,0.0,0.29723803997039794,0.3076932430267334,0.0
gait_08_gallop__vx_pos_1p0__seed_0042,5,joint_front_right_calf_pitch,fr,calf,37.0,robot.actuators['calf_legs'].effort_limit,0.42523669311344237,337.1913241421804,0.41317513568981257,0.4790714305155984,0.0,0.5822029203176498,0.5938109403848648,0.0
gait_08_gallop__vx_pos_1p0__seed_0042,6,joint_rear_left_abad,rl,hip,17.0,robot.actuators['hip_legs'].effort_limit,0.25599897485238887,10.591602004978922,0.3171329708660349,0.3454282985014073,0.0,0.30059429109096525,0.32343936681747437,0.0
gait_08_gallop__vx_pos_1p0__seed_0042,7,joint_rear_left_thigh_pitch,rl,thigh,20.0,robot.actuators['thigh_legs'].effort_limit,0.4962789478898194,93.76369217688217,0.5212013840675352,0.574428506374359,0.0,0.38430254757404325,0.38818075120449064,0.0
gait_08_gallop__vx_pos_1p0__seed_0042,8,joint_rear_left_calf_pitch,rl,calf,37.0,robot.actuators['calf_legs'].effort_limit,0.2865500934553297,232.84829077024014,0.2950013908180029,0.32787265262088255,0.0,0.6072760760784149,0.6373472988605499,0.0
gait_08_gallop__vx_pos_1p0__seed_0042,9,joint_rear_right_abad,rr,hip,17.0,robot.actuators['hip_legs'].effort_limit,0.24142124876304155,8.840997842019133,0.3460293853984159,0.36560484661775455,0.0,0.4096028804779052,0.41771060347557065,0.0
gait_08_gallop__vx_pos_1p0__seed_0042,10,joint_rear_right_thigh_pitch,rr,thigh,20.0,robot.actuators['thigh_legs'].effort_limit,0.3946174949635155,72.95104479761794,0.36321923613548274,0.3898282105922698,0.0,0.3188492596149444,0.32209399282932283,0.0
gait_08_gallop__vx_pos_1p0__seed_0042,11,joint_rear_right_calf_pitch,rr,calf,37.0,robot.actuators['calf_legs'].effort_limit,0.2852825679177265,212.21846813283278,0.34264977944863806,0.3652434980547106,0.0,0.466473376750946,0.4716120660305023,0.0
gait_08_gallop__vx_pos_1p5__seed_0042,0,joint_front_left_abad,fl,hip,17.0,robot.actuators['hip_legs'].effort_limit,0.30431122435064745,20.684483602538823,0.3076188564300537,0.322091004708234,0.0,0.573728910088539,0.596883819103241,0.0
gait_08_gallop__vx_pos_1p5__seed_0042,1,joint_front_left_thigh_pitch,fl,thigh,17.0,robot.actuators['thigh_legs'].effort_limit,0.5979086611503143,102.54176703881473,0.5361488987417781,0.601062162623686,0.0,0.33502488136291486,0.35276313304901125,0.0
gait_08_gallop__vx_pos_1p5__seed_0042,2,joint_front_left_calf_pitch,fl,calf,37.0,robot.actuators['calf_legs'].effort_limit,0.3347998810874039,213.29757359713315,0.36330218057374697,0.47639140979663697,0.0,0.4719644576311111,0.48096201598644256,0.0
gait_08_gallop__vx_pos_1p5__seed_0042,3,joint_front_right_abad,fr,hip,17.0,robot.actuators['hip_legs'].effort_limit,0.2519891442260408,9.45364147537446,0.34495607965132763,0.3928248503628898,0.0,0.40058365464210505,0.4123196828365326,0.0
gait_08_gallop__vx_pos_1p5__seed_0042,4,joint_front_right_thigh_pitch,fr,thigh,17.0,robot.actuators['thigh_legs'].effort_limit,1.1192030953325653,142.43693597450851,0.6246146286235137,0.6528704329097972,0.0,0.2900089621543884,0.29724282026290894,0.0
gait_08_gallop__vx_pos_1p5__seed_0042,5,joint_front_right_calf_pitch,fr,calf,37.0,robot.actuators['calf_legs'].effort_limit,0.442220300240466,399.1297349071503,0.3721842649820688,0.3984115430471059,0.0,0.5740601360797882,0.5785456717014312,0.0
gait_08_gallop__vx_pos_1p5__seed_0042,6,joint_rear_left_abad,rl,hip,17.0,robot.actuators['hip_legs'].effort_limit,0.17348225833773903,8.331580560668371,0.24207262852612663,0.26106517230763154,0.0,0.33088577389717094,0.3515039885044098,0.0
gait_08_gallop__vx_pos_1p5__seed_0042,7,joint_rear_left_thigh_pitch,rl,thigh,20.0,robot.actuators['thigh_legs'].effort_limit,0.7858936730219115,140.77405989035964,0.6123594117164611,0.6618331885337828,0.0,0.37932660579681393,0.38725556433200836,0.0
gait_08_gallop__vx_pos_1p5__seed_0042,8,joint_rear_left_calf_pitch,rl,calf,37.0,robot.actuators['calf_legs'].effort_limit,0.393914194475599,293.19413187906144,0.40446409921388365,0.4392364275133287,0.0,0.6165846049785614,0.6318882822990417,0.0
gait_08_gallop__vx_pos_1p5__seed_0042,9,joint_rear_right_abad,rr,hip,17.0,robot.actuators['hip_legs'].effort_limit,0.34411066709196697,9.494380336935428,0.4113681274301864,0.504141923680025,0.0,0.43809534311294557,0.450619398355484,0.0
gait_08_gallop__vx_pos_1p5__seed_0042,10,joint_rear_right_thigh_pitch,rr,thigh,20.0,robot.actuators['thigh_legs'].effort_limit,0.8383095590301148,125.04810184635222,0.5287523555755616,0.5563106703758239,0.0,0.299492684006691,0.306290653347969,0.0
gait_08_gallop__vx_pos_1p5__seed_0042,11,joint_rear_right_calf_pitch,rr,calf,37.0,robot.actuators['calf_legs'].effort_limit,0.2990679023421982,244.7362585044862,0.3597857436618289,0.37016667262927905,0.0,0.41596806049346924,0.4353028953075409,0.0
gait_09_gallop__vx_neg_1p5__seed_0042,0,joint_front_left_abad,fl,hip,17.0,robot.actuators['hip_legs'].effort_limit,0.20840390053104607,12.835744770006277,0.319256591796875,0.3509940840216244,0.0,0.39789318740367874,0.43917011678218826,0.0
gait_09_gallop__vx_neg_1p5__seed_0042,1,joint_front_left_thigh_pitch,fl,thigh,17.0,robot.actuators['thigh_legs'].effort_limit,1.4695460876274604,165.5127203148231,0.7063756634207332,0.749993943046121,0.0,0.35030378103256227,0.3586233353614807,0.0
gait_09_gallop__vx_neg_1p5__seed_0042,2,joint_front_left_calf_pitch,fl,calf,37.0,robot.actuators['calf_legs'].effort_limit,0.2700272502449806,276.2330119309947,0.316270248309986,0.34584928357923345,0.0,0.5469781637191772,0.5554920196533203,0.0
gait_09_gallop__vx_neg_1p5__seed_0042,3,joint_front_right_abad,fr,hip,17.0,robot.actuators['hip_legs'].effort_limit,0.17316225301621177,15.55751403639093,0.2700647830963134,0.2827531161027796,0.0,0.41969775557518,0.43360543131828305,0.0
gait_09_gallop__vx_neg_1p5__seed_0042,4,joint_front_right_thigh_pitch,fr,thigh,17.0,robot.actuators['thigh_legs'].effort_limit,1.3172749122865823,130.10827374461107,0.7842690159292781,0.8878819112216723,0.0,0.2799049258232117,0.2850071942806244,0.0
gait_09_gallop__vx_neg_1p5__seed_0042,5,joint_front_right_calf_pitch,fr,calf,37.0,robot.actuators['calf_legs'].effort_limit,0.27858894096152564,202.01652465400753,0.38028483777432825,0.45637242394524646,0.0,0.371698459982872,0.37834098279476164,0.0
gait_09_gallop__vx_neg_1p5__seed_0042,6,joint_rear_left_abad,rl,hip,17.0,robot.actuators['hip_legs'].effort_limit,0.24814224516490044,14.598379108756781,0.28154045834260827,0.3015743059270522,0.0,0.48738830387592313,0.5061185693740844,0.0
gait_09_gallop__vx_neg_1p5__seed_0042,7,joint_rear_left_thigh_pitch,rl,thigh,20.0,robot.actuators['thigh_legs'].effort_limit,0.6428699000029174,133.98389495298267,0.4496358275413513,0.4622712764739989,0.0,0.2628982365131378,0.27109278440475465,0.0
gait_09_gallop__vx_neg_1p5__seed_0042,8,joint_rear_left_calf_pitch,rl,calf,37.0,robot.actuators['calf_legs'].effort_limit,0.41761582358264465,278.09476952396335,0.36348884685619454,0.37780865411500664,0.0,0.5394803583621979,0.5465013575553894,0.0
gait_09_gallop__vx_neg_1p5__seed_0042,9,joint_rear_right_abad,rr,hip,17.0,robot.actuators['hip_legs'].effort_limit,0.3901287682703166,16.336533159473912,0.3818533322390387,0.40797099702498485,0.0,0.567627018690109,0.6026769185066223,0.0
gait_09_gallop__vx_neg_1p5__seed_0042,10,joint_rear_right_thigh_pitch,rr,thigh,20.0,robot.actuators['thigh_legs'].effort_limit,0.39749987439998835,59.16212423107587,0.46991675138473504,0.48658711719512937,0.0,0.2952804684638977,0.298542258143425,0.0
gait_09_gallop__vx_neg_1p5__seed_0042,11,joint_rear_right_calf_pitch,rr,calf,37.0,robot.actuators['calf_legs'].effort_limit,0.18252966208585975,79.53774373676627,0.3149776342752816,0.4021615688220866,0.0,0.40196700096130367,0.414976487159729,0.0
gait_09_gallop__vx_neg_1p0__seed_0042,0,joint_front_left_abad,fl,hip,17.0,robot.actuators['hip_legs'].effort_limit,0.09060332934346878,8.466720907886048,0.18213951237061432,0.22076510429382318,0.0,0.3636586159467697,0.3728312265872955,0.0
gait_09_gallop__vx_neg_1p0__seed_0042,1,joint_front_left_thigh_pitch,fl,thigh,17.0,robot.actuators['thigh_legs'].effort_limit,0.7405486697709421,89.76241522861645,0.5082535098580742,0.5605670923345228,0.0,0.3840955853462219,0.39056565403938287,0.0
gait_09_gallop__vx_neg_1p0__seed_0042,2,joint_front_left_calf_pitch,fl,calf,37.0,robot.actuators['calf_legs'].effort_limit,0.18017749707084793,162.26197039686144,0.22692272985303724,0.24594666042843377,0.0,0.5431573301553726,0.5484714579582214,0.0
gait_09_gallop__vx_neg_1p0__seed_0042,3,joint_front_right_abad,fr,hip,17.0,robot.actuators['hip_legs'].effort_limit,0.11687392510278312,8.47538137697382,0.2100852587643791,0.22057390956317677,0.0,0.4462240397930144,0.4734784853458403,0.0
gait_09_gallop__vx_neg_1p0__seed_0042,4,joint_front_right_thigh_pitch,fr,thigh,17.0,robot.actuators['thigh_legs'].effort_limit,0.982910152881909,78.76785596761853,0.6813817136427933,0.7964195728302,0.0,0.28372780084609983,0.28751317262649534,0.0
gait_09_gallop__vx_neg_1p0__seed_0042,5,joint_front_right_calf_pitch,fr,calf,37.0,robot.actuators['calf_legs'].effort_limit,0.23668301260458538,157.0320595957106,0.33942959115311877,0.4156891541867643,0.0,0.40282627642154695,0.40887765884399413,0.0
gait_09_gallop__vx_neg_1p0__seed_0042,6,joint_rear_left_abad,rl,hip,17.0,robot.actuators['hip_legs'].effort_limit,0.13677605754238653,8.125279819979333,0.20524594713659844,0.22187402697170483,0.0,0.44325595200061785,0.4872066783905029,0.0
gait_09_gallop__vx_neg_1p0__seed_0042,7,joint_rear_left_thigh_pitch,rl,thigh,20.0,robot.actuators['thigh_legs'].effort_limit,0.4267162870270815,70.39976756282151,0.3866421639919281,0.4061005711555481,0.0,0.27535752952098846,0.27810505747795106,0.0
gait_09_gallop__vx_neg_1p0__seed_0042,8,joint_rear_left_calf_pitch,rl,calf,37.0,robot.actuators['calf_legs'].effort_limit,0.3422933403945216,184.96162845127284,0.3234193054405418,0.33646433856036206,0.0,0.5564542293548584,0.5605622839927673,0.0
gait_09_gallop__vx_neg_1p0__seed_0042,9,joint_rear_right_abad,rr,hip,17.0,robot.actuators['hip_legs'].effort_limit,0.2152799770056077,10.664708573122335,0.26280533285701974,0.2765259838104247,0.0,0.45095362067222594,0.46107385873794554,0.0
gait_09_gallop__vx_neg_1p0__seed_0042,10,joint_rear_right_thigh_pitch,rr,thigh,20.0,robot.actuators['thigh_legs'].effort_limit,0.2942819352670529,47.09277524072677,0.32521933674812314,0.35367106914520263,0.0,0.32175812423229216,0.3299356293678284,0.0
gait_09_gallop__vx_neg_1p0__seed_0042,11,joint_rear_right_calf_pitch,rr,calf,37.0,robot.actuators['calf_legs'].effort_limit,0.1418106788281661,60.82482234247029,0.28580186044847644,0.3106038075524407,0.0,0.3894673466682434,0.39284167528152464,0.0
gait_09_gallop__vx_neg_0p5__seed_0042,0,joint_front_left_abad,fl,hip,17.0,robot.actuators['hip_legs'].effort_limit,0.039019460907567124,5.386616099107778,0.13112119366140926,0.147307508132037,0.0,0.32047536969184875,0.32473069429397583,0.0
gait_09_gallop__vx_neg_0p5__seed_0042,1,joint_front_left_thigh_pitch,fl,thigh,17.0,robot.actuators['thigh_legs'].effort_limit,0.3054897488941063,47.050390924494714,0.3746074227725758,0.4001498643089743,0.0,0.3887217938899994,0.39089205861091614,0.0
gait_09_gallop__vx_neg_0p5__seed_0042,2,joint_front_left_calf_pitch,fl,calf,37.0,robot.actuators['calf_legs'].effort_limit,0.1476008981933281,102.4430023056682,0.23312461054002917,0.24352118131276723,0.0,0.5630405992269516,0.5713089257478714,0.0
gait_09_gallop__vx_neg_0p5__seed_0042,3,joint_front_right_abad,fr,hip,17.0,robot.actuators['hip_legs'].effort_limit,0.07410601199657142,3.7308548386037366,0.14954105194877176,0.15763724200865803,0.0,0.4542377293109894,0.4604637026786804,0.0
gait_09_gallop__vx_neg_0p5__seed_0042,4,joint_front_right_thigh_pitch,fr,thigh,17.0,robot.actuators['thigh_legs'].effort_limit,0.5793835226956818,31.63711659002118,0.5273031066445744,0.5601435408872717,0.0,0.2925713062286377,0.295970618724823,0.0
gait_09_gallop__vx_neg_0p5__seed_0042,5,joint_front_right_calf_pitch,fr,calf,37.0,robot.actuators['calf_legs'].effort_limit,0.23160527389498586,111.1243052844354,0.3182043835923478,0.34754337491215886,0.0,0.4308442026376724,0.43535415828227997,0.0
gait_09_gallop__vx_neg_0p5__seed_0042,6,joint_rear_left_abad,rl,hip,17.0,robot.actuators['hip_legs'].effort_limit,0.08556513169711746,3.3939281539077637,0.1648188829421997,0.19687456944409537,0.0,0.4027460962533951,0.43124639987945557,0.0
gait_09_gallop__vx_neg_0p5__seed_0042,7,joint_rear_left_thigh_pitch,rl,thigh,20.0,robot.actuators['thigh_legs'].effort_limit,0.29168368713896475,34.60950674819294,0.3401107549667358,0.353072589635849,0.0,0.2812761068344116,0.2837224155664444,0.0
gait_09_gallop__vx_neg_0p5__seed_0042,8,joint_rear_left_calf_pitch,rl,calf,37.0,robot.actuators['calf_legs'].effort_limit,0.2706843826522826,124.18137626450509,0.27741070695825526,0.2840750732937375,0.0,0.5629224181175232,0.5656623840332031,0.0
gait_09_gallop__vx_neg_0p5__seed_0042,9,joint_rear_right_abad,rr,hip,17.0,robot.actuators['hip_legs'].effort_limit,0.18990978217765672,9.762253792209085,0.28638057848986453,0.3446474355809829,0.0,0.3999379873275757,0.40282198786735535,0.0
gait_09_gallop__vx_neg_0p5__seed_0042,10,joint_rear_right_thigh_pitch,rr,thigh,20.0,robot.actuators['thigh_legs'].effort_limit,0.3991940768342551,39.212709080195054,0.3828705310821533,0.4057498216629028,0.0,0.3359117954969406,0.3434232026338577,0.0
gait_09_gallop__vx_neg_0p5__seed_0042,11,joint_rear_right_calf_pitch,rr,calf,37.0,robot.actuators['calf_legs'].effort_limit,0.13885888404598865,64.62063726248452,0.24662182137772842,0.26524922010060903,0.0,0.45562490820884705,0.4604237973690033,0.0
gait_09_gallop__vx_pos_0p5__seed_0042,0,joint_front_left_abad,fl,hip,17.0,robot.actuators['hip_legs'].effort_limit,0.09460188308350204,4.707381535421591,0.22115288061254165,0.24529311236213236,0.0,0.4526517391204834,0.4757225960493088,0.0
gait_09_gallop__vx_pos_0p5__seed_0042,1,joint_front_left_thigh_pitch,fl,thigh,17.0,robot.actuators['thigh_legs'].effort_limit,0.28186453968690744,27.745139913689346,0.37490556520574236,0.3921953930574305,0.0,0.30279308557510376,0.30656394362449646,0.0
gait_09_gallop__vx_pos_0p5__seed_0042,2,joint_front_left_calf_pitch,fl,calf,37.0,robot.actuators['calf_legs'].effort_limit,0.23455933261352183,124.70798472948373,0.2694273510494748,0.2793865203857422,0.0,0.5565687716007233,0.5615525245666504,0.0
gait_09_gallop__vx_pos_0p5__seed_0042,3,joint_front_right_abad,fr,hip,17.0,robot.actuators['hip_legs'].effort_limit,0.07100832951763154,5.225635298439301,0.20566395801656387,0.28041133459876566,0.0,0.337845116853714,0.3456317186355591,0.0
gait_09_gallop__vx_pos_0p5__seed_0042,4,joint_front_right_thigh_pitch,fr,thigh,17.0,robot.actuators['thigh_legs'].effort_limit,0.38910957233986615,34.337842277862364,0.32808798902175007,0.3464193203869988,0.0,0.33896100521087646,0.3485795259475708,0.0
gait_09_gallop__vx_pos_0p5__seed_0042,5,joint_front_right_calf_pitch,fr,calf,37.0,robot.actuators['calf_legs'].effort_limit,0.18097327189436616,76.46187753197738,0.30746249894838074,0.3352236038929707,0.0,0.45254823565483093,0.4560893625020981,0.0
gait_09_gallop__vx_pos_0p5__seed_0042,6,joint_rear_left_abad,rl,hip,17.0,robot.actuators['hip_legs'].effort_limit,0.041692489603891277,4.567854849542491,0.14086587288800406,0.1627137029872221,0.0,0.3023792505264282,0.3095933049917221,0.0
gait_09_gallop__vx_pos_0p5__seed_0042,7,joint_rear_left_thigh_pitch,rl,thigh,20.0,robot.actuators['thigh_legs'].effort_limit,0.1669157524031872,36.78136332550781,0.2777813017368317,0.3018013477325439,0.0,0.35573141276836395,0.35864613950252533,0.0
gait_09_gallop__vx_pos_0p5__seed_0042,8,joint_rear_left_calf_pitch,rl,calf,37.0,robot.actuators['calf_legs'].effort_limit,0.20868334395548385,119.25845082966612,0.2514363237329431,0.264642283723161,0.0,0.5914866328239441,0.5952016115188599,0.0
gait_09_gallop__vx_pos_0p5__seed_0042,9,joint_rear_right_abad,rr,hip,17.0,robot.actuators['hip_legs'].effort_limit,0.08704457692529466,4.875138879623264,0.1573140025138855,0.17587039400549495,0.0,0.460186243057251,0.46909984946250916,0.0
gait_09_gallop__vx_pos_0p5__seed_0042,10,joint_rear_right_thigh_pitch,rr,thigh,20.0,robot.actuators['thigh_legs'].effort_limit,0.4688174696461019,28.95948829891393,0.45246764421463015,0.48408626317977904,0.0,0.3013320416212082,0.3029763698577881,0.0
gait_09_gallop__vx_pos_0p5__seed_0042,11,joint_rear_right_calf_pitch,rr,calf,37.0,robot.actuators['calf_legs'].effort_limit,0.20354715613900815,118.71209013941699,0.31338560259020004,0.3460064965325433,0.0,0.47735440731048584,0.4824571907520294,0.0
gait_09_gallop__vx_pos_1p0__seed_0042,0,joint_front_left_abad,fl,hip,17.0,robot.actuators['hip_legs'].effort_limit,0.09721291390275379,4.655015025665052,0.17919902801513662,0.22615456328672515,0.0,0.4630851745605469,0.4943360781669616,0.0
gait_09_gallop__vx_pos_1p0__seed_0042,1,joint_front_left_thigh_pitch,fl,thigh,17.0,robot.actuators['thigh_legs'].effort_limit,0.4782477518722763,53.03905914340169,0.48916316873887006,0.5283422817903406,0.0,0.32652860283851626,0.33098562955856325,0.0
gait_09_gallop__vx_pos_1p0__seed_0042,2,joint_front_left_calf_pitch,fl,calf,37.0,robot.actuators['calf_legs'].effort_limit,0.3416948739827517,233.92163957166485,0.31366557043951904,0.32265743461815083,0.0,0.542908352613449,0.5538960206508636,0.0
gait_09_gallop__vx_pos_1p0__seed_0042,3,joint_front_right_abad,fr,hip,17.0,robot.actuators['hip_legs'].effort_limit,0.07772456949110355,5.694701464558894,0.17673786527970256,0.20609716695897706,0.0,0.3718716442584991,0.3977241599559784,0.0
gait_09_gallop__vx_pos_1p0__seed_0042,4,joint_front_right_thigh_pitch,fr,thigh,17.0,robot.actuators['thigh_legs'].effort_limit,0.30846390972754206,57.74017786707962,0.3772322949241188,0.42517337574678304,0.0,0.3187848567962646,0.3269887733459473,0.0
gait_09_gallop__vx_pos_1p0__seed_0042,5,joint_front_right_calf_pitch,fr,calf,37.0,robot.actuators['calf_legs'].effort_limit,0.21379620597908097,107.22864831615705,0.35597276429872254,0.4529456839690336,0.0,0.41340010464191435,0.41861358404159543,0.0
gait_09_gallop__vx_pos_1p0__seed_0042,6,joint_rear_left_abad,rl,hip,17.0,robot.actuators['hip_legs'].effort_limit,0.08949064624376385,8.483269627370174,0.18342873489155487,0.19959262469235575,0.0,0.3347690969705582,0.34491075992584225,0.0
gait_09_gallop__vx_pos_1p0__seed_0042,7,joint_rear_left_thigh_pitch,rl,thigh,20.0,robot.actuators['thigh_legs'].effort_limit,0.33579927599527815,77.2810070803226,0.4083528828620909,0.44187650871276857,0.0,0.35500251054763793,0.3589453172683716,0.0
gait_09_gallop__vx_pos_1p0__seed_0042,8,joint_rear_left_calf_pitch,rl,calf,37.0,robot.actuators['calf_legs'].effort_limit,0.279672484455454,185.88922441184522,0.3065733793619515,0.3671791489059861,0.0,0.6144377589225769,0.6210693156719208,0.0
gait_09_gallop__vx_pos_1p0__seed_0042,9,joint_rear_right_abad,rr,hip,17.0,robot.actuators['hip_legs'].effort_limit,0.08169107840343125,6.221562752732425,0.18315875880858473,0.20917039029738482,0.0,0.4196312129497528,0.43137626290321346,0.0
gait_09_gallop__vx_pos_1p0__seed_0042,10,joint_rear_right_thigh_pitch,rr,thigh,20.0,robot.actuators['thigh_legs'].effort_limit,1.0714938798517661,75.32901951321634,0.7007824873924255,0.7577412047386166,0.0,0.3023505687713623,0.30984608352184295,0.0
gait_09_gallop__vx_pos_1p0__seed_0042,11,joint_rear_right_calf_pitch,rr,calf,37.0,robot.actuators['calf_legs'].effort_limit,0.17775053236820731,161.99392886807212,0.34248517010663,0.41539704348589923,0.0,0.47382992506027216,0.48554433226585386,0.0
gait_09_gallop__vx_pos_1p5__seed_0042,0,joint_front_left_abad,fl,hip,17.0,robot.actuators['hip_legs'].effort_limit,0.11380345474379285,7.96997819790151,0.17264502118615543,0.19583134861553386,0.0,0.42622909545898435,0.4704771101474762,0.0
gait_09_gallop__vx_pos_1p5__seed_0042,1,joint_front_left_thigh_pitch,fl,thigh,17.0,robot.actuators['thigh_legs'].effort_limit,0.8860540347343302,112.29342079625465,0.5036528587341309,0.53623278056874,0.0,0.34232013821601864,0.3532584905624389,0.0
gait_09_gallop__vx_pos_1p5__seed_0042,2,joint_front_left_calf_pitch,fl,calf,37.0,robot.actuators['calf_legs'].effort_limit,0.5232311585867185,380.27491768911483,0.40030834094898116,0.41507973464759623,0.0,0.5493028223514557,0.5549268513917923,0.0
gait_09_gallop__vx_pos_1p5__seed_0042,3,joint_front_right_abad,fr,hip,17.0,robot.actuators['hip_legs'].effort_limit,0.11414779342192097,8.831765438468137,0.18120253576951867,0.19078283506281235,0.0,0.4316447854042053,0.45565735578536987,0.0
gait_09_gallop__vx_pos_1p5__seed_0042,4,joint_front_right_thigh_pitch,fr,thigh,17.0,robot.actuators['thigh_legs'].effort_limit,0.594548796653456,100.32138816810213,0.6628155511968276,0.694304417441873,0.0,0.2880703568458557,0.2977851998806,0.0
gait_09_gallop__vx_pos_1p5__seed_0042,5,joint_front_right_calf_pitch,fr,calf,37.0,robot.actuators['calf_legs'].effort_limit,0.26453438824923353,155.06888832621277,0.3967123083166172,0.5371836394232656,0.0,0.43464619815349576,0.442088593840599,0.0
gait_09_gallop__vx_pos_1p5__seed_0042,6,joint_rear_left_abad,rl,hip,17.0,robot.actuators['hip_legs'].effort_limit,0.17749867208865688,16.439379598442464,0.23232206737293915,0.26238224001491767,0.0,0.3841337502002716,0.39829250574111935,0.0
gait_09_gallop__vx_pos_1p5__seed_0042,7,joint_rear_left_thigh_pitch,rl,thigh,20.0,robot.actuators['thigh_legs'].effort_limit,0.7008694683806204,142.35834501022472,0.6048178935050963,0.6765306258201599,0.0,0.3381766706705093,0.3418791729211807,0.0
gait_09_gallop__vx_pos_1p5__seed_0042,8,joint_rear_left_calf_pitch,rl,calf,37.0,robot.actuators['calf_legs'].effort_limit,0.3856294366807591,279.4498904842138,0.39478618003226607,0.4573799607560441,0.0,0.624723368883133,0.6454561185836791,0.0
gait_09_gallop__vx_pos_1p5__seed_0042,9,joint_rear_right_abad,rr,hip,17.0,robot.actuators['hip_legs'].effort_limit,0.1689006628411599,12.518084380979563,0.28570155676673437,0.29770498724544747,0.0,0.47833158969879147,0.498859304189682,0.0
gait_09_gallop__vx_pos_1p5__seed_0042,10,joint_rear_right_thigh_pitch,rr,thigh,20.0,robot.actuators['thigh_legs'].effort_limit,1.4886957215446055,135.9065199509263,0.81595290184021,0.8563169937133788,0.0,0.2891423135995864,0.30597406864166254,0.0
gait_09_gallop__vx_pos_1p5__seed_0042,11,joint_rear_right_calf_pitch,rr,calf,37.0,robot.actuators['calf_legs'].effort_limit,0.17489805388658744,177.91945546768955,0.3417773968464617,0.4416360886032515,0.0,0.44298422932624815,0.4547416281700134,0.0
