cell_id,joint_index,joint_name,leg,motor_role,configured_effort_limit_nm,effort_limit_source,normalized_torque_squared_exposure,absolute_work_j,utilization_p95,utilization_p99,saturation_fraction,soft_limit_utilization_p95,soft_limit_utilization_p99,action_clamp_fraction
gait_00_trot__vx_neg_1p5__seed_4242,0,FL_hip_joint,fl,hip,23.700000762939453,robot.actuators['hip_legs'].effort_limit,0.07191055977496716,8.426987628571224,0.17030926651099906,0.18153314529183476,0.0,0.18561785519123075,0.20753652811050413,0.0
gait_00_trot__vx_neg_1p5__seed_4242,1,FL_thigh_joint,fl,thigh,23.700000762939453,robot.actuators['thigh_legs'].effort_limit,0.8355752925007548,146.14386398326607,0.735664331921788,0.817869520618116,0.0,0.3171317338943481,0.33075398147106166,0.0
gait_00_trot__vx_neg_1p5__seed_4242,2,FL_calf_joint,fl,calf,35.54999923706055,robot.actuators['calf_legs'].effort_limit,0.42984304437397114,235.50148772163317,0.32719553001168855,0.416114702047457,0.0,1.0,1.0,0.6375
gait_00_trot__vx_neg_1p5__seed_4242,3,FR_hip_joint,fr,hip,23.700000762939453,robot.actuators['hip_legs'].effort_limit,0.06300767782510176,9.963210422916745,0.1447624494934903,0.16100822576262958,0.0,0.17240696549415588,0.18256675004959105,0.0
gait_00_trot__vx_neg_1p5__seed_4242,4,FR_thigh_joint,fr,thigh,23.700000762939453,robot.actuators['thigh_legs'].effort_limit,0.8498376825913517,168.87206625703723,0.6398350513688403,0.6645578488359459,0.0,0.2996958076953888,0.3084442764520645,0.0
gait_00_trot__vx_neg_1p5__seed_4242,5,FR_calf_joint,fr,calf,35.54999923706055,robot.actuators['calf_legs'].effort_limit,0.29573828420933407,127.4018995602103,0.27612651204999045,0.2926486074101274,0.0,1.0,1.0,0.65625
gait_00_trot__vx_neg_1p5__seed_4242,6,RL_hip_joint,rl,hip,23.700000762939453,robot.actuators['hip_legs'].effort_limit,0.039857990012622364,6.7547032265999585,0.14483904020207916,0.15297280736600313,0.0,0.13241669237613676,0.14450424790382385,0.0
gait_00_trot__vx_neg_1p5__seed_4242,7,RL_thigh_joint,rl,thigh,23.700000762939453,robot.actuators['thigh_legs'].effort_limit,0.32770919875875865,123.23529288076826,0.3922355622163422,0.43062487274282996,0.0,0.6177592575550079,0.6209530913829804,0.0
gait_00_trot__vx_neg_1p5__seed_4242,8,RL_calf_joint,rl,calf,35.54999923706055,robot.actuators['calf_legs'].effort_limit,0.2923076164110331,210.52126762360334,0.28856022833029243,0.3611524122890555,0.0,1.0,1.0,0.5708333333333333
gait_00_trot__vx_neg_1p5__seed_4242,9,RR_hip_joint,rr,hip,23.700000762939453,robot.actuators['hip_legs'].effort_limit,0.02913125832205307,4.4536376617934,0.10334909182845194,0.11676875042351992,0.0,0.19135175347328184,0.20404070734977717,0.0
gait_00_trot__vx_neg_1p5__seed_4242,10,RR_thigh_joint,rr,thigh,23.700000762939453,robot.actuators['thigh_legs'].effort_limit,0.26875573803946984,138.90658638575812,0.31393745272873974,0.34563508631275375,0.0,0.6574773102998733,0.666567514538765,0.0
gait_00_trot__vx_neg_1p5__seed_4242,11,RR_calf_joint,rr,calf,35.54999923706055,robot.actuators['calf_legs'].effort_limit,0.22487570125701573,159.95310171488674,0.25302854375457856,0.33307849724317007,0.0,1.0,1.0,0.55625
gait_00_trot__vx_neg_1p0__seed_4242,0,FL_hip_joint,fl,hip,23.700000762939453,robot.actuators['hip_legs'].effort_limit,0.07737770672135659,6.08417510960222,0.18136407171759394,0.19437651612079743,0.0,0.17471405565738676,0.1909524005651474,0.0
gait_00_trot__vx_neg_1p0__seed_4242,1,FL_thigh_joint,fl,thigh,23.700000762939453,robot.actuators['thigh_legs'].effort_limit,0.6046057862638852,60.846245011072604,0.6629597031972472,0.7871268047179273,0.0,0.29909722208976747,0.3272081559896469,0.0
gait_00_trot__vx_neg_1p0__seed_4242,2,FL_calf_joint,fl,calf,35.54999923706055,robot.actuators['calf_legs'].effort_limit,0.35874963379949093,182.4111752771563,0.3198397137678597,0.39653021889495244,0.0,1.0,1.0,0.6147540983606558
gait_00_trot__vx_neg_1p0__seed_4242,3,FR_hip_joint,fr,hip,23.700000762939453,robot.actuators['hip_legs'].effort_limit,0.037435618432929224,8.637169894364197,0.11881270911421284,0.12722335367650692,0.0,0.14868428707122802,0.16015350699424744,0.0
gait_00_trot__vx_neg_1p0__seed_4242,4,FR_thigh_joint,fr,thigh,23.700000762939453,robot.actuators['thigh_legs'].effort_limit,0.672731085084361,97.39734765304253,0.5994728072452848,0.6625376206397972,0.0,0.29039134979248044,0.30261351823806765,0.0
gait_00_trot__vx_neg_1p0__seed_4242,5,FR_calf_joint,fr,calf,35.54999923706055,robot.actuators['calf_legs'].effort_limit,0.27754582122024235,89.63137190699578,0.2774809549491218,0.30330782359551806,0.0,1.0,1.0,0.6331967213114754
gait_00_trot__vx_neg_1p0__seed_4242,6,RL_hip_joint,rl,hip,23.700000762939453,robot.actuators['hip_legs'].effort_limit,0.057538956703995885,10.420531890496349,0.1466768686342241,0.15297974122189095,0.0,0.16417669057846068,0.17613305509090424,0.0
gait_00_trot__vx_neg_1p0__seed_4242,7,RL_thigh_joint,rl,thigh,23.700000762939453,robot.actuators['thigh_legs'].effort_limit,0.2866636930687383,97.9807596630355,0.4008778008448023,0.4447667127595825,0.0,0.6309818148612976,0.6358753877878189,0.0
gait_00_trot__vx_neg_1p0__seed_4242,8,RL_calf_joint,rl,calf,35.54999923706055,robot.actuators['calf_legs'].effort_limit,0.2455099537132621,104.02984008541331,0.24007169887304933,0.25074799293803485,0.0,1.0,1.0,0.5778688524590164
gait_00_trot__vx_neg_1p0__seed_4242,9,RR_hip_joint,rr,hip,23.700000762939453,robot.actuators['hip_legs'].effort_limit,0.06848754436455998,7.729410366102238,0.1482715418120584,0.15898289681743197,0.0,0.21956698298454283,0.2366175639629364,0.0
gait_00_trot__vx_neg_1p0__seed_4242,10,RR_thigh_joint,rr,thigh,23.700000762939453,robot.actuators['thigh_legs'].effort_limit,0.1628674030772344,74.13247848581523,0.28958986452674496,0.3153145093052052,0.0,0.6677248775959015,0.6776771008968353,0.0
gait_00_trot__vx_neg_1p0__seed_4242,11,RR_calf_joint,rr,calf,35.54999923706055,robot.actuators['calf_legs'].effort_limit,0.20434311014822015,118.17266578389332,0.2410438659076474,0.3872067058409079,0.0,1.0,1.0,0.5368852459016393
gait_00_trot__vx_neg_0p5__seed_4242,0,FL_hip_joint,fl,hip,23.700000762939453,robot.actuators['hip_legs'].effort_limit,0.06996539142675853,5.792325803879648,0.16462024126591288,0.1730902028597996,0.0,0.17388235926628112,0.18489112973213195,0.0
gait_00_trot__vx_neg_0p5__seed_4242,1,FL_thigh_joint,fl,thigh,23.700000762939453,robot.actuators['thigh_legs'].effort_limit,0.2911939724510891,19.875704582339385,0.4595179912867166,0.5879483206721335,0.0,0.24612801074981688,0.29392726063728336,0.0
gait_00_trot__vx_neg_0p5__seed_4242,2,FL_calf_joint,fl,calf,35.54999923706055,robot.actuators['calf_legs'].effort_limit,0.35086020833001746,182.5930957879266,0.3349245521539948,0.3655207469638818,0.0,1.0,1.0,0.5817805383022774
gait_00_trot__vx_neg_0p5__seed_4242,3,FR_hip_joint,fr,hip,23.700000762939453,robot.actuators['hip_legs'].effort_limit,0.028057004433632012,4.52730351862183,0.10472396420912715,0.11260563230375677,0.0,0.1522476315498352,0.15682892084121705,0.0
gait_00_trot__vx_neg_0p5__seed_4242,4,FR_thigh_joint,fr,thigh,23.700000762939453,robot.actuators['thigh_legs'].effort_limit,0.5656435321060986,50.45379251113671,0.5244590856026085,0.5643791379202947,0.0,0.2595202326774597,0.27562804698944093,0.0
gait_00_trot__vx_neg_0p5__seed_4242,5,FR_calf_joint,fr,calf,35.54999923706055,robot.actuators['calf_legs'].effort_limit,0.24282916848122324,53.91298856678885,0.22983651848937126,0.29211346573140945,0.0,1.0,1.0,0.6066252587991718
gait_00_trot__vx_neg_0p5__seed_4242,6,RL_hip_joint,rl,hip,23.700000762939453,robot.actuators['hip_legs'].effort_limit,0.06636995212876148,7.2300797569495625,0.14949733518456132,0.16071430908189255,0.0,0.1812357187271118,0.18782793641090392,0.0
gait_00_trot__vx_neg_0p5__seed_4242,7,RL_thigh_joint,rl,thigh,23.700000762939453,robot.actuators['thigh_legs'].effort_limit,0.20556752443547668,60.51907128695399,0.3476023642591522,0.4265613305921167,0.0,0.6329837381839751,0.6422750151157379,0.0
gait_00_trot__vx_neg_0p5__seed_4242,8,RL_calf_joint,rl,calf,35.54999923706055,robot.actuators['calf_legs'].effort_limit,0.2753730442013379,70.43320214123466,0.23725858894398769,0.2921024825148974,0.0,1.0,1.0,0.5734989648033126
gait_00_trot__vx_neg_0p5__seed_4242,9,RR_hip_joint,rr,hip,23.700000762939453,robot.actuators['hip_legs'].effort_limit,0.11662319535148592,7.9447845655679705,0.21302865143373861,0.22594939401845834,0.0,0.23855508565902706,0.24436036586761475,0.0
gait_00_trot__vx_neg_0p5__seed_4242,10,RR_thigh_joint,rr,thigh,23.700000762939453,robot.actuators['thigh_legs'].effort_limit,0.065350344083537,29.93206378222909,0.1935200729524613,0.2251092967066609,0.0,0.6645763874053955,0.6688834857940674,0.0
gait_00_trot__vx_neg_0p5__seed_4242,11,RR_calf_joint,rr,calf,35.54999923706055,robot.actuators['calf_legs'].effort_limit,0.14625150862849365,50.93570622069761,0.1910184077657151,0.25714889091027915,0.0,1.0,1.0,0.525879917184265
gait_00_trot__vx_pos_0p5__seed_4242,0,FL_hip_joint,fl,hip,23.700000762939453,robot.actuators['hip_legs'].effort_limit,0.09802834727246154,4.410160363780742,0.19871010321733487,0.2145789737273599,0.0,0.2220552682876587,0.23259033083915712,0.0
gait_00_trot__vx_pos_0p5__seed_4242,1,FL_thigh_joint,fl,thigh,23.700000762939453,robot.actuators['thigh_legs'].effort_limit,0.18996146003728373,41.36936466292013,0.2546127756460721,0.2732493525879501,0.0,0.18445653319358826,0.19745062828063964,0.0
gait_00_trot__vx_pos_0p5__seed_4242,2,FL_calf_joint,fl,calf,35.54999923706055,robot.actuators['calf_legs'].effort_limit,0.18308043220536424,53.467792098653156,0.24156432261115443,0.2774932845767441,0.0,1.0,1.0,0.577639751552795
gait_00_trot__vx_pos_0p5__seed_4242,3,FR_hip_joint,fr,hip,23.700000762939453,robot.actuators['hip_legs'].effort_limit,0.041998908416935515,4.581776929703774,0.11261169859772054,0.12036886793470204,0.0,0.1462046265602112,0.14874546766281127,0.0
gait_00_trot__vx_pos_0p5__seed_4242,4,FR_thigh_joint,fr,thigh,23.700000762939453,robot.actuators['thigh_legs'].effort_limit,0.4709733781361117,60.16637211535592,0.37970421771909113,0.4085607936372783,0.0,0.1994487106800079,0.20533787965774536,0.0
gait_00_trot__vx_pos_0p5__seed_4242,5,FR_calf_joint,fr,calf,35.54999923706055,robot.actuators['calf_legs'].effort_limit,0.29982099120845584,95.21127648211103,0.26475510179554745,0.3319892686286265,0.0,1.0,1.0,0.5900621118012422
gait_00_trot__vx_pos_0p5__seed_4242,6,RL_hip_joint,rl,hip,23.700000762939453,robot.actuators['hip_legs'].effort_limit,0.06424875022076822,4.9051737096213035,0.1303751466928105,0.1341785395761952,0.0,0.20033397078514098,0.2096706759929657,0.0
gait_00_trot__vx_pos_0p5__seed_4242,7,RL_thigh_joint,rl,thigh,23.700000762939453,robot.actuators['thigh_legs'].effort_limit,0.07766752523774124,33.661853215262234,0.1778943712775517,0.2551653973007074,0.0,0.663041341304779,0.6690950560569763,0.0
gait_00_trot__vx_pos_0p5__seed_4242,8,RL_calf_joint,rl,calf,35.54999923706055,robot.actuators['calf_legs'].effort_limit,0.310604572703248,117.83718445719452,0.2720426652705554,0.31942355684526785,0.0,1.0,1.0,0.5714285714285714
gait_00_trot__vx_pos_0p5__seed_4242,9,RR_hip_joint,rr,hip,23.700000762939453,robot.actuators['hip_legs'].effort_limit,0.09219589592412859,6.091920323856175,0.1750719722290048,0.18246530879007627,0.0,0.2415442705154419,0.2483339548110962,0.0
gait_00_trot__vx_pos_0p5__seed_4242,10,RR_thigh_joint,rr,thigh,23.700000762939453,robot.actuators['thigh_legs'].effort_limit,0.04538452442695685,19.649254482313992,0.15063726567981361,0.18368964871468044,0.0,0.6843723595142365,0.6945546460151673,0.0
gait_00_trot__vx_pos_0p5__seed_4242,11,RR_calf_joint,rr,calf,35.54999923706055,robot.actuators['calf_legs'].effort_limit,0.2150902090349708,56.04448174726218,0.2405552063965875,0.2513398944696976,0.0,1.0,1.0,0.5279503105590062
gait_00_trot__vx_pos_1p0__seed_4242,0,FL_hip_joint,fl,hip,23.700000762939453,robot.actuators['hip_legs'].effort_limit,0.0960737312122538,5.081109912744141,0.18934354896888092,0.19772711069043925,0.0,0.2195736616849899,0.23053997755050656,0.0
gait_00_trot__vx_pos_1p0__seed_4242,1,FL_thigh_joint,fl,thigh,23.700000762939453,robot.actuators['thigh_legs'].effort_limit,0.25272843592390876,80.3892324064672,0.2778598760336099,0.3289311906699912,0.0,0.2035131126642227,0.20632854342460633,0.0
gait_00_trot__vx_pos_1p0__seed_4242,2,FL_calf_joint,fl,calf,35.54999923706055,robot.actuators['calf_legs'].effort_limit,0.20937181113632808,86.45584541596007,0.2689196272777794,0.2958660784771771,0.0,1.0,1.0,0.5963114754098361
gait_00_trot__vx_pos_1p0__seed_4242,3,FR_hip_joint,fr,hip,23.700000762939453,robot.actuators['hip_legs'].effort_limit,0.05534332543900814,6.280587864936678,0.13230538042912282,0.14135607041045659,0.0,0.17826057076454163,0.18661409854888916,0.0
gait_00_trot__vx_pos_1p0__seed_4242,4,FR_thigh_joint,fr,thigh,23.700000762939453,robot.actuators['thigh_legs'].effort_limit,0.4336566554294737,116.71731503529475,0.40073945972621416,0.43904088655171175,0.0,0.21313633918762206,0.21938986122608184,0.0
gait_00_trot__vx_pos_1p0__seed_4242,5,FR_calf_joint,fr,calf,35.54999923706055,robot.actuators['calf_legs'].effort_limit,0.3432239045568793,115.75067412286997,0.2854725326231737,0.31068878867424404,0.0,1.0,1.0,0.6147540983606558
gait_00_trot__vx_pos_1p0__seed_4242,6,RL_hip_joint,rl,hip,23.700000762939453,robot.actuators['hip_legs'].effort_limit,0.08856857174593445,7.639963391532656,0.1575104027958028,0.16795829843904844,0.0,0.2243383377790451,0.22678957819938658,0.0
gait_00_trot__vx_pos_1p0__seed_4242,7,RL_thigh_joint,rl,thigh,23.700000762939453,robot.actuators['thigh_legs'].effort_limit,0.11962078964654006,71.54717240586876,0.20192620577023643,0.2341526777001014,0.0,0.6785181909799576,0.6930512666702271,0.0
gait_00_trot__vx_pos_1p0__seed_4242,8,RL_calf_joint,rl,calf,35.54999923706055,robot.actuators['calf_legs'].effort_limit,0.3365381330805057,133.05583126956014,0.2944121028275009,0.3072243929453744,0.0,1.0,1.0,0.5963114754098361
gait_00_trot__vx_pos_1p0__seed_4242,9,RR_hip_joint,rr,hip,23.700000762939453,robot.actuators['hip_legs'].effort_limit,0.08445471792672964,6.150571302510798,0.1763170131227191,0.18818786292940087,0.0,0.2467700183391571,0.25636311531066897,0.0
gait_00_trot__vx_pos_1p0__seed_4242,10,RR_thigh_joint,rr,thigh,23.700000762939453,robot.actuators['thigh_legs'].effort_limit,0.13354614509710436,64.93663216082379,0.22981381984296,0.2674056524395632,0.0,0.7113217771053314,0.71679094851017,0.0
gait_00_trot__vx_pos_1p0__seed_4242,11,RR_calf_joint,rr,calf,35.54999923706055,robot.actuators['calf_legs'].effort_limit,0.3217859087789682,102.93454106327147,0.2924203734239961,0.30873552494044837,0.0,1.0,1.0,0.5389344262295082
gait_00_trot__vx_pos_1p5__seed_4242,0,FL_hip_joint,fl,hip,23.700000762939453,robot.actuators['hip_legs'].effort_limit,0.083630614927817,5.972318875656929,0.20064941899104313,0.2207119371692018,0.0,0.2604263037443161,0.27000032603740687,0.0
gait_00_trot__vx_pos_1p5__seed_4242,1,FL_thigh_joint,fl,thigh,23.700000762939453,robot.actuators['thigh_legs'].effort_limit,0.3835634565130366,154.32652223043144,0.3289257730354992,0.38170295484509176,0.0,0.2299101859331131,0.23320338010787964,0.0
gait_00_trot__vx_pos_1p5__seed_4242,2,FL_calf_joint,fl,calf,35.54999923706055,robot.actuators['calf_legs'].effort_limit,0.2592288479372354,123.71572379536927,0.2703411828287327,0.29146047834051325,0.0,1.0,1.0,0.6104166666666667
gait_00_trot__vx_pos_1p5__seed_4242,3,FR_hip_joint,fr,hip,23.700000762939453,robot.actuators['hip_legs'].effort_limit,0.05160240820928358,7.385315214404836,0.12931423585821752,0.1370401950976152,0.0,0.19009464383125305,0.19667948365211485,0.0
gait_00_trot__vx_pos_1p5__seed_4242,4,FR_thigh_joint,fr,thigh,23.700000762939453,robot.actuators['thigh_legs'].effort_limit,0.6465085287073066,235.17359069943427,0.4319761092921998,0.44661390540806556,0.0,0.26069035828113557,0.26565219879150387,0.0
gait_00_trot__vx_pos_1p5__seed_4242,5,FR_calf_joint,fr,calf,35.54999923706055,robot.actuators['calf_legs'].effort_limit,0.3787081296032923,124.70906825229525,0.31599931147663757,0.368625890216766,0.0,1.0,1.0,0.6291666666666667
gait_00_trot__vx_pos_1p5__seed_4242,6,RL_hip_joint,rl,hip,23.700000762939453,robot.actuators['hip_legs'].effort_limit,0.10590496774211389,12.393781591858133,0.16401108785183133,0.1741282038828466,0.0,0.23390867114067077,0.24010043263435363,0.0
gait_00_trot__vx_pos_1p5__seed_4242,7,RL_thigh_joint,rl,thigh,23.700000762939453,robot.actuators['thigh_legs'].effort_limit,0.21251567804049934,138.04120988486278,0.231350207224972,0.27729713899323866,0.0,0.6786655515432358,0.683031394481659,0.0
gait_00_trot__vx_pos_1p5__seed_4242,8,RL_calf_joint,rl,calf,35.54999923706055,robot.actuators['calf_legs'].effort_limit,0.32690597948922095,121.79735866717762,0.30008835772611414,0.3109158329147539,0.0,1.0,1.0,0.6
gait_00_trot__vx_pos_1p5__seed_4242,9,RR_hip_joint,rr,hip,23.700000762939453,robot.actuators['hip_legs'].effort_limit,0.07123996130539804,4.757012952062069,0.16395305606735625,0.18632808318872626,0.0,0.2469977259635925,0.259542316198349,0.0
gait_00_trot__vx_pos_1p5__seed_4242,10,RR_thigh_joint,rr,thigh,23.700000762939453,robot.actuators['thigh_legs'].effort_limit,0.26374099910872395,143.4516956048459,0.2838007578048783,0.31158207441621044,0.0,0.7158408761024475,0.7295146250724792,0.0
gait_00_trot__vx_pos_1p5__seed_4242,11,RR_calf_joint,rr,calf,35.54999923706055,robot.actuators['calf_legs'].effort_limit,0.43082463846314517,120.01822910508142,0.3438611164733869,0.35774700165325013,0.0,1.0,1.0,0.5583333333333333
gait_01_bound__vx_neg_1p5__seed_4242,0,FL_hip_joint,fl,hip,23.700000762939453,robot.actuators['hip_legs'].effort_limit,0.13474822327501904,22.47415599486558,0.18001204526838327,0.19064208213735068,0.0,0.20214526057243348,0.21610778212547302,0.0
gait_01_bound__vx_neg_1p5__seed_4242,1,FL_thigh_joint,fl,thigh,23.700000762939453,robot.actuators['thigh_legs'].effort_limit,1.6180428929135078,258.00080156531186,0.8028616747357435,0.8565681632458598,0.0020833333333333333,0.3167632520198822,0.3272188496589661,0.0
gait_01_bound__vx_neg_1p5__seed_4242,2,FL_calf_joint,fl,calf,35.54999923706055,robot.actuators['calf_legs'].effort_limit,0.8331603429284247,414.3542610224057,0.4881186207771273,0.5073676538774332,0.0,1.0,1.0,0.5645833333333333
gait_01_bound__vx_neg_1p5__seed_4242,3,FR_hip_joint,fr,hip,23.700000762939453,robot.actuators['hip_legs'].effort_limit,0.1454821971712754,14.872142017913283,0.23332462283992775,0.25913227168594966,0.0,0.1940963566303253,0.20806144595146178,0.0
gait_01_bound__vx_neg_1p5__seed_4242,4,FR_thigh_joint,fr,thigh,23.700000762939453,robot.actuators['thigh_legs'].effort_limit,1.6368775042419685,198.95148758724332,1.0,1.0,0.07291666666666667,0.3684736013412475,0.39802021920680963,0.0
gait_01_bound__vx_neg_1p5__seed_4242,5,FR_calf_joint,fr,calf,35.54999923706055,robot.actuators['calf_legs'].effort_limit,0.6937766951519978,319.02384509421887,0.44059410718859593,0.4585678671141863,0.0,1.0,1.0,0.5854166666666667
gait_01_bound__vx_neg_1p5__seed_4242,6,RL_hip_joint,rl,hip,23.700000762939453,robot.actuators['hip_legs'].effort_limit,0.05103768855891219,10.587585482937284,0.1293679308390579,0.1450918109679142,0.0,0.1016741573810577,0.11183324813842765,0.0
gait_01_bound__vx_neg_1p5__seed_4242,7,RL_thigh_joint,rl,thigh,23.700000762939453,robot.actuators['thigh_legs'].effort_limit,0.4697048168447832,196.51892672918737,0.42264655519166594,0.4379883963190265,0.0,0.7613003015518188,0.7704319697618484,0.0
gait_01_bound__vx_neg_1p5__seed_4242,8,RL_calf_joint,rl,calf,35.54999923706055,robot.actuators['calf_legs'].effort_limit,0.42917553386351165,500.836343701724,0.34674089507929795,0.40810329599508277,0.0,1.0,1.0,0.5520833333333334
gait_01_bound__vx_neg_1p5__seed_4242,9,RR_hip_joint,rr,hip,23.700000762939453,robot.actuators['hip_legs'].effort_limit,0.10342539538509657,17.43795704195247,0.20360455078882947,0.21714013784899047,0.0,0.1350726038217544,0.14703471779823302,0.0
gait_01_bound__vx_neg_1p5__seed_4242,10,RR_thigh_joint,rr,thigh,23.700000762939453,robot.actuators['thigh_legs'].effort_limit,0.369982552539729,161.871289400775,0.35309655626203457,0.37091995485780754,0.0,0.7691705912351607,0.7820870381593703,0.0
gait_01_bound__vx_neg_1p5__seed_4242,11,RR_calf_joint,rr,calf,35.54999923706055,robot.actuators['calf_legs'].effort_limit,0.40791555885327724,471.38713332769464,0.35228054518302443,0.42094717379213825,0.0,1.0,1.0,0.4625
gait_01_bound__vx_neg_1p0__seed_4242,0,FL_hip_joint,fl,hip,23.700000762939453,robot.actuators['hip_legs'].effort_limit,0.07153968987721891,18.989254278605806,0.14803678301600257,0.15484610926242268,0.0,0.09035076797008514,0.09483481764793396,0.0
gait_01_bound__vx_neg_1p0__seed_4242,1,FL_thigh_joint,fl,thigh,23.700000762939453,robot.actuators['thigh_legs'].effort_limit,1.5484081360425046,132.78350405967097,0.8801785077065736,0.9720438672466079,0.022540983606557378,0.3253845632076263,0.34766825437545773,0.0
gait_01_bound__vx_neg_1p0__seed_4242,2,FL_calf_joint,fl,calf,35.54999923706055,robot.actuators['calf_legs'].effort_limit,0.9055255084855525,469.6294592797401,0.49911489095813716,0.5170945607137251,0.0,1.0,1.0,0.48565573770491804
gait_01_bound__vx_neg_1p0__seed_4242,3,FR_hip_joint,fr,hip,23.700000762939453,robot.actuators['hip_legs'].effort_limit,0.09631044662105408,14.44367874572985,0.20192273109620393,0.25250267632391316,0.0,0.15772665143012998,0.16643945813179015,0.0
gait_01_bound__vx_neg_1p0__seed_4242,4,FR_thigh_joint,fr,thigh,23.700000762939453,robot.actuators['thigh_legs'].effort_limit,1.4137381955193014,104.42014000609517,0.9153140896080407,0.9691613492953997,0.028688524590163935,0.32507091462612153,0.34087607502937317,0.0
gait_01_bound__vx_neg_1p0__seed_4242,5,FR_calf_joint,fr,calf,35.54999923706055,robot.actuators['calf_legs'].effort_limit,0.7664159160250474,320.3776013582945,0.4613621726241222,0.48536442592453294,0.0,1.0,1.0,0.5819672131147541
gait_01_bound__vx_neg_1p0__seed_4242,6,RL_hip_joint,rl,hip,23.700000762939453,robot.actuators['hip_legs'].effort_limit,0.07777675140451792,15.574094861052,0.143352157368168,0.15876066988496193,0.0,0.08007211685180662,0.08509586691856384,0.0
gait_01_bound__vx_neg_1p0__seed_4242,7,RL_thigh_joint,rl,thigh,23.700000762939453,robot.actuators['thigh_legs'].effort_limit,0.36331241824647614,151.10256481264253,0.35485295670415307,0.40936253875659867,0.0,0.8303402245044709,0.8375767147541046,0.0
gait_01_bound__vx_neg_1p0__seed_4242,8,RL_calf_joint,rl,calf,35.54999923706055,robot.actuators['calf_legs'].effort_limit,0.4105192376818642,415.176028712134,0.34530242958127705,0.4137686993942303,0.0,1.0,1.0,0.48565573770491804
gait_01_bound__vx_neg_1p0__seed_4242,9,RR_hip_joint,rr,hip,23.700000762939453,robot.actuators['hip_legs'].effort_limit,0.12522366965331996,22.494197485549375,0.2082777811355339,0.22694053864972277,0.0,0.14329660534858704,0.15226135969161986,0.0
gait_01_bound__vx_neg_1p0__seed_4242,10,RR_thigh_joint,rr,thigh,23.700000762939453,robot.actuators['thigh_legs'].effort_limit,0.22297344581995115,122.19232298543677,0.3194286126912237,0.3478076106588111,0.0,0.8200916290283202,0.8508234304189682,0.0
gait_01_bound__vx_neg_1p0__seed_4242,11,RR_calf_joint,rr,calf,35.54999923706055,robot.actuators['calf_legs'].effort_limit,0.4814068706158768,575.6112575777713,0.4221673431003177,0.44979935174825275,0.0,1.0,1.0,0.44672131147540983
gait_01_bound__vx_neg_0p5__seed_4242,0,FL_hip_joint,fl,hip,23.700000762939453,robot.actuators['hip_legs'].effort_limit,0.025627690907350235,8.756204010393413,0.09184284256583934,0.10074029469420695,0.0,0.10067493319511413,0.10564936041831971,0.0
gait_01_bound__vx_neg_0p5__seed_4242,1,FL_thigh_joint,fl,thigh,23.700000762939453,robot.actuators['thigh_legs'].effort_limit,1.2772825996366337,98.91529094653087,0.8011180281782181,0.8470725804880977,0.0,0.28160467147827145,0.28702696442604064,0.0
gait_01_bound__vx_neg_0p5__seed_4242,2,FL_calf_joint,fl,calf,35.54999923706055,robot.actuators['calf_legs'].effort_limit,0.8604955476276283,596.9109639088102,0.5587738253602581,0.5797054871229016,0.0,1.0,1.0,0.36231884057971014
gait_01_bound__vx_neg_0p5__seed_4242,3,FR_hip_joint,fr,hip,23.700000762939453,robot.actuators['hip_legs'].effort_limit,0.03653039729879076,6.741802477164892,0.1358780807099779,0.167116829968969,0.0,0.13250528573989867,0.1412663197517395,0.0
gait_01_bound__vx_neg_0p5__seed_4242,4,FR_thigh_joint,fr,thigh,23.700000762939453,robot.actuators['thigh_legs'].effort_limit,1.0996467222093833,87.05991500597447,0.7437217971955697,0.7759035287236233,0.0,0.25850226879119875,0.2653253197669983,0.0
gait_01_bound__vx_neg_0p5__seed_4242,5,FR_calf_joint,fr,calf,35.54999923706055,robot.actuators['calf_legs'].effort_limit,0.7224247807725698,356.0280962356366,0.5404633907626809,0.5570219800607755,0.0,1.0,1.0,0.3022774327122153
gait_01_bound__vx_neg_0p5__seed_4242,6,RL_hip_joint,rl,hip,23.700000762939453,robot.actuators['hip_legs'].effort_limit,0.13591861400142313,20.12553365877946,0.20261601306847637,0.21296675636301945,0.0,0.08248844146728512,0.09355231285095215,0.0
gait_01_bound__vx_neg_0p5__seed_4242,7,RL_thigh_joint,rl,thigh,23.700000762939453,robot.actuators['thigh_legs'].effort_limit,0.3397941130629593,98.36809171963483,0.3333776785169616,0.36301289367634276,0.0,0.8653352141380309,0.8726079368591309,0.0
gait_01_bound__vx_neg_0p5__seed_4242,8,RL_calf_joint,rl,calf,35.54999923706055,robot.actuators['calf_legs'].effort_limit,0.34180725711063553,283.9924960050546,0.31002175182276537,0.39866885358097065,0.0,1.0,1.0,0.45134575569358176
gait_01_bound__vx_neg_0p5__seed_4242,9,RR_hip_joint,rr,hip,23.700000762939453,robot.actuators['hip_legs'].effort_limit,0.16527345301862773,23.007226975296508,0.22022767907226565,0.23923621916513502,0.0,0.15128105878829956,0.160732501745224,0.0
gait_01_bound__vx_neg_0p5__seed_4242,10,RR_thigh_joint,rr,thigh,23.700000762939453,robot.actuators['thigh_legs'].effort_limit,0.17853296770807298,86.60918892114424,0.2593002758975684,0.3113596554411021,0.0,0.8569861948490143,0.8739372110366821,0.0
gait_01_bound__vx_neg_0p5__seed_4242,11,RR_calf_joint,rr,calf,35.54999923706055,robot.actuators['calf_legs'].effort_limit,0.42972255509974,390.9518167890795,0.3672473948728965,0.43438426438953737,0.0,1.0,1.0,0.41200828157349895
gait_01_bound__vx_pos_0p5__seed_4242,0,FL_hip_joint,fl,hip,23.700000762939453,robot.actuators['hip_legs'].effort_limit,0.0310356031817191,12.98625593583114,0.09885036174434993,0.11988649907859775,0.0,0.15511611700057984,0.16366822719573976,0.0
gait_01_bound__vx_pos_0p5__seed_4242,1,FL_thigh_joint,fl,thigh,23.700000762939453,robot.actuators['thigh_legs'].effort_limit,0.4195896515729659,79.11393577855081,0.3924425900151831,0.4141409438848393,0.0,0.16644032597541808,0.1719415557384491,0.0
gait_01_bound__vx_pos_0p5__seed_4242,2,FL_calf_joint,fl,calf,35.54999923706055,robot.actuators['calf_legs'].effort_limit,0.7368708850139366,539.0899310760713,0.5397502355079326,0.558088033986539,0.0,1.0,1.0,0.29606625258799174
gait_01_bound__vx_pos_0p5__seed_4242,3,FR_hip_joint,fr,hip,23.700000762939453,robot.actuators['hip_legs'].effort_limit,0.022132814549496945,4.794813134036958,0.09575777208327371,0.10462334070734142,0.0,0.12428411245346069,0.14125745296478273,0.0
gait_01_bound__vx_pos_0p5__seed_4242,4,FR_thigh_joint,fr,thigh,23.700000762939453,robot.actuators['thigh_legs'].effort_limit,0.15523523232008976,39.887008402291684,0.2557037830528619,0.265747293134366,0.0,0.14396273493766784,0.15067090034484865,0.0
gait_01_bound__vx_pos_0p5__seed_4242,5,FR_calf_joint,fr,calf,35.54999923706055,robot.actuators['calf_legs'].effort_limit,0.6232073023662686,347.2211250261821,0.46472226910860226,0.4947440896066505,0.0,1.0,1.0,0.2650103519668737
gait_01_bound__vx_pos_0p5__seed_4242,6,RL_hip_joint,rl,hip,23.700000762939453,robot.actuators['hip_legs'].effort_limit,0.14886298404590792,13.536260013040156,0.183948913318331,0.21623386097408695,0.0,0.11888446807861326,0.13067070484161378,0.0
gait_01_bound__vx_pos_0p5__seed_4242,7,RL_thigh_joint,rl,thigh,23.700000762939453,robot.actuators['thigh_legs'].effort_limit,0.4862201200558687,193.9539205469191,0.36904281120323434,0.39562313963095297,0.0,0.8102352261543274,0.815523579120636,0.0
gait_01_bound__vx_pos_0p5__seed_4242,8,RL_calf_joint,rl,calf,35.54999923706055,robot.actuators['calf_legs'].effort_limit,1.1693596179890835,426.4226769717876,0.5350371045041435,0.548792373051862,0.0,1.0,1.0,0.6480331262939959
gait_01_bound__vx_pos_0p5__seed_4242,9,RR_hip_joint,rr,hip,23.700000762939453,robot.actuators['hip_legs'].effort_limit,0.15962569732169257,16.53172019532678,0.22077373807967499,0.23461792709679175,0.0,0.08934653401374816,0.09390451192855835,0.0
gait_01_bound__vx_pos_0p5__seed_4242,10,RR_thigh_joint,rr,thigh,23.700000762939453,robot.actuators['thigh_legs'].effort_limit,0.33262498875525376,159.9287293510139,0.3538098241489,0.39245646376287197,0.0,0.7704436600208282,0.7762550914287567,0.0
gait_01_bound__vx_pos_0p5__seed_4242,11,RR_calf_joint,rr,calf,35.54999923706055,robot.actuators['calf_legs'].effort_limit,1.0275455411310046,366.66766165885144,0.5310438943435066,0.5442681945772495,0.0,1.0,1.0,0.6790890269151139
gait_01_bound__vx_pos_1p0__seed_4242,0,FL_hip_joint,fl,hip,23.700000762939453,robot.actuators['hip_legs'].effort_limit,0.08999526594164838,26.17150906203315,0.1766489792948862,0.19786408809503844,0.0,0.14388150572776792,0.1535205775499344,0.0
gait_01_bound__vx_pos_1p0__seed_4242,1,FL_thigh_joint,fl,thigh,23.700000762939453,robot.actuators['thigh_legs'].effort_limit,0.39991478026250965,124.62541486594826,0.4036339738537117,0.41942575850906827,0.0,0.15838359892368317,0.16270071387290955,0.0
gait_01_bound__vx_pos_1p0__seed_4242,2,FL_calf_joint,fl,calf,35.54999923706055,robot.actuators['calf_legs'].effort_limit,0.8331560085913653,403.7461755994382,0.498400804831392,0.5144384540163719,0.0,1.0,1.0,0.48770491803278687
gait_01_bound__vx_pos_1p0__seed_4242,3,FR_hip_joint,fr,hip,23.700000762939453,robot.actuators['hip_legs'].effort_limit,0.011295476282281005,5.352524267385015,0.07267118926241624,0.09242389880397173,0.0,0.1272795617580414,0.1323703646659851,0.0
gait_01_bound__vx_pos_1p0__seed_4242,4,FR_thigh_joint,fr,thigh,23.700000762939453,robot.actuators['thigh_legs'].effort_limit,0.2292660038177391,88.82060821264983,0.2521682569554242,0.2747039714538326,0.0,0.18014558553695678,0.18527158260345458,0.0
gait_01_bound__vx_pos_1p0__seed_4242,5,FR_calf_joint,fr,calf,35.54999923706055,robot.actuators['calf_legs'].effort_limit,0.7216717307731443,328.67262232587734,0.48347608850054924,0.5037376962597402,0.0,1.0,1.0,0.5266393442622951
gait_01_bound__vx_pos_1p0__seed_4242,6,RL_hip_joint,rl,hip,23.700000762939453,robot.actuators['hip_legs'].effort_limit,0.138208896628263,13.950998527668418,0.21258075951263933,0.2634249753292108,0.0,0.1504540741443634,0.16367532610893248,0.0
gait_01_bound__vx_pos_1p0__seed_4242,7,RL_thigh_joint,rl,thigh,23.700000762939453,robot.actuators['thigh_legs'].effort_limit,0.33475630088553593,237.74557290095836,0.35156323512392856,0.38074938799864083,0.0,0.8243980169296264,0.8320984184741974,0.0
gait_01_bound__vx_pos_1p0__seed_4242,8,RL_calf_joint,rl,calf,35.54999923706055,robot.actuators['calf_legs'].effort_limit,1.170353736224214,409.432284283787,0.5496153030634864,0.5733714220043546,0.0,1.0,1.0,0.6270491803278688
gait_01_bound__vx_pos_1p0__seed_4242,9,RR_hip_joint,rr,hip,23.700000762939453,robot.actuators['hip_legs'].effort_limit,0.11626665459139834,12.67086134237703,0.2110193572943528,0.2243511882218248,0.0,0.10745673179626464,0.1136045205593109,0.0
gait_01_bound__vx_pos_1p0__seed_4242,10,RR_thigh_joint,rr,thigh,23.700000762939453,robot.actuators['thigh_legs'].effort_limit,0.3016308014669022,207.05827178011648,0.363984595222808,0.4468387033377634,0.0,0.7829077363014221,0.7915502101182937,0.0
gait_01_bound__vx_pos_1p0__seed_4242,11,RR_calf_joint,rr,calf,35.54999923706055,robot.actuators['calf_legs'].effort_limit,1.0160706430466877,421.26901693724096,0.5336422424454238,0.5575454364791728,0.0,1.0,1.0,0.6659836065573771
gait_01_bound__vx_pos_1p5__seed_4242,0,FL_hip_joint,fl,hip,23.700000762939453,robot.actuators['hip_legs'].effort_limit,0.14085141107351704,35.57441309040412,0.21933345651961517,0.23622903043275242,0.0,0.19769505262374878,0.20321194648742674,0.0
gait_01_bound__vx_pos_1p5__seed_4242,1,FL_thigh_joint,fl,thigh,23.700000762939453,robot.actuators['thigh_legs'].effort_limit,0.45569736019028595,203.2003701351583,0.38721638652249785,0.45400117466918766,0.0,0.18505644500255583,0.1915106976032257,0.0
gait_01_bound__vx_pos_1p5__seed_4242,2,FL_calf_joint,fl,calf,35.54999923706055,robot.actuators['calf_legs'].effort_limit,0.7727625431767423,362.75879725107455,0.4696983084097498,0.48499892533912975,0.0,1.0,1.0,0.49375
gait_01_bound__vx_pos_1p5__seed_4242,3,FR_hip_joint,fr,hip,23.700000762939453,robot.actuators['hip_legs'].effort_limit,0.03491385816184772,7.867482643350959,0.09699071700693389,0.11421248354006451,0.0,0.15997530817985534,0.1643556010723114,0.0
gait_01_bound__vx_pos_1p5__seed_4242,4,FR_thigh_joint,fr,thigh,23.700000762939453,robot.actuators['thigh_legs'].effort_limit,0.5093537365903832,202.52843830496073,0.38185395649281567,0.43660128552074556,0.0,0.23837121725082397,0.24410352051258086,0.0
gait_01_bound__vx_pos_1p5__seed_4242,5,FR_calf_joint,fr,calf,35.54999923706055,robot.actuators['calf_legs'].effort_limit,0.6062044681891796,254.76501159783453,0.44851663132929903,0.45832076378932607,0.0,1.0,1.0,0.5895833333333333
gait_01_bound__vx_pos_1p5__seed_4242,6,RL_hip_joint,rl,hip,23.700000762939453,robot.actuators['hip_legs'].effort_limit,0.12697849743626796,14.39367145510856,0.24761252270106954,0.29123459272796387,0.0,0.18856611251831054,0.2257828801870346,0.0
gait_01_bound__vx_pos_1p5__seed_4242,7,RL_thigh_joint,rl,thigh,23.700000762939453,robot.actuators['thigh_legs'].effort_limit,0.3537635306781485,313.30483479216696,0.3458554562965278,0.40863871928867,0.0,0.801927900314331,0.8099472320079804,0.0
gait_01_bound__vx_pos_1p5__seed_4242,8,RL_calf_joint,rl,calf,35.54999923706055,robot.actuators['calf_legs'].effort_limit,1.0231675404503133,413.78873585030436,0.5323550315750708,0.5592342990329983,0.0,1.0,1.0,0.60625
gait_01_bound__vx_pos_1p5__seed_4242,9,RR_hip_joint,rr,hip,23.700000762939453,robot.actuators['hip_legs'].effort_limit,0.08958221741166286,10.738546921475791,0.20663084902120826,0.21317619510678978,0.0,0.1362636864185333,0.1435992980003357,0.0
gait_01_bound__vx_pos_1p5__seed_4242,10,RR_thigh_joint,rr,thigh,23.700000762939453,robot.actuators['thigh_legs'].effort_limit,0.35320896004067287,258.23505162127316,0.33979799689770157,0.3862689690644157,0.0,0.7636151313781738,0.769196776151657,0.0
gait_01_bound__vx_pos_1p5__seed_4242,11,RR_calf_joint,rr,calf,35.54999923706055,robot.actuators['calf_legs'].effort_limit,0.9831056998417222,422.7978527469933,0.5309167404478851,0.5554498681702832,0.0,1.0,1.0,0.6625
gait_02_half_bound__vx_neg_1p5__seed_4242,0,FL_hip_joint,fl,hip,23.700000762939453,robot.actuators['hip_legs'].effort_limit,0.15460321217736797,25.08474934210535,0.1935806071259508,0.21572482947740415,0.0,0.25506303310394285,0.26345855951309205,0.0
gait_02_half_bound__vx_neg_1p5__seed_4242,1,FL_thigh_joint,fl,thigh,23.700000762939453,robot.actuators['thigh_legs'].effort_limit,1.9116854291870777,329.08402016177774,0.9724350909966226,1.0,0.058333333333333334,0.39851673543453214,0.4125788289308548,0.0
gait_02_half_bound__vx_neg_1p5__seed_4242,2,FL_calf_joint,fl,calf,35.54999923706055,robot.actuators['calf_legs'].effort_limit,0.8108116850281374,336.52914267254994,0.4994269718310086,0.5163303319730976,0.0,1.0,1.0,0.49375
gait_02_half_bound__vx_neg_1p5__seed_4242,3,FR_hip_joint,fr,hip,23.700000762939453,robot.actuators['hip_legs'].effort_limit,0.21747767001744062,20.18330961552332,0.2570810084336998,0.2717580814439449,0.0,0.22024239897727962,0.2282945668697357,0.0
gait_02_half_bound__vx_neg_1p5__seed_4242,4,FR_thigh_joint,fr,thigh,23.700000762939453,robot.actuators['thigh_legs'].effort_limit,1.8070599862450405,221.70007087469102,0.8806830657867861,1.0,0.03333333333333333,0.31933470368385314,0.35912316501140595,0.0
gait_02_half_bound__vx_neg_1p5__seed_4242,5,FR_calf_joint,fr,calf,35.54999923706055,robot.actuators['calf_legs'].effort_limit,0.569843995737157,232.4167541669868,0.36746574337398874,0.3776352771621742,0.0,1.0,1.0,0.6041666666666666
gait_02_half_bound__vx_neg_1p5__seed_4242,6,RL_hip_joint,rl,hip,23.700000762939453,robot.actuators['hip_legs'].effort_limit,0.029340237353638755,7.072321866763087,0.09605283568811743,0.10569528639844784,0.0,0.11590428352355955,0.14155271053314208,0.0
gait_02_half_bound__vx_neg_1p5__seed_4242,7,RL_thigh_joint,rl,thigh,23.700000762939453,robot.actuators['thigh_legs'].effort_limit,0.5498377001296353,200.48722740689527,0.42593585626993763,0.45036627772315047,0.0,0.7697522401809692,0.7827735865116119,0.0
gait_02_half_bound__vx_neg_1p5__seed_4242,8,RL_calf_joint,rl,calf,35.54999923706055,robot.actuators['calf_legs'].effort_limit,0.5254957800846871,769.9254589998443,0.41891673540454405,0.4720760757956219,0.0,1.0,1.0,0.5854166666666667
gait_02_half_bound__vx_neg_1p5__seed_4242,9,RR_hip_joint,rr,hip,23.700000762939453,robot.actuators['hip_legs'].effort_limit,0.11104184521477876,19.40327082802309,0.2333930157724045,0.24114757357094121,0.0,0.11270419359207152,0.11891442179679869,0.0
gait_02_half_bound__vx_neg_1p5__seed_4242,10,RR_thigh_joint,rr,thigh,23.700000762939453,robot.actuators['thigh_legs'].effort_limit,0.2966208210410181,176.65720092255623,0.3231319532714086,0.3530314653764728,0.0,0.7679066509008408,0.7761580848693848,0.0
gait_02_half_bound__vx_neg_1p5__seed_4242,11,RR_calf_joint,rr,calf,35.54999923706055,robot.actuators['calf_legs'].effort_limit,0.3298411552794764,414.8928251077421,0.34551462010926015,0.43522189788650734,0.0,1.0,1.0,0.4666666666666667
gait_02_half_bound__vx_neg_1p0__seed_4242,0,FL_hip_joint,fl,hip,23.700000762939453,robot.actuators['hip_legs'].effort_limit,0.0875005472106943,14.662854816187174,0.16971525016123934,0.18056079770145983,0.0,0.14806821048259736,0.16163824081420897,0.0
gait_02_half_bound__vx_neg_1p0__seed_4242,1,FL_thigh_joint,fl,thigh,23.700000762939453,robot.actuators['thigh_legs'].effort_limit,1.6493581211662383,167.50292756035924,0.9358154671643907,0.980462031450166,0.040983606557377046,0.36723719239234925,0.39152954578399657,0.0
gait_02_half_bound__vx_neg_1p0__seed_4242,2,FL_calf_joint,fl,calf,35.54999923706055,robot.actuators['calf_legs'].effort_limit,0.9177567838823629,350.3023503733007,0.5170999334815503,0.5313633959025966,0.0,1.0,1.0,0.48155737704918034
gait_02_half_bound__vx_neg_1p0__seed_4242,3,FR_hip_joint,fr,hip,23.700000762939453,robot.actuators['hip_legs'].effort_limit,0.10258000662990156,9.218599997866258,0.2028964426017651,0.22282076854719432,0.0,0.22046241164207458,0.22771469116210938,0.0
gait_02_half_bound__vx_neg_1p0__seed_4242,4,FR_thigh_joint,fr,thigh,23.700000762939453,robot.actuators['thigh_legs'].effort_limit,1.6198669891789161,111.47606909871102,0.8465169481199578,0.929917700725903,0.006147540983606557,0.3001607835292816,0.3214573305845261,0.0
gait_02_half_bound__vx_neg_1p0__seed_4242,5,FR_calf_joint,fr,calf,35.54999923706055,robot.actuators['calf_legs'].effort_limit,0.5388187841093799,253.1819775779918,0.38570692592372813,0.4102216352572034,0.0,1.0,1.0,0.6045081967213115
gait_02_half_bound__vx_neg_1p0__seed_4242,6,RL_hip_joint,rl,hip,23.700000762939453,robot.actuators['hip_legs'].effort_limit,0.05692177604414619,13.080311562856659,0.11525019343089836,0.14700287786305494,0.0,0.0982144117355346,0.12515251874923705,0.0
gait_02_half_bound__vx_neg_1p0__seed_4242,7,RL_thigh_joint,rl,thigh,23.700000762939453,robot.actuators['thigh_legs'].effort_limit,0.36034087513743324,169.82483723658194,0.36468883740746744,0.38797323490985486,0.0,0.8136518865823745,0.8233300602436066,0.0
gait_02_half_bound__vx_neg_1p0__seed_4242,8,RL_calf_joint,rl,calf,35.54999923706055,robot.actuators['calf_legs'].effort_limit,0.5555971908103609,679.1461679869518,0.416212114985172,0.46308267409532916,0.0,1.0,1.0,0.4569672131147541
gait_02_half_bound__vx_neg_1p0__seed_4242,9,RR_hip_joint,rr,hip,23.700000762939453,robot.actuators['hip_legs'].effort_limit,0.13283823740827555,23.200339056921077,0.21280870778663383,0.23580217849788815,0.0,0.13068648874759672,0.14031269550323486,0.0
gait_02_half_bound__vx_neg_1p0__seed_4242,10,RR_thigh_joint,rr,thigh,23.700000762939453,robot.actuators['thigh_legs'].effort_limit,0.21919319967712078,144.40046947088092,0.30832111094443043,0.3732176302425326,0.0,0.8281491190195084,0.8396469968557357,0.0
gait_02_half_bound__vx_neg_1p0__seed_4242,11,RR_calf_joint,rr,calf,35.54999923706055,robot.actuators['calf_legs'].effort_limit,0.3988472631772119,432.5254952684883,0.3862376973327915,0.4365767863701883,0.0,1.0,1.0,0.45081967213114754
gait_02_half_bound__vx_neg_0p5__seed_4242,0,FL_hip_joint,fl,hip,23.700000762939453,robot.actuators['hip_legs'].effort_limit,0.033233776529068296,8.363673244043603,0.12631486433761965,0.14261769004636068,0.0,0.13359538316726685,0.16699231505393983,0.0
gait_02_half_bound__vx_neg_0p5__seed_4242,1,FL_thigh_joint,fl,thigh,23.700000762939453,robot.actuators['thigh_legs'].effort_limit,1.316822327198342,84.30077015034622,0.7830359210875975,0.8188130787132978,0.0,0.2941007435321808,0.3003187441825867,0.0
gait_02_half_bound__vx_neg_0p5__seed_4242,2,FL_calf_joint,fl,calf,35.54999923706055,robot.actuators['calf_legs'].effort_limit,0.8749746525580459,459.55181775253266,0.542481891454638,0.5599311691247947,0.0,1.0,1.0,0.23809523809523808
gait_02_half_bound__vx_neg_0p5__seed_4242,3,FR_hip_joint,fr,hip,23.700000762939453,robot.actuators['hip_legs'].effort_limit,0.056956497283028186,5.085481543037895,0.19112753152235537,0.21775160382261627,0.0,0.201430344581604,0.21674861669540404,0.0
gait_02_half_bound__vx_neg_0p5__seed_4242,4,FR_thigh_joint,fr,thigh,23.700000762939453,robot.actuators['thigh_legs'].effort_limit,1.6528679616410464,82.09274233005941,0.8049322504958702,0.8280079860765164,0.0,0.26241419315338127,0.2721800231933594,0.0
gait_02_half_bound__vx_neg_0p5__seed_4242,5,FR_calf_joint,fr,calf,35.54999923706055,robot.actuators['calf_legs'].effort_limit,0.3479901048785498,218.1117341165524,0.4032889370879684,0.4181728731774626,0.0,1.0,1.0,0.391304347826087
gait_02_half_bound__vx_neg_0p5__seed_4242,6,RL_hip_joint,rl,hip,23.700000762939453,robot.actuators['hip_legs'].effort_limit,0.07380328667730898,13.658233881448396,0.1471990183834601,0.16696253814495945,0.0,0.07929375171661376,0.09104090690612793,0.0
gait_02_half_bound__vx_neg_0p5__seed_4242,7,RL_thigh_joint,rl,thigh,23.700000762939453,robot.actuators['thigh_legs'].effort_limit,0.3272042272637688,83.76534146427643,0.32554456411290666,0.35372706614539984,0.0,0.806726324558258,0.8143969404697419,0.0
gait_02_half_bound__vx_neg_0p5__seed_4242,8,RL_calf_joint,rl,calf,35.54999923706055,robot.actuators['calf_legs'].effort_limit,0.33664349792186193,285.97984944674187,0.3262049158840456,0.3724383239625554,0.0,1.0,1.0,0.4161490683229814
gait_02_half_bound__vx_neg_0p5__seed_4242,9,RR_hip_joint,rr,hip,23.700000762939453,robot.actuators['hip_legs'].effort_limit,0.16589723351144695,19.567378724254667,0.26855858207868144,0.3088628665469249,0.0,0.17062524557113648,0.20225561618804933,0.0
gait_02_half_bound__vx_neg_0p5__seed_4242,10,RR_thigh_joint,rr,thigh,23.700000762939453,robot.actuators['thigh_legs'].effort_limit,0.21054524099158797,93.29926241448149,0.25042974696003245,0.2909442614802667,0.0,0.8645619451999664,0.8757717657089233,0.0
gait_02_half_bound__vx_neg_0p5__seed_4242,11,RR_calf_joint,rr,calf,35.54999923706055,robot.actuators['calf_legs'].effort_limit,0.3280122798151685,257.18388240139,0.32702690268358325,0.35920894122136204,0.0,1.0,1.0,0.45134575569358176
gait_02_half_bound__vx_pos_0p5__seed_4242,0,FL_hip_joint,fl,hip,23.700000762939453,robot.actuators['hip_legs'].effort_limit,0.02901928740614218,10.259222899257438,0.10136001799828838,0.1144371619586812,0.0,0.16894155740737912,0.1799690878391266,0.0
gait_02_half_bound__vx_pos_0p5__seed_4242,1,FL_thigh_joint,fl,thigh,23.700000762939453,robot.actuators['thigh_legs'].effort_limit,0.20318093494047548,32.383452935032544,0.2443338186744072,0.2670976597074466,0.0,0.14772019982337953,0.15201069474220277,0.0
gait_02_half_bound__vx_pos_0p5__seed_4242,2,FL_calf_joint,fl,calf,35.54999923706055,robot.actuators['calf_legs'].effort_limit,0.6479320850734713,264.82138744215945,0.4676249640661948,0.49331905710124424,0.0,1.0,1.0,0.2608695652173913
gait_02_half_bound__vx_pos_0p5__seed_4242,3,FR_hip_joint,fr,hip,23.700000762939453,robot.actuators['hip_legs'].effort_limit,0.020087971950015673,3.8832187859120313,0.08518482086938715,0.13338076387459272,0.0,0.14291212558746333,0.16073199748992922,0.0
gait_02_half_bound__vx_pos_0p5__seed_4242,4,FR_thigh_joint,fr,thigh,23.700000762939453,robot.actuators['thigh_legs'].effort_limit,0.6265307521991994,72.3288865163154,0.496175528701733,0.5244386222472815,0.0,0.19365106225013734,0.2055508077144623,0.0
gait_02_half_bound__vx_pos_0p5__seed_4242,5,FR_calf_joint,fr,calf,35.54999923706055,robot.actuators['calf_legs'].effort_limit,0.32501149356403825,244.64331397074187,0.3365584846755935,0.372038053296097,0.0,1.0,1.0,0.38923395445134573
gait_02_half_bound__vx_pos_0p5__seed_4242,6,RL_hip_joint,rl,hip,23.700000762939453,robot.actuators['hip_legs'].effort_limit,0.06631054901985241,8.87931231511291,0.1659888876021216,0.2043276869913838,0.0,0.1608364403247833,0.1843710219860077,0.0
gait_02_half_bound__vx_pos_0p5__seed_4242,7,RL_thigh_joint,rl,thigh,23.700000762939453,robot.actuators['thigh_legs'].effort_limit,0.4592008449467525,157.9224280148372,0.3851577337029136,0.4016497148715083,0.0,0.7777734577655792,0.7853491115570068,0.0
gait_02_half_bound__vx_pos_0p5__seed_4242,8,RL_calf_joint,rl,calf,35.54999923706055,robot.actuators['calf_legs'].effort_limit,1.1087812638146348,386.2520678504743,0.4986503911969447,0.5134509866116463,0.0,1.0,1.0,0.5734989648033126
gait_02_half_bound__vx_pos_0p5__seed_4242,9,RR_hip_joint,rr,hip,23.700000762939453,robot.actuators['hip_legs'].effort_limit,0.17504672442460845,12.053876598544012,0.2776008488425452,0.29216248782958704,0.0,0.16666392087936402,0.1795462417602539,0.0
gait_02_half_bound__vx_pos_0p5__seed_4242,10,RR_thigh_joint,rr,thigh,23.700000762939453,robot.actuators['thigh_legs'].effort_limit,0.40967145533938965,108.18060348927975,0.42182113802556104,0.45076755006146174,0.0,0.7587551474571228,0.7654645955562591,0.0
gait_02_half_bound__vx_pos_0p5__seed_4242,11,RR_calf_joint,rr,calf,35.54999923706055,robot.actuators['calf_legs'].effort_limit,0.8315278469115271,273.29437231287363,0.47205524947959693,0.48855610110675585,0.0,1.0,1.0,0.6418219461697723
gait_02_half_bound__vx_pos_1p0__seed_4242,0,FL_hip_joint,fl,hip,23.700000762939453,robot.actuators['hip_legs'].effort_limit,0.04017479820696174,16.11842903955723,0.11695646863184196,0.14770570331828753,0.0,0.17899266481399534,0.1856738919019699,0.0
gait_02_half_bound__vx_pos_1p0__seed_4242,1,FL_thigh_joint,fl,thigh,23.700000762939453,robot.actuators['thigh_legs'].effort_limit,0.14636943239790146,61.60928559407592,0.20577212367409092,0.26622883788712126,0.0,0.16427249312400816,0.17121315836906434,0.0
gait_02_half_bound__vx_pos_1p0__seed_4242,2,FL_calf_joint,fl,calf,35.54999923706055,robot.actuators['calf_legs'].effort_limit,0.6037313735855467,215.73493810980582,0.43441115210405506,0.4449664311998677,0.0,1.0,1.0,0.4610655737704918
gait_02_half_bound__vx_pos_1p0__seed_4242,3,FR_hip_joint,fr,hip,23.700000762939453,robot.actuators['hip_legs'].effort_limit,0.022984430349919677,5.801975505640731,0.09264725123305659,0.10367815311679267,0.0,0.16099607348442077,0.17218260169029237,0.0
gait_02_half_bound__vx_pos_1p0__seed_4242,4,FR_thigh_joint,fr,thigh,23.700000762939453,robot.actuators['thigh_legs'].effort_limit,0.4101779939533992,116.8887215013057,0.4165002491624969,0.44268623488265296,0.0,0.19198270142078397,0.19830071926116943,0.0
gait_02_half_bound__vx_pos_1p0__seed_4242,5,FR_calf_joint,fr,calf,35.54999923706055,robot.actuators['calf_legs'].effort_limit,0.48698949666846153,216.18754749231508,0.4353634381808175,0.45277968840521937,0.0,1.0,1.0,0.48975409836065575
gait_02_half_bound__vx_pos_1p0__seed_4242,6,RL_hip_joint,rl,hip,23.700000762939453,robot.actuators['hip_legs'].effort_limit,0.07385050703685747,6.996531991501106,0.18408806626724472,0.25268398549900023,0.0,0.18335698544979093,0.24720323264598845,0.0
gait_02_half_bound__vx_pos_1p0__seed_4242,7,RL_thigh_joint,rl,thigh,23.700000762939453,robot.actuators['thigh_legs'].effort_limit,0.2852465432326737,214.58507567353547,0.3268268616808522,0.36736561683089447,0.0,0.8041729360818863,0.8155677986145019,0.0
gait_02_half_bound__vx_pos_1p0__seed_4242,8,RL_calf_joint,rl,calf,35.54999923706055,robot.actuators['calf_legs'].effort_limit,1.1231836836834352,389.33417173683176,0.5285768152889208,0.5348163960949947,0.0,1.0,1.0,0.5840163934426229
gait_02_half_bound__vx_pos_1p0__seed_4242,9,RR_hip_joint,rr,hip,23.700000762939453,robot.actuators['hip_legs'].effort_limit,0.09443788868333931,8.195345741685014,0.1673358790937374,0.17588707703740641,0.0,0.12822709679603575,0.13369718909263612,0.0
gait_02_half_bound__vx_pos_1p0__seed_4242,10,RR_thigh_joint,rr,thigh,23.700000762939453,robot.actuators['thigh_legs'].effort_limit,0.34459393399577165,185.91867725774645,0.34785327918287573,0.39234150536962886,0.0,0.754736852645874,0.7596264374256134,0.0
gait_02_half_bound__vx_pos_1p0__seed_4242,11,RR_calf_joint,rr,calf,35.54999923706055,robot.actuators['calf_legs'].effort_limit,0.9238624360455585,395.4871012824774,0.5062615386546877,0.5154086404665456,0.0,1.0,1.0,0.6680327868852459
gait_02_half_bound__vx_pos_1p5__seed_4242,0,FL_hip_joint,fl,hip,23.700000762939453,robot.actuators['hip_legs'].effort_limit,0.06315781366622278,26.626504368302413,0.1241243620240944,0.15940564755047346,0.0,0.23646499812602992,0.2437774807214737,0.0
gait_02_half_bound__vx_pos_1p5__seed_4242,1,FL_thigh_joint,fl,thigh,23.700000762939453,robot.actuators['thigh_legs'].effort_limit,0.2606748206289587,139.9421196205169,0.2880757295447326,0.3115871423701309,0.0,0.24452724456787106,0.24949563860893248,0.0
gait_02_half_bound__vx_pos_1p5__seed_4242,2,FL_calf_joint,fl,calf,35.54999923706055,robot.actuators['calf_legs'].effort_limit,0.5289620089595605,247.80407627344132,0.4020044812768108,0.410776785318598,0.0,1.0,1.0,0.4979166666666667
gait_02_half_bound__vx_pos_1p5__seed_4242,3,FR_hip_joint,fr,hip,23.700000762939453,robot.actuators['hip_legs'].effort_limit,0.04458340921313059,8.533284044414758,0.15161379998078162,0.16851570234771268,0.0,0.2073571741580963,0.23699006676673884,0.0
gait_02_half_bound__vx_pos_1p5__seed_4242,4,FR_thigh_joint,fr,thigh,23.700000762939453,robot.actuators['thigh_legs'].effort_limit,0.4865769364104175,231.67398222386836,0.32169806072547164,0.33395326843090234,0.0,0.26407189667224884,0.272805455327034,0.0
gait_02_half_bound__vx_pos_1p5__seed_4242,5,FR_calf_joint,fr,calf,35.54999923706055,robot.actuators['calf_legs'].effort_limit,0.4479323268144861,176.57232239145088,0.3992831588140594,0.41274198513845417,0.0,1.0,1.0,0.5729166666666666
gait_02_half_bound__vx_pos_1p5__seed_4242,6,RL_hip_joint,rl,hip,23.700000762939453,robot.actuators['hip_legs'].effort_limit,0.09497420677235821,9.095726636633044,0.2100358847111606,0.24117745254846715,0.0,0.23999124467372876,0.26398424983024593,0.0
gait_02_half_bound__vx_pos_1p5__seed_4242,7,RL_thigh_joint,rl,thigh,23.700000762939453,robot.actuators['thigh_legs'].effort_limit,0.31666123968731985,288.1743186919391,0.3118574921295716,0.37873949006673785,0.0,0.7900528252124787,0.7963552474975586,0.0
gait_02_half_bound__vx_pos_1p5__seed_4242,8,RL_calf_joint,rl,calf,35.54999923706055,robot.actuators['calf_legs'].effort_limit,0.9350847928456244,349.72953964104875,0.5151615977690834,0.5265767995150666,0.0,1.0,1.0,0.59375
gait_02_half_bound__vx_pos_1p5__seed_4242,9,RR_hip_joint,rr,hip,23.700000762939453,robot.actuators['hip_legs'].effort_limit,0.05312340490826967,5.43289942236268,0.14423363207213863,0.15372451043915208,0.0,0.1695911347866058,0.17375797033309937,0.0
gait_02_half_bound__vx_pos_1p5__seed_4242,10,RR_thigh_joint,rr,thigh,23.700000762939453,robot.actuators['thigh_legs'].effort_limit,0.32024101792614473,211.05478645036928,0.3405600389871705,0.35436913802169806,0.0,0.7490077793598175,0.7546479713916778,0.0
gait_02_half_bound__vx_pos_1p5__seed_4242,11,RR_calf_joint,rr,calf,35.54999923706055,robot.actuators['calf_legs'].effort_limit,0.9092850868211966,412.56049332886937,0.505234658075961,0.5420005013295632,0.0,1.0,1.0,0.6833333333333333
gait_03_half_bound__vx_neg_1p5__seed_4242,0,FL_hip_joint,fl,hip,23.700000762939453,robot.actuators['hip_legs'].effort_limit,0.0936325564358803,13.423657433371991,0.165368761400834,0.1850729987366431,0.0,0.18705383241176599,0.2026350337266922,0.0
gait_03_half_bound__vx_neg_1p5__seed_4242,1,FL_thigh_joint,fl,thigh,23.700000762939453,robot.actuators['thigh_legs'].effort_limit,1.18715222192472,202.5336350728618,0.6877676504990572,0.7276708835434126,0.0,0.2837000101804733,0.306000296473503,0.0
gait_03_half_bound__vx_neg_1p5__seed_4242,2,FL_calf_joint,fl,calf,35.54999923706055,robot.actuators['calf_legs'].effort_limit,0.7959368251794123,321.92886586666106,0.4754275385093965,0.4993861433023518,0.0,1.0,1.0,0.5229166666666667
gait_03_half_bound__vx_neg_1p5__seed_4242,3,FR_hip_joint,fr,hip,23.700000762939453,robot.actuators['hip_legs'].effort_limit,0.08435805614836404,11.282653691675515,0.18622989195876322,0.20135297469117452,0.0,0.1719341278076172,0.18107451677322386,0.0
gait_03_half_bound__vx_neg_1p5__seed_4242,4,FR_thigh_joint,fr,thigh,23.700000762939453,robot.actuators['thigh_legs'].effort_limit,1.6843731112281992,185.13451417148113,0.9650806325572651,1.0,0.06041666666666667,0.37944762706756585,0.39668313860893245,0.0
gait_03_half_bound__vx_neg_1p5__seed_4242,5,FR_calf_joint,fr,calf,35.54999923706055,robot.actuators['calf_legs'].effort_limit,0.8646705553862489,349.47332961585374,0.49262001998236116,0.5126096065560859,0.0,1.0,1.0,0.5979166666666667
gait_03_half_bound__vx_neg_1p5__seed_4242,6,RL_hip_joint,rl,hip,23.700000762939453,robot.actuators['hip_legs'].effort_limit,0.06384919386700805,10.409330681061839,0.15665234995001456,0.19313578366192558,0.0,0.10062729716300958,0.11644091665744777,0.0
gait_03_half_bound__vx_neg_1p5__seed_4242,7,RL_thigh_joint,rl,thigh,23.700000762939453,robot.actuators['thigh_legs'].effort_limit,0.6315774745668716,210.91000047752635,0.4225906244079773,0.5655449162078431,0.0,0.729881477355957,0.7387034821510314,0.0
gait_03_half_bound__vx_neg_1p5__seed_4242,8,RL_calf_joint,rl,calf,35.54999923706055,robot.actuators['calf_legs'].effort_limit,0.6123301514995582,806.7484928579174,0.41239667186703066,0.4484712015566969,0.0,1.0,1.0,0.6
gait_03_half_bound__vx_neg_1p5__seed_4242,9,RR_hip_joint,rr,hip,23.700000762939453,robot.actuators['hip_legs'].effort_limit,0.06454352014984995,13.890561977783218,0.13686680956758232,0.16818695241189444,0.0,0.09242521226406096,0.09843566834926602,0.0
gait_03_half_bound__vx_neg_1p5__seed_4242,10,RR_thigh_joint,rr,thigh,23.700000762939453,robot.actuators['thigh_legs'].effort_limit,0.47849310860573996,216.64183852046727,0.3823107041045657,0.4069742530476935,0.0,0.7942450881004333,0.8145363783836365,0.0
gait_03_half_bound__vx_neg_1p5__seed_4242,11,RR_calf_joint,rr,calf,35.54999923706055,robot.actuators['calf_legs'].effort_limit,0.6575896366454658,989.3933814656094,0.4466519699773124,0.46590119032506905,0.0,1.0,1.0,0.4895833333333333
gait_03_half_bound__vx_neg_1p0__seed_4242,0,FL_hip_joint,fl,hip,23.700000762939453,robot.actuators['hip_legs'].effort_limit,0.062410386953664576,10.798022094800835,0.14582287594604892,0.18178383930113456,0.0,0.11511611342430114,0.1313597744703293,0.0
gait_03_half_bound__vx_neg_1p0__seed_4242,1,FL_thigh_joint,fl,thigh,23.700000762939453,robot.actuators['thigh_legs'].effort_limit,1.4498596961699708,129.6845813179668,0.80659426736327,0.8320547793728863,0.0,0.28815987408161164,0.3008331787586212,0.0
gait_03_half_bound__vx_neg_1p0__seed_4242,2,FL_calf_joint,fl,calf,35.54999923706055,robot.actuators['calf_legs'].effort_limit,0.61416682836575,307.3312030370161,0.411594072421734,0.4469868786751336,0.0,1.0,1.0,0.39344262295081966
gait_03_half_bound__vx_neg_1p0__seed_4242,3,FR_hip_joint,fr,hip,23.700000762939453,robot.actuators['hip_legs'].effort_limit,0.05066891256146595,14.645635769716463,0.12937131497439244,0.15771061584744303,0.0,0.12276249527931213,0.12876073122024537,0.0
gait_03_half_bound__vx_neg_1p0__seed_4242,4,FR_thigh_joint,fr,thigh,23.700000762939453,robot.actuators['thigh_legs'].effort_limit,1.6042125537829004,78.60154035927728,0.965555240436176,0.9864806400900848,0.06147540983606557,0.3533809334039688,0.35998637318611143,0.0
gait_03_half_bound__vx_neg_1p0__seed_4242,5,FR_calf_joint,fr,calf,35.54999923706055,robot.actuators['calf_legs'].effort_limit,0.8888826034166313,385.1626908872882,0.494164666588477,0.5102666312488203,0.0,1.0,1.0,0.5737704918032787
gait_03_half_bound__vx_neg_1p0__seed_4242,6,RL_hip_joint,rl,hip,23.700000762939453,robot.actuators['hip_legs'].effort_limit,0.11697126627004513,11.874044863451273,0.17563569030646822,0.1839290553650979,0.0,0.09658047556877135,0.10534900426864624,0.0
gait_03_half_bound__vx_neg_1p0__seed_4242,7,RL_thigh_joint,rl,thigh,23.700000762939453,robot.actuators['thigh_legs'].effort_limit,0.2430251765436693,119.37587056796998,0.313854276838849,0.3733737954128025,0.0,0.8064382374286652,0.822981892824173,0.0
gait_03_half_bound__vx_neg_1p0__seed_4242,8,RL_calf_joint,rl,calf,35.54999923706055,robot.actuators['calf_legs'].effort_limit,0.42393051209904037,385.85467285152527,0.3507116033543154,0.3884071438819068,0.0,1.0,1.0,0.5614754098360656
gait_03_half_bound__vx_neg_1p0__seed_4242,9,RR_hip_joint,rr,hip,23.700000762939453,robot.actuators['hip_legs'].effort_limit,0.09946971161236982,16.24105544677004,0.16277196768597407,0.19456243532519005,0.0,0.11973845660686493,0.13056947827339171,0.0
gait_03_half_bound__vx_neg_1p0__seed_4242,10,RR_thigh_joint,rr,thigh,23.700000762939453,robot.actuators['thigh_legs'].effort_limit,0.3490234346253007,153.0736755277589,0.348226320750359,0.3678674201203223,0.0,0.855545648932457,0.8641879880428314,0.0
gait_03_half_bound__vx_neg_1p0__seed_4242,11,RR_calf_joint,rr,calf,35.54999923706055,robot.actuators['calf_legs'].effort_limit,0.528902453264556,749.9584567773511,0.40434906347838795,0.43574730242952764,0.0,1.0,1.0,0.4057377049180328
gait_03_half_bound__vx_neg_0p5__seed_4242,0,FL_hip_joint,fl,hip,23.700000762939453,robot.actuators['hip_legs'].effort_limit,0.01990395477841014,6.203045314433694,0.0899136339287855,0.11743207464959915,0.0,0.09106484651565551,0.09571783542633057,0.0
gait_03_half_bound__vx_neg_0p5__seed_4242,1,FL_thigh_joint,fl,thigh,23.700000762939453,robot.actuators['thigh_legs'].effort_limit,1.320576313108094,101.07266316619702,0.7440097343988945,0.7691106588915521,0.0,0.2562156736850738,0.2651062297821045,0.0
gait_03_half_bound__vx_neg_0p5__seed_4242,2,FL_calf_joint,fl,calf,35.54999923706055,robot.actuators['calf_legs'].effort_limit,0.4371834958105182,425.4485008938145,0.41063099547290394,0.42123686115757125,0.0,1.0,1.0,0.3167701863354037
gait_03_half_bound__vx_neg_0p5__seed_4242,3,FR_hip_joint,fr,hip,23.700000762939453,robot.actuators['hip_legs'].effort_limit,0.03709932846410372,10.708740583639592,0.11011354981229919,0.12336892865598885,0.0,0.13572856187820434,0.14615706920623783,0.0
gait_03_half_bound__vx_neg_0p5__seed_4242,4,FR_thigh_joint,fr,thigh,23.700000762939453,robot.actuators['thigh_legs'].effort_limit,1.3070557575191686,54.042963457629085,0.810283538229784,0.8730868802907797,0.0,0.2847427427768707,0.2999533259868622,0.0
gait_03_half_bound__vx_neg_0p5__seed_4242,5,FR_calf_joint,fr,calf,35.54999923706055,robot.actuators['calf_legs'].effort_limit,0.8589677639097212,392.0788755983487,0.5392396616068363,0.5557269284046228,0.0,1.0,1.0,0.2919254658385093
gait_03_half_bound__vx_neg_0p5__seed_4242,6,RL_hip_joint,rl,hip,23.700000762939453,robot.actuators['hip_legs'].effort_limit,0.15584229225326168,17.44924782641232,0.18116799306529907,0.20631285015338463,0.0,0.07527632117271423,0.08450261235237122,0.0
gait_03_half_bound__vx_neg_0p5__seed_4242,7,RL_thigh_joint,rl,thigh,23.700000762939453,robot.actuators['thigh_legs'].effort_limit,0.3105577294900515,93.08992747461423,0.2982724653067781,0.3325411621112691,0.0,0.8455889284610748,0.8556492364406586,0.0
gait_03_half_bound__vx_neg_0p5__seed_4242,8,RL_calf_joint,rl,calf,35.54999923706055,robot.actuators['calf_legs'].effort_limit,0.37167407177304634,200.77732586100697,0.3157878895216434,0.34303786669247716,0.0,1.0,1.0,0.577639751552795
gait_03_half_bound__vx_neg_0p5__seed_4242,9,RR_hip_joint,rr,hip,23.700000762939453,robot.actuators['hip_legs'].effort_limit,0.13007559117503126,16.3845711485995,0.19416883302298005,0.2111293149335092,0.0,0.1310268878936767,0.1431282126903534,0.0
gait_03_half_bound__vx_neg_0p5__seed_4242,10,RR_thigh_joint,rr,thigh,23.700000762939453,robot.actuators['thigh_legs'].effort_limit,0.28391463812704726,87.37953519478441,0.31126234002214453,0.31979055703109044,0.0,0.8868473887443542,0.9016220211982727,0.0
gait_03_half_bound__vx_neg_0p5__seed_4242,11,RR_calf_joint,rr,calf,35.54999923706055,robot.actuators['calf_legs'].effort_limit,0.37723886825902,328.91886822376404,0.3358192140349958,0.4248447031881105,0.0,1.0,1.0,0.505175983436853
gait_03_half_bound__vx_pos_0p5__seed_4242,0,FL_hip_joint,fl,hip,23.700000762939453,robot.actuators['hip_legs'].effort_limit,0.02775791054804086,6.200713344730903,0.12988232544581657,0.15490245079000448,0.0,0.1188726544380188,0.12773367643356323,0.0
gait_03_half_bound__vx_pos_0p5__seed_4242,1,FL_thigh_joint,fl,thigh,23.700000762939453,robot.actuators['thigh_legs'].effort_limit,0.7312646137463769,60.711447564028205,0.5471180083804228,0.5615981351764491,0.0,0.23816782832145691,0.24178648352622986,0.0
gait_03_half_bound__vx_pos_0p5__seed_4242,2,FL_calf_joint,fl,calf,35.54999923706055,robot.actuators['calf_legs'].effort_limit,0.4030314424450985,303.86675075197246,0.37982924320160294,0.4241822190250063,0.0,1.0,1.0,0.33747412008281574
gait_03_half_bound__vx_pos_0p5__seed_4242,3,FR_hip_joint,fr,hip,23.700000762939453,robot.actuators['hip_legs'].effort_limit,0.027948121599513653,6.665129392305389,0.10661341126797153,0.11767779245085921,0.0,0.13385056257247924,0.13998045444488524,0.0
gait_03_half_bound__vx_pos_0p5__seed_4242,4,FR_thigh_joint,fr,thigh,23.700000762939453,robot.actuators['thigh_legs'].effort_limit,0.10183209910549595,30.90657311432762,0.18394848678046483,0.2020680189472949,0.0,0.12517940402030944,0.13343352794647217,0.0
gait_03_half_bound__vx_pos_0p5__seed_4242,5,FR_calf_joint,fr,calf,35.54999923706055,robot.actuators['calf_legs'].effort_limit,0.6266643388752299,341.08790078190157,0.5047314426241083,0.5348697278173203,0.0,1.0,1.0,0.2774327122153209
gait_03_half_bound__vx_pos_0p5__seed_4242,6,RL_hip_joint,rl,hip,23.700000762939453,robot.actuators['hip_legs'].effort_limit,0.15154455858215218,12.370682148169726,0.21962207175718948,0.26109263468898875,0.0,0.12086371779441825,0.14765987038612366,0.0
gait_03_half_bound__vx_pos_0p5__seed_4242,7,RL_thigh_joint,rl,thigh,23.700000762939453,robot.actuators['thigh_legs'].effort_limit,0.5156603936277498,199.1248513252288,0.4131110336010435,0.4458369888164991,0.0,0.8310199081897736,0.8381601667404175,0.0
gait_03_half_bound__vx_pos_0p5__seed_4242,8,RL_calf_joint,rl,calf,35.54999923706055,robot.actuators['calf_legs'].effort_limit,0.9535557426720961,418.2482993549947,0.4813559483900957,0.49340659018743954,0.0,1.0,1.0,0.6853002070393375
gait_03_half_bound__vx_pos_0p5__seed_4242,9,RR_hip_joint,rr,hip,23.700000762939453,robot.actuators['hip_legs'].effort_limit,0.06365744533589499,7.788511865987093,0.12530368791882196,0.14337526938280615,0.0,0.07750498056411743,0.08501694321632386,0.0
gait_03_half_bound__vx_pos_0p5__seed_4242,10,RR_thigh_joint,rr,thigh,23.700000762939453,robot.actuators['thigh_legs'].effort_limit,0.36220102625046885,166.30266264181586,0.33048895081825247,0.3426658930503783,0.0,0.8077750504016876,0.8148879730701447,0.0
gait_03_half_bound__vx_pos_0p5__seed_4242,11,RR_calf_joint,rr,calf,35.54999923706055,robot.actuators['calf_legs'].effort_limit,0.977468728284403,478.6337184099108,0.480514880055936,0.4922501467129381,0.0,1.0,1.0,0.7184265010351967
gait_03_half_bound__vx_pos_1p0__seed_4242,0,FL_hip_joint,fl,hip,23.700000762939453,robot.actuators['hip_legs'].effort_limit,0.06839948298507845,10.983322940623621,0.20712979370214424,0.22803251140023045,0.0,0.10740777552127838,0.11054212987422943,0.0
gait_03_half_bound__vx_pos_1p0__seed_4242,1,FL_thigh_joint,fl,thigh,23.700000762939453,robot.actuators['thigh_legs'].effort_limit,0.7276939617815417,155.66094030991198,0.5251001498837965,0.5454786784987734,0.0,0.20893294513225555,0.21230791807174682,0.0
gait_03_half_bound__vx_pos_1p0__seed_4242,2,FL_calf_joint,fl,calf,35.54999923706055,robot.actuators['calf_legs'].effort_limit,0.6349618460208278,302.9840921745077,0.4674567793717478,0.49005834179881386,0.0,1.0,1.0,0.5327868852459017
gait_03_half_bound__vx_pos_1p0__seed_4242,3,FR_hip_joint,fr,hip,23.700000762939453,robot.actuators['hip_legs'].effort_limit,0.01984811862854261,8.070800392633537,0.08860856235734119,0.10039168338480489,0.0,0.11833251118659972,0.1232470679283142,0.0
gait_03_half_bound__vx_pos_1p0__seed_4242,4,FR_thigh_joint,fr,thigh,23.700000762939453,robot.actuators['thigh_legs'].effort_limit,0.1609996628669307,69.95291382252705,0.21943409933632307,0.28766929589704376,0.0,0.16005488634109497,0.1652270698547363,0.0
gait_03_half_bound__vx_pos_1p0__seed_4242,5,FR_calf_joint,fr,calf,35.54999923706055,robot.actuators['calf_legs'].effort_limit,0.6835008413934797,391.4435292578861,0.44709340047701424,0.4668836310210115,0.0,1.0,1.0,0.5942622950819673
gait_03_half_bound__vx_pos_1p0__seed_4242,6,RL_hip_joint,rl,hip,23.700000762939453,robot.actuators['hip_legs'].effort_limit,0.1287278764309479,12.56700291363988,0.16795927927494353,0.17587983052121478,0.0,0.10712856650352476,0.11247351944446564,0.0
gait_03_half_bound__vx_pos_1p0__seed_4242,7,RL_thigh_joint,rl,thigh,23.700000762939453,robot.actuators['thigh_legs'].effort_limit,0.42600366158432224,283.2885546085425,0.3695946506035187,0.40040252418670896,0.0,0.8297582149505616,0.836823080778122,0.0
gait_03_half_bound__vx_pos_1p0__seed_4242,8,RL_calf_joint,rl,calf,35.54999923706055,robot.actuators['calf_legs'].effort_limit,0.9701713705539349,470.1299740188476,0.49103907473362307,0.5060089337958471,0.0,1.0,1.0,0.6700819672131147
gait_03_half_bound__vx_pos_1p0__seed_4242,9,RR_hip_joint,rr,hip,23.700000762939453,robot.actuators['hip_legs'].effort_limit,0.06169325374133994,8.605336988221971,0.13039731408703273,0.1392502010562687,0.0,0.09345635175704955,0.09887720584869385,0.0
gait_03_half_bound__vx_pos_1p0__seed_4242,10,RR_thigh_joint,rr,thigh,23.700000762939453,robot.actuators['thigh_legs'].effort_limit,0.34543845755394986,246.38864951012656,0.35148797332222936,0.38783370471636597,0.0,0.8047842800617218,0.8115254068374633,0.0
gait_03_half_bound__vx_pos_1p0__seed_4242,11,RR_calf_joint,rr,calf,35.54999923706055,robot.actuators['calf_legs'].effort_limit,0.9078083836969313,496.7924054567702,0.4698701844006456,0.4790632165635339,0.0,1.0,1.0,0.6065573770491803
gait_03_half_bound__vx_pos_1p5__seed_4242,0,FL_hip_joint,fl,hip,23.700000762939453,robot.actuators['hip_legs'].effort_limit,0.12505697679925903,12.606334431413561,0.2332677876752447,0.24492434485795722,0.0,0.15941708385944367,0.16297521412372587,0.0
gait_03_half_bound__vx_pos_1p5__seed_4242,1,FL_thigh_joint,fl,thigh,23.700000762939453,robot.actuators['thigh_legs'].effort_limit,0.7919666441003915,272.15200192280116,0.4465368284060698,0.4632168636815561,0.0,0.2017895370721817,0.20697339117527006,0.0
gait_03_half_bound__vx_pos_1p5__seed_4242,2,FL_calf_joint,fl,calf,35.54999923706055,robot.actuators['calf_legs'].effort_limit,0.602221655657143,266.97148234870286,0.44530469237819176,0.46639709346888397,0.0,1.0,1.0,0.58125
gait_03_half_bound__vx_pos_1p5__seed_4242,3,FR_hip_joint,fr,hip,23.700000762939453,robot.actuators['hip_legs'].effort_limit,0.055832775261088353,11.895480567057675,0.12084185688109395,0.13438350802205049,0.0,0.16584694385528564,0.16993551731109618,0.0
gait_03_half_bound__vx_pos_1p5__seed_4242,4,FR_thigh_joint,fr,thigh,23.700000762939453,robot.actuators['thigh_legs'].effort_limit,0.31151959169680005,145.9182226780057,0.28612552900755256,0.30071205104676413,0.0,0.18339926302433013,0.19069757103919982,0.0
gait_03_half_bound__vx_pos_1p5__seed_4242,5,FR_calf_joint,fr,calf,35.54999923706055,robot.actuators['calf_legs'].effort_limit,0.5849561872665432,327.7385617214441,0.41671431640355266,0.429792675491369,0.0,1.0,1.0,0.6416666666666667
gait_03_half_bound__vx_pos_1p5__seed_4242,6,RL_hip_joint,rl,hip,23.700000762939453,robot.actuators['hip_legs'].effort_limit,0.09833230974391034,11.064281031656137,0.14755695507815864,0.16229107098909945,0.0,0.11212863624095913,0.12499074459075928,0.0
gait_03_half_bound__vx_pos_1p5__seed_4242,7,RL_thigh_joint,rl,thigh,23.700000762939453,robot.actuators['thigh_legs'].effort_limit,0.42870249182788495,325.2671967475116,0.35799191324445145,0.38956274597352275,0.0,0.7935215890407562,0.8010067319869995,0.0
gait_03_half_bound__vx_pos_1p5__seed_4242,8,RL_calf_joint,rl,calf,35.54999923706055,robot.actuators['calf_legs'].effort_limit,0.8433698568295696,390.25626511871815,0.48364170323714895,0.4999523994446315,0.0,1.0,1.0,0.65625
gait_03_half_bound__vx_pos_1p5__seed_4242,9,RR_hip_joint,rr,hip,23.700000762939453,robot.actuators['hip_legs'].effort_limit,0.06315571573906761,7.87091535057989,0.1284272206889214,0.13354535538088785,0.0,0.11979552507400512,0.12360413312911987,0.0
gait_03_half_bound__vx_pos_1p5__seed_4242,10,RR_thigh_joint,rr,thigh,23.700000762939453,robot.actuators['thigh_legs'].effort_limit,0.4405383469171807,301.47732277303936,0.35074398666111467,0.3714890167304246,0.0,0.774357071518898,0.7877238869667054,0.0
gait_03_half_bound__vx_pos_1p5__seed_4242,11,RR_calf_joint,rr,calf,35.54999923706055,robot.actuators['calf_legs'].effort_limit,0.7024936720362657,364.8986870768666,0.4451377255969626,0.453825609742619,0.0,1.0,1.0,0.6145833333333334
gait_04_half_bound__vx_neg_1p5__seed_4242,0,FL_hip_joint,fl,hip,23.700000762939453,robot.actuators['hip_legs'].effort_limit,0.20310836845438143,27.82279878211906,0.22176382099380745,0.2361194804189342,0.0,0.27372806966304775,0.2837031763792038,0.0
gait_04_half_bound__vx_neg_1p5__seed_4242,1,FL_thigh_joint,fl,thigh,23.700000762939453,robot.actuators['thigh_legs'].effort_limit,1.3188034626031566,245.5077279895544,0.7256855992607534,0.7822308059167401,0.0,0.3017505347728729,0.3136540949344635,0.0
gait_04_half_bound__vx_neg_1p5__seed_4242,2,FL_calf_joint,fl,calf,35.54999923706055,robot.actuators['calf_legs'].effort_limit,0.8164042745433203,421.55238738570364,0.47993677098907106,0.4912854993535402,0.0,1.0,1.0,0.5270833333333333
gait_04_half_bound__vx_neg_1p5__seed_4242,3,FR_hip_joint,fr,hip,23.700000762939453,robot.actuators['hip_legs'].effort_limit,0.16836827832192827,13.293663263372146,0.2385752647391769,0.2682999896745645,0.0,0.18632356524467464,0.19182485342025754,0.0
gait_04_half_bound__vx_neg_1p5__seed_4242,4,FR_thigh_joint,fr,thigh,23.700000762939453,robot.actuators['thigh_legs'].effort_limit,1.6795133631313401,202.53281760022045,0.9359120900629071,1.0,0.03333333333333333,0.33576949834823605,0.3594618910551071,0.0
gait_04_half_bound__vx_neg_1p5__seed_4242,5,FR_calf_joint,fr,calf,35.54999923706055,robot.actuators['calf_legs'].effort_limit,0.6085986014726695,286.38408491216603,0.4027986693412827,0.41577493135422616,0.0,1.0,1.0,0.60625
gait_04_half_bound__vx_neg_1p5__seed_4242,6,RL_hip_joint,rl,hip,23.700000762939453,robot.actuators['hip_legs'].effort_limit,0.030782870283802187,8.62081209370779,0.11322375277108773,0.13507189879206086,0.0,0.14353959560394286,0.15551137208938595,0.0
gait_04_half_bound__vx_neg_1p5__seed_4242,7,RL_thigh_joint,rl,thigh,23.700000762939453,robot.actuators['thigh_legs'].effort_limit,0.5543358403383618,197.11584631923586,0.400608822444841,0.43300273362484903,0.0,0.7270222723484039,0.7345748209953308,0.0
gait_04_half_bound__vx_neg_1p5__seed_4242,8,RL_calf_joint,rl,calf,35.54999923706055,robot.actuators['calf_legs'].effort_limit,0.5018468965322922,713.868505550921,0.385033761949365,0.46180096100327683,0.0,1.0,1.0,0.6333333333333333
gait_04_half_bound__vx_neg_1p5__seed_4242,9,RR_hip_joint,rr,hip,23.700000762939453,robot.actuators['hip_legs'].effort_limit,0.09001014758370744,19.86543972512707,0.19964482875953282,0.22085547058152238,0.0,0.12664906978607177,0.13564861595630645,0.0
gait_04_half_bound__vx_neg_1p5__seed_4242,10,RR_thigh_joint,rr,thigh,23.700000762939453,robot.actuators['thigh_legs'].effort_limit,0.25847953187099426,191.46945444628597,0.298531649431586,0.34360964067323413,0.0,0.7491733014583587,0.7649496161937713,0.0
gait_04_half_bound__vx_neg_1p5__seed_4242,11,RR_calf_joint,rr,calf,35.54999923706055,robot.actuators['calf_legs'].effort_limit,0.2802979380020026,323.1788802571036,0.31914716780451236,0.38373943406630956,0.0,1.0,1.0,0.48125
gait_04_half_bound__vx_neg_1p0__seed_4242,0,FL_hip_joint,fl,hip,23.700000762939453,robot.actuators['hip_legs'].effort_limit,0.11061596574384128,20.09189713843167,0.1574761152878736,0.1965810601815956,0.0,0.18368417024612424,0.1947353482246399,0.0
gait_04_half_bound__vx_neg_1p0__seed_4242,1,FL_thigh_joint,fl,thigh,23.700000762939453,robot.actuators['thigh_legs'].effort_limit,1.3054100956058514,124.95800627043471,0.7591159672760148,0.8450716309987119,0.0,0.29801259338855746,0.3263233333826065,0.0
gait_04_half_bound__vx_neg_1p0__seed_4242,2,FL_calf_joint,fl,calf,35.54999923706055,robot.actuators['calf_legs'].effort_limit,0.9856841413688859,518.3024279625714,0.509137718514824,0.5245170426835124,0.0,1.0,1.0,0.4692622950819672
gait_04_half_bound__vx_neg_1p0__seed_4242,3,FR_hip_joint,fr,hip,23.700000762939453,robot.actuators['hip_legs'].effort_limit,0.08540716482492135,9.741922364862186,0.19143863959047208,0.20828713820937472,0.0,0.15294990539550782,0.1605296850204468,0.0
gait_04_half_bound__vx_neg_1p0__seed_4242,4,FR_thigh_joint,fr,thigh,23.700000762939453,robot.actuators['thigh_legs'].effort_limit,1.4557445533598747,110.96300422467706,0.8476435674146316,0.901897657309177,0.004098360655737705,0.2990317106246948,0.31353688836097715,0.0
gait_04_half_bound__vx_neg_1p0__seed_4242,5,FR_calf_joint,fr,calf,35.54999923706055,robot.actuators['calf_legs'].effort_limit,0.5937796933905372,269.9238449296169,0.41607083302796083,0.4292257017460369,0.0,1.0,1.0,0.610655737704918
gait_04_half_bound__vx_neg_1p0__seed_4242,6,RL_hip_joint,rl,hip,23.700000762939453,robot.actuators['hip_legs'].effort_limit,0.030715937151250493,8.217763639949263,0.10958663722455506,0.11879165393759637,0.0,0.12877696752548218,0.13931763768196104,0.0
gait_04_half_bound__vx_neg_1p0__seed_4242,7,RL_thigh_joint,rl,thigh,23.700000762939453,robot.actuators['thigh_legs'].effort_limit,0.4408282926627314,162.189891581703,0.3361346844818925,0.386188293853364,0.0,0.7745184183120728,0.7820705199241638,0.0
gait_04_half_bound__vx_neg_1p0__seed_4242,8,RL_calf_joint,rl,calf,35.54999923706055,robot.actuators['calf_legs'].effort_limit,0.5253746534919365,622.2498492729658,0.37684783859033677,0.457491456633866,0.0,1.0,1.0,0.6352459016393442
gait_04_half_bound__vx_neg_1p0__seed_4242,9,RR_hip_joint,rr,hip,23.700000762939453,robot.actuators['hip_legs'].effort_limit,0.08541571664454377,19.905709098690423,0.17755797575108087,0.18642510445751387,0.0,0.13530322313308715,0.14371286690235135,0.0
gait_04_half_bound__vx_neg_1p0__seed_4242,10,RR_thigh_joint,rr,thigh,23.700000762939453,robot.actuators['thigh_legs'].effort_limit,0.16927072701316156,121.41751263052225,0.2528648325243331,0.2894300160410429,0.0,0.7944053560495375,0.805250678062439,0.0
gait_04_half_bound__vx_neg_1p0__seed_4242,11,RR_calf_joint,rr,calf,35.54999923706055,robot.actuators['calf_legs'].effort_limit,0.32046401654661694,348.017427899614,0.32993502862203355,0.454934326578225,0.0,1.0,1.0,0.45901639344262296
gait_04_half_bound__vx_neg_0p5__seed_4242,0,FL_hip_joint,fl,hip,23.700000762939453,robot.actuators['hip_legs'].effort_limit,0.04266590018450333,7.734926602831757,0.1651757173039008,0.19306166707415787,0.0,0.1513396382331848,0.19339696645736695,0.0
gait_04_half_bound__vx_neg_0p5__seed_4242,1,FL_thigh_joint,fl,thigh,23.700000762939453,robot.actuators['thigh_legs'].effort_limit,1.0631231639533882,108.00921189874411,0.7000327548889688,0.7685812352633179,0.0,0.2575049579143524,0.2728374493122101,0.0
gait_04_half_bound__vx_neg_0p5__seed_4242,2,FL_calf_joint,fl,calf,35.54999923706055,robot.actuators['calf_legs'].effort_limit,0.9907516921467772,778.8540137985023,0.5687259361540918,0.6005914615806324,0.0,1.0,1.0,0.3188405797101449
gait_04_half_bound__vx_neg_0p5__seed_4242,3,FR_hip_joint,fr,hip,23.700000762939453,robot.actuators['hip_legs'].effort_limit,0.035588031653021907,5.787983570059878,0.1348941322956283,0.16555385720606752,0.0,0.12263181209564206,0.13350310325622558,0.0
gait_04_half_bound__vx_neg_0p5__seed_4242,4,FR_thigh_joint,fr,thigh,23.700000762939453,robot.actuators['thigh_legs'].effort_limit,1.356017093822054,115.26724752400071,0.6510238598844033,0.6740299941427499,0.0,0.2652674555778503,0.27516101360321044,0.0
gait_04_half_bound__vx_neg_0p5__seed_4242,5,FR_calf_joint,fr,calf,35.54999923706055,robot.actuators['calf_legs'].effort_limit,0.623164506192869,325.315565580457,0.4961192348843825,0.520883292902549,0.0,1.0,1.0,0.3416149068322981
gait_04_half_bound__vx_neg_0p5__seed_4242,6,RL_hip_joint,rl,hip,23.700000762939453,robot.actuators['hip_legs'].effort_limit,0.033223126727889234,10.451427090130746,0.11009186881208236,0.12599367408128975,0.0,0.09376459121704095,0.12157889604568482,0.0
gait_04_half_bound__vx_neg_0p5__seed_4242,7,RL_thigh_joint,rl,thigh,23.700000762939453,robot.actuators['thigh_legs'].effort_limit,0.34410601640015176,106.79839217117639,0.30438806664549534,0.320823229751161,0.0,0.8035949110984802,0.8083450162410736,0.0
gait_04_half_bound__vx_neg_0p5__seed_4242,8,RL_calf_joint,rl,calf,35.54999923706055,robot.actuators['calf_legs'].effort_limit,0.3523722393792212,355.396591684781,0.2999051234872794,0.3669092758738689,0.0,1.0,1.0,0.556935817805383
gait_04_half_bound__vx_neg_0p5__seed_4242,9,RR_hip_joint,rr,hip,23.700000762939453,robot.actuators['hip_legs'].effort_limit,0.08893954572239475,16.274623105095234,0.18885644674964444,0.2426162746247151,0.0,0.1752174973487854,0.2347293472290039,0.0
gait_04_half_bound__vx_neg_0p5__seed_4242,10,RR_thigh_joint,rr,thigh,23.700000762939453,robot.actuators['thigh_legs'].effort_limit,0.15124767405914355,82.6133183966577,0.22894949518036353,0.2731016735092462,0.0,0.8403162002563477,0.8497469663619995,0.0
gait_04_half_bound__vx_neg_0p5__seed_4242,11,RR_calf_joint,rr,calf,35.54999923706055,robot.actuators['calf_legs'].effort_limit,0.3578675132847222,297.27620066285135,0.33893008630873467,0.43261677185609654,0.0,1.0,1.0,0.44306418219461696
gait_04_half_bound__vx_pos_0p5__seed_4242,0,FL_hip_joint,fl,hip,23.700000762939453,robot.actuators['hip_legs'].effort_limit,0.07687161410364853,9.992696082679869,0.17328965156363146,0.19171408144748603,0.0,0.21644739508628844,0.22733155012130737,0.0
gait_04_half_bound__vx_pos_0p5__seed_4242,1,FL_thigh_joint,fl,thigh,23.700000762939453,robot.actuators['thigh_legs'].effort_limit,0.3015332631487903,87.38681624956429,0.3048753459181855,0.3138661058203426,0.0,0.14219950437545775,0.14565835356712342,0.0
gait_04_half_bound__vx_pos_0p5__seed_4242,2,FL_calf_joint,fl,calf,35.54999923706055,robot.actuators['calf_legs'].effort_limit,0.6938273839005747,557.8958539578994,0.4968785742667921,0.5199931990009034,0.0,1.0,1.0,0.19047619047619047
gait_04_half_bound__vx_pos_0p5__seed_4242,3,FR_hip_joint,fr,hip,23.700000762939453,robot.actuators['hip_legs'].effort_limit,0.016928044572076455,4.580618018838577,0.08245529842923002,0.10058487314844339,0.0,0.14697706699371338,0.15322185039520264,0.0
gait_04_half_bound__vx_pos_0p5__seed_4242,4,FR_thigh_joint,fr,thigh,23.700000762939453,robot.actuators['thigh_legs'].effort_limit,0.4329214064819197,44.535498192710804,0.40388333754774197,0.4440090817154806,0.0,0.18613153100013732,0.19881944298744203,0.0
gait_04_half_bound__vx_pos_0p5__seed_4242,5,FR_calf_joint,fr,calf,35.54999923706055,robot.actuators['calf_legs'].effort_limit,0.3179766018981755,185.05599751555866,0.32840051027881195,0.3621167331725974,0.0,1.0,1.0,0.3146997929606625
gait_04_half_bound__vx_pos_0p5__seed_4242,6,RL_hip_joint,rl,hip,23.700000762939453,robot.actuators['hip_legs'].effort_limit,0.0584366715917721,9.70524009604007,0.16244732961542535,0.2158995719813232,0.0,0.1335462093353271,0.15505361557006836,0.0
gait_04_half_bound__vx_pos_0p5__seed_4242,7,RL_thigh_joint,rl,thigh,23.700000762939453,robot.actuators['thigh_legs'].effort_limit,0.43883639110763434,169.22528052568435,0.3432379020582142,0.3642373881203249,0.0,0.7877601563930512,0.7991240167617798,0.0
gait_04_half_bound__vx_pos_0p5__seed_4242,8,RL_calf_joint,rl,calf,35.54999923706055,robot.actuators['calf_legs'].effort_limit,0.9689179709740615,375.8765557389447,0.4697809172635604,0.4869384097530062,0.0,1.0,1.0,0.5900621118012422
gait_04_half_bound__vx_pos_0p5__seed_4242,9,RR_hip_joint,rr,hip,23.700000762939453,robot.actuators['hip_legs'].effort_limit,0.09589818974209355,9.63483079726342,0.2151527275165047,0.2399333333386986,0.0,0.1394473552703857,0.17571444034576417,0.0
gait_04_half_bound__vx_pos_0p5__seed_4242,10,RR_thigh_joint,rr,thigh,23.700000762939453,robot.actuators['thigh_legs'].effort_limit,0.3867710865820254,99.45604357179255,0.38052846593000617,0.4270993735044014,0.0,0.7862870752811432,0.7935619068145752,0.0
gait_04_half_bound__vx_pos_0p5__seed_4242,11,RR_calf_joint,rr,calf,35.54999923706055,robot.actuators['calf_legs'].effort_limit,0.70187501979661,239.03376725511626,0.45488151421272527,0.4769837644120178,0.0,1.0,1.0,0.6024844720496895
gait_04_half_bound__vx_pos_1p0__seed_4242,0,FL_hip_joint,fl,hip,23.700000762939453,robot.actuators['hip_legs'].effort_limit,0.06367873597415398,18.87014591027837,0.17282792231151972,0.1857005777817552,0.0,0.17469182908535003,0.1851047992706299,0.0
gait_04_half_bound__vx_pos_1p0__seed_4242,1,FL_thigh_joint,fl,thigh,23.700000762939453,robot.actuators['thigh_legs'].effort_limit,0.3359294990912895,128.7677404192835,0.3534570552018868,0.3933526210269004,0.0,0.15460372269153594,0.15949807167053223,0.0
gait_04_half_bound__vx_pos_1p0__seed_4242,2,FL_calf_joint,fl,calf,35.54999923706055,robot.actuators['calf_legs'].effort_limit,0.9243531939468329,520.3638106358983,0.496372225505163,0.5109375356454227,0.0,1.0,1.0,0.46311475409836067
gait_04_half_bound__vx_pos_1p0__seed_4242,3,FR_hip_joint,fr,hip,23.700000762939453,robot.actuators['hip_legs'].effort_limit,0.012491740697414343,5.811262291986568,0.06972646991789386,0.07878541048958017,0.0,0.16283200979232784,0.18751470446586607,0.0
gait_04_half_bound__vx_pos_1p0__seed_4242,4,FR_thigh_joint,fr,thigh,23.700000762939453,robot.actuators['thigh_legs'].effort_limit,0.2885999312468781,101.70002160365694,0.3082327532230569,0.320225895661112,0.0,0.18773824870586395,0.1916080504655838,0.0
gait_04_half_bound__vx_pos_1p0__seed_4242,5,FR_calf_joint,fr,calf,35.54999923706055,robot.actuators['calf_legs'].effort_limit,0.6463412311422253,314.42938775043353,0.45963597915233023,0.49406098086116446,0.0,1.0,1.0,0.39344262295081966
gait_04_half_bound__vx_pos_1p0__seed_4242,6,RL_hip_joint,rl,hip,23.700000762939453,robot.actuators['hip_legs'].effort_limit,0.09822148217171033,9.165272005796433,0.2558239862522821,0.28200287776245636,0.0,0.21200859844684597,0.23506831109523774,0.0
gait_04_half_bound__vx_pos_1p0__seed_4242,7,RL_thigh_joint,rl,thigh,23.700000762939453,robot.actuators['thigh_legs'].effort_limit,0.29362340619513716,216.60544075866696,0.34384527789585806,0.3951131178421111,0.0,0.7972086846828461,0.8033693075180054,0.0
gait_04_half_bound__vx_pos_1p0__seed_4242,8,RL_calf_joint,rl,calf,35.54999923706055,robot.actuators['calf_legs'].effort_limit,1.0757326684140733,357.249399524983,0.5164415950521176,0.5286605964512692,0.0,1.0,1.0,0.5840163934426229
gait_04_half_bound__vx_pos_1p0__seed_4242,9,RR_hip_joint,rr,hip,23.700000762939453,robot.actuators['hip_legs'].effort_limit,0.07324907145242424,8.582751469145732,0.16102077925490435,0.17947706799641322,0.0,0.11800888180732726,0.1394569218158722,0.0
gait_04_half_bound__vx_pos_1p0__seed_4242,10,RR_thigh_joint,rr,thigh,23.700000762939453,robot.actuators['thigh_legs'].effort_limit,0.33091490757191416,160.3872167629935,0.34925112022525057,0.3977685092083087,0.0,0.7384219884872436,0.745236069560051,0.0
gait_04_half_bound__vx_pos_1p0__seed_4242,11,RR_calf_joint,rr,calf,35.54999923706055,robot.actuators['calf_legs'].effort_limit,0.8249134803954639,350.84940892070534,0.4866606472065953,0.49665388483734524,0.0,1.0,1.0,0.6290983606557377
gait_04_half_bound__vx_pos_1p5__seed_4242,0,FL_hip_joint,fl,hip,23.700000762939453,robot.actuators['hip_legs'].effort_limit,0.0863145259389473,29.316028540658298,0.1796445245495075,0.19987547850707885,0.0,0.2245805323123932,0.2289161419868469,0.0
gait_04_half_bound__vx_pos_1p5__seed_4242,1,FL_thigh_joint,fl,thigh,23.700000762939453,robot.actuators['thigh_legs'].effort_limit,0.4749334441252726,206.93439405307174,0.3926099377206428,0.46376628670458936,0.0,0.1971658796072006,0.20735457062721252,0.0
gait_04_half_bound__vx_pos_1p5__seed_4242,2,FL_calf_joint,fl,calf,35.54999923706055,robot.actuators['calf_legs'].effort_limit,0.6741613062163065,290.33435222105123,0.45936371921295116,0.4680450378942699,0.0,1.0,1.0,0.4708333333333333
gait_04_half_bound__vx_pos_1p5__seed_4242,3,FR_hip_joint,fr,hip,23.700000762939453,robot.actuators['hip_legs'].effort_limit,0.04220955772692109,9.919266232154332,0.1454452843059979,0.15266779939296415,0.0,0.2313015043735504,0.24571921706199645,0.0
gait_04_half_bound__vx_pos_1p5__seed_4242,4,FR_thigh_joint,fr,thigh,23.700000762939453,robot.actuators['thigh_legs'].effort_limit,0.4288721943844267,199.89109275504947,0.3229577990678296,0.3605230573493842,0.0,0.24434654414653778,0.24751103579998016,0.0
gait_04_half_bound__vx_pos_1p5__seed_4242,5,FR_calf_joint,fr,calf,35.54999923706055,robot.actuators['calf_legs'].effort_limit,0.5899572025237554,283.4750195689965,0.4332660440751526,0.4492126856338497,0.0,1.0,1.0,0.5833333333333334
gait_04_half_bound__vx_pos_1p5__seed_4242,6,RL_hip_joint,rl,hip,23.700000762939453,robot.actuators['hip_legs'].effort_limit,0.12667859548345103,8.751771344234585,0.27979039748178464,0.3034711277323171,0.0,0.24759978950023648,0.280407126545906,0.0
gait_04_half_bound__vx_pos_1p5__seed_4242,7,RL_thigh_joint,rl,thigh,23.700000762939453,robot.actuators['thigh_legs'].effort_limit,0.29982888990243184,277.83546754140406,0.32063717051358215,0.3508811181826976,0.0,0.7706699788570404,0.7787266737222671,0.0
gait_04_half_bound__vx_pos_1p5__seed_4242,8,RL_calf_joint,rl,calf,35.54999923706055,robot.actuators['calf_legs'].effort_limit,0.9304644408751471,332.358297537677,0.5154136602004954,0.5266454227548467,0.0,1.0,1.0,0.5833333333333334
gait_04_half_bound__vx_pos_1p5__seed_4242,9,RR_hip_joint,rr,hip,23.700000762939453,robot.actuators['hip_legs'].effort_limit,0.05307705594140783,7.829059863092553,0.1464585652465316,0.17785712929070935,0.0,0.14952772259712208,0.1847455787658691,0.0
gait_04_half_bound__vx_pos_1p5__seed_4242,10,RR_thigh_joint,rr,thigh,23.700000762939453,robot.actuators['thigh_legs'].effort_limit,0.3277257215984494,202.1185144930333,0.32533942656088305,0.3752945915964314,0.0,0.7379604339599609,0.743276903629303,0.0
gait_04_half_bound__vx_pos_1p5__seed_4242,11,RR_calf_joint,rr,calf,35.54999923706055,robot.actuators['calf_legs'].effort_limit,0.8691399249888307,371.211628528703,0.5097430508929987,0.521322295355437,0.0,1.0,1.0,0.6479166666666667
gait_05_half_bound__vx_neg_1p5__seed_4242,0,FL_hip_joint,fl,hip,23.700000762939453,robot.actuators['hip_legs'].effort_limit,0.11427476461608786,13.497223679567687,0.1727690470081749,0.18372698124022077,0.0,0.16851737499237057,0.1808690398931503,0.0
gait_05_half_bound__vx_neg_1p5__seed_4242,1,FL_thigh_joint,fl,thigh,23.700000762939453,robot.actuators['thigh_legs'].effort_limit,1.742391720612178,236.39672189550475,0.8233715428099959,0.8764606740940054,0.0,0.33374396860599514,0.3443455362319945,0.0
gait_05_half_bound__vx_neg_1p5__seed_4242,2,FL_calf_joint,fl,calf,35.54999923706055,robot.actuators['calf_legs'].effort_limit,0.8229073284523414,374.570670225129,0.4893341142642962,0.5065041222875006,0.0,1.0,1.0,0.5458333333333333
gait_05_half_bound__vx_neg_1p5__seed_4242,3,FR_hip_joint,fr,hip,23.700000762939453,robot.actuators['hip_legs'].effort_limit,0.1430114478674012,19.56865112083964,0.21564477113668154,0.22898841072473936,0.0,0.2254191517829895,0.23308067321777343,0.0
gait_05_half_bound__vx_neg_1p5__seed_4242,4,FR_thigh_joint,fr,thigh,23.700000762939453,robot.actuators['thigh_legs'].effort_limit,1.5917812229177173,221.34572232931853,0.9433286339054467,0.9874814934877325,0.04375,0.35029717981815334,0.3690614330768585,0.0
gait_05_half_bound__vx_neg_1p5__seed_4242,5,FR_calf_joint,fr,calf,35.54999923706055,robot.actuators['calf_legs'].effort_limit,0.798253740804228,313.21541985139254,0.4797361962413374,0.5068295975231399,0.0,1.0,1.0,0.5833333333333334
gait_05_half_bound__vx_neg_1p5__seed_4242,6,RL_hip_joint,rl,hip,23.700000762939453,robot.actuators['hip_legs'].effort_limit,0.07106558497998797,10.839203214370645,0.1389615697229258,0.1863389727809286,0.0,0.08361515402793884,0.08780726075172424,0.0
gait_05_half_bound__vx_neg_1p5__seed_4242,7,RL_thigh_joint,rl,thigh,23.700000762939453,robot.actuators['thigh_legs'].effort_limit,0.6592258298680134,305.05171348661185,0.4615539873001167,0.4738606730960677,0.0,0.7568133264780045,0.766728977560997,0.0
gait_05_half_bound__vx_neg_1p5__seed_4242,8,RL_calf_joint,rl,calf,35.54999923706055,robot.actuators['calf_legs'].effort_limit,0.5388819102569867,761.4959147053958,0.35974844163443304,0.41504582680158064,0.0,1.0,1.0,0.525
gait_05_half_bound__vx_neg_1p5__seed_4242,9,RR_hip_joint,rr,hip,23.700000762939453,robot.actuators['hip_legs'].effort_limit,0.058634762271911514,9.272366688374314,0.13359176732826175,0.1724144286573568,0.0,0.10432652533054351,0.11102582216262817,0.0
gait_05_half_bound__vx_neg_1p5__seed_4242,10,RR_thigh_joint,rr,thigh,23.700000762939453,robot.actuators['thigh_legs'].effort_limit,0.7394274722815846,228.57614373248072,0.4193587771754919,0.45142667983085916,0.0,0.7390477120876312,0.747539381980896,0.0
gait_05_half_bound__vx_neg_1p5__seed_4242,11,RR_calf_joint,rr,calf,35.54999923706055,robot.actuators['calf_legs'].effort_limit,0.6177070203795006,900.6911142624822,0.3977251808869391,0.4359730882491332,0.0,1.0,1.0,0.5354166666666667
gait_05_half_bound__vx_neg_1p0__seed_4242,0,FL_hip_joint,fl,hip,23.700000762939453,robot.actuators['hip_legs'].effort_limit,0.06412879118921816,13.594995969804003,0.13121739097893334,0.14164908874611226,0.0,0.07592253088951108,0.0810389232635498,0.0
gait_05_half_bound__vx_neg_1p0__seed_4242,1,FL_thigh_joint,fl,thigh,23.700000762939453,robot.actuators['thigh_legs'].effort_limit,1.4779778949004014,126.70626655847765,0.8400046605297793,0.8828419091319825,0.0,0.3163338005542755,0.329071164727211,0.0
gait_05_half_bound__vx_neg_1p0__seed_4242,2,FL_calf_joint,fl,calf,35.54999923706055,robot.actuators['calf_legs'].effort_limit,0.8395974783009453,429.89164645855317,0.4818285899279757,0.5016467624593863,0.0,1.0,1.0,0.5061475409836066
gait_05_half_bound__vx_neg_1p0__seed_4242,3,FR_hip_joint,fr,hip,23.700000762939453,robot.actuators['hip_legs'].effort_limit,0.08154224624108482,19.48991748559638,0.17371574277223534,0.21543523098956946,0.0,0.15930551290512085,0.17303882002830506,0.0
gait_05_half_bound__vx_neg_1p0__seed_4242,4,FR_thigh_joint,fr,thigh,23.700000762939453,robot.actuators['thigh_legs'].effort_limit,1.3261473829407613,109.64899493686855,0.8840232113858891,0.9275697087615545,0.0020491803278688526,0.3213855743408203,0.3324466645717621,0.0
gait_05_half_bound__vx_neg_1p0__seed_4242,5,FR_calf_joint,fr,calf,35.54999923706055,robot.actuators['calf_legs'].effort_limit,0.8818061293432029,330.6555639601219,0.502860537454909,0.5198451688923718,0.0,1.0,1.0,0.5737704918032787
gait_05_half_bound__vx_neg_1p0__seed_4242,6,RL_hip_joint,rl,hip,23.700000762939453,robot.actuators['hip_legs'].effort_limit,0.08365239974915469,12.339636230378746,0.15804693763517427,0.16559954142350655,0.0,0.09421045780181883,0.09955723047256469,0.0
gait_05_half_bound__vx_neg_1p0__seed_4242,7,RL_thigh_joint,rl,thigh,23.700000762939453,robot.actuators['thigh_legs'].effort_limit,0.39635779627797296,158.42480233260432,0.38841962368736993,0.40759454533719264,0.0,0.8202319264411926,0.8280893164873123,0.0
gait_05_half_bound__vx_neg_1p0__seed_4242,8,RL_calf_joint,rl,calf,35.54999923706055,robot.actuators['calf_legs'].effort_limit,0.3839879428589398,396.6956038416922,0.3334478994430756,0.3823971434730743,0.0,1.0,1.0,0.48360655737704916
gait_05_half_bound__vx_neg_1p0__seed_4242,9,RR_hip_joint,rr,hip,23.700000762939453,robot.actuators['hip_legs'].effort_limit,0.06447860638319688,10.8708930652868,0.1354839023804515,0.15088539804755108,0.0,0.11131352484226227,0.11595739364624023,0.0
gait_05_half_bound__vx_neg_1p0__seed_4242,10,RR_thigh_joint,rr,thigh,23.700000762939453,robot.actuators['thigh_legs'].effort_limit,0.4037480227249045,172.95660735078155,0.32327049558710363,0.3364632457954231,0.0,0.8054548412561416,0.82201351583004,0.0
gait_05_half_bound__vx_neg_1p0__seed_4242,11,RR_calf_joint,rr,calf,35.54999923706055,robot.actuators['calf_legs'].effort_limit,0.6022350328269976,855.5271724188747,0.4190309670799667,0.446559519365303,0.0,1.0,1.0,0.3770491803278688
gait_05_half_bound__vx_neg_0p5__seed_4242,0,FL_hip_joint,fl,hip,23.700000762939453,robot.actuators['hip_legs'].effort_limit,0.021757879067868458,6.149334726320358,0.1042808316055867,0.11306708732421208,0.0,0.08679932951927183,0.0943120002746582,0.0
gait_05_half_bound__vx_neg_0p5__seed_4242,1,FL_thigh_joint,fl,thigh,23.700000762939453,robot.actuators['thigh_legs'].effort_limit,1.005663012874827,97.8461325539311,0.6540223446287534,0.6897820713419187,0.0,0.25804879069328307,0.2660524570941925,0.0
gait_05_half_bound__vx_neg_0p5__seed_4242,2,FL_calf_joint,fl,calf,35.54999923706055,robot.actuators['calf_legs'].effort_limit,0.7748989560742257,656.2077617817558,0.5128484640182831,0.5378640635014588,0.0,1.0,1.0,0.3064182194616977
gait_05_half_bound__vx_neg_0p5__seed_4242,3,FR_hip_joint,fr,hip,23.700000762939453,robot.actuators['hip_legs'].effort_limit,0.02234183928699553,7.499525015049294,0.10849826600285568,0.1515705035706048,0.0,0.11359648704528809,0.11932295322418214,0.0
gait_05_half_bound__vx_neg_0p5__seed_4242,4,FR_thigh_joint,fr,thigh,23.700000762939453,robot.actuators['thigh_legs'].effort_limit,0.89325274018729,71.12897615537048,0.6668294901198539,0.6934651920152756,0.0,0.24975869059562683,0.2567387855052948,0.0
gait_05_half_bound__vx_neg_0p5__seed_4242,5,FR_calf_joint,fr,calf,35.54999923706055,robot.actuators['calf_legs'].effort_limit,0.8536286963293843,442.34008063558724,0.5624599336060242,0.5944015984601285,0.0,1.0,1.0,0.2153209109730849
gait_05_half_bound__vx_neg_0p5__seed_4242,6,RL_hip_joint,rl,hip,23.700000762939453,robot.actuators['hip_legs'].effort_limit,0.11259557289696863,12.350776628945024,0.18077125249061896,0.22095176653474038,0.0,0.11595786213874817,0.13712738871574404,0.0
gait_05_half_bound__vx_neg_0p5__seed_4242,7,RL_thigh_joint,rl,thigh,23.700000762939453,robot.actuators['thigh_legs'].effort_limit,0.3579636268958334,106.60804953014478,0.3347896134166601,0.36880961168475535,0.0,0.8425370454788208,0.8574140143394471,0.0
gait_05_half_bound__vx_neg_0p5__seed_4242,8,RL_calf_joint,rl,calf,35.54999923706055,robot.actuators['calf_legs'].effort_limit,0.3698592549685419,235.43573567525294,0.3249395308769973,0.3505551210890097,0.0,1.0,1.0,0.4078674948240166
gait_05_half_bound__vx_neg_0p5__seed_4242,9,RR_hip_joint,rr,hip,23.700000762939453,robot.actuators['hip_legs'].effort_limit,0.07646290165831272,10.771436493212823,0.14177364082099364,0.15155449310964295,0.0,0.11720309853553772,0.12006461143493652,0.0
gait_05_half_bound__vx_neg_0p5__seed_4242,10,RR_thigh_joint,rr,thigh,23.700000762939453,robot.actuators['thigh_legs'].effort_limit,0.2833674973826064,91.38656312934589,0.27965515781659606,0.30065359161783883,0.0,0.8318018972873688,0.8471451532840729,0.0
gait_05_half_bound__vx_neg_0p5__seed_4242,11,RR_calf_joint,rr,calf,35.54999923706055,robot.actuators['calf_legs'].effort_limit,0.4104700796272251,350.9288314183801,0.33894994312291615,0.41099188622995125,0.0,1.0,1.0,0.35196687370600416
gait_05_half_bound__vx_pos_0p5__seed_4242,0,FL_hip_joint,fl,hip,23.700000762939453,robot.actuators['hip_legs'].effort_limit,0.039964968578683466,11.19459744396252,0.1364238007002625,0.15138170986314894,0.0,0.11197076439857483,0.11888989686965942,0.0
gait_05_half_bound__vx_pos_0p5__seed_4242,1,FL_thigh_joint,fl,thigh,23.700000762939453,robot.actuators['thigh_legs'].effort_limit,0.6116916282429855,95.2428805269301,0.46127438971686413,0.4735576195517232,0.0,0.19700512886047364,0.20060334205627442,0.0
gait_05_half_bound__vx_pos_0p5__seed_4242,2,FL_calf_joint,fl,calf,35.54999923706055,robot.actuators['calf_legs'].effort_limit,0.7539323007496548,590.3455252146116,0.501747195768229,0.5380726743303275,0.0,1.0,1.0,0.34575569358178054
gait_05_half_bound__vx_pos_0p5__seed_4242,3,FR_hip_joint,fr,hip,23.700000762939453,robot.actuators['hip_legs'].effort_limit,0.020403415100089046,8.051954157995642,0.0970917591998986,0.11912739144892984,0.0,0.12444119453430175,0.13016107320785522,0.0
gait_05_half_bound__vx_pos_0p5__seed_4242,4,FR_thigh_joint,fr,thigh,23.700000762939453,robot.actuators['thigh_legs'].effort_limit,0.1509389121652498,42.32481251311372,0.24038032570753376,0.2528565160419282,0.0,0.14330025315284728,0.14787433862686158,0.0
gait_05_half_bound__vx_pos_0p5__seed_4242,5,FR_calf_joint,fr,calf,35.54999923706055,robot.actuators['calf_legs'].effort_limit,0.6247849409349155,348.10092346684667,0.4478755757322582,0.4751139918484586,0.0,1.0,1.0,0.22981366459627328
gait_05_half_bound__vx_pos_0p5__seed_4242,6,RL_hip_joint,rl,hip,23.700000762939453,robot.actuators['hip_legs'].effort_limit,0.07432741841814347,6.872453547436744,0.14921012732074826,0.1599470312401162,0.0,0.11600213050842284,0.12376264572143555,0.0
gait_05_half_bound__vx_pos_0p5__seed_4242,7,RL_thigh_joint,rl,thigh,23.700000762939453,robot.actuators['thigh_legs'].effort_limit,0.5308990837023891,165.21001440642635,0.38285823587479617,0.4051111388673697,0.0,0.8085167050361634,0.811598174571991,0.0
gait_05_half_bound__vx_pos_0p5__seed_4242,8,RL_calf_joint,rl,calf,35.54999923706055,robot.actuators['calf_legs'].effort_limit,0.968887009733074,352.8535144415777,0.4785576398623103,0.49123710581326613,0.0,1.0,1.0,0.6231884057971014
gait_05_half_bound__vx_pos_0p5__seed_4242,9,RR_hip_joint,rr,hip,23.700000762939453,robot.actuators['hip_legs'].effort_limit,0.05464551583095654,6.933767470772145,0.123885134640299,0.13503057874106303,0.0,0.0685189127922058,0.07363319158554077,0.0
gait_05_half_bound__vx_pos_0p5__seed_4242,10,RR_thigh_joint,rr,thigh,23.700000762939453,robot.actuators['thigh_legs'].effort_limit,0.4296412815439028,190.31109757305123,0.3952850987145436,0.42864583563033365,0.0,0.7906976342201233,0.7969985818862915,0.0
gait_05_half_bound__vx_pos_0p5__seed_4242,11,RR_calf_joint,rr,calf,35.54999923706055,robot.actuators['calf_legs'].effort_limit,1.0233108659135355,391.38850415298714,0.4907813787829216,0.506716335349561,0.0,1.0,1.0,0.6728778467908902
gait_05_half_bound__vx_pos_1p0__seed_4242,0,FL_hip_joint,fl,hip,23.700000762939453,robot.actuators['hip_legs'].effort_limit,0.13528531567070556,29.091717158332468,0.2064584130409204,0.22138362888115254,0.0,0.10530658960342407,0.13230500578880308,0.0
gait_05_half_bound__vx_pos_1p0__seed_4242,1,FL_thigh_joint,fl,thigh,23.700000762939453,robot.actuators['thigh_legs'].effort_limit,0.5146071276989759,130.3761374474317,0.45526124599275725,0.47030579425133184,0.0,0.18268402516841886,0.18657341063022614,0.0
gait_05_half_bound__vx_pos_1p0__seed_4242,2,FL_calf_joint,fl,calf,35.54999923706055,robot.actuators['calf_legs'].effort_limit,0.763862588486702,345.8560806560467,0.4887098961833604,0.5056751354378517,0.0,1.0,1.0,0.5081967213114754
gait_05_half_bound__vx_pos_1p0__seed_4242,3,FR_hip_joint,fr,hip,23.700000762939453,robot.actuators['hip_legs'].effort_limit,0.030070531778797732,11.03458937701478,0.11004098958475009,0.14706597005655891,0.0,0.1406822085380554,0.14601897120475768,0.0
gait_05_half_bound__vx_pos_1p0__seed_4242,4,FR_thigh_joint,fr,thigh,23.700000762939453,robot.actuators['thigh_legs'].effort_limit,0.23253293050774282,84.43345240283757,0.24077892433749415,0.26546855486395615,0.0,0.17880219519138335,0.182501100897789,0.0
gait_05_half_bound__vx_pos_1p0__seed_4242,5,FR_calf_joint,fr,calf,35.54999923706055,robot.actuators['calf_legs'].effort_limit,0.6952068538440768,356.06190802288245,0.46924318979948854,0.48545963240052625,0.0,1.0,1.0,0.514344262295082
gait_05_half_bound__vx_pos_1p0__seed_4242,6,RL_hip_joint,rl,hip,23.700000762939453,robot.actuators['hip_legs'].effort_limit,0.08133355592503874,9.637930888088887,0.1571717488318093,0.18729535839884445,0.0,0.12862282693386076,0.1397685831785202,0.0
gait_05_half_bound__vx_pos_1p0__seed_4242,7,RL_thigh_joint,rl,thigh,23.700000762939453,robot.actuators['thigh_legs'].effort_limit,0.4270998240622491,253.64320157133042,0.35572821844146923,0.3885975909785149,0.0,0.8291520804166794,0.8365135097503662,0.0
gait_05_half_bound__vx_pos_1p0__seed_4242,8,RL_calf_joint,rl,calf,35.54999923706055,robot.actuators['calf_legs'].effort_limit,0.9809077503965654,409.2756961673871,0.4983060544021983,0.5132549846719988,0.0,1.0,1.0,0.6290983606557377
gait_05_half_bound__vx_pos_1p0__seed_4242,9,RR_hip_joint,rr,hip,23.700000762939453,robot.actuators['hip_legs'].effort_limit,0.0566884187412784,6.892647751073818,0.14506543624039545,0.158212629689643,0.0,0.10366853475570677,0.11064312696456909,0.0
gait_05_half_bound__vx_pos_1p0__seed_4242,10,RR_thigh_joint,rr,thigh,23.700000762939453,robot.actuators['thigh_legs'].effort_limit,0.3264066829585539,251.94243330612778,0.3502743443267969,0.40077874668044894,0.0,0.7939302802085877,0.7985467630624771,0.0
gait_05_half_bound__vx_pos_1p0__seed_4242,11,RR_calf_joint,rr,calf,35.54999923706055,robot.actuators['calf_legs'].effort_limit,0.9454183116304027,488.01241828482597,0.48763121137082405,0.49530991921104117,0.0,1.0,1.0,0.6290983606557377
gait_05_half_bound__vx_pos_1p5__seed_4242,0,FL_hip_joint,fl,hip,23.700000762939453,robot.actuators['hip_legs'].effort_limit,0.20282214351635275,37.2925853820378,0.22010244896313466,0.2556941141235057,0.0,0.2021076291799544,0.21419649720191952,0.0
gait_05_half_bound__vx_pos_1p5__seed_4242,1,FL_thigh_joint,fl,thigh,23.700000762939453,robot.actuators['thigh_legs'].effort_limit,0.4509553775386941,198.42999588286506,0.3679065163396999,0.416103171381466,0.0,0.19395539462566375,0.19980470478534698,0.0
gait_05_half_bound__vx_pos_1p5__seed_4242,2,FL_calf_joint,fl,calf,35.54999923706055,robot.actuators['calf_legs'].effort_limit,0.718344759264422,350.2812337480602,0.4561115555928023,0.47236830629261956,0.0,1.0,1.0,0.5208333333333334
gait_05_half_bound__vx_pos_1p5__seed_4242,3,FR_hip_joint,fr,hip,23.700000762939453,robot.actuators['hip_legs'].effort_limit,0.06205737068698284,13.017053737229435,0.15725952509354457,0.17121324611733849,0.0,0.17680653333663937,0.1798046886920929,0.0
gait_05_half_bound__vx_pos_1p5__seed_4242,4,FR_thigh_joint,fr,thigh,23.700000762939453,robot.actuators['thigh_legs'].effort_limit,0.4521574467431401,192.28783467009663,0.35549740109673345,0.3710938945852708,0.0,0.2294597417116165,0.23313872992992402,0.0
gait_05_half_bound__vx_pos_1p5__seed_4242,5,FR_calf_joint,fr,calf,35.54999923706055,robot.actuators['calf_legs'].effort_limit,0.6309636862201219,348.6119700569345,0.44212037376737257,0.45915116438405396,0.0,1.0,1.0,0.5833333333333334
gait_05_half_bound__vx_pos_1p5__seed_4242,6,RL_hip_joint,rl,hip,23.700000762939453,robot.actuators['hip_legs'].effort_limit,0.0971627560731692,12.247074250206811,0.18707668631745392,0.22534646765482877,0.0,0.15735164582729333,0.1936967742443084,0.0
gait_05_half_bound__vx_pos_1p5__seed_4242,7,RL_thigh_joint,rl,thigh,23.700000762939453,robot.actuators['thigh_legs'].effort_limit,0.42724162061721893,308.3528261133283,0.3605455773415355,0.40449210888851794,0.0,0.7921765834093094,0.8033935809135437,0.0
gait_05_half_bound__vx_pos_1p5__seed_4242,8,RL_calf_joint,rl,calf,35.54999923706055,robot.actuators['calf_legs'].effort_limit,0.9120668705449646,387.27892827928065,0.5006573646353841,0.5100209132331797,0.0,1.0,1.0,0.6145833333333334
gait_05_half_bound__vx_pos_1p5__seed_4242,9,RR_hip_joint,rr,hip,23.700000762939453,robot.actuators['hip_legs'].effort_limit,0.0683943604375678,8.022392284022644,0.1802658805681097,0.2014628136240379,0.0,0.13663002252578732,0.14724065780639647,0.0
gait_05_half_bound__vx_pos_1p5__seed_4242,10,RR_thigh_joint,rr,thigh,23.700000762939453,robot.actuators['thigh_legs'].effort_limit,0.3366422571597388,260.5442050871253,0.33757925556426693,0.3789329913840961,0.0,0.7565678924322128,0.7637857413291931,0.0
gait_05_half_bound__vx_pos_1p5__seed_4242,11,RR_calf_joint,rr,calf,35.54999923706055,robot.actuators['calf_legs'].effort_limit,0.7971671552482879,365.7744979430735,0.48183348572450113,0.49619079613860345,0.0,1.0,1.0,0.6395833333333333
gait_06_gallop__vx_neg_1p5__seed_4242,0,FL_hip_joint,fl,hip,23.700000762939453,robot.actuators['hip_legs'].effort_limit,0.17908667424416103,22.811508510485293,0.21652274601698135,0.22950293691440576,0.0,0.259395170211792,0.27134042024612415,0.0
gait_06_gallop__vx_neg_1p5__seed_4242,1,FL_thigh_joint,fl,thigh,23.700000762939453,robot.actuators['thigh_legs'].effort_limit,0.8926632289671603,197.5280203849013,0.5212419740462171,0.5539428423968337,0.0,0.24013904631137842,0.2503377306461334,0.0
gait_06_gallop__vx_neg_1p5__seed_4242,2,FL_calf_joint,fl,calf,35.54999923706055,robot.actuators['calf_legs'].effort_limit,0.7508927970804423,355.8897780469805,0.4621509323903645,0.4795490104911152,0.0,1.0,1.0,0.4395833333333333
gait_06_gallop__vx_neg_1p5__seed_4242,3,FR_hip_joint,fr,hip,23.700000762939453,robot.actuators['hip_legs'].effort_limit,0.17058044797072344,17.27089039912331,0.2401403780380964,0.2500317112795766,0.0,0.177912676334381,0.20059027791023254,0.0
gait_06_gallop__vx_neg_1p5__seed_4242,4,FR_thigh_joint,fr,thigh,23.700000762939453,robot.actuators['thigh_legs'].effort_limit,1.4852269382353849,209.2559406518063,0.8452971544451764,0.8819993632513967,0.0,0.33371686339378354,0.3433644068241119,0.0
gait_06_gallop__vx_neg_1p5__seed_4242,5,FR_calf_joint,fr,calf,35.54999923706055,robot.actuators['calf_legs'].effort_limit,0.8434224455644075,366.48965595975517,0.4845596288701875,0.5013374055272228,0.0,1.0,1.0,0.6354166666666666
gait_06_gallop__vx_neg_1p5__seed_4242,6,RL_hip_joint,rl,hip,23.700000762939453,robot.actuators['hip_legs'].effort_limit,0.03995166754285042,11.312777234977657,0.14459524664994744,0.16510697308127567,0.0,0.12095642685890196,0.13541513442993164,0.0
gait_06_gallop__vx_neg_1p5__seed_4242,7,RL_thigh_joint,rl,thigh,23.700000762939453,robot.actuators['thigh_legs'].effort_limit,0.6878284293517365,212.88671049740165,0.442459430213013,0.5532569417428144,0.0,0.6945284903049469,0.7009761494398117,0.0
gait_06_gallop__vx_neg_1p5__seed_4242,8,RL_calf_joint,rl,calf,35.54999923706055,robot.actuators['calf_legs'].effort_limit,0.5805195457588905,778.0512888178323,0.410738273775946,0.4552832887605709,0.0,1.0,1.0,0.66875
gait_06_gallop__vx_neg_1p5__seed_4242,9,RR_hip_joint,rr,hip,23.700000762939453,robot.actuators['hip_legs'].effort_limit,0.07107224019337369,15.867891232543625,0.16131254876011877,0.1946022804001986,0.0,0.11641219854354856,0.12470033168792724,0.0
gait_06_gallop__vx_neg_1p5__seed_4242,10,RR_thigh_joint,rr,thigh,23.700000762939453,robot.actuators['thigh_legs'].effort_limit,0.24821041899411206,189.13919790819287,0.29096600444919224,0.3457408705203262,0.0,0.7659412294626236,0.7772256052494049,0.0
gait_06_gallop__vx_neg_1p5__seed_4242,11,RR_calf_joint,rr,calf,35.54999923706055,robot.actuators['calf_legs'].effort_limit,0.3290923039728946,351.16605071373283,0.3509093626837184,0.4260177971995284,0.0,1.0,1.0,0.5166666666666667
gait_06_gallop__vx_neg_1p0__seed_4242,0,FL_hip_joint,fl,hip,23.700000762939453,robot.actuators['hip_legs'].effort_limit,0.1101360114957847,20.031318403175103,0.16628568200507562,0.1823780437701891,0.0,0.14235319793224332,0.14710457861423493,0.0
gait_06_gallop__vx_neg_1p0__seed_4242,1,FL_thigh_joint,fl,thigh,23.700000762939453,robot.actuators['thigh_legs'].effort_limit,1.0594535753589345,120.30849633096426,0.6415723079062575,0.6921359913778187,0.0,0.2612192392349243,0.2741929692029953,0.0
gait_06_gallop__vx_neg_1p0__seed_4242,2,FL_calf_joint,fl,calf,35.54999923706055,robot.actuators['calf_legs'].effort_limit,0.7287768166882063,473.73766943365337,0.4395506600392157,0.4637714930832723,0.0,1.0,1.0,0.3483606557377049
gait_06_gallop__vx_neg_1p0__seed_4242,3,FR_hip_joint,fr,hip,23.700000762939453,robot.actuators['hip_legs'].effort_limit,0.10460425536890033,16.367468020138332,0.21997822584552276,0.2516106697561957,0.0,0.11976876258850097,0.1311766040325165,0.0
gait_06_gallop__vx_neg_1p0__seed_4242,4,FR_thigh_joint,fr,thigh,23.700000762939453,robot.actuators['thigh_legs'].effort_limit,1.125302487689256,90.26265901005827,0.7576809289125553,0.7792770730424367,0.0,0.288865664601326,0.29678653061389926,0.0
gait_06_gallop__vx_neg_1p0__seed_4242,5,FR_calf_joint,fr,calf,35.54999923706055,robot.actuators['calf_legs'].effort_limit,0.9292848956409416,409.9418396403128,0.5045640707660158,0.5271724079024219,0.0,1.0,1.0,0.6311475409836066
gait_06_gallop__vx_neg_1p0__seed_4242,6,RL_hip_joint,rl,hip,23.700000762939453,robot.actuators['hip_legs'].effort_limit,0.04339676659633942,11.461506476936048,0.13919072367058205,0.1527189601956473,0.0,0.10885373950004575,0.12416393399238586,0.0
gait_06_gallop__vx_neg_1p0__seed_4242,7,RL_thigh_joint,rl,thigh,23.700000762939453,robot.actuators['thigh_legs'].effort_limit,0.4583571552192867,168.76184377793223,0.3451648351559913,0.37376100487814456,0.0,0.7754839807748795,0.7846580445766449,0.0
gait_06_gallop__vx_neg_1p0__seed_4242,8,RL_calf_joint,rl,calf,35.54999923706055,robot.actuators['calf_legs'].effort_limit,0.5513699566718347,637.3227425656003,0.3783115650571147,0.43601736154070414,0.0,1.0,1.0,0.6516393442622951
gait_06_gallop__vx_neg_1p0__seed_4242,9,RR_hip_joint,rr,hip,23.700000762939453,robot.actuators['hip_legs'].effort_limit,0.06113810777792053,17.622530907331967,0.1513251002404225,0.17238042735231207,0.0,0.12601494789123532,0.1388159441947937,0.0
gait_06_gallop__vx_neg_1p0__seed_4242,10,RR_thigh_joint,rr,thigh,23.700000762939453,robot.actuators['thigh_legs'].effort_limit,0.16295454177924373,112.25808879963822,0.2538483694905995,0.30963679556265417,0.0,0.8079250305891037,0.8282521665096283,0.0
gait_06_gallop__vx_neg_1p0__seed_4242,11,RR_calf_joint,rr,calf,35.54999923706055,robot.actuators['calf_legs'].effort_limit,0.3846554617932435,384.4707646273496,0.3625674600521782,0.45514026819200193,0.0,1.0,1.0,0.47950819672131145
gait_06_gallop__vx_neg_0p5__seed_4242,0,FL_hip_joint,fl,hip,23.700000762939453,robot.actuators['hip_legs'].effort_limit,0.04114243419796459,11.409287642521086,0.14023590240041026,0.17834188756365274,0.0,0.10936808586120603,0.12879940032958984,0.0
gait_06_gallop__vx_neg_0p5__seed_4242,1,FL_thigh_joint,fl,thigh,23.700000762939453,robot.actuators['thigh_legs'].effort_limit,1.0593210492810807,96.64028555050318,0.6326394662128088,0.6599677143026839,0.0,0.24015009999275208,0.2483625054359436,0.0
gait_06_gallop__vx_neg_0p5__seed_4242,2,FL_calf_joint,fl,calf,35.54999923706055,robot.actuators['calf_legs'].effort_limit,0.5884978652354804,551.4832393103466,0.4466984626072206,0.45763290035355964,0.0,1.0,1.0,0.32919254658385094
gait_06_gallop__vx_neg_0p5__seed_4242,3,FR_hip_joint,fr,hip,23.700000762939453,robot.actuators['hip_legs'].effort_limit,0.05492516584046661,9.8691628028173,0.16905553088431924,0.18433012509792263,0.0,0.12233402729034423,0.12913784742355347,0.0
gait_06_gallop__vx_neg_0p5__seed_4242,4,FR_thigh_joint,fr,thigh,23.700000762939453,robot.actuators['thigh_legs'].effort_limit,0.827336656236609,65.59528811914613,0.5883821909656705,0.6161527556036211,0.0,0.2188290238380432,0.2254597544670105,0.0
gait_06_gallop__vx_neg_0p5__seed_4242,5,FR_calf_joint,fr,calf,35.54999923706055,robot.actuators['calf_legs'].effort_limit,0.8036509194825877,380.5492749179853,0.5470782369209265,0.5658922920472199,0.0,1.0,1.0,0.33747412008281574
gait_06_gallop__vx_neg_0p5__seed_4242,6,RL_hip_joint,rl,hip,23.700000762939453,robot.actuators['hip_legs'].effort_limit,0.07292997177962449,15.105109024057166,0.16140146077952128,0.1833410031011717,0.0,0.08223038911819458,0.10104365587234497,0.0
gait_06_gallop__vx_neg_0p5__seed_4242,7,RL_thigh_joint,rl,thigh,23.700000762939453,robot.actuators['thigh_legs'].effort_limit,0.4178444796046291,117.01331748449012,0.3419720101023482,0.36367120739027553,0.0,0.8393350660800933,0.8464321315288543,0.0
gait_06_gallop__vx_neg_0p5__seed_4242,8,RL_calf_joint,rl,calf,35.54999923706055,robot.actuators['calf_legs'].effort_limit,0.4384035943378697,378.62924001613635,0.3293464318200914,0.4122449171974604,0.0,1.0,1.0,0.6273291925465838
gait_06_gallop__vx_neg_0p5__seed_4242,9,RR_hip_joint,rr,hip,23.700000762939453,robot.actuators['hip_legs'].effort_limit,0.08315780716572149,17.42210328457877,0.1920337876739569,0.21758679844379683,0.0,0.13550139665603636,0.14223228454589845,0.0
gait_06_gallop__vx_neg_0p5__seed_4242,10,RR_thigh_joint,rr,thigh,23.700000762939453,robot.actuators['thigh_legs'].effort_limit,0.13978573969817323,79.73738553548232,0.21668958972368876,0.2806027185270183,0.0,0.8645519375801086,0.8713567984104157,0.0
gait_06_gallop__vx_neg_0p5__seed_4242,11,RR_calf_joint,rr,calf,35.54999923706055,robot.actuators['calf_legs'].effort_limit,0.41343961607833535,329.65317750538236,0.3570730015036668,0.4389903220430811,0.0,1.0,1.0,0.4451345755693582
gait_06_gallop__vx_pos_0p5__seed_4242,0,FL_hip_joint,fl,hip,23.700000762939453,robot.actuators['hip_legs'].effort_limit,0.07314698437573844,12.344181277318567,0.2152974827988544,0.25102414880344864,0.0,0.16474282741546628,0.17171533584594725,0.0
gait_06_gallop__vx_pos_0p5__seed_4242,1,FL_thigh_joint,fl,thigh,23.700000762939453,robot.actuators['thigh_legs'].effort_limit,0.6601760654110005,82.56264124289156,0.5504105225764883,0.5662017165171397,0.0,0.21771051287651058,0.2219616675376892,0.0
gait_06_gallop__vx_pos_0p5__seed_4242,2,FL_calf_joint,fl,calf,35.54999923706055,robot.actuators['calf_legs'].effort_limit,0.4465336911869004,358.106233426237,0.375669710090513,0.3916892456331373,0.0,1.0,1.0,0.3146997929606625
gait_06_gallop__vx_pos_0p5__seed_4242,3,FR_hip_joint,fr,hip,23.700000762939453,robot.actuators['hip_legs'].effort_limit,0.026660186837968013,6.423211853748362,0.09571031270376235,0.1222467254366098,0.0,0.13617007732391356,0.14523428678512573,0.0
gait_06_gallop__vx_pos_0p5__seed_4242,4,FR_thigh_joint,fr,thigh,23.700000762939453,robot.actuators['thigh_legs'].effort_limit,0.17929874652856825,41.92509870279581,0.24225114493225533,0.2658272500717469,0.0,0.13008445501327515,0.13191681146621703,0.0
gait_06_gallop__vx_pos_0p5__seed_4242,5,FR_calf_joint,fr,calf,35.54999923706055,robot.actuators['calf_legs'].effort_limit,0.5291170295515546,347.9405619578785,0.48496889599868825,0.5136150625926915,0.0,1.0,1.0,0.23809523809523808
gait_06_gallop__vx_pos_0p5__seed_4242,6,RL_hip_joint,rl,hip,23.700000762939453,robot.actuators['hip_legs'].effort_limit,0.10160329703133342,8.00646233834792,0.1792404121128384,0.19855937439288773,0.0,0.13053031563758846,0.14689067721366883,0.0
gait_06_gallop__vx_pos_0p5__seed_4242,7,RL_thigh_joint,rl,thigh,23.700000762939453,robot.actuators['thigh_legs'].effort_limit,0.5491759021009754,197.97899782061577,0.4431807057447246,0.4985405725232676,0.0,0.8071739315986634,0.8173853421211242,0.0
gait_06_gallop__vx_pos_0p5__seed_4242,8,RL_calf_joint,rl,calf,35.54999923706055,robot.actuators['calf_legs'].effort_limit,0.9728509547339341,455.0602504565567,0.45628342890106993,0.4615109517224566,0.0,1.0,1.0,0.6708074534161491
gait_06_gallop__vx_pos_0p5__seed_4242,9,RR_hip_joint,rr,hip,23.700000762939453,robot.actuators['hip_legs'].effort_limit,0.08118600284837371,9.946443224288524,0.16911698654055737,0.18688039862136524,0.0,0.08860593438148497,0.09476172208786011,0.0
gait_06_gallop__vx_pos_0p5__seed_4242,10,RR_thigh_joint,rr,thigh,23.700000762939453,robot.actuators['thigh_legs'].effort_limit,0.38232297916175073,132.48930691660382,0.3112869242966109,0.3275682673854822,0.0,0.7975333034992218,0.8029336583614349,0.0
gait_06_gallop__vx_pos_0p5__seed_4242,11,RR_calf_joint,rr,calf,35.54999923706055,robot.actuators['calf_legs'].effort_limit,0.7193579427343316,321.42007984492926,0.4269731186701375,0.43438543777112654,0.0,1.0,1.0,0.6666666666666666
gait_06_gallop__vx_pos_1p0__seed_4242,0,FL_hip_joint,fl,hip,23.700000762939453,robot.actuators['hip_legs'].effort_limit,0.11356530226358999,15.734842294914415,0.24611779217401197,0.3203432585609771,0.0,0.15435020327568055,0.15940016329288484,0.0
gait_06_gallop__vx_pos_1p0__seed_4242,1,FL_thigh_joint,fl,thigh,23.700000762939453,robot.actuators['thigh_legs'].effort_limit,0.6835321972600613,144.19058988884092,0.5033935010598258,0.5252451103871949,0.0,0.1941184788942337,0.20070207715034485,0.0
gait_06_gallop__vx_pos_1p0__seed_4242,2,FL_calf_joint,fl,calf,35.54999923706055,robot.actuators['calf_legs'].effort_limit,0.5951040043283982,274.4473466116749,0.45867468615127516,0.4741969842108013,0.0,1.0,1.0,0.42008196721311475
gait_06_gallop__vx_pos_1p0__seed_4242,3,FR_hip_joint,fr,hip,23.700000762939453,robot.actuators['hip_legs'].effort_limit,0.01795136048830375,6.153307416990865,0.08121033449340902,0.11764764487519583,0.0,0.12347766757011408,0.15187994837760926,0.0
gait_06_gallop__vx_pos_1p0__seed_4242,4,FR_thigh_joint,fr,thigh,23.700000762939453,robot.actuators['thigh_legs'].effort_limit,0.15474102520198854,65.92460614711047,0.2256111201157994,0.25209421722495107,0.0,0.16815662980079651,0.17126672863960266,0.0
gait_06_gallop__vx_pos_1p0__seed_4242,5,FR_calf_joint,fr,calf,35.54999923706055,robot.actuators['calf_legs'].effort_limit,0.6358345320467431,318.43949989121876,0.4417869780718749,0.45993441027622595,0.0,1.0,1.0,0.5614754098360656
gait_06_gallop__vx_pos_1p0__seed_4242,6,RL_hip_joint,rl,hip,23.700000762939453,robot.actuators['hip_legs'].effort_limit,0.10323749010377853,9.01836805601517,0.2070905723381663,0.24330434881107801,0.0,0.16657809913158417,0.18137115001678467,0.0
gait_06_gallop__vx_pos_1p0__seed_4242,7,RL_thigh_joint,rl,thigh,23.700000762939453,robot.actuators['thigh_legs'].effort_limit,0.4008046641392723,237.18086520448327,0.4044497436185509,0.43848800454802034,0.0,0.7968204081058502,0.8068203431367874,0.0
gait_06_gallop__vx_pos_1p0__seed_4242,8,RL_calf_joint,rl,calf,35.54999923706055,robot.actuators['calf_legs'].effort_limit,1.038517133996905,385.2936814614921,0.4884558647028254,0.4962287955675256,0.0,1.0,1.0,0.639344262295082
gait_06_gallop__vx_pos_1p0__seed_4242,9,RR_hip_joint,rr,hip,23.700000762939453,robot.actuators['hip_legs'].effort_limit,0.05645943392867724,6.368681912471657,0.13449433251894108,0.15754857994679705,0.0,0.08700958490371705,0.10315796613693237,0.0
gait_06_gallop__vx_pos_1p0__seed_4242,10,RR_thigh_joint,rr,thigh,23.700000762939453,robot.actuators['thigh_legs'].effort_limit,0.37286506317120227,178.24913991544395,0.3732746422594725,0.39173547674781134,0.0,0.7524162024259567,0.7583619910478592,0.0
gait_06_gallop__vx_pos_1p0__seed_4242,11,RR_calf_joint,rr,calf,35.54999923706055,robot.actuators['calf_legs'].effort_limit,0.7862977731935982,347.11917295597493,0.46052189298266305,0.47163022512938046,0.0,1.0,1.0,0.6413934426229508
gait_06_gallop__vx_pos_1p5__seed_4242,0,FL_hip_joint,fl,hip,23.700000762939453,robot.actuators['hip_legs'].effort_limit,0.17888530668994346,20.91837414789479,0.30167204553718147,0.3653390766791146,0.0,0.2110322505235672,0.21925100624561308,0.0
gait_06_gallop__vx_pos_1p5__seed_4242,1,FL_thigh_joint,fl,thigh,23.700000762939453,robot.actuators['thigh_legs'].effort_limit,0.8321765620770168,262.3692129914835,0.47501353452936695,0.4846644213337823,0.0,0.18613192737102507,0.19197767496109008,0.0
gait_06_gallop__vx_pos_1p5__seed_4242,2,FL_calf_joint,fl,calf,35.54999923706055,robot.actuators['calf_legs'].effort_limit,0.5895544007808873,277.91547358602287,0.4438478280744341,0.46796548777317065,0.0,1.0,1.0,0.5333333333333333
gait_06_gallop__vx_pos_1p5__seed_4242,3,FR_hip_joint,fr,hip,23.700000762939453,robot.actuators['hip_legs'].effort_limit,0.0446728131806075,10.148913234979263,0.10402453365327428,0.10988346935196663,0.0,0.16617015600204468,0.1771692967414856,0.0
gait_06_gallop__vx_pos_1p5__seed_4242,4,FR_thigh_joint,fr,thigh,23.700000762939453,robot.actuators['thigh_legs'].effort_limit,0.3104409236220429,154.51963616358117,0.2795835266166871,0.29301995750556153,0.0,0.20683082044124604,0.21079964816570282,0.0
gait_06_gallop__vx_pos_1p5__seed_4242,5,FR_calf_joint,fr,calf,35.54999923706055,robot.actuators['calf_legs'].effort_limit,0.5645052081721438,339.2203949566558,0.416670176438605,0.42509875452009444,0.0,1.0,1.0,0.61875
gait_06_gallop__vx_pos_1p5__seed_4242,6,RL_hip_joint,rl,hip,23.700000762939453,robot.actuators['hip_legs'].effort_limit,0.09844923872582483,8.643773699159501,0.23201708006502048,0.2594917630306916,0.0,0.21363592445850363,0.23663095593452452,0.0
gait_06_gallop__vx_pos_1p5__seed_4242,7,RL_thigh_joint,rl,thigh,23.700000762939453,robot.actuators['thigh_legs'].effort_limit,0.3710280084069159,284.82459977515043,0.343281899841505,0.3887164055155048,0.0,0.7631545513868332,0.7724467927217483,0.0
gait_06_gallop__vx_pos_1p5__seed_4242,8,RL_calf_joint,rl,calf,35.54999923706055,robot.actuators['calf_legs'].effort_limit,0.8723364349359644,362.6240440305323,0.4770082289084525,0.4867403148268111,0.0,1.0,1.0,0.61875
gait_06_gallop__vx_pos_1p5__seed_4242,9,RR_hip_joint,rr,hip,23.700000762939453,robot.actuators['hip_legs'].effort_limit,0.03852263826741934,6.9085231669733185,0.1188454941827478,0.15033841172267698,0.0,0.14665508270263672,0.15138556241989135,0.0
gait_06_gallop__vx_pos_1p5__seed_4242,10,RR_thigh_joint,rr,thigh,23.700000762939453,robot.actuators['thigh_legs'].effort_limit,0.44881655038449075,235.82293200835585,0.41024847963394356,0.4416353260592263,0.0,0.7381276816129685,0.7447260761260986,0.0
gait_06_gallop__vx_pos_1p5__seed_4242,11,RR_calf_joint,rr,calf,35.54999923706055,robot.actuators['calf_legs'].effort_limit,0.7401537865752265,339.6517381522805,0.4574801895952868,0.49943393968958005,0.0,1.0,1.0,0.61875
gait_07_gallop__vx_neg_1p5__seed_4242,0,FL_hip_joint,fl,hip,23.700000762939453,robot.actuators['hip_legs'].effort_limit,0.1861215599788266,18.727274501807987,0.238672662246554,0.2495934391957395,0.0,0.33499241769313803,0.3471093672513962,0.0
gait_07_gallop__vx_neg_1p5__seed_4242,1,FL_thigh_joint,fl,thigh,23.700000762939453,robot.actuators['thigh_legs'].effort_limit,1.033508956995697,238.308494746238,0.6710630756148623,0.7180948645967616,0.0,0.28936552107334135,0.3006738758087158,0.0
gait_07_gallop__vx_neg_1p5__seed_4242,2,FL_calf_joint,fl,calf,35.54999923706055,robot.actuators['calf_legs'].effort_limit,0.815126449015923,317.5649674347788,0.5006701446762867,0.513684104322476,0.0,1.0,1.0,0.46875
gait_07_gallop__vx_neg_1p5__seed_4242,3,FR_hip_joint,fr,hip,23.700000762939453,robot.actuators['hip_legs'].effort_limit,0.21741375791164014,20.849791785050183,0.2567602761019847,0.26783761659171135,0.0,0.24036985039710998,0.25362465500831605,0.0
gait_07_gallop__vx_neg_1p5__seed_4242,4,FR_thigh_joint,fr,thigh,23.700000762939453,robot.actuators['thigh_legs'].effort_limit,1.6995923435949996,223.56177790654823,0.8570890392162132,0.9628026426998522,0.014583333333333334,0.30763049721717833,0.3455231350660324,0.0
gait_07_gallop__vx_neg_1p5__seed_4242,5,FR_calf_joint,fr,calf,35.54999923706055,robot.actuators['calf_legs'].effort_limit,0.5894976924864593,243.81689346857368,0.3391684713601,0.3519567691241079,0.0,1.0,1.0,0.5895833333333333
gait_07_gallop__vx_neg_1p5__seed_4242,6,RL_hip_joint,rl,hip,23.700000762939453,robot.actuators['hip_legs'].effort_limit,0.03234232856831321,9.370273230562743,0.10262857279786144,0.1228880860811358,0.0,0.14078590273857117,0.1477823543548584,0.0
gait_07_gallop__vx_neg_1p5__seed_4242,7,RL_thigh_joint,rl,thigh,23.700000762939453,robot.actuators['thigh_legs'].effort_limit,0.6986243661503064,243.28253821168096,0.4179536185943469,0.4282596888881091,0.0,0.6818681925535202,0.692035260796547,0.0
gait_07_gallop__vx_neg_1p5__seed_4242,8,RL_calf_joint,rl,calf,35.54999923706055,robot.actuators['calf_legs'].effort_limit,0.9051039026778875,1292.2122445163131,0.4665090604695522,0.4855149422929108,0.0,1.0,1.0,0.47291666666666665
gait_07_gallop__vx_neg_1p5__seed_4242,9,RR_hip_joint,rr,hip,23.700000762939453,robot.actuators['hip_legs'].effort_limit,0.11552314940607068,17.168008527625354,0.22449732512470597,0.23544815971444816,0.0,0.18393305540084823,0.21991096973419189,0.0
gait_07_gallop__vx_neg_1p5__seed_4242,10,RR_thigh_joint,rr,thigh,23.700000762939453,robot.actuators['thigh_legs'].effort_limit,0.2767389341434828,211.25180289924145,0.32667414201103423,0.42993333575306386,0.0,0.7448709785938262,0.7503891116380691,0.0
gait_07_gallop__vx_neg_1p5__seed_4242,11,RR_calf_joint,rr,calf,35.54999923706055,robot.actuators['calf_legs'].effort_limit,0.26714215730227475,328.5059716628492,0.32902358421880623,0.4178020448923876,0.0,1.0,1.0,0.4625
gait_07_gallop__vx_neg_1p0__seed_4242,0,FL_hip_joint,fl,hip,23.700000762939453,robot.actuators['hip_legs'].effort_limit,0.14009949261033516,14.953141463290667,0.24409155422028628,0.2923026437460776,0.0,0.30065070688724516,0.33861580431461336,0.0
gait_07_gallop__vx_neg_1p0__seed_4242,1,FL_thigh_joint,fl,thigh,23.700000762939453,robot.actuators['thigh_legs'].effort_limit,0.7284430377314256,107.06978563014418,0.5965224971361603,0.6617971738405775,0.0,0.26133857667446136,0.27916452527046204,0.0
gait_07_gallop__vx_neg_1p0__seed_4242,2,FL_calf_joint,fl,calf,35.54999923706055,robot.actuators['calf_legs'].effort_limit,0.8514463918031376,304.236898639889,0.5145417255458853,0.5261229031102285,0.0,1.0,1.0,0.42213114754098363
gait_07_gallop__vx_neg_1p0__seed_4242,3,FR_hip_joint,fr,hip,23.700000762939453,robot.actuators['hip_legs'].effort_limit,0.11274768681676499,13.346898964723806,0.2249584467615554,0.24367024124176923,0.0,0.19732928872108457,0.20494911909103392,0.0
gait_07_gallop__vx_neg_1p0__seed_4242,4,FR_thigh_joint,fr,thigh,23.700000762939453,robot.actuators['thigh_legs'].effort_limit,1.5559732464680462,136.27809479996563,0.7518999606136543,0.8190017951610647,0.0,0.2737188011407852,0.29332065761089327,0.0
gait_07_gallop__vx_neg_1p0__seed_4242,5,FR_calf_joint,fr,calf,35.54999923706055,robot.actuators['calf_legs'].effort_limit,0.5034967677193749,204.11197017289697,0.34756876219992255,0.36603496762979815,0.0,1.0,1.0,0.6045081967213115
gait_07_gallop__vx_neg_1p0__seed_4242,6,RL_hip_joint,rl,hip,23.700000762939453,robot.actuators['hip_legs'].effort_limit,0.041991775785308966,5.664701832784922,0.13247042191274708,0.1537061221301848,0.0,0.12398027777671813,0.14167980790138243,0.0
gait_07_gallop__vx_neg_1p0__seed_4242,7,RL_thigh_joint,rl,thigh,23.700000762939453,robot.actuators['thigh_legs'].effort_limit,0.5356127608843597,214.30935974311083,0.34521573198807043,0.36452632809002944,0.0,0.7172587811946869,0.7252106058597565,0.0
gait_07_gallop__vx_neg_1p0__seed_4242,8,RL_calf_joint,rl,calf,35.54999923706055,robot.actuators['calf_legs'].effort_limit,0.8665948927088022,1201.9397018879652,0.4144503471803807,0.4649029655811286,0.0,1.0,1.0,0.47540983606557374
gait_07_gallop__vx_neg_1p0__seed_4242,9,RR_hip_joint,rr,hip,23.700000762939453,robot.actuators['hip_legs'].effort_limit,0.12871299887896018,21.953509986969294,0.21996561682284657,0.2527349823260413,0.0,0.2356577217578887,0.2613525354862213,0.0
gait_07_gallop__vx_neg_1p0__seed_4242,10,RR_thigh_joint,rr,thigh,23.700000762939453,robot.actuators['thigh_legs'].effort_limit,0.15268020231381363,133.87102982099168,0.24668177482567075,0.26608612676737575,0.0,0.7988088726997375,0.8046824544668197,0.0
gait_07_gallop__vx_neg_1p0__seed_4242,11,RR_calf_joint,rr,calf,35.54999923706055,robot.actuators['calf_legs'].effort_limit,0.2679740287773254,336.4849947548658,0.3293561322037822,0.4519090907725207,0.0,1.0,1.0,0.4385245901639344
gait_07_gallop__vx_neg_0p5__seed_4242,0,FL_hip_joint,fl,hip,23.700000762939453,robot.actuators['hip_legs'].effort_limit,0.12542716460312783,16.949944305162063,0.27279553762522707,0.3004400426183759,0.0,0.3228256940841675,0.33824528813362126,0.0
gait_07_gallop__vx_neg_0p5__seed_4242,1,FL_thigh_joint,fl,thigh,23.700000762939453,robot.actuators['thigh_legs'].effort_limit,0.5874979610978389,34.23014112148376,0.5339662041976793,0.5984516385733806,0.0,0.23785938620567298,0.2551375699043274,0.0
gait_07_gallop__vx_neg_0p5__seed_4242,2,FL_calf_joint,fl,calf,35.54999923706055,robot.actuators['calf_legs'].effort_limit,0.768295027542932,262.5006258893944,0.5250520617661201,0.5368029359541824,0.0,1.0,1.0,0.32091097308488614
gait_07_gallop__vx_neg_0p5__seed_4242,3,FR_hip_joint,fr,hip,23.700000762939453,robot.actuators['hip_legs'].effort_limit,0.05826818128484761,7.356466131134075,0.16047516841405007,0.18111923334888724,0.0,0.18758240938186643,0.20001190662384036,0.0
gait_07_gallop__vx_neg_0p5__seed_4242,4,FR_thigh_joint,fr,thigh,23.700000762939453,robot.actuators['thigh_legs'].effort_limit,1.5244420964086678,77.701107870657,0.671709336817316,0.746306563548589,0.0,0.24534424543380737,0.2670667552947998,0.0
gait_07_gallop__vx_neg_0p5__seed_4242,5,FR_calf_joint,fr,calf,35.54999923706055,robot.actuators['calf_legs'].effort_limit,0.3357534319099985,146.8415255421307,0.3662950081975754,0.3802727910997692,0.0,1.0,1.0,0.5590062111801242
gait_07_gallop__vx_neg_0p5__seed_4242,6,RL_hip_joint,rl,hip,23.700000762939453,robot.actuators['hip_legs'].effort_limit,0.05711026628128093,6.063846563176485,0.16443527271784936,0.1894538725855744,0.0,0.12664268016815186,0.14105155110359194,0.0
gait_07_gallop__vx_neg_0p5__seed_4242,7,RL_thigh_joint,rl,thigh,23.700000762939453,robot.actuators['thigh_legs'].effort_limit,0.4483439482677176,182.66592796374113,0.29047976134160164,0.307966278318694,0.0,0.7150365710258484,0.726482355594635,0.0
gait_07_gallop__vx_neg_0p5__seed_4242,8,RL_calf_joint,rl,calf,35.54999923706055,robot.actuators['calf_legs'].effort_limit,0.8480747080266163,1056.3998005600529,0.3915843886703381,0.42662165144954745,0.0,1.0,1.0,0.4989648033126294
gait_07_gallop__vx_neg_0p5__seed_4242,9,RR_hip_joint,rr,hip,23.700000762939453,robot.actuators['hip_legs'].effort_limit,0.1446748164535963,24.590576153188014,0.2712637154055659,0.2865583090139684,0.0,0.2798259377479553,0.302772068977356,0.0
gait_07_gallop__vx_neg_0p5__seed_4242,10,RR_thigh_joint,rr,thigh,23.700000762939453,robot.actuators['thigh_legs'].effort_limit,0.11249387849518662,97.32854862093926,0.2298614250903737,0.25846289072276923,0.0,0.8209960997104645,0.8260074424743652,0.0
gait_07_gallop__vx_neg_0p5__seed_4242,11,RR_calf_joint,rr,calf,35.54999923706055,robot.actuators['calf_legs'].effort_limit,0.23635233503485953,231.67335442453623,0.29066651132460775,0.3851507341977906,0.0,1.0,1.0,0.44306418219461696
gait_07_gallop__vx_pos_0p5__seed_4242,0,FL_hip_joint,fl,hip,23.700000762939453,robot.actuators['hip_legs'].effort_limit,0.11182337346476913,12.824629387120076,0.1748188602328768,0.18695300341407348,0.0,0.2957383692264557,0.30526758074760435,0.0
gait_07_gallop__vx_pos_0p5__seed_4242,1,FL_thigh_joint,fl,thigh,23.700000762939453,robot.actuators['thigh_legs'].effort_limit,0.028010329117309975,13.314778002295643,0.09161446071208001,0.1003509907669843,0.0,0.15341811776161193,0.15855515718460084,0.0
gait_07_gallop__vx_pos_0p5__seed_4242,2,FL_calf_joint,fl,calf,35.54999923706055,robot.actuators['calf_legs'].effort_limit,0.6261990170918257,106.20744367015782,0.44447186776059233,0.46273903639350034,0.0,1.0,1.0,0.3064182194616977
gait_07_gallop__vx_pos_0p5__seed_4242,3,FR_hip_joint,fr,hip,23.700000762939453,robot.actuators['hip_legs'].effort_limit,0.043555208949248254,5.695935430030513,0.11127666928008292,0.1333816871681153,0.0,0.15998668670654298,0.17196643829345704,0.0
gait_07_gallop__vx_pos_0p5__seed_4242,4,FR_thigh_joint,fr,thigh,23.700000762939453,robot.actuators['thigh_legs'].effort_limit,1.076932978243665,60.89547519735992,0.5597938526396979,0.5767960141404546,0.0,0.20993345379829406,0.21722272515296936,0.0
gait_07_gallop__vx_pos_0p5__seed_4242,5,FR_calf_joint,fr,calf,35.54999923706055,robot.actuators['calf_legs'].effort_limit,0.2644731936256099,134.3428878410661,0.3484167825651484,0.3641572501944637,0.0,1.0,1.0,0.4616977225672878
gait_07_gallop__vx_pos_0p5__seed_4242,6,RL_hip_joint,rl,hip,23.700000762939453,robot.actuators['hip_legs'].effort_limit,0.05442119258584162,6.969406482941049,0.14285439522322654,0.18295765541309547,0.0,0.19287959933280946,0.21470673918724062,0.0
gait_07_gallop__vx_pos_0p5__seed_4242,7,RL_thigh_joint,rl,thigh,23.700000762939453,robot.actuators['thigh_legs'].effort_limit,0.22647484481030572,91.436458950229,0.2405291351115831,0.24713441359010807,0.0,0.7513858497142791,0.7636095666885376,0.0
gait_07_gallop__vx_pos_0p5__seed_4242,8,RL_calf_joint,rl,calf,35.54999923706055,robot.actuators['calf_legs'].effort_limit,0.6728388210181276,210.09839612741402,0.4354444911102529,0.44528102623191923,0.0,1.0,1.0,0.4803312629399586
gait_07_gallop__vx_pos_0p5__seed_4242,9,RR_hip_joint,rr,hip,23.700000762939453,robot.actuators['hip_legs'].effort_limit,0.13233976764819225,9.575739123475506,0.22813051229773051,0.23606087210414992,0.0,0.2082654356956482,0.2132888388633728,0.0
gait_07_gallop__vx_pos_0p5__seed_4242,10,RR_thigh_joint,rr,thigh,23.700000762939453,robot.actuators['thigh_legs'].effort_limit,0.29293023990327055,41.25877657693345,0.4012344971593383,0.4213171674409,0.0,0.7517757594585419,0.7563273870944976,0.0
gait_07_gallop__vx_pos_0p5__seed_4242,11,RR_calf_joint,rr,calf,35.54999923706055,robot.actuators['calf_legs'].effort_limit,0.4650413838415676,156.2831792525202,0.38670325807345013,0.414481265007293,0.0,1.0,1.0,0.5548654244306418
gait_07_gallop__vx_pos_1p0__seed_4242,0,FL_hip_joint,fl,hip,23.700000762939453,robot.actuators['hip_legs'].effort_limit,0.03902475720833271,12.190448190411553,0.12370806559363688,0.16695068351083478,0.0,0.27173669040203097,0.28606472253799436,0.0
gait_07_gallop__vx_pos_1p0__seed_4242,1,FL_thigh_joint,fl,thigh,23.700000762939453,robot.actuators['thigh_legs'].effort_limit,0.08532242177825487,49.50143293140922,0.1707844638974326,0.1938133784969868,0.0,0.21030094027519225,0.21510643780231475,0.0
gait_07_gallop__vx_pos_1p0__seed_4242,2,FL_calf_joint,fl,calf,35.54999923706055,robot.actuators['calf_legs'].effort_limit,0.5629963587078739,175.3468617498828,0.411947023135737,0.4257120462562367,0.0,1.0,1.0,0.45491803278688525
gait_07_gallop__vx_pos_1p0__seed_4242,3,FR_hip_joint,fr,hip,23.700000762939453,robot.actuators['hip_legs'].effort_limit,0.045617172546621544,6.3041589698940514,0.12285158007330979,0.14299391565865574,0.0,0.23058898448944093,0.2456171953678131,0.0
gait_07_gallop__vx_pos_1p0__seed_4242,4,FR_thigh_joint,fr,thigh,23.700000762939453,robot.actuators['thigh_legs'].effort_limit,0.5061579838311202,125.83782549502328,0.43368588834075644,0.44485975434959973,0.0,0.1864454209804535,0.18996741116046906,0.0
gait_07_gallop__vx_pos_1p0__seed_4242,5,FR_calf_joint,fr,calf,35.54999923706055,robot.actuators['calf_legs'].effort_limit,0.46696384249072537,170.2330928483489,0.42842519984775546,0.4445069468804199,0.0,1.0,1.0,0.5122950819672131
gait_07_gallop__vx_pos_1p0__seed_4242,6,RL_hip_joint,rl,hip,23.700000762939453,robot.actuators['hip_legs'].effort_limit,0.0678960157704612,5.075462113491085,0.15702707905823016,0.16737827705823433,0.0,0.22955291271209713,0.23898119509220123,0.0
gait_07_gallop__vx_pos_1p0__seed_4242,7,RL_thigh_joint,rl,thigh,23.700000762939453,robot.actuators['thigh_legs'].effort_limit,0.14365656244834324,140.45820026708245,0.22147640992091666,0.23098204549211443,0.0,0.7651971638202667,0.7772554862499237,0.0
gait_07_gallop__vx_pos_1p0__seed_4242,8,RL_calf_joint,rl,calf,35.54999923706055,robot.actuators['calf_legs'].effort_limit,0.9006187214380401,261.69861136953233,0.5099984397834196,0.5288020680702964,0.0,1.0,1.0,0.5081967213114754
gait_07_gallop__vx_pos_1p0__seed_4242,9,RR_hip_joint,rr,hip,23.700000762939453,robot.actuators['hip_legs'].effort_limit,0.04572417782379939,5.152716951012553,0.1283855411992925,0.14099327349785035,0.0,0.19002665281295777,0.1950449776649475,0.0
gait_07_gallop__vx_pos_1p0__seed_4242,10,RR_thigh_joint,rr,thigh,23.700000762939453,robot.actuators['thigh_legs'].effort_limit,0.2791214109661513,97.43611192991958,0.32389738352015424,0.37031964305057946,0.0,0.7192961901426315,0.7259125143289566,0.0
gait_07_gallop__vx_pos_1p0__seed_4242,11,RR_calf_joint,rr,calf,35.54999923706055,robot.actuators['calf_legs'].effort_limit,0.791196683513337,255.81221513576807,0.4837860179055777,0.501750267377556,0.0,1.0,1.0,0.569672131147541
gait_07_gallop__vx_pos_1p5__seed_4242,0,FL_hip_joint,fl,hip,23.700000762939453,robot.actuators['hip_legs'].effort_limit,0.03392304481116896,18.245794669383322,0.10567997741119839,0.11403000571158346,0.0,0.3042618691921234,0.32229307293891907,0.0
gait_07_gallop__vx_pos_1p5__seed_4242,1,FL_thigh_joint,fl,thigh,23.700000762939453,robot.actuators['thigh_legs'].effort_limit,0.21614963149467692,132.99660887911915,0.266223015645248,0.28622569458472347,0.0,0.26737080514431,0.2702724319696426,0.0
gait_07_gallop__vx_pos_1p5__seed_4242,2,FL_calf_joint,fl,calf,35.54999923706055,robot.actuators['calf_legs'].effort_limit,0.4945447744130311,201.96747154043987,0.40268068198633383,0.4146142713246679,0.0,1.0,1.0,0.525
gait_07_gallop__vx_pos_1p5__seed_4242,3,FR_hip_joint,fr,hip,23.700000762939453,robot.actuators['hip_legs'].effort_limit,0.07471259362842743,10.701902900927816,0.17310755711623688,0.20512750202685961,0.0,0.28658902645111084,0.30285144090652466,0.0
gait_07_gallop__vx_pos_1p5__seed_4242,4,FR_thigh_joint,fr,thigh,23.700000762939453,robot.actuators['thigh_legs'].effort_limit,0.5044180952950135,247.7919881078601,0.3346625976832073,0.34853769379506505,0.0,0.2600510835647583,0.2683136677742004,0.0
gait_07_gallop__vx_pos_1p5__seed_4242,5,FR_calf_joint,fr,calf,35.54999923706055,robot.actuators['calf_legs'].effort_limit,0.47162287732207375,180.78275141900406,0.3987588337606402,0.41723868089160693,0.0,1.0,1.0,0.5416666666666666
gait_07_gallop__vx_pos_1p5__seed_4242,6,RL_hip_joint,rl,hip,23.700000762939453,robot.actuators['hip_legs'].effort_limit,0.09316780039655746,6.816126623321907,0.16451908187563344,0.1873247756290105,0.0,0.24558038115501404,0.25691346466541287,0.0
gait_07_gallop__vx_pos_1p5__seed_4242,7,RL_thigh_joint,rl,thigh,23.700000762939453,robot.actuators['thigh_legs'].effort_limit,0.21989347074209417,228.4573543896526,0.248909391969467,0.2644915364827494,0.0,0.7499173045158386,0.7597701132297516,0.0
gait_07_gallop__vx_pos_1p5__seed_4242,8,RL_calf_joint,rl,calf,35.54999923706055,robot.actuators['calf_legs'].effort_limit,0.8537160783155828,283.44972864205016,0.5142727384129507,0.5400990791181106,0.0,1.0,1.0,0.53125
gait_07_gallop__vx_pos_1p5__seed_4242,9,RR_hip_joint,rr,hip,23.700000762939453,robot.actuators['hip_legs'].effort_limit,0.024213982092578683,5.445525046483381,0.08792532313864906,0.09397692719867795,0.0,0.199473625421524,0.21419799923896787,0.0
gait_07_gallop__vx_pos_1p5__seed_4242,10,RR_thigh_joint,rr,thigh,23.700000762939453,robot.actuators['thigh_legs'].effort_limit,0.32760093365197984,177.18727522914298,0.3434979110911595,0.3705070376333554,0.0,0.7308552414178848,0.7423048031330108,0.0
gait_07_gallop__vx_pos_1p5__seed_4242,11,RR_calf_joint,rr,calf,35.54999923706055,robot.actuators['calf_legs'].effort_limit,0.8899647181186291,303.58097549920905,0.529634927025537,0.5424228779257145,0.0,1.0,1.0,0.59375
gait_08_gallop__vx_neg_1p5__seed_4242,0,FL_hip_joint,fl,hip,23.700000762939453,robot.actuators['hip_legs'].effort_limit,0.15182046302315536,20.738838641569018,0.21786050859731326,0.24291315363105248,0.0,0.22262092530727387,0.23030555844306946,0.0
gait_08_gallop__vx_neg_1p5__seed_4242,1,FL_thigh_joint,fl,thigh,23.700000762939453,robot.actuators['thigh_legs'].effort_limit,2.28408846278875,379.60373077064753,1.0,1.0,0.08333333333333333,0.40699583888053886,0.42895568549633023,0.0
gait_08_gallop__vx_neg_1p5__seed_4242,2,FL_calf_joint,fl,calf,35.54999923706055,robot.actuators['calf_legs'].effort_limit,0.8120753585682599,371.5602745647915,0.49344146757362395,0.524239982449173,0.0,1.0,1.0,0.5
gait_08_gallop__vx_neg_1p5__seed_4242,3,FR_hip_joint,fr,hip,23.700000762939453,robot.actuators['hip_legs'].effort_limit,0.24724203135531167,22.03191785627976,0.26426302586284184,0.2760825247355747,0.0,0.26957941055297846,0.27614169478416445,0.0
gait_08_gallop__vx_neg_1p5__seed_4242,4,FR_thigh_joint,fr,thigh,23.700000762939453,robot.actuators['thigh_legs'].effort_limit,1.6215084969300977,255.1476426709071,0.8728264636324952,0.9558789368036668,0.016666666666666666,0.3221234947443008,0.3398472511768341,0.0
gait_08_gallop__vx_neg_1p5__seed_4242,5,FR_calf_joint,fr,calf,35.54999923706055,robot.actuators['calf_legs'].effort_limit,0.634440054607797,227.90871395211667,0.42071478173224597,0.4456537809123275,0.0,1.0,1.0,0.55625
gait_08_gallop__vx_neg_1p5__seed_4242,6,RL_hip_joint,rl,hip,23.700000762939453,robot.actuators['hip_legs'].effort_limit,0.04815753468628023,12.285607017255389,0.12455749261646855,0.21610355928948757,0.0,0.08523135781288144,0.08889786481857298,0.0
gait_08_gallop__vx_neg_1p5__seed_4242,7,RL_thigh_joint,rl,thigh,23.700000762939453,robot.actuators['thigh_legs'].effort_limit,0.6832635112954077,301.35390658587215,0.4907557816402972,0.5029337105430342,0.0,0.7627825856208801,0.7891259628534317,0.0
gait_08_gallop__vx_neg_1p5__seed_4242,8,RL_calf_joint,rl,calf,35.54999923706055,robot.actuators['calf_legs'].effort_limit,0.6159873342914378,946.1569942869246,0.415641381804634,0.4388056485741991,0.0,1.0,1.0,0.45416666666666666
gait_08_gallop__vx_neg_1p5__seed_4242,9,RR_hip_joint,rr,hip,23.700000762939453,robot.actuators['hip_legs'].effort_limit,0.0879022237478688,13.184545813150471,0.205714389158341,0.2273727742167678,0.0,0.09864148795604705,0.11081928014755249,0.0
gait_08_gallop__vx_neg_1p5__seed_4242,10,RR_thigh_joint,rr,thigh,23.700000762939453,robot.actuators['thigh_legs'].effort_limit,0.5300154343094995,180.06875003118068,0.3861186551084026,0.39775570381725633,0.0,0.7399321615695953,0.7576670491695404,0.0
gait_08_gallop__vx_neg_1p5__seed_4242,11,RR_calf_joint,rr,calf,35.54999923706055,robot.actuators['calf_legs'].effort_limit,0.5438799776699864,608.6340632354747,0.375050220141838,0.4269031162911827,0.0,1.0,1.0,0.48125
gait_08_gallop__vx_neg_1p0__seed_4242,0,FL_hip_joint,fl,hip,23.700000762939453,robot.actuators['hip_legs'].effort_limit,0.09340152384559491,15.637214801798109,0.19681564936849055,0.21119623429837658,0.0,0.12031439542770386,0.1244688856601715,0.0
gait_08_gallop__vx_neg_1p0__seed_4242,1,FL_thigh_joint,fl,thigh,23.700000762939453,robot.actuators['thigh_legs'].effort_limit,1.8753340907228502,223.84210257546977,0.9922843404428879,1.0,0.0778688524590164,0.38107676208019253,0.38517073810100555,0.0
gait_08_gallop__vx_neg_1p0__seed_4242,2,FL_calf_joint,fl,calf,35.54999923706055,robot.actuators['calf_legs'].effort_limit,0.9584863172082914,444.81277705345303,0.5180777407420085,0.5245541793791947,0.0,1.0,1.0,0.48975409836065575
gait_08_gallop__vx_neg_1p0__seed_4242,3,FR_hip_joint,fr,hip,23.700000762939453,robot.actuators['hip_legs'].effort_limit,0.1589931271397323,14.938363453825005,0.2221415403940212,0.25074791865617074,0.0,0.2370315670967102,0.243475079536438,0.0
gait_08_gallop__vx_neg_1p0__seed_4242,4,FR_thigh_joint,fr,thigh,23.700000762939453,robot.actuators['thigh_legs'].effort_limit,1.38334439478751,139.59444676056503,0.7671148721199237,0.8624173615075812,0.0,0.2741958141326904,0.2955861085653305,0.0
gait_08_gallop__vx_neg_1p0__seed_4242,5,FR_calf_joint,fr,calf,35.54999923706055,robot.actuators['calf_legs'].effort_limit,0.7088422876282213,318.1091585708037,0.44619997394631455,0.45851171165738247,0.0,1.0,1.0,0.5778688524590164
gait_08_gallop__vx_neg_1p0__seed_4242,6,RL_hip_joint,rl,hip,23.700000762939453,robot.actuators['hip_legs'].effort_limit,0.08391688330751863,21.146080051404425,0.17433986223309794,0.19547142976941362,0.0,0.07342809736728664,0.0900044959783554,0.0
gait_08_gallop__vx_neg_1p0__seed_4242,7,RL_thigh_joint,rl,thigh,23.700000762939453,robot.actuators['thigh_legs'].effort_limit,0.4031016480766475,135.80780729785795,0.3974340407477257,0.4209654081009681,0.0,0.8196881204843521,0.831358512043953,0.0
gait_08_gallop__vx_neg_1p0__seed_4242,8,RL_calf_joint,rl,calf,35.54999923706055,robot.actuators['calf_legs'].effort_limit,0.37634974353048195,513.049837451037,0.2896348663981392,0.417786108202844,0.0,1.0,1.0,0.4262295081967213
gait_08_gallop__vx_neg_1p0__seed_4242,9,RR_hip_joint,rr,hip,23.700000762939453,robot.actuators['hip_legs'].effort_limit,0.1330202700590594,21.514989552963524,0.2323312443171877,0.2576431040576949,0.0,0.1275055944919586,0.13720549166202545,0.0
gait_08_gallop__vx_neg_1p0__seed_4242,10,RR_thigh_joint,rr,thigh,23.700000762939453,robot.actuators['thigh_legs'].effort_limit,0.29764825564018504,111.70610691333655,0.3102028612079585,0.32321314193747663,0.0,0.8098501920700073,0.8186420106887817,0.0
gait_08_gallop__vx_neg_1p0__seed_4242,11,RR_calf_joint,rr,calf,35.54999923706055,robot.actuators['calf_legs'].effort_limit,0.5373709945043357,549.800173596926,0.3558389308159836,0.41411161439601324,0.0,1.0,1.0,0.4262295081967213
gait_08_gallop__vx_neg_0p5__seed_4242,0,FL_hip_joint,fl,hip,23.700000762939453,robot.actuators['hip_legs'].effort_limit,0.036305123631917104,9.259642843201291,0.12107679725753857,0.12967285853445132,0.0,0.08338873386383056,0.09732637882232667,0.0
gait_08_gallop__vx_neg_0p5__seed_4242,1,FL_thigh_joint,fl,thigh,23.700000762939453,robot.actuators['thigh_legs'].effort_limit,1.380348096318203,148.15422676381655,0.8015652491069665,0.8358416292265677,0.0,0.2993874609470367,0.30520501494407654,0.0
gait_08_gallop__vx_neg_0p5__seed_4242,2,FL_calf_joint,fl,calf,35.54999923706055,robot.actuators['calf_legs'].effort_limit,1.0084946547608908,703.3315925192088,0.5749351099056692,0.590498611525279,0.0,1.0,1.0,0.20496894409937888
gait_08_gallop__vx_neg_0p5__seed_4242,3,FR_hip_joint,fr,hip,23.700000762939453,robot.actuators['hip_legs'].effort_limit,0.09440849174405115,10.394816878264683,0.2140312850233863,0.23452562671691551,0.0,0.19087345600128172,0.20942521572113038,0.0
gait_08_gallop__vx_neg_0p5__seed_4242,4,FR_thigh_joint,fr,thigh,23.700000762939453,robot.actuators['thigh_legs'].effort_limit,1.089424566094183,75.99113947257399,0.6327804410015236,0.6635013873747688,0.0,0.22833170890808105,0.2372619414329529,0.0
gait_08_gallop__vx_neg_0p5__seed_4242,5,FR_calf_joint,fr,calf,35.54999923706055,robot.actuators['calf_legs'].effort_limit,0.4822917582913808,313.63528747291303,0.42461055749414195,0.4494005103861171,0.0,1.0,1.0,0.35403726708074534
gait_08_gallop__vx_neg_0p5__seed_4242,6,RL_hip_joint,rl,hip,23.700000762939453,robot.actuators['hip_legs'].effort_limit,0.11910917741672593,20.90682439673692,0.21905729538294488,0.26122469725066566,0.0,0.09334640502929688,0.09583364844322205,0.0
gait_08_gallop__vx_neg_0p5__seed_4242,7,RL_thigh_joint,rl,thigh,23.700000762939453,robot.actuators['thigh_legs'].effort_limit,0.3516500492251082,88.53305803018623,0.3355166331257676,0.37619398491472383,0.0,0.8247292459011077,0.8293003714084626,0.0
gait_08_gallop__vx_neg_0p5__seed_4242,8,RL_calf_joint,rl,calf,35.54999923706055,robot.actuators['calf_legs'].effort_limit,0.3315470390982202,299.99693813726304,0.29171349551931336,0.41120634250574,0.0,1.0,1.0,0.38923395445134573
gait_08_gallop__vx_neg_0p5__seed_4242,9,RR_hip_joint,rr,hip,23.700000762939453,robot.actuators['hip_legs'].effort_limit,0.19538329031836643,24.44147409208119,0.25709046167975763,0.2809050208013665,0.0,0.14835085272789,0.15526817679405214,0.0
gait_08_gallop__vx_neg_0p5__seed_4242,10,RR_thigh_joint,rr,thigh,23.700000762939453,robot.actuators['thigh_legs'].effort_limit,0.2477207716819011,92.96016773518176,0.2578962983434396,0.3085327797569314,0.0,0.8429673194885254,0.8550173497200012,0.0
gait_08_gallop__vx_neg_0p5__seed_4242,11,RR_calf_joint,rr,calf,35.54999923706055,robot.actuators['calf_legs'].effort_limit,0.5168783349462119,297.9518260542955,0.3893764058983913,0.40722074939970826,0.0,1.0,1.0,0.4803312629399586
gait_08_gallop__vx_pos_0p5__seed_4242,0,FL_hip_joint,fl,hip,23.700000762939453,robot.actuators['hip_legs'].effort_limit,0.042535382875387086,13.91463942391798,0.1270628206176493,0.1465463043874007,0.0,0.13752281069755554,0.15364413619041442,0.0
gait_08_gallop__vx_pos_0p5__seed_4242,1,FL_thigh_joint,fl,thigh,23.700000762939453,robot.actuators['thigh_legs'].effort_limit,0.2812554502031536,49.197796742934734,0.2753223781240478,0.2945132784456896,0.0,0.15456125140190125,0.15719892859458923,0.0
gait_08_gallop__vx_pos_0p5__seed_4242,2,FL_calf_joint,fl,calf,35.54999923706055,robot.actuators['calf_legs'].effort_limit,0.7454984388909002,477.7390104162693,0.4593621471928066,0.47857982627084955,0.0,1.0,1.0,0.2732919254658385
gait_08_gallop__vx_pos_0p5__seed_4242,3,FR_hip_joint,fr,hip,23.700000762939453,robot.actuators['hip_legs'].effort_limit,0.06071812952808338,7.539545129295439,0.19751911694428914,0.21402423266240275,0.0,0.13547714948654174,0.14609428167343141,0.0
gait_08_gallop__vx_pos_0p5__seed_4242,4,FR_thigh_joint,fr,thigh,23.700000762939453,robot.actuators['thigh_legs'].effort_limit,0.41031661282677984,84.2463642017357,0.3986021750533937,0.42200929916931346,0.0,0.1894693434238434,0.19342719674110412,0.0
gait_08_gallop__vx_pos_0p5__seed_4242,5,FR_calf_joint,fr,calf,35.54999923706055,robot.actuators['calf_legs'].effort_limit,0.4476650775260338,332.43190044327696,0.3879613946190126,0.4098722409034491,0.0,1.0,1.0,0.39544513457556935
gait_08_gallop__vx_pos_0p5__seed_4242,6,RL_hip_joint,rl,hip,23.700000762939453,robot.actuators['hip_legs'].effort_limit,0.054171479212660655,11.465636779143242,0.1267842189600749,0.14072823976836257,0.0,0.14036992192268372,0.15100333571434021,0.0
gait_08_gallop__vx_pos_0p5__seed_4242,7,RL_thigh_joint,rl,thigh,23.700000762939453,robot.actuators['thigh_legs'].effort_limit,0.5720980812303559,164.2690515422821,0.40140614645893896,0.41721614910991206,0.0,0.8054710388183594,0.8128894829750061,0.0
gait_08_gallop__vx_pos_0p5__seed_4242,8,RL_calf_joint,rl,calf,35.54999923706055,robot.actuators['calf_legs'].effort_limit,0.9638532886154133,373.7589196840674,0.4531192903611343,0.4653162276795942,0.0,1.0,1.0,0.6314699792960663
gait_08_gallop__vx_pos_0p5__seed_4242,9,RR_hip_joint,rr,hip,23.700000762939453,robot.actuators['hip_legs'].effort_limit,0.1478205218176721,14.435077641559765,0.2259589778414383,0.24187642658808503,0.0,0.14073950052261353,0.1551600241661072,0.0
gait_08_gallop__vx_pos_0p5__seed_4242,10,RR_thigh_joint,rr,thigh,23.700000762939453,robot.actuators['thigh_legs'].effort_limit,0.4194933038716549,162.77369033686816,0.38921256764045525,0.40128377033076645,0.0,0.7620878577232361,0.7689681708812713,0.0
gait_08_gallop__vx_pos_0p5__seed_4242,11,RR_calf_joint,rr,calf,35.54999923706055,robot.actuators['calf_legs'].effort_limit,0.9496241134703556,323.3463893407583,0.48938152971831655,0.4969394763659917,0.0,1.0,1.0,0.6997929606625258
gait_08_gallop__vx_pos_1p0__seed_4242,0,FL_hip_joint,fl,hip,23.700000762939453,robot.actuators['hip_legs'].effort_limit,0.09553016753090265,23.91797686178121,0.17726134582676153,0.19160573016602947,0.0,0.1458939492702484,0.15808871030807495,0.0
gait_08_gallop__vx_pos_1p0__seed_4242,1,FL_thigh_joint,fl,thigh,23.700000762939453,robot.actuators['thigh_legs'].effort_limit,0.21504342069848453,68.36531226914376,0.2819632548090535,0.2983723912581949,0.0,0.13618946075439453,0.13958674013614655,0.0
gait_08_gallop__vx_pos_1p0__seed_4242,2,FL_calf_joint,fl,calf,35.54999923706055,robot.actuators['calf_legs'].effort_limit,0.5570099846613575,218.808033338394,0.4005436144917294,0.417207984113261,0.0,1.0,1.0,0.4713114754098361
gait_08_gallop__vx_pos_1p0__seed_4242,3,FR_hip_joint,fr,hip,23.700000762939453,robot.actuators['hip_legs'].effort_limit,0.050816205356363414,7.0731234920691355,0.16006496875891807,0.17489687159423598,0.0,0.14317827224731444,0.16257946729660033,0.0
gait_08_gallop__vx_pos_1p0__seed_4242,4,FR_thigh_joint,fr,thigh,23.700000762939453,robot.actuators['thigh_legs'].effort_limit,0.3948087164411331,125.86448912439869,0.3811153860578131,0.4088271375623248,0.0,0.20432108044624328,0.20636287868022918,0.0
gait_08_gallop__vx_pos_1p0__seed_4242,5,FR_calf_joint,fr,calf,35.54999923706055,robot.actuators['calf_legs'].effort_limit,0.4950829318653176,218.14858805994504,0.4317513329174902,0.44472562239389374,0.0,1.0,1.0,0.5
gait_08_gallop__vx_pos_1p0__seed_4242,6,RL_hip_joint,rl,hip,23.700000762939453,robot.actuators['hip_legs'].effort_limit,0.054493546895183126,10.07427201196435,0.1399372172476461,0.1602372244665983,0.0,0.1650311917066574,0.19042558014392852,0.0
gait_08_gallop__vx_pos_1p0__seed_4242,7,RL_thigh_joint,rl,thigh,23.700000762939453,robot.actuators['thigh_legs'].effort_limit,0.4090498514568243,247.8039174730517,0.3527024654532496,0.36853002697811765,0.0,0.8296330273151398,0.833056561946869,0.0
gait_08_gallop__vx_pos_1p0__seed_4242,8,RL_calf_joint,rl,calf,35.54999923706055,robot.actuators['calf_legs'].effort_limit,1.0311524020938927,429.35147690555084,0.49222671449184746,0.4966710472197295,0.0,1.0,1.0,0.6004098360655737
gait_08_gallop__vx_pos_1p0__seed_4242,9,RR_hip_joint,rr,hip,23.700000762939453,robot.actuators['hip_legs'].effort_limit,0.10697667206228963,11.64112384257838,0.20117814285574023,0.21209273661544295,0.0,0.11713387966156005,0.12735610604286193,0.0
gait_08_gallop__vx_pos_1p0__seed_4242,10,RR_thigh_joint,rr,thigh,23.700000762939453,robot.actuators['thigh_legs'].effort_limit,0.3161274910674683,209.6360913353041,0.304334110611409,0.3194912336811038,0.0,0.7641030251979828,0.7751835989952087,0.0
gait_08_gallop__vx_pos_1p0__seed_4242,11,RR_calf_joint,rr,calf,35.54999923706055,robot.actuators['calf_legs'].effort_limit,0.9106258083516171,406.852195799388,0.49161794030164974,0.5021729685717226,0.0,1.0,1.0,0.6864754098360656
gait_08_gallop__vx_pos_1p5__seed_4242,0,FL_hip_joint,fl,hip,23.700000762939453,robot.actuators['hip_legs'].effort_limit,0.10494354127881614,30.526882073022424,0.1720908729266437,0.18241104110167158,0.0,0.20775019526481625,0.21968345582485194,0.0
gait_08_gallop__vx_pos_1p5__seed_4242,1,FL_thigh_joint,fl,thigh,23.700000762939453,robot.actuators['thigh_legs'].effort_limit,0.2662180846185706,126.77960038155318,0.28502038649803196,0.3276971598855461,0.0,0.21093451380729675,0.21646448194980622,0.0
gait_08_gallop__vx_pos_1p5__seed_4242,2,FL_calf_joint,fl,calf,35.54999923706055,robot.actuators['calf_legs'].effort_limit,0.46449895684392295,229.6274159890786,0.3583871110873132,0.3665339675996454,0.0,1.0,1.0,0.51875
gait_08_gallop__vx_pos_1p5__seed_4242,3,FR_hip_joint,fr,hip,23.700000762939453,robot.actuators['hip_legs'].effort_limit,0.037657678371785464,5.3556131171286685,0.10941867134098512,0.1217459884918474,0.0,0.18237632513046265,0.19828234672546383,0.0
gait_08_gallop__vx_pos_1p5__seed_4242,4,FR_thigh_joint,fr,thigh,23.700000762939453,robot.actuators['thigh_legs'].effort_limit,0.4790689149142976,242.53307512402534,0.31956141686543593,0.339087333306185,0.0,0.2633063614368439,0.27169003248214724,0.0
gait_08_gallop__vx_pos_1p5__seed_4242,5,FR_calf_joint,fr,calf,35.54999923706055,robot.actuators['calf_legs'].effort_limit,0.4210773590185513,183.85903444658965,0.3894597497923378,0.4013611121811817,0.0,1.0,1.0,0.5583333333333333
gait_08_gallop__vx_pos_1p5__seed_4242,6,RL_hip_joint,rl,hip,23.700000762939453,robot.actuators['hip_legs'].effort_limit,0.07461198699028693,9.123451340002939,0.18653095827928504,0.219431511740334,0.0,0.22829787731170653,0.2692252254486084,0.0
gait_08_gallop__vx_pos_1p5__seed_4242,7,RL_thigh_joint,rl,thigh,23.700000762939453,robot.actuators['thigh_legs'].effort_limit,0.38370829666350476,296.1223331411183,0.32853621720949916,0.38621324551374686,0.0,0.7961689621210098,0.8054765844345093,0.0
gait_08_gallop__vx_pos_1p5__seed_4242,8,RL_calf_joint,rl,calf,35.54999923706055,robot.actuators['calf_legs'].effort_limit,0.9263973098829322,361.0167791181151,0.4969176601601486,0.5062040687100496,0.0,1.0,1.0,0.5979166666666667
gait_08_gallop__vx_pos_1p5__seed_4242,9,RR_hip_joint,rr,hip,23.700000762939453,robot.actuators['hip_legs'].effort_limit,0.07232791424617213,7.184963758331433,0.1961018784888584,0.20609646568309714,0.0,0.1666246712207794,0.18417925000190735,0.0
gait_08_gallop__vx_pos_1p5__seed_4242,10,RR_thigh_joint,rr,thigh,23.700000762939453,robot.actuators['thigh_legs'].effort_limit,0.30073068809462905,228.91765516538175,0.31714698619610787,0.34178470726545285,0.0,0.7381811261177063,0.747234388589859,0.0
gait_08_gallop__vx_pos_1p5__seed_4242,11,RR_calf_joint,rr,calf,35.54999923706055,robot.actuators['calf_legs'].effort_limit,0.8236986907751697,404.59893152192234,0.4868476880948929,0.49562624024609786,0.0,1.0,1.0,0.675
gait_09_gallop__vx_neg_1p5__seed_4242,0,FL_hip_joint,fl,hip,23.700000762939453,robot.actuators['hip_legs'].effort_limit,0.11550081182395053,13.569269696781411,0.2432000548704749,0.2632256678657477,0.0,0.16560458540916437,0.17909256637096405,0.0
gait_09_gallop__vx_neg_1p5__seed_4242,1,FL_thigh_joint,fl,thigh,23.700000762939453,robot.actuators['thigh_legs'].effort_limit,1.4676892890320306,244.91397257387638,0.7314206865714451,0.7692693857033842,0.0,0.29238628149032586,0.3006810128688812,0.0
gait_09_gallop__vx_neg_1p5__seed_4242,2,FL_calf_joint,fl,calf,35.54999923706055,robot.actuators['calf_legs'].effort_limit,0.45493968823161346,135.50925872683524,0.31227477324011804,0.32832715139541196,0.0,1.0,1.0,0.65625
gait_09_gallop__vx_neg_1p5__seed_4242,3,FR_hip_joint,fr,hip,23.700000762939453,robot.actuators['hip_legs'].effort_limit,0.13443435361912204,22.984339277557737,0.223534959123991,0.2354160086179964,0.0,0.25077791810035704,0.2693887281417846,0.0
gait_09_gallop__vx_neg_1p5__seed_4242,4,FR_thigh_joint,fr,thigh,23.700000762939453,robot.actuators['thigh_legs'].effort_limit,0.6493769482217461,124.43744848825038,0.5146787292648273,0.5982939946043765,0.0,0.26468795239925386,0.2712829941511154,0.0
gait_09_gallop__vx_neg_1p5__seed_4242,5,FR_calf_joint,fr,calf,35.54999923706055,robot.actuators['calf_legs'].effort_limit,0.6544144235725912,325.70321016768986,0.4299471420298203,0.44123966825975436,0.0,1.0,1.0,0.5645833333333333
gait_09_gallop__vx_neg_1p5__seed_4242,6,RL_hip_joint,rl,hip,23.700000762939453,robot.actuators['hip_legs'].effort_limit,0.01983633685087156,10.454226430173732,0.08201215702331616,0.09855024899751523,0.0,0.1488436728715896,0.16176239311695098,0.0
gait_09_gallop__vx_neg_1p5__seed_4242,7,RL_thigh_joint,rl,thigh,23.700000762939453,robot.actuators['thigh_legs'].effort_limit,0.5190730409629469,215.27329333730043,0.4235799266773359,0.4716246944017146,0.0,0.7038534939289092,0.7203498101234436,0.0
gait_09_gallop__vx_neg_1p5__seed_4242,8,RL_calf_joint,rl,calf,35.54999923706055,robot.actuators['calf_legs'].effort_limit,0.23089596879708119,155.41637364330236,0.25835511806300504,0.3201158015494644,0.0,1.0,1.0,0.5395833333333333
gait_09_gallop__vx_neg_1p5__seed_4242,9,RR_hip_joint,rr,hip,23.700000762939453,robot.actuators['hip_legs'].effort_limit,0.054997086769130656,15.9997403254034,0.12342557630496845,0.1323656482176431,0.0,0.1230833113193512,0.13145959377288816,0.0
gait_09_gallop__vx_neg_1p5__seed_4242,10,RR_thigh_joint,rr,thigh,23.700000762939453,robot.actuators['thigh_legs'].effort_limit,0.2630616946866075,137.97858988851308,0.26318632759427973,0.360056582662314,0.0,0.6318313002586364,0.6386741906404495,0.0
gait_09_gallop__vx_neg_1p5__seed_4242,11,RR_calf_joint,rr,calf,35.54999923706055,robot.actuators['calf_legs'].effort_limit,0.5874901626392233,805.4889603527403,0.3727970619104455,0.3876913033162972,0.0,1.0,1.0,0.4479166666666667
gait_09_gallop__vx_neg_1p0__seed_4242,0,FL_hip_joint,fl,hip,23.700000762939453,robot.actuators['hip_legs'].effort_limit,0.07616672641317011,9.333160266732447,0.16674610800292874,0.17878582173646623,0.0,0.16849481463432311,0.175018989443779,0.0
gait_09_gallop__vx_neg_1p0__seed_4242,1,FL_thigh_joint,fl,thigh,23.700000762939453,robot.actuators['thigh_legs'].effort_limit,1.454684063476236,129.5292697074823,0.7798345532048043,0.8215248543614624,0.0,0.29315011501312255,0.30406518816947936,0.0
gait_09_gallop__vx_neg_1p0__seed_4242,2,FL_calf_joint,fl,calf,35.54999923706055,robot.actuators['calf_legs'].effort_limit,0.4152791596165227,117.8341441119311,0.3258503408386475,0.34110627993611914,0.0,1.0,1.0,0.639344262295082
gait_09_gallop__vx_neg_1p0__seed_4242,3,FR_hip_joint,fr,hip,23.700000762939453,robot.actuators['hip_legs'].effort_limit,0.10409821916236789,21.35833789434808,0.19059935390780308,0.20964595264657088,0.0,0.23211216926574707,0.2435356056690216,0.0
gait_09_gallop__vx_neg_1p0__seed_4242,4,FR_thigh_joint,fr,thigh,23.700000762939453,robot.actuators['thigh_legs'].effort_limit,0.5073037958851052,65.47316640318371,0.49462875150113156,0.6728837162811756,0.0,0.24129965007305146,0.2989582669734955,0.0
gait_09_gallop__vx_neg_1p0__seed_4242,5,FR_calf_joint,fr,calf,35.54999923706055,robot.actuators['calf_legs'].effort_limit,0.7870447564498031,445.6702715983987,0.46403642837452364,0.488906522102335,0.0,1.0,1.0,0.5061475409836066
gait_09_gallop__vx_neg_1p0__seed_4242,6,RL_hip_joint,rl,hip,23.700000762939453,robot.actuators['hip_legs'].effort_limit,0.01966970318651811,7.1013729636231435,0.07742983884675106,0.08525754004265056,0.0,0.1632527619600296,0.17377433836460113,0.0
gait_09_gallop__vx_neg_1p0__seed_4242,7,RL_thigh_joint,rl,thigh,23.700000762939453,robot.actuators['thigh_legs'].effort_limit,0.2253340624799191,139.36496774444356,0.2850016117900217,0.3366180271319932,0.0,0.7223343998193741,0.7306884062290192,0.0
gait_09_gallop__vx_neg_1p0__seed_4242,8,RL_calf_joint,rl,calf,35.54999923706055,robot.actuators['calf_legs'].effort_limit,0.2351588887300364,88.3453107875213,0.28370949727654216,0.2998391721452195,0.0,1.0,1.0,0.5081967213114754
gait_09_gallop__vx_neg_1p0__seed_4242,9,RR_hip_joint,rr,hip,23.700000762939453,robot.actuators['hip_legs'].effort_limit,0.06339957203966311,13.369668749239063,0.13794824552501417,0.15190475332993283,0.0,0.11469030380249023,0.13455336093902587,0.0
gait_09_gallop__vx_neg_1p0__seed_4242,10,RR_thigh_joint,rr,thigh,23.700000762939453,robot.actuators['thigh_legs'].effort_limit,0.2235124265073764,114.68892656162382,0.2759294692677858,0.30599665562121375,0.0,0.6261155247688294,0.6358788740634919,0.0
gait_09_gallop__vx_neg_1p0__seed_4242,11,RR_calf_joint,rr,calf,35.54999923706055,robot.actuators['calf_legs'].effort_limit,0.5362071562077143,634.095078580305,0.35620627517177134,0.36787167519080727,0.0,1.0,1.0,0.4426229508196721
gait_09_gallop__vx_neg_0p5__seed_4242,0,FL_hip_joint,fl,hip,23.700000762939453,robot.actuators['hip_legs'].effort_limit,0.052450173989532195,5.250748697209637,0.15979031760653345,0.17370114391017402,0.0,0.15061569809913636,0.15784911274909974,0.0
gait_09_gallop__vx_neg_0p5__seed_4242,1,FL_thigh_joint,fl,thigh,23.700000762939453,robot.actuators['thigh_legs'].effort_limit,1.1931815293810626,72.44108536836691,0.7025664220056197,0.797733142780895,0.0,0.2583877682685852,0.29086211800575257,0.0
gait_09_gallop__vx_neg_0p5__seed_4242,2,FL_calf_joint,fl,calf,35.54999923706055,robot.actuators['calf_legs'].effort_limit,0.3481331693886075,141.73661389851011,0.3571231639689977,0.3950656889810187,0.0,1.0,1.0,0.422360248447205
gait_09_gallop__vx_neg_0p5__seed_4242,3,FR_hip_joint,fr,hip,23.700000762939453,robot.actuators['hip_legs'].effort_limit,0.09082455319978255,14.700474237991148,0.21343503136180014,0.24634133443256703,0.0,0.22195396423339844,0.23592592000961304,0.0
gait_09_gallop__vx_neg_0p5__seed_4242,4,FR_thigh_joint,fr,thigh,23.700000762939453,robot.actuators['thigh_legs'].effort_limit,0.5794590483044681,28.32199448862437,0.5495289130704561,0.5805707390516984,0.0,0.2413245141506195,0.2517185592651367,0.0
gait_09_gallop__vx_neg_0p5__seed_4242,5,FR_calf_joint,fr,calf,35.54999923706055,robot.actuators['calf_legs'].effort_limit,0.772969592806403,315.16833598503143,0.5078139541521666,0.5193072992490037,0.0,1.0,1.0,0.4078674948240166
gait_09_gallop__vx_neg_0p5__seed_4242,6,RL_hip_joint,rl,hip,23.700000762939453,robot.actuators['hip_legs'].effort_limit,0.06454101869025322,11.54345336799042,0.17230567699365806,0.18293298502626754,0.0,0.20688305497169493,0.22082274675369262,0.0
gait_09_gallop__vx_neg_0p5__seed_4242,7,RL_thigh_joint,rl,thigh,23.700000762939453,robot.actuators['thigh_legs'].effort_limit,0.1485942860339535,66.52683982563788,0.2451882142597886,0.29115830663179465,0.0,0.7404588103294373,0.7484005582332611,0.0
gait_09_gallop__vx_neg_0p5__seed_4242,8,RL_calf_joint,rl,calf,35.54999923706055,robot.actuators['calf_legs'].effort_limit,0.32450851416886844,159.6372566153854,0.28932647950434476,0.34166653772166966,0.0,1.0,1.0,0.4886128364389234
gait_09_gallop__vx_neg_0p5__seed_4242,9,RR_hip_joint,rr,hip,23.700000762939453,robot.actuators['hip_legs'].effort_limit,0.10393105090095774,9.790699883514318,0.17830337682785558,0.20415185560872345,0.0,0.13306014537811278,0.16249570131301883,0.0
gait_09_gallop__vx_neg_0p5__seed_4242,10,RR_thigh_joint,rr,thigh,23.700000762939453,robot.actuators['thigh_legs'].effort_limit,0.14309807260769608,62.34576884387061,0.24139303524828445,0.2644435821583557,0.0,0.6637981295585632,0.6756132543087006,0.0
gait_09_gallop__vx_neg_0p5__seed_4242,11,RR_calf_joint,rr,calf,35.54999923706055,robot.actuators['calf_legs'].effort_limit,0.34982601309980715,298.00007199582643,0.30107928035600406,0.3504225879872552,0.0,1.0,1.0,0.4140786749482402
gait_09_gallop__vx_pos_0p5__seed_4242,0,FL_hip_joint,fl,hip,23.700000762939453,robot.actuators['hip_legs'].effort_limit,0.07410043522729662,11.240932455183938,0.17424222328919284,0.18530605218602267,0.0,0.21144531965255736,0.21571617245674135,0.0
gait_09_gallop__vx_pos_0p5__seed_4242,1,FL_thigh_joint,fl,thigh,23.700000762939453,robot.actuators['thigh_legs'].effort_limit,0.6044148690868952,69.02563585959375,0.3765084270200954,0.3992878346732793,0.0,0.18862228989601135,0.19184340119361878,0.0
gait_09_gallop__vx_pos_0p5__seed_4242,2,FL_calf_joint,fl,calf,35.54999923706055,robot.actuators['calf_legs'].effort_limit,0.4169902836584422,114.05053047674942,0.3940310904808654,0.4337235196425795,0.0,1.0,1.0,0.5900621118012422
gait_09_gallop__vx_pos_0p5__seed_4242,3,FR_hip_joint,fr,hip,23.700000762939453,robot.actuators['hip_legs'].effort_limit,0.22697132670813985,19.206536760749586,0.2686590076025143,0.2857507187163045,0.0,0.2106634259223938,0.22161189556121827,0.0
gait_09_gallop__vx_pos_0p5__seed_4242,4,FR_thigh_joint,fr,thigh,23.700000762939453,robot.actuators['thigh_legs'].effort_limit,0.17512268670238335,31.392172299381347,0.22115023420148006,0.24616063086077114,0.0,0.172197026014328,0.17567097425460818,0.0
gait_09_gallop__vx_pos_0p5__seed_4242,5,FR_calf_joint,fr,calf,35.54999923706055,robot.actuators['calf_legs'].effort_limit,0.24845013102206487,71.77475351169706,0.24929443390052317,0.2805868914551745,0.0,1.0,1.0,0.45962732919254656
gait_09_gallop__vx_pos_0p5__seed_4242,6,RL_hip_joint,rl,hip,23.700000762939453,robot.actuators['hip_legs'].effort_limit,0.16772970277110968,13.901516077471896,0.2772229302571959,0.2911829420103261,0.0,0.24330214262008665,0.25507946729660036,0.0
gait_09_gallop__vx_pos_0p5__seed_4242,7,RL_thigh_joint,rl,thigh,23.700000762939453,robot.actuators['thigh_legs'].effort_limit,0.10602415506862534,50.907201827336685,0.22621988018953731,0.30804870837091025,0.0,0.6855415463447571,0.6914976143836975,0.0
gait_09_gallop__vx_pos_0p5__seed_4242,8,RL_calf_joint,rl,calf,35.54999923706055,robot.actuators['calf_legs'].effort_limit,0.48734649999564633,207.23190780783074,0.3279962328388248,0.3526786665277423,0.0,1.0,1.0,0.4554865424430642
gait_09_gallop__vx_pos_0p5__seed_4242,9,RR_hip_joint,rr,hip,23.700000762939453,robot.actuators['hip_legs'].effort_limit,0.18428246898362563,11.76680877813138,0.2856391179003778,0.3059724166009825,0.0,0.24846736192703245,0.2628813815116883,0.0
gait_09_gallop__vx_pos_0p5__seed_4242,10,RR_thigh_joint,rr,thigh,23.700000762939453,robot.actuators['thigh_legs'].effort_limit,0.13981141403128988,47.74637681335444,0.24605396943381364,0.2569773945393174,0.0,0.7791948735713958,0.79023188829422,0.0
gait_09_gallop__vx_pos_0p5__seed_4242,11,RR_calf_joint,rr,calf,35.54999923706055,robot.actuators['calf_legs'].effort_limit,0.3260176349971254,103.08747003285214,0.3053438544581901,0.3179048587655253,0.0,1.0,1.0,0.432712215320911
gait_09_gallop__vx_pos_1p0__seed_4242,0,FL_hip_joint,fl,hip,23.700000762939453,robot.actuators['hip_legs'].effort_limit,0.12022266584658724,14.12098563471809,0.20604213019126763,0.24276177051361436,0.0,0.24704634845256804,0.2684870386123657,0.0
gait_09_gallop__vx_pos_1p0__seed_4242,1,FL_thigh_joint,fl,thigh,23.700000762939453,robot.actuators['thigh_legs'].effort_limit,0.44455109380956304,123.83069330753759,0.34379270911582244,0.3569402141187896,0.0,0.18122040033340453,0.18706347405910492,0.0
gait_09_gallop__vx_pos_1p0__seed_4242,2,FL_calf_joint,fl,calf,35.54999923706055,robot.actuators['calf_legs'].effort_limit,0.556509285812953,147.56124743103982,0.42547844406274815,0.4441421510214536,0.0,1.0,1.0,0.6004098360655737
gait_09_gallop__vx_pos_1p0__seed_4242,3,FR_hip_joint,fr,hip,23.700000762939453,robot.actuators['hip_legs'].effort_limit,0.25332770352907014,18.58768295255257,0.30289496581500197,0.3283757729791642,0.0,0.2569663286209106,0.264314147233963,0.0
gait_09_gallop__vx_pos_1p0__seed_4242,4,FR_thigh_joint,fr,thigh,23.700000762939453,robot.actuators['thigh_legs'].effort_limit,0.20430376196975697,68.34084548403742,0.27029416868011313,0.3209736958121868,0.0,0.19175950586795806,0.19916119396686555,0.0
gait_09_gallop__vx_pos_1p0__seed_4242,5,FR_calf_joint,fr,calf,35.54999923706055,robot.actuators['calf_legs'].effort_limit,0.3127771377043253,113.99793318823446,0.27840142639635357,0.2980597977148085,0.0,1.0,1.0,0.5450819672131147
gait_09_gallop__vx_pos_1p0__seed_4242,6,RL_hip_joint,rl,hip,23.700000762939453,robot.actuators['hip_legs'].effort_limit,0.13916787974696607,14.95758301586262,0.22981816771243554,0.24475209599097864,0.0,0.23488554358482358,0.2424841088056564,0.0
gait_09_gallop__vx_pos_1p0__seed_4242,7,RL_thigh_joint,rl,thigh,23.700000762939453,robot.actuators['thigh_legs'].effort_limit,0.24634174409226386,110.93741521924734,0.35310209521838115,0.41107601379600506,0.0,0.658529844880104,0.6639768832921982,0.0
gait_09_gallop__vx_pos_1p0__seed_4242,8,RL_calf_joint,rl,calf,35.54999923706055,robot.actuators['calf_legs'].effort_limit,0.5399610282060102,209.9881178038323,0.385493652955253,0.4036068245096504,0.0,1.0,1.0,0.4918032786885246
gait_09_gallop__vx_pos_1p0__seed_4242,9,RR_hip_joint,rr,hip,23.700000762939453,robot.actuators['hip_legs'].effort_limit,0.1771506244053574,8.59918770817574,0.27825414389584874,0.30798340220444426,0.0,0.251152753829956,0.27410192012786866,0.0
gait_09_gallop__vx_pos_1p0__seed_4242,10,RR_thigh_joint,rr,thigh,23.700000762939453,robot.actuators['thigh_legs'].effort_limit,0.10130230687247899,74.92451833839529,0.17388036526288494,0.19965706536636463,0.0,0.8005158364772796,0.8052005934715271,0.0
gait_09_gallop__vx_pos_1p0__seed_4242,11,RR_calf_joint,rr,calf,35.54999923706055,robot.actuators['calf_legs'].effort_limit,0.3463880683502944,134.44890656108967,0.320885014613349,0.3314492104971457,0.0,1.0,1.0,0.45286885245901637
gait_09_gallop__vx_pos_1p5__seed_4242,0,FL_hip_joint,fl,hip,23.700000762939453,robot.actuators['hip_legs'].effort_limit,0.14477623937936598,15.1401610851023,0.23201591513377273,0.2575123607454465,0.0,0.2737383097410202,0.2915540683269501,0.0
gait_09_gallop__vx_pos_1p5__seed_4242,1,FL_thigh_joint,fl,thigh,23.700000762939453,robot.actuators['thigh_legs'].effort_limit,0.5222709709520924,220.35309946015477,0.39072823373244925,0.4086681105644094,0.0,0.22120023965835572,0.2226653128862381,0.0
gait_09_gallop__vx_pos_1p5__seed_4242,2,FL_calf_joint,fl,calf,35.54999923706055,robot.actuators['calf_legs'].effort_limit,0.5407518520452568,151.7470319093205,0.4042948998730473,0.4390509515872521,0.0,1.0,1.0,0.60625
gait_09_gallop__vx_pos_1p5__seed_4242,3,FR_hip_joint,fr,hip,23.700000762939453,robot.actuators['hip_legs'].effort_limit,0.21031670492292645,17.96943554259837,0.31264349176451955,0.33458694113278475,0.0,0.26395035982131926,0.2987952256202698,0.0
gait_09_gallop__vx_pos_1p5__seed_4242,4,FR_thigh_joint,fr,thigh,23.700000762939453,robot.actuators['thigh_legs'].effort_limit,0.40381954679349513,170.75530950278045,0.337206810546205,0.3625674296007299,0.0,0.2402947574853897,0.24549706935882568,0.0
gait_09_gallop__vx_pos_1p5__seed_4242,5,FR_calf_joint,fr,calf,35.54999923706055,robot.actuators['calf_legs'].effort_limit,0.3620991052342394,136.6903970397904,0.31812637545056077,0.3273499254604919,0.0,1.0,1.0,0.6375
gait_09_gallop__vx_pos_1p5__seed_4242,6,RL_hip_joint,rl,hip,23.700000762939453,robot.actuators['hip_legs'].effort_limit,0.10318621695321417,15.377085709334352,0.1797520563551486,0.19214003865881688,0.0,0.2190053254365921,0.2277496737241745,0.0
gait_09_gallop__vx_pos_1p5__seed_4242,7,RL_thigh_joint,rl,thigh,23.700000762939453,robot.actuators['thigh_legs'].effort_limit,0.5117846370405007,183.3918799816817,0.45438336466911206,0.4753702413061523,0.0,0.6185258030891418,0.6267307978868485,0.0
gait_09_gallop__vx_pos_1p5__seed_4242,8,RL_calf_joint,rl,calf,35.54999923706055,robot.actuators['calf_legs'].effort_limit,0.5581128361159018,290.6858041200042,0.44994998105527945,0.5057325656795916,0.0,1.0,1.0,0.51875
gait_09_gallop__vx_pos_1p5__seed_4242,9,RR_hip_joint,rr,hip,23.700000762939453,robot.actuators['hip_legs'].effort_limit,0.11793198637566969,9.923004858998466,0.21636095839356503,0.23315326889767968,0.0,0.2166663169860839,0.2292603325843811,0.0
gait_09_gallop__vx_pos_1p5__seed_4242,10,RR_thigh_joint,rr,thigh,23.700000762939453,robot.actuators['thigh_legs'].effort_limit,0.1475064485187672,139.40694204352798,0.20604790756618613,0.22627946410909194,0.0,0.7927986711263657,0.8093643128871918,0.0
gait_09_gallop__vx_pos_1p5__seed_4242,11,RR_calf_joint,rr,calf,35.54999923706055,robot.actuators['calf_legs'].effort_limit,0.47253320367793616,153.08438377648594,0.3644747188578785,0.38165567254079985,0.0,1.0,1.0,0.5479166666666667
