cell_id,joint_index,joint_name,leg,motor_role,configured_effort_limit_nm,effort_limit_source,normalized_torque_squared_exposure,absolute_work_j,utilization_p95,utilization_p99,saturation_fraction,soft_limit_utilization_p95,soft_limit_utilization_p99,action_clamp_fraction
gait_00_trot__vx_neg_1p5__seed_0042,0,joint_front_left_abad,fl,hip,17.0,robot.actuators['hip_legs'].effort_limit,0.07634440018714825,3.0072595260455275,0.17987722298678227,0.20408221932018497,0.0,0.3866585373878479,0.39837561249732967,0.0
gait_00_trot__vx_neg_1p5__seed_0042,1,joint_front_left_thigh_pitch,fl,thigh,17.0,robot.actuators['thigh_legs'].effort_limit,0.7687823148324295,99.82896235361696,0.557691414215985,0.6798748117334701,0.0,0.28447599411010743,0.28939154505729675,0.0
gait_00_trot__vx_neg_1p5__seed_0042,2,joint_front_left_calf_pitch,fl,calf,37.0,robot.actuators['calf_legs'].effort_limit,0.2697226780751207,129.50454321543685,0.36700143685212006,0.39332032074799406,0.0,0.5644381582736969,0.5689943540096283,0.0
gait_00_trot__vx_neg_1p5__seed_0042,3,joint_front_right_abad,fr,hip,17.0,robot.actuators['hip_legs'].effort_limit,0.0399328882927633,3.9715445673333307,0.1203698761322919,0.1271864424032323,0.0,0.2846260666847229,0.2965140330791473,0.0
gait_00_trot__vx_neg_1p5__seed_0042,4,joint_front_right_thigh_pitch,fr,thigh,17.0,robot.actuators['thigh_legs'].effort_limit,1.3225781935543706,124.9763670089841,0.7548874826992259,0.7942883772008558,0.0,0.32607651948928834,0.3291873824596405,0.0
gait_00_trot__vx_neg_1p5__seed_0042,5,joint_front_right_calf_pitch,fr,calf,37.0,robot.actuators['calf_legs'].effort_limit,0.22328884883524538,128.94324933720753,0.3317988357028446,0.35073026657104484,0.0,0.5980165123939514,0.6068129301071167,0.0
gait_00_trot__vx_neg_1p5__seed_0042,6,joint_rear_left_abad,rl,hip,17.0,robot.actuators['hip_legs'].effort_limit,0.10262964360332211,11.17500993235968,0.17821093236698823,0.22520254583919747,0.0,0.42625687420368186,0.44530012786388395,0.0
gait_00_trot__vx_neg_1p5__seed_0042,7,joint_rear_left_thigh_pitch,rl,thigh,20.0,robot.actuators['thigh_legs'].effort_limit,0.37344042940442707,63.07695830335841,0.39257849574089043,0.42742172813415524,0.0,0.3182788163423538,0.3275941658020019,0.0
gait_00_trot__vx_neg_1p5__seed_0042,8,joint_rear_left_calf_pitch,rl,calf,37.0,robot.actuators['calf_legs'].effort_limit,0.22586911713678767,102.897241362934,0.3562834597922656,0.4155804072199641,0.0,0.647644180059433,0.6551229357719421,0.0
gait_00_trot__vx_neg_1p5__seed_0042,9,joint_rear_right_abad,rr,hip,17.0,robot.actuators['hip_legs'].effort_limit,0.034559915371063586,2.9022144995622514,0.1252198766259586,0.13167221476049984,0.0,0.3675629138946533,0.3774112117290497,0.0
gait_00_trot__vx_neg_1p5__seed_0042,10,joint_rear_right_thigh_pitch,rr,thigh,20.0,robot.actuators['thigh_legs'].effort_limit,0.4315314942865448,68.34877086691559,0.4320340466499326,0.4794001626968382,0.0,0.3034988164901733,0.3150130981206894,0.0
gait_00_trot__vx_neg_1p5__seed_0042,11,joint_rear_right_calf_pitch,rr,calf,37.0,robot.actuators['calf_legs'].effort_limit,0.4110930430972563,117.22232932374027,0.48178915333103484,0.515627625439618,0.0,0.5887136161327361,0.5987728524208069,0.0
gait_00_trot__vx_neg_1p0__seed_0042,0,joint_front_left_abad,fl,hip,17.0,robot.actuators['hip_legs'].effort_limit,0.0528561115834535,2.6705535916425287,0.12567849860471833,0.1372462728444267,0.0,0.4049622267484665,0.41205996692180635,0.0
gait_00_trot__vx_neg_1p0__seed_0042,1,joint_front_left_thigh_pitch,fl,thigh,17.0,robot.actuators['thigh_legs'].effort_limit,0.4530222298265561,53.45703667560593,0.4437549002030316,0.5592789649963378,0.0,0.28407943844795225,0.2880931270122528,0.0
gait_00_trot__vx_neg_1p0__seed_0042,2,joint_front_left_calf_pitch,fl,calf,37.0,robot.actuators['calf_legs'].effort_limit,0.2511336778713166,86.73124695657054,0.3320075924332077,0.3767975688625026,0.0,0.554294204711914,0.5601143497228622,0.0
gait_00_trot__vx_neg_1p0__seed_0042,3,joint_front_right_abad,fr,hip,17.0,robot.actuators['hip_legs'].effort_limit,0.06415323666154504,3.9871702467499563,0.12895721898359402,0.1541997791739071,0.0,0.3022062540054321,0.3071155273914337,0.0
gait_00_trot__vx_neg_1p0__seed_0042,4,joint_front_right_thigh_pitch,fr,thigh,17.0,robot.actuators['thigh_legs'].effort_limit,0.9066032971365537,66.11377519415691,0.6384545466479129,0.6841284931407253,0.0,0.31819647550582886,0.3209875774383545,0.0
gait_00_trot__vx_neg_1p0__seed_0042,5,joint_front_right_calf_pitch,fr,calf,37.0,robot.actuators['calf_legs'].effort_limit,0.15219107911672267,65.31682838790118,0.2462661111677015,0.2730673449748271,0.0,0.5553377091884613,0.5608664047718048,0.0
gait_00_trot__vx_neg_1p0__seed_0042,6,joint_rear_left_abad,rl,hip,17.0,robot.actuators['hip_legs'].effort_limit,0.16316287669302162,10.26942038741312,0.21555943418951592,0.2443401684480553,0.0,0.4098582506179809,0.4279916858673095,0.0
gait_00_trot__vx_neg_1p0__seed_0042,7,joint_rear_left_thigh_pitch,rl,thigh,20.0,robot.actuators['thigh_legs'].effort_limit,0.21643293684308668,33.33763248410076,0.2766295731067657,0.29593231606483456,0.0,0.3370967358350753,0.3456000971794128,0.0
gait_00_trot__vx_neg_1p0__seed_0042,8,joint_rear_left_calf_pitch,rl,calf,37.0,robot.actuators['calf_legs'].effort_limit,0.20256441799617023,68.89197179465205,0.326685551050547,0.35794842384956965,0.0,0.6151517152786254,0.6199800562858582,0.0
gait_00_trot__vx_neg_1p0__seed_0042,9,joint_rear_right_abad,rr,hip,17.0,robot.actuators['hip_legs'].effort_limit,0.032699475983461,2.0103922594220967,0.12373452256707583,0.13999838394277234,0.0,0.30705117583274844,0.3262333440780639,0.0
gait_00_trot__vx_neg_1p0__seed_0042,10,joint_rear_right_thigh_pitch,rr,thigh,20.0,robot.actuators['thigh_legs'].effort_limit,0.2589025550578297,38.435839998433366,0.2775862550735473,0.3089022181034086,0.0,0.2826535254716873,0.28938033103942873,0.0
gait_00_trot__vx_neg_1p0__seed_0042,11,joint_rear_right_calf_pitch,rr,calf,37.0,robot.actuators['calf_legs'].effort_limit,0.344584262193749,94.97060407022946,0.43884198730056345,0.4926663744127423,0.0,0.5729292809963227,0.5777157437801361,0.0
gait_00_trot__vx_neg_0p5__seed_0042,0,joint_front_left_abad,fl,hip,17.0,robot.actuators['hip_legs'].effort_limit,0.09196627266409084,3.3578757104861143,0.17972799960304708,0.18574249393799724,0.0,0.3981694281101227,0.4028325527906418,0.0
gait_00_trot__vx_neg_0p5__seed_0042,1,joint_front_left_thigh_pitch,fl,thigh,17.0,robot.actuators['thigh_legs'].effort_limit,0.21885057255931717,20.670004593841732,0.32143249231226306,0.34264298046336455,0.0,0.2727600634098053,0.27644243836402893,0.0
gait_00_trot__vx_neg_0p5__seed_0042,2,joint_front_left_calf_pitch,fl,calf,37.0,robot.actuators['calf_legs'].effort_limit,0.19913347182004085,32.994712511939,0.2559705618265513,0.29871082305908203,0.0,0.5388963222503662,0.5437429994344711,0.0
gait_00_trot__vx_neg_0p5__seed_0042,3,joint_front_right_abad,fr,hip,17.0,robot.actuators['hip_legs'].effort_limit,0.07137288714261128,1.9363167713047005,0.14334201462128585,0.15204745881697712,0.0,0.3378911018371582,0.34364721179008484,0.0
gait_00_trot__vx_neg_0p5__seed_0042,4,joint_front_right_thigh_pitch,fr,thigh,17.0,robot.actuators['thigh_legs'].effort_limit,0.44800535743514447,24.442306845402346,0.440391224973342,0.47285945275250607,0.0,0.3058619797229767,0.30757591128349304,0.0
gait_00_trot__vx_neg_0p5__seed_0042,5,joint_front_right_calf_pitch,fr,calf,37.0,robot.actuators['calf_legs'].effort_limit,0.13665418429446682,23.010848613962445,0.18373075691429344,0.1900165048805443,0.0,0.5069934576749802,0.510063111782074,0.0
gait_00_trot__vx_neg_0p5__seed_0042,6,joint_rear_left_abad,rl,hip,17.0,robot.actuators['hip_legs'].effort_limit,0.15565820423815138,5.733072653132549,0.21470099336960738,0.23906740020303166,0.0,0.39296963810920715,0.40318481624126434,0.0
gait_00_trot__vx_neg_0p5__seed_0042,7,joint_rear_left_thigh_pitch,rl,thigh,20.0,robot.actuators['thigh_legs'].effort_limit,0.1239654516828116,18.22795855218079,0.218969589471817,0.22905713319778442,0.0,0.3206854462623596,0.3262229263782501,0.0
gait_00_trot__vx_neg_0p5__seed_0042,8,joint_rear_left_calf_pitch,rl,calf,37.0,robot.actuators['calf_legs'].effort_limit,0.16061418855751583,34.68949862268521,0.2694033867604024,0.29399575413884343,0.0,0.571619063615799,0.5763591229915619,0.0
gait_00_trot__vx_neg_0p5__seed_0042,9,joint_rear_right_abad,rr,hip,17.0,robot.actuators['hip_legs'].effort_limit,0.04502025808891429,2.003322946741828,0.10819252624231226,0.12659194188959458,0.0,0.31621110439300537,0.33735427260398865,0.0
gait_00_trot__vx_neg_0p5__seed_0042,10,joint_rear_right_thigh_pitch,rr,thigh,20.0,robot.actuators['thigh_legs'].effort_limit,0.17650511245120773,20.699255564715713,0.25581001639366147,0.27291716933250426,0.0,0.27234525978565216,0.2730817049741745,0.0
gait_00_trot__vx_neg_0p5__seed_0042,11,joint_rear_right_calf_pitch,rr,calf,37.0,robot.actuators['calf_legs'].effort_limit,0.26070708508012436,42.41320591185373,0.36846456012210327,0.38463223947061076,0.0,0.5617172718048096,0.5655776262283325,0.0
gait_00_trot__vx_pos_0p5__seed_0042,0,joint_front_left_abad,fl,hip,17.0,robot.actuators['hip_legs'].effort_limit,0.0908663726265848,3.5513939707179087,0.17753400872735414,0.1917052058612599,0.0,0.35195429623126984,0.367185115814209,0.0
gait_00_trot__vx_pos_0p5__seed_0042,1,joint_front_left_thigh_pitch,fl,thigh,17.0,robot.actuators['thigh_legs'].effort_limit,0.13136224605595054,13.917666255751975,0.18833427920060997,0.2026810505810906,0.0,0.2666151523590088,0.27164140343666077,0.0
gait_00_trot__vx_pos_0p5__seed_0042,2,joint_front_left_calf_pitch,fl,calf,37.0,robot.actuators['calf_legs'].effort_limit,0.23986655325165918,41.951912818506244,0.3105602779903927,0.3213233625566637,0.0,0.5646862983703613,0.5685238838195801,0.0
gait_00_trot__vx_pos_0p5__seed_0042,3,joint_front_right_abad,fr,hip,17.0,robot.actuators['hip_legs'].effort_limit,0.07370983200299112,2.482561894454993,0.17271042921963858,0.1870766387266271,0.0,0.3746788799762726,0.38869258761405945,0.0
gait_00_trot__vx_pos_0p5__seed_0042,4,joint_front_right_thigh_pitch,fr,thigh,17.0,robot.actuators['thigh_legs'].effort_limit,0.5943556654944332,23.736648643361406,0.5297603747423958,0.5507852329927332,0.0,0.3125925064086914,0.3166518807411194,0.0
gait_00_trot__vx_pos_0p5__seed_0042,5,joint_front_right_calf_pitch,fr,calf,37.0,robot.actuators['calf_legs'].effort_limit,0.1112988741055028,13.581556334649212,0.2041504511962066,0.2148126234879365,0.0,0.5071993768215179,0.5098529756069183,0.0
gait_00_trot__vx_pos_0p5__seed_0042,6,joint_rear_left_abad,rl,hip,17.0,robot.actuators['hip_legs'].effort_limit,0.08178297534994203,3.7029180866433307,0.12613020223729748,0.13035053365370805,0.0,0.3352135568857193,0.33793699741363525,0.0
gait_00_trot__vx_pos_0p5__seed_0042,7,joint_rear_left_thigh_pitch,rl,thigh,20.0,robot.actuators['thigh_legs'].effort_limit,0.2306852162087734,18.381043601669955,0.35995664000511174,0.38192012906074524,0.0,0.3041897565126419,0.3067244738340378,0.0
gait_00_trot__vx_pos_0p5__seed_0042,8,joint_rear_left_calf_pitch,rl,calf,37.0,robot.actuators['calf_legs'].effort_limit,0.1829536091285845,41.550127686013006,0.24170689325074893,0.2823562815382674,0.0,0.5686345994472504,0.5723934471607208,0.0
gait_00_trot__vx_pos_0p5__seed_0042,9,joint_rear_right_abad,rr,hip,17.0,robot.actuators['hip_legs'].effort_limit,0.10880746643310386,4.615419693663717,0.16173225290635054,0.16657577542697682,0.0,0.2984282970428467,0.3062664568424225,0.0
gait_00_trot__vx_pos_0p5__seed_0042,10,joint_rear_right_thigh_pitch,rr,thigh,20.0,robot.actuators['thigh_legs'].effort_limit,0.11584484981039943,22.186555977669776,0.2288492679595947,0.24519810676574708,0.0,0.2721169739961624,0.27349649369716644,0.0
gait_00_trot__vx_pos_0p5__seed_0042,11,joint_rear_right_calf_pitch,rr,calf,37.0,robot.actuators['calf_legs'].effort_limit,0.18338420640216815,27.06627523360541,0.27454066276550293,0.3127637811609217,0.0,0.569790244102478,0.5732827186584473,0.0
gait_00_trot__vx_pos_1p0__seed_0042,0,joint_front_left_abad,fl,hip,17.0,robot.actuators['hip_legs'].effort_limit,0.07880567946271416,5.124833188516932,0.1599628602757173,0.17327847200281474,0.0,0.33497644066810606,0.3475425851345062,0.0
gait_00_trot__vx_pos_1p0__seed_0042,1,joint_front_left_thigh_pitch,fl,thigh,17.0,robot.actuators['thigh_legs'].effort_limit,0.21319507791624082,35.553433393528685,0.31368388147915105,0.3707729973512537,0.0,0.2787796139717102,0.2854290735721588,0.0
gait_00_trot__vx_pos_1p0__seed_0042,2,joint_front_left_calf_pitch,fl,calf,37.0,robot.actuators['calf_legs'].effort_limit,0.3116432146423064,87.97078810970764,0.38456334294499567,0.4669950047054799,0.0,0.598756167292595,0.6049053484201431,0.0
gait_00_trot__vx_pos_1p0__seed_0042,3,joint_front_right_abad,fr,hip,17.0,robot.actuators['hip_legs'].effort_limit,0.07134594786368224,4.898942562082084,0.1729829255272359,0.19951079677132996,0.0,0.3751517653465271,0.39152499079704284,0.0
gait_00_trot__vx_pos_1p0__seed_0042,4,joint_front_right_thigh_pitch,fr,thigh,17.0,robot.actuators['thigh_legs'].effort_limit,0.7363816843499456,39.86223486754578,0.5938878956963031,0.636042896158555,0.0,0.3133077323436737,0.3187298238277435,0.0
gait_00_trot__vx_pos_1p0__seed_0042,5,joint_front_right_calf_pitch,fr,calf,37.0,robot.actuators['calf_legs'].effort_limit,0.15891968944441298,49.91300518392644,0.26910627983711854,0.3088015213528195,0.0,0.5502647221088409,0.5551981461048126,0.0
gait_00_trot__vx_pos_1p0__seed_0042,6,joint_rear_left_abad,rl,hip,17.0,robot.actuators['hip_legs'].effort_limit,0.04696320241434316,3.6626933877606644,0.13112221325145046,0.1428125281894908,0.0,0.3079797238111496,0.3171745038032532,0.0
gait_00_trot__vx_pos_1p0__seed_0042,7,joint_rear_left_thigh_pitch,rl,thigh,20.0,robot.actuators['thigh_legs'].effort_limit,0.48251756787873684,61.239845623895526,0.4909179735183715,0.5217619738578796,0.0,0.30814758539199827,0.31238861322402955,0.0
gait_00_trot__vx_pos_1p0__seed_0042,8,joint_rear_left_calf_pitch,rl,calf,37.0,robot.actuators['calf_legs'].effort_limit,0.1934347395332217,94.58537968688296,0.292254606453148,0.331335050222036,0.0,0.6092398762702942,0.6141570603847504,0.0
gait_00_trot__vx_pos_1p0__seed_0042,9,joint_rear_right_abad,rr,hip,17.0,robot.actuators['hip_legs'].effort_limit,0.12075057681469757,9.954576462532277,0.1945205211639404,0.20294181697508865,0.0,0.30241799354553217,0.3109442901611328,0.0
gait_00_trot__vx_pos_1p0__seed_0042,10,joint_rear_right_thigh_pitch,rr,thigh,20.0,robot.actuators['thigh_legs'].effort_limit,0.24863865042411987,57.4344648982957,0.28968412518501274,0.31242574596405026,0.0,0.2764691174030304,0.2811087840795517,0.0
gait_00_trot__vx_pos_1p0__seed_0042,11,joint_rear_right_calf_pitch,rr,calf,37.0,robot.actuators['calf_legs'].effort_limit,0.1963996012453545,64.91630010625347,0.3178860406617859,0.3567747464051117,0.0,0.5875092267990112,0.5910892629623413,0.0
gait_00_trot__vx_pos_1p5__seed_0042,0,joint_front_left_abad,fl,hip,17.0,robot.actuators['hip_legs'].effort_limit,0.042176596272952775,3.750986539257865,0.11540707139407887,0.1285836054297054,0.0,0.32408849000930784,0.340505028963089,0.0
gait_00_trot__vx_pos_1p5__seed_0042,1,joint_front_left_thigh_pitch,fl,thigh,17.0,robot.actuators['thigh_legs'].effort_limit,0.37735528377743216,63.242175467378694,0.5271461430717918,0.5760911139319924,0.0,0.26873518228530885,0.2774447453022003,0.0
gait_00_trot__vx_pos_1p5__seed_0042,2,joint_front_left_calf_pitch,fl,calf,37.0,robot.actuators['calf_legs'].effort_limit,0.36563258612982447,128.78486283571752,0.4116359929780699,0.7017602868982261,0.0,0.6225812524557113,0.6300924825668335,0.0
gait_00_trot__vx_pos_1p5__seed_0042,3,joint_front_right_abad,fr,hip,17.0,robot.actuators['hip_legs'].effort_limit,0.050890787503025565,5.83112306948984,0.11596492774346294,0.13269714832305904,0.0,0.33272023200988765,0.35251592874526977,0.0
gait_00_trot__vx_pos_1p5__seed_0042,4,joint_front_right_thigh_pitch,fr,thigh,17.0,robot.actuators['thigh_legs'].effort_limit,0.6923345467566745,67.89640693030523,0.5259047396042767,0.5502921923469094,0.0,0.29169097542762756,0.3013396906852722,0.0
gait_00_trot__vx_pos_1p5__seed_0042,5,joint_front_right_calf_pitch,fr,calf,37.0,robot.actuators['calf_legs'].effort_limit,0.19259120383158215,90.3444905220659,0.29566702584962584,0.339172950435329,0.0,0.586151260137558,0.592342553138733,0.0
gait_00_trot__vx_pos_1p5__seed_0042,6,joint_rear_left_abad,rl,hip,17.0,robot.actuators['hip_legs'].effort_limit,0.07709354419908979,6.34704211866716,0.1443716329686782,0.15356285179362575,0.0,0.35854067802429196,0.37289250552654263,0.0
gait_00_trot__vx_pos_1p5__seed_0042,7,joint_rear_left_thigh_pitch,rl,thigh,20.0,robot.actuators['thigh_legs'].effort_limit,0.673208913679169,119.53199053972959,0.517171173095703,0.5763342361450191,0.0,0.2962362140417099,0.3015560060739517,0.0
gait_00_trot__vx_pos_1p5__seed_0042,8,joint_rear_left_calf_pitch,rl,calf,37.0,robot.actuators['calf_legs'].effort_limit,0.2166399481629964,164.3947697508894,0.35079672272140916,0.36966134329099903,0.0,0.6329288005828857,0.6386868715286255,0.0
gait_00_trot__vx_pos_1p5__seed_0042,9,joint_rear_right_abad,rr,hip,17.0,robot.actuators['hip_legs'].effort_limit,0.1172439676782428,10.23595645579626,0.24223168176763196,0.25079478376051956,0.0,0.34332501292228695,0.35310549020767207,0.0
gait_00_trot__vx_pos_1p5__seed_0042,10,joint_rear_right_thigh_pitch,rr,thigh,20.0,robot.actuators['thigh_legs'].effort_limit,0.3893009515002654,104.85534576267004,0.3615876817703247,0.38830631923675524,0.0,0.2659258097410201,0.2725604850053787,0.0
gait_00_trot__vx_pos_1p5__seed_0042,11,joint_rear_right_calf_pitch,rr,calf,37.0,robot.actuators['calf_legs'].effort_limit,0.22887322743384053,131.477963269325,0.36123102548960095,0.3919976396818418,0.0,0.6082474768161773,0.6150250566005706,0.0
gait_01_bound__vx_neg_1p5__seed_0042,0,joint_front_left_abad,fl,hip,17.0,robot.actuators['hip_legs'].effort_limit,0.15481903359074428,4.641543356642687,0.27610398741329417,0.2893541714724372,0.0,0.33450122475624083,0.35467680931091305,0.0
gait_01_bound__vx_neg_1p5__seed_0042,1,joint_front_left_thigh_pitch,fl,thigh,17.0,robot.actuators['thigh_legs'].effort_limit,1.7478184772095642,185.7122245539166,0.8082240553463199,0.8977223042880786,0.004166666666666667,0.3739972054958344,0.38647379517555236,0.0
gait_01_bound__vx_neg_1p5__seed_0042,2,joint_front_left_calf_pitch,fl,calf,37.0,robot.actuators['calf_legs'].effort_limit,0.3958176975489998,328.54986542016036,0.4435606183232488,0.46885420051780896,0.0,0.45646258592605593,0.4627631789445877,0.0
gait_01_bound__vx_neg_1p5__seed_0042,3,joint_front_right_abad,fr,hip,17.0,robot.actuators['hip_legs'].effort_limit,0.09623444899811673,6.401686880455818,0.20652023062986485,0.21419506339465869,0.0,0.320489865541458,0.3420411503314971,0.0
gait_01_bound__vx_neg_1p5__seed_0042,4,joint_front_right_thigh_pitch,fr,thigh,17.0,robot.actuators['thigh_legs'].effort_limit,1.8453869326595822,202.0013975532353,0.8596974120420567,0.9305453278036674,0.008333333333333333,0.3628946006298065,0.36760166883468626,0.0
gait_01_bound__vx_neg_1p5__seed_0042,5,joint_front_right_calf_pitch,fr,calf,37.0,robot.actuators['calf_legs'].effort_limit,0.35743946136353344,289.59992889402434,0.47701671187942085,0.5204428827440416,0.0,0.5041376620531082,0.5101880073547364,0.0
gait_01_bound__vx_neg_1p5__seed_0042,6,joint_rear_left_abad,rl,hip,17.0,robot.actuators['hip_legs'].effort_limit,0.05395861120357249,5.46935335444985,0.13075671406353206,0.15030969549627862,0.0,0.39262349307537076,0.4133591020107269,0.0
gait_01_bound__vx_neg_1p5__seed_0042,7,joint_rear_left_thigh_pitch,rl,thigh,20.0,robot.actuators['thigh_legs'].effort_limit,0.7939139347852735,134.2831485772878,0.5893643689155579,0.6316693453788756,0.0,0.30230344831943506,0.30732715606689454,0.0
gait_01_bound__vx_neg_1p5__seed_0042,8,joint_rear_left_calf_pitch,rl,calf,37.0,robot.actuators['calf_legs'].effort_limit,0.43585998820230787,478.665694118822,0.37516241846857845,0.4484370489378232,0.0,0.5612816214561462,0.5781484055519104,0.0
gait_01_bound__vx_neg_1p5__seed_0042,9,joint_rear_right_abad,rr,hip,17.0,robot.actuators['hip_legs'].effort_limit,0.04040269893856762,2.4866421104631447,0.14541946509305168,0.15421656818950877,0.0,0.3519019424915313,0.37749683499336234,0.0
gait_01_bound__vx_neg_1p5__seed_0042,10,joint_rear_right_thigh_pitch,rr,thigh,20.0,robot.actuators['thigh_legs'].effort_limit,1.0568553449246396,160.5426071267575,0.6567655444145202,0.7028360891342162,0.0,0.3086738795042038,0.3156385439634323,0.0
gait_01_bound__vx_neg_1p5__seed_0042,11,joint_rear_right_calf_pitch,rr,calf,37.0,robot.actuators['calf_legs'].effort_limit,0.4015416562754492,446.38311210822314,0.39772560145403885,0.4496730804443359,0.0,0.5432748436927795,0.554356381893158,0.0
gait_01_bound__vx_neg_1p0__seed_0042,0,joint_front_left_abad,fl,hip,17.0,robot.actuators['hip_legs'].effort_limit,0.11068061572562349,4.040883832936234,0.21275808460572185,0.22359463032554175,0.0,0.2869103103876114,0.30238892436027526,0.0
gait_01_bound__vx_neg_1p0__seed_0042,1,joint_front_left_thigh_pitch,fl,thigh,17.0,robot.actuators['thigh_legs'].effort_limit,1.0433924953763687,101.95162010356785,0.6616246027104995,0.7020938188889447,0.0,0.40628135204315186,0.41418665647506714,0.0
gait_01_bound__vx_neg_1p0__seed_0042,2,joint_front_left_calf_pitch,fl,calf,37.0,robot.actuators['calf_legs'].effort_limit,0.35304916195369457,311.55104587486943,0.4110913521534687,0.45459275735391147,0.0,0.46656985282897945,0.47020676970481873,0.0
gait_01_bound__vx_neg_1p0__seed_0042,3,joint_front_right_abad,fr,hip,17.0,robot.actuators['hip_legs'].effort_limit,0.07819204033188776,4.785965876212649,0.1875673209919649,0.19239542147692512,0.0,0.28643331527709953,0.29968705654144284,0.0
gait_01_bound__vx_neg_1p0__seed_0042,4,joint_front_right_thigh_pitch,fr,thigh,17.0,robot.actuators['thigh_legs'].effort_limit,1.2511469787910794,121.02001935434528,0.7715106599471148,0.8218285583047306,0.0,0.39452325105667113,0.40101999759674073,0.0
gait_01_bound__vx_neg_1p0__seed_0042,5,joint_front_right_calf_pitch,fr,calf,37.0,robot.actuators['calf_legs'].effort_limit,0.33462600105710594,296.2753674042737,0.40150280514278885,0.45386976396715306,0.0,0.47872347533702847,0.48202915489673615,0.0
gait_01_bound__vx_neg_1p0__seed_0042,6,joint_rear_left_abad,rl,hip,17.0,robot.actuators['hip_legs'].effort_limit,0.030751921776974857,3.500506649187955,0.09870518831645739,0.1066333855600918,0.0,0.3517979800701141,0.36396901845932006,0.0
gait_01_bound__vx_neg_1p0__seed_0042,7,joint_rear_left_thigh_pitch,rl,thigh,20.0,robot.actuators['thigh_legs'].effort_limit,0.6307741757667804,104.97980992173777,0.457496154308319,0.47623139286041255,0.0,0.31848318278789517,0.3353971433639526,0.0
gait_01_bound__vx_neg_1p0__seed_0042,8,joint_rear_left_calf_pitch,rl,calf,37.0,robot.actuators['calf_legs'].effort_limit,0.4154218424996894,478.67003335487885,0.3605420370359678,0.46538392969079917,0.0,0.4793479919433593,0.4860537278652191,0.0
gait_01_bound__vx_neg_1p0__seed_0042,9,joint_rear_right_abad,rr,hip,17.0,robot.actuators['hip_legs'].effort_limit,0.03445508009040046,3.0278586519160307,0.1062099667156444,0.12207306581384994,0.0,0.3274725675582885,0.34898112893104555,0.0
gait_01_bound__vx_neg_1p0__seed_0042,10,joint_rear_right_thigh_pitch,rr,thigh,20.0,robot.actuators['thigh_legs'].effort_limit,0.7097265626844513,107.16989126981237,0.5287846875190735,0.5387635884284974,0.0,0.3096607267856597,0.33209889352321625,0.0
gait_01_bound__vx_neg_1p0__seed_0042,11,joint_rear_right_calf_pitch,rr,calf,37.0,robot.actuators['calf_legs'].effort_limit,0.4056858248673944,487.15183877326547,0.37434030481286945,0.4564218974757839,0.0,0.49063017368316647,0.49666298031806944,0.0
gait_01_bound__vx_neg_0p5__seed_0042,0,joint_front_left_abad,fl,hip,17.0,robot.actuators['hip_legs'].effort_limit,0.05514766274322058,2.7593701155527377,0.14599569755442002,0.1522698577712564,0.0,0.236079603433609,0.24523130059242249,0.0
gait_01_bound__vx_neg_0p5__seed_0042,1,joint_front_left_thigh_pitch,fl,thigh,17.0,robot.actuators['thigh_legs'].effort_limit,0.5554137189646504,46.737428632257505,0.5051518328049605,0.5417738521800322,0.0,0.4208816587924957,0.4238134026527405,0.0
gait_01_bound__vx_neg_0p5__seed_0042,2,joint_front_left_calf_pitch,fl,calf,37.0,robot.actuators['calf_legs'].effort_limit,0.2971812296079393,251.1928048264794,0.35582910357294856,0.4178155821722907,0.0,0.485654279589653,0.48966972529888153,0.0
gait_01_bound__vx_neg_0p5__seed_0042,3,joint_front_right_abad,fr,hip,17.0,robot.actuators['hip_legs'].effort_limit,0.051605881460266886,2.772333092097542,0.15483132881276745,0.16303657433565924,0.0,0.2575547695159912,0.26288682222366333,0.0
gait_01_bound__vx_neg_0p5__seed_0042,4,joint_front_right_thigh_pitch,fr,thigh,17.0,robot.actuators['thigh_legs'].effort_limit,0.6962195962147122,59.19756589308381,0.5653910075916964,0.6488812530741972,0.0,0.404782235622406,0.4097211956977844,0.0
gait_01_bound__vx_neg_0p5__seed_0042,5,joint_front_right_calf_pitch,fr,calf,37.0,robot.actuators['calf_legs'].effort_limit,0.32820051912311443,311.93622235347283,0.38769270922686605,0.4313093391624657,0.0,0.4969542473554611,0.502438873052597,0.0
gait_01_bound__vx_neg_0p5__seed_0042,6,joint_rear_left_abad,rl,hip,17.0,robot.actuators['hip_legs'].effort_limit,0.028392642350875408,2.029762685991591,0.08528594935641569,0.10586196359466105,0.0,0.29053935408592224,0.29985974729061127,0.0
gait_01_bound__vx_neg_0p5__seed_0042,7,joint_rear_left_thigh_pitch,rl,thigh,20.0,robot.actuators['thigh_legs'].effort_limit,0.5153643837396484,72.50055193868931,0.45697617530822754,0.4835204601287842,0.0,0.3363674283027649,0.3425363302230835,0.0
gait_01_bound__vx_neg_0p5__seed_0042,8,joint_rear_left_calf_pitch,rl,calf,37.0,robot.actuators['calf_legs'].effort_limit,0.4173157093087947,435.22354729602114,0.3795396830584552,0.46444847777083115,0.0,0.5193244516849518,0.5261363983154297,0.0
gait_01_bound__vx_neg_0p5__seed_0042,9,joint_rear_right_abad,rr,hip,17.0,robot.actuators['hip_legs'].effort_limit,0.03802078204426201,3.645395445942995,0.11132731683113996,0.15960245973923626,0.0,0.28071364760398865,0.2971550524234772,0.0
gait_01_bound__vx_neg_0p5__seed_0042,10,joint_rear_right_thigh_pitch,rr,thigh,20.0,robot.actuators['thigh_legs'].effort_limit,0.6072472773696176,75.54992374734604,0.5097192287445068,0.5333703875541687,0.0,0.33432213962078094,0.3455175906419754,0.0
gait_01_bound__vx_neg_0p5__seed_0042,11,joint_rear_right_calf_pitch,rr,calf,37.0,robot.actuators['calf_legs'].effort_limit,0.33197502182281896,378.9171864563972,0.38451121304486247,0.4516399100020125,0.0,0.5335641503334045,0.5391946136951447,0.0
gait_01_bound__vx_pos_0p5__seed_0042,0,joint_front_left_abad,fl,hip,17.0,robot.actuators['hip_legs'].effort_limit,0.014826146639125229,1.3072433807339985,0.08369126214700587,0.10520573924569522,0.0,0.2100837379693985,0.21454337239265442,0.0
gait_01_bound__vx_pos_0p5__seed_0042,1,joint_front_left_thigh_pitch,fl,thigh,17.0,robot.actuators['thigh_legs'].effort_limit,0.42291295718096245,47.044706895696,0.3987717277863446,0.41486498888801127,0.0,0.36617952585220337,0.3709643483161926,0.0
gait_01_bound__vx_pos_0p5__seed_0042,2,joint_front_left_calf_pitch,fl,calf,37.0,robot.actuators['calf_legs'].effort_limit,0.39855880981158975,364.2034885354107,0.3993533366435283,0.4647797764958562,0.0,0.4941151291131973,0.4981205612421036,0.0
gait_01_bound__vx_pos_0p5__seed_0042,3,joint_front_right_abad,fr,hip,17.0,robot.actuators['hip_legs'].effort_limit,0.023761104260924284,1.654634630371911,0.12313019878724042,0.14142676311380722,0.0,0.21546116471290588,0.21814978122711182,0.0
gait_01_bound__vx_pos_0p5__seed_0042,4,joint_front_right_thigh_pitch,fr,thigh,17.0,robot.actuators['thigh_legs'].effort_limit,0.527642126786198,72.21160397481174,0.5255966747508329,0.5571273775661694,0.0,0.35049355030059814,0.354003369808197,0.0
gait_01_bound__vx_pos_0p5__seed_0042,5,joint_front_right_calf_pitch,fr,calf,37.0,robot.actuators['calf_legs'].effort_limit,0.5316589330481021,609.3017246914469,0.43615145296663854,0.4958505630493164,0.0,0.5104201585054398,0.5185439139604568,0.0
gait_01_bound__vx_pos_0p5__seed_0042,6,joint_rear_left_abad,rl,hip,17.0,robot.actuators['hip_legs'].effort_limit,0.05975273974897391,3.025815516973671,0.12541616313597737,0.14087205424028285,0.0,0.2863534092903137,0.292261466383934,0.0
gait_01_bound__vx_pos_0p5__seed_0042,7,joint_rear_left_thigh_pitch,rl,thigh,20.0,robot.actuators['thigh_legs'].effort_limit,0.5506755540396127,54.70188644491136,0.5145892739295959,0.5679330468177796,0.0,0.3933853656053543,0.39632317423820496,0.0
gait_01_bound__vx_pos_0p5__seed_0042,8,joint_rear_left_calf_pitch,rl,calf,37.0,robot.actuators['calf_legs'].effort_limit,0.3095087461931088,296.7263075393442,0.3355813284178038,0.3927704385808996,0.0,0.4881627857685089,0.49328768253326416,0.0
gait_01_bound__vx_pos_0p5__seed_0042,9,joint_rear_right_abad,rr,hip,17.0,robot.actuators['hip_legs'].effort_limit,0.09082010902518431,5.1218089570757,0.18009794810239005,0.2298358959310195,0.0,0.28867676854133606,0.3018267750740051,0.0
gait_01_bound__vx_pos_0p5__seed_0042,10,joint_rear_right_thigh_pitch,rr,thigh,20.0,robot.actuators['thigh_legs'].effort_limit,0.36100552167276456,54.60951816196088,0.38578840494155886,0.4341586112976074,0.0,0.38185980916023254,0.3846786171197891,0.0
gait_01_bound__vx_pos_0p5__seed_0042,11,joint_rear_right_calf_pitch,rr,calf,37.0,robot.actuators['calf_legs'].effort_limit,0.3146890918666933,296.6731788739655,0.3491404120986526,0.38158007570215174,0.0,0.5032252669334412,0.5085410475730896,0.0
gait_01_bound__vx_pos_1p0__seed_0042,0,joint_front_left_abad,fl,hip,17.0,robot.actuators['hip_legs'].effort_limit,0.010527738520864239,1.709456411538995,0.07182566909229052,0.08681586924721213,0.0,0.21513966917991637,0.22566365778446196,0.0
gait_01_bound__vx_pos_1p0__seed_0042,1,joint_front_left_thigh_pitch,fl,thigh,17.0,robot.actuators['thigh_legs'].effort_limit,0.4456487613345469,61.29610803188291,0.39879274508532353,0.42163864275988405,0.0,0.35702645778656006,0.3617042124271393,0.0
gait_01_bound__vx_pos_1p0__seed_0042,2,joint_front_left_calf_pitch,fl,calf,37.0,robot.actuators['calf_legs'].effort_limit,0.42387181476961966,371.2144784525782,0.37205169780834296,0.4212407039951633,0.0,0.5044178009033203,0.5096484130620956,0.0
gait_01_bound__vx_pos_1p0__seed_0042,3,joint_front_right_abad,fr,hip,17.0,robot.actuators['hip_legs'].effort_limit,0.02076692644729087,2.209796174681687,0.10012856686816489,0.11283704021397759,0.0,0.2521827042102813,0.2776930022239685,0.0
gait_01_bound__vx_pos_1p0__seed_0042,4,joint_front_right_thigh_pitch,fr,thigh,17.0,robot.actuators['thigh_legs'].effort_limit,0.6749814454117328,99.07469554973301,0.5410139981438132,0.5687816103766946,0.0,0.33862067461013795,0.36176368236541745,0.0
gait_01_bound__vx_pos_1p0__seed_0042,5,joint_front_right_calf_pitch,fr,calf,37.0,robot.actuators['calf_legs'].effort_limit,0.6828698054462181,705.0346858456265,0.426489545203543,0.5405853714814056,0.0,0.5032914608716964,0.5121442997455596,0.0
gait_01_bound__vx_pos_1p0__seed_0042,6,joint_rear_left_abad,rl,hip,17.0,robot.actuators['hip_legs'].effort_limit,0.10926396839272705,4.37810826866189,0.17353199299644023,0.1844502543000614,0.0,0.3062850028276443,0.3129232257604599,0.0
gait_01_bound__vx_pos_1p0__seed_0042,7,joint_rear_left_thigh_pitch,rl,thigh,20.0,robot.actuators['thigh_legs'].effort_limit,0.841921184662605,101.1736062358832,0.6040841817855834,0.7071972260475157,0.0,0.4062996655702591,0.41165610373020173,0.0
gait_01_bound__vx_pos_1p0__seed_0042,8,joint_rear_left_calf_pitch,rl,calf,37.0,robot.actuators['calf_legs'].effort_limit,0.3603875012752397,317.78442039612435,0.3551252223349906,0.36430900702605373,0.0,0.44845517873764035,0.4515569376945496,0.0
gait_01_bound__vx_pos_1p0__seed_0042,9,joint_rear_right_abad,rr,hip,17.0,robot.actuators['hip_legs'].effort_limit,0.11265919452735614,6.709255911831279,0.16182026863098145,0.17357268908444573,0.0,0.3321806788444519,0.34219377517700195,0.0
gait_01_bound__vx_pos_1p0__seed_0042,10,joint_rear_right_thigh_pitch,rr,thigh,20.0,robot.actuators['thigh_legs'].effort_limit,0.5018523572663287,77.16071756385267,0.562800941467285,0.5979377517700195,0.0,0.3848293960094452,0.38950346112251283,0.0
gait_01_bound__vx_pos_1p0__seed_0042,11,joint_rear_right_calf_pitch,rr,calf,37.0,robot.actuators['calf_legs'].effort_limit,0.38540112586662817,302.10608944054695,0.40017155569952884,0.4512986275956436,0.0,0.4660059571266174,0.4737017846107483,0.0
gait_01_bound__vx_pos_1p5__seed_0042,0,joint_front_left_abad,fl,hip,17.0,robot.actuators['hip_legs'].effort_limit,0.011146106147733311,2.0598138552500314,0.06823198339518373,0.08809586987775914,0.0,0.22734685540199276,0.26304296910762787,0.0
gait_01_bound__vx_pos_1p5__seed_0042,1,joint_front_left_thigh_pitch,fl,thigh,17.0,robot.actuators['thigh_legs'].effort_limit,0.5431373654988475,68.23373258727138,0.5401523197398463,0.5725303812587962,0.0,0.3333741784095764,0.3462142956256866,0.0
gait_01_bound__vx_pos_1p5__seed_0042,2,joint_front_left_calf_pitch,fl,calf,37.0,robot.actuators['calf_legs'].effort_limit,0.4381755014435145,387.126373854056,0.39253900115554397,0.42429071297516696,0.0,0.5121198713779449,0.5212011933326721,0.0
gait_01_bound__vx_pos_1p5__seed_0042,3,joint_front_right_abad,fr,hip,17.0,robot.actuators['hip_legs'].effort_limit,0.029533514024430087,2.3820269947015915,0.09420476941501392,0.10681927982498617,0.0,0.2907429635524749,0.30119370579719545,0.0
gait_01_bound__vx_pos_1p5__seed_0042,4,joint_front_right_thigh_pitch,fr,thigh,17.0,robot.actuators['thigh_legs'].effort_limit,0.8978676819995893,117.05858970098663,0.663080675461713,0.7050272958418902,0.0,0.3096574068069458,0.31520348191261294,0.0
gait_01_bound__vx_pos_1p5__seed_0042,5,joint_front_right_calf_pitch,fr,calf,37.0,robot.actuators['calf_legs'].effort_limit,0.7705499918989682,792.794033344686,0.4603369094230033,0.5503958403097616,0.0,0.552799242734909,0.5615485209226608,0.0
gait_01_bound__vx_pos_1p5__seed_0042,6,joint_rear_left_abad,rl,hip,17.0,robot.actuators['hip_legs'].effort_limit,0.10303348339995533,4.660573016460985,0.1892897598883685,0.20304010671727796,0.0,0.33578822314739226,0.34074387550354,0.0
gait_01_bound__vx_pos_1p5__seed_0042,7,joint_rear_left_thigh_pitch,rl,thigh,20.0,robot.actuators['thigh_legs'].effort_limit,1.1344754960437016,159.19482222782798,0.6943296265602111,0.7328633642196655,0.0,0.396848464012146,0.4095361804962158,0.0
gait_01_bound__vx_pos_1p5__seed_0042,8,joint_rear_left_calf_pitch,rl,calf,37.0,robot.actuators['calf_legs'].effort_limit,0.39702377506372155,277.76328410814517,0.4655789220655286,0.5018255403879526,0.0,0.4612212836742401,0.4654147660732269,0.0
gait_01_bound__vx_pos_1p5__seed_0042,9,joint_rear_right_abad,rr,hip,17.0,robot.actuators['hip_legs'].effort_limit,0.11729685070567879,7.905567292522756,0.17286194843404426,0.18797982678693884,0.0,0.37906200289726255,0.3952958691120146,0.0
gait_01_bound__vx_pos_1p5__seed_0042,10,joint_rear_right_thigh_pitch,rr,thigh,20.0,robot.actuators['thigh_legs'].effort_limit,0.7929137691970368,133.35636883986416,0.6848667979240416,0.7362638721466064,0.0,0.3689502000808716,0.3734077233076096,0.0
gait_01_bound__vx_pos_1p5__seed_0042,11,joint_rear_right_calf_pitch,rr,calf,37.0,robot.actuators['calf_legs'].effort_limit,0.47897947236239347,304.08825490980644,0.47499350985965216,0.5232236609587798,0.0,0.48304259181022646,0.4883793997764587,0.0
gait_02_half_bound__vx_neg_1p5__seed_0042,0,joint_front_left_abad,fl,hip,17.0,robot.actuators['hip_legs'].effort_limit,0.18921159565294915,12.340243675817911,0.25348944103016574,0.2754364145503324,0.0,0.4155528903007507,0.42746838748455046,0.0
gait_02_half_bound__vx_neg_1p5__seed_0042,1,joint_front_left_thigh_pitch,fl,thigh,17.0,robot.actuators['thigh_legs'].effort_limit,1.394103633408904,160.039895553831,0.7116606936735266,0.7565014884051153,0.0,0.3240493416786194,0.32839404106140135,0.0
gait_02_half_bound__vx_neg_1p5__seed_0042,2,joint_front_left_calf_pitch,fl,calf,37.0,robot.actuators['calf_legs'].effort_limit,0.32931333912362093,240.34380090499064,0.4288348533011771,0.49066395630707604,0.0,0.42610704898834223,0.43284419536590574,0.0
gait_02_half_bound__vx_neg_1p5__seed_0042,3,joint_front_right_abad,fr,hip,17.0,robot.actuators['hip_legs'].effort_limit,0.23614495268528152,9.945883396621793,0.33199117043439075,0.35714402367086967,0.0,0.33397023677825927,0.3430546236038208,0.0
gait_02_half_bound__vx_neg_1p5__seed_0042,4,joint_front_right_thigh_pitch,fr,thigh,17.0,robot.actuators['thigh_legs'].effort_limit,1.630512065290229,191.201777930744,0.7595147974350865,0.8419380939708034,0.0,0.3995430171489715,0.4074948620796204,0.0
gait_02_half_bound__vx_neg_1p5__seed_0042,5,joint_front_right_calf_pitch,fr,calf,37.0,robot.actuators['calf_legs'].effort_limit,0.3582986427834565,403.20548694997797,0.37148875030311374,0.42175108806507006,0.0,0.5701142460107803,0.5748397397994995,0.0
gait_02_half_bound__vx_neg_1p5__seed_0042,6,joint_rear_left_abad,rl,hip,17.0,robot.actuators['hip_legs'].effort_limit,0.045860141376253,4.9176003678375855,0.1342428817468531,0.1428965742447797,0.0,0.3878272414207458,0.4047539645433426,0.0
gait_02_half_bound__vx_neg_1p5__seed_0042,7,joint_rear_left_thigh_pitch,rl,thigh,20.0,robot.actuators['thigh_legs'].effort_limit,0.6702711309873237,120.37511801036075,0.5325204324722289,0.5570751018524169,0.0,0.3009407728910446,0.3092865836620331,0.0
gait_02_half_bound__vx_neg_1p5__seed_0042,8,joint_rear_left_calf_pitch,rl,calf,37.0,robot.actuators['calf_legs'].effort_limit,0.30621240456339527,337.40514079764483,0.2914512208990148,0.36455802221555955,0.0,0.5166783213615418,0.5238148880004883,0.0
gait_02_half_bound__vx_neg_1p5__seed_0042,9,joint_rear_right_abad,rr,hip,17.0,robot.actuators['hip_legs'].effort_limit,0.09568351549321318,8.556825665087672,0.20549651314230521,0.23010960985632503,0.0,0.3889889299869537,0.45218281745910643,0.0
gait_02_half_bound__vx_neg_1p5__seed_0042,10,joint_rear_right_thigh_pitch,rr,thigh,20.0,robot.actuators['thigh_legs'].effort_limit,1.1343877423965634,175.01623687636805,0.6104325723648071,0.6343077034950256,0.0,0.32011226415634153,0.33233610332012176,0.0
gait_02_half_bound__vx_neg_1p5__seed_0042,11,joint_rear_right_calf_pitch,rr,calf,37.0,robot.actuators['calf_legs'].effort_limit,0.4423586139930751,354.9264341295883,0.4113417586764773,0.428664663675669,0.0,0.5253469169139862,0.5376801466941833,0.0
gait_02_half_bound__vx_neg_1p0__seed_0042,0,joint_front_left_abad,fl,hip,17.0,robot.actuators['hip_legs'].effort_limit,0.12210314915438372,8.64617597213015,0.21167704848682178,0.2322957689621869,0.0,0.3869885921478271,0.3945149403810501,0.0
gait_02_half_bound__vx_neg_1p0__seed_0042,1,joint_front_left_thigh_pitch,fl,thigh,17.0,robot.actuators['thigh_legs'].effort_limit,0.6806519009765026,94.31435476340354,0.48664011955261227,0.5343548617643468,0.0,0.35296422243118286,0.35909216046333314,0.0
gait_02_half_bound__vx_neg_1p0__seed_0042,2,joint_front_left_calf_pitch,fl,calf,37.0,robot.actuators['calf_legs'].effort_limit,0.3428918928177622,220.8199946148228,0.44326644845910973,0.4834020119744377,0.0,0.4509736508131027,0.4643794763088226,0.0
gait_02_half_bound__vx_neg_1p0__seed_0042,3,joint_front_right_abad,fr,hip,17.0,robot.actuators['hip_legs'].effort_limit,0.2440475297899115,10.58483340312101,0.3632764381520888,0.39106250454397756,0.0,0.3019892990589142,0.3082531189918518,0.0
gait_02_half_bound__vx_neg_1p0__seed_0042,4,joint_front_right_thigh_pitch,fr,thigh,17.0,robot.actuators['thigh_legs'].effort_limit,0.973674591099594,109.38748224121984,0.6014299168306239,0.6276056306502397,0.0,0.43195409178733823,0.4389408504962921,0.0
gait_02_half_bound__vx_neg_1p0__seed_0042,5,joint_front_right_calf_pitch,fr,calf,37.0,robot.actuators['calf_legs'].effort_limit,0.32811806382127046,369.93532643415034,0.34474677524051145,0.45477181151106544,0.0,0.582372522354126,0.5927136367559434,0.0
gait_02_half_bound__vx_neg_1p0__seed_0042,6,joint_rear_left_abad,rl,hip,17.0,robot.actuators['hip_legs'].effort_limit,0.05423257372916309,4.226127580695611,0.14648469265769506,0.21233683600145217,0.0,0.3298133134841919,0.34470582485198975,0.0
gait_02_half_bound__vx_neg_1p0__seed_0042,7,joint_rear_left_thigh_pitch,rl,thigh,20.0,robot.actuators['thigh_legs'].effort_limit,0.5672075621552451,103.81188793858513,0.4156514358520508,0.44016011095047,0.0,0.29621420502662654,0.30556252181529997,0.0
gait_02_half_bound__vx_neg_1p0__seed_0042,8,joint_rear_left_calf_pitch,rl,calf,37.0,robot.actuators['calf_legs'].effort_limit,0.31981869465090423,349.15722179625186,0.34188522777041813,0.42729158659239064,0.0,0.49126646518707273,0.5022596299648284,0.0
gait_02_half_bound__vx_neg_1p0__seed_0042,9,joint_rear_right_abad,rr,hip,17.0,robot.actuators['hip_legs'].effort_limit,0.08061424519795342,7.209492330652138,0.16450636667363774,0.21355382260154276,0.0,0.3465612947940825,0.37386382341384833,0.0
gait_02_half_bound__vx_neg_1p0__seed_0042,10,joint_rear_right_thigh_pitch,rr,thigh,20.0,robot.actuators['thigh_legs'].effort_limit,0.7883852254649258,112.77154043348506,0.601458294391632,0.6198350057601929,0.0,0.30924580693244935,0.31290050327777863,0.0
gait_02_half_bound__vx_neg_1p0__seed_0042,11,joint_rear_right_calf_pitch,rr,calf,37.0,robot.actuators['calf_legs'].effort_limit,0.3728367935360792,339.046163873598,0.3380107596113875,0.4351573908006822,0.0,0.4722705066204071,0.4763983368873596,0.0
gait_02_half_bound__vx_neg_0p5__seed_0042,0,joint_front_left_abad,fl,hip,17.0,robot.actuators['hip_legs'].effort_limit,0.10253444507584211,7.494017030713149,0.1695532237782198,0.19318452652762919,0.0,0.34848450124263763,0.36214160919189453,0.0
gait_02_half_bound__vx_neg_0p5__seed_0042,1,joint_front_left_thigh_pitch,fl,thigh,17.0,robot.actuators['thigh_legs'].effort_limit,0.3166512000164223,33.760996013918486,0.35439499686746034,0.4485519703696756,0.0,0.3567870855331421,0.36309584975242615,0.0
gait_02_half_bound__vx_neg_0p5__seed_0042,2,joint_front_left_calf_pitch,fl,calf,37.0,robot.actuators['calf_legs'].effort_limit,0.2780013434780506,154.67819850007538,0.3890787459708549,0.4365172643919249,0.0,0.49193280935287476,0.4995190352201462,0.0
gait_02_half_bound__vx_neg_0p5__seed_0042,3,joint_front_right_abad,fr,hip,17.0,robot.actuators['hip_legs'].effort_limit,0.18268944093768144,7.782264001335134,0.2737484749625711,0.2989653559292064,0.0,0.2598462700843811,0.27564284205436707,0.0
gait_02_half_bound__vx_neg_0p5__seed_0042,4,joint_front_right_thigh_pitch,fr,thigh,17.0,robot.actuators['thigh_legs'].effort_limit,0.5973005073287494,71.93037630349397,0.46761640380410585,0.5229395698098576,0.0,0.4334368109703064,0.43746593594551086,0.0
gait_02_half_bound__vx_neg_0p5__seed_0042,5,joint_front_right_calf_pitch,fr,calf,37.0,robot.actuators['calf_legs'].effort_limit,0.31540721825183793,345.0841794781946,0.3557948292912664,0.42154210966986577,0.0,0.5966571122407913,0.6048650592565536,0.0
gait_02_half_bound__vx_neg_0p5__seed_0042,6,joint_rear_left_abad,rl,hip,17.0,robot.actuators['hip_legs'].effort_limit,0.07303724951148963,4.806725508627714,0.1982060951345107,0.27300944749046774,0.0,0.26723426580429077,0.27214792370796204,0.0
gait_02_half_bound__vx_neg_0p5__seed_0042,7,joint_rear_left_thigh_pitch,rl,thigh,20.0,robot.actuators['thigh_legs'].effort_limit,0.396871260421861,61.36196840594523,0.33956968188285824,0.35960630178451536,0.0,0.3118574470281601,0.32169225811958313,0.0
gait_02_half_bound__vx_neg_0p5__seed_0042,8,joint_rear_left_calf_pitch,rl,calf,37.0,robot.actuators['calf_legs'].effort_limit,0.38101199622151044,360.916388658816,0.3868969775534965,0.42513462659474965,0.0,0.5399827361106873,0.5457615852355957,0.0
gait_02_half_bound__vx_neg_0p5__seed_0042,9,joint_rear_right_abad,rr,hip,17.0,robot.actuators['hip_legs'].effort_limit,0.04630907859134129,4.385419304317329,0.1514680455712711,0.19287774492712584,0.0,0.28348854184150696,0.3190338909626007,0.0
gait_02_half_bound__vx_neg_0p5__seed_0042,10,joint_rear_right_thigh_pitch,rr,thigh,20.0,robot.actuators['thigh_legs'].effort_limit,0.7429366710641587,78.60963833838235,0.6217426538467408,0.6436107516288757,0.0,0.31086915731430054,0.3186861127614975,0.0
gait_02_half_bound__vx_neg_0p5__seed_0042,11,joint_rear_right_calf_pitch,rr,calf,37.0,robot.actuators['calf_legs'].effort_limit,0.3047001745176789,298.7051117304713,0.3728745370297819,0.4457046534564044,0.0,0.5167552828788757,0.5204801261425018,0.0
gait_02_half_bound__vx_pos_0p5__seed_0042,0,joint_front_left_abad,fl,hip,17.0,robot.actuators['hip_legs'].effort_limit,0.13320369829109102,8.005320207066834,0.21018747371785781,0.23268035580130184,0.0,0.3085797429084778,0.32550737261772156,0.0
gait_02_half_bound__vx_pos_0p5__seed_0042,1,joint_front_left_thigh_pitch,fl,thigh,17.0,robot.actuators['thigh_legs'].effort_limit,0.5690150132978632,42.835531654059885,0.4136127513997695,0.4438755792729995,0.0,0.32719698548316956,0.3312649726867676,0.0
gait_02_half_bound__vx_pos_0p5__seed_0042,2,joint_front_left_calf_pitch,fl,calf,37.0,robot.actuators['calf_legs'].effort_limit,0.20475564699689205,145.10931827400114,0.3356952345049059,0.3854878335385709,0.0,0.48740968108177185,0.49337008595466614,0.0
gait_02_half_bound__vx_pos_0p5__seed_0042,3,joint_front_right_abad,fr,hip,17.0,robot.actuators['hip_legs'].effort_limit,0.06297022038187382,5.032432643029788,0.19167492319555843,0.22793365576687982,0.0,0.24785861372947693,0.2709507644176483,0.0
gait_02_half_bound__vx_pos_0p5__seed_0042,4,joint_front_right_thigh_pitch,fr,thigh,17.0,robot.actuators['thigh_legs'].effort_limit,0.7211556353393717,77.0535107216984,0.6220335960388184,0.6632761254030115,0.0,0.3373391032218933,0.34159284830093384,0.0
gait_02_half_bound__vx_pos_0p5__seed_0042,5,joint_front_right_calf_pitch,fr,calf,37.0,robot.actuators['calf_legs'].effort_limit,0.5819967790674868,525.4419906817564,0.4257234367164406,0.46889977841763886,0.0,0.6014107763767242,0.6155804693698883,0.0
gait_02_half_bound__vx_pos_0p5__seed_0042,6,joint_rear_left_abad,rl,hip,17.0,robot.actuators['hip_legs'].effort_limit,0.08896873300462196,5.588840356264264,0.15793981271631577,0.22398534592460184,0.0,0.32398414611816406,0.336128294467926,0.0
gait_02_half_bound__vx_pos_0p5__seed_0042,7,joint_rear_left_thigh_pitch,rl,thigh,20.0,robot.actuators['thigh_legs'].effort_limit,0.6844403894886087,63.99246553637844,0.5775254011154175,0.611501407623291,0.0,0.3753718286752701,0.38416579365730286,0.0
gait_02_half_bound__vx_pos_0p5__seed_0042,8,joint_rear_left_calf_pitch,rl,calf,37.0,robot.actuators['calf_legs'].effort_limit,0.26001008185168806,219.9584553561639,0.352506025417431,0.39967858469164047,0.0,0.532732754945755,0.5407928824424744,0.0
gait_02_half_bound__vx_pos_0p5__seed_0042,9,joint_rear_right_abad,rr,hip,17.0,robot.actuators['hip_legs'].effort_limit,0.08544807854390593,5.16504618656599,0.21113647432888255,0.28515607469222126,0.0,0.2790950536727905,0.2910598814487457,0.0
gait_02_half_bound__vx_pos_0p5__seed_0042,10,joint_rear_right_thigh_pitch,rr,thigh,20.0,robot.actuators['thigh_legs'].effort_limit,0.2213787860568463,40.68122846850194,0.3329369485378265,0.4018131375312805,0.0,0.3722306936979294,0.3741503655910492,0.0
gait_02_half_bound__vx_pos_0p5__seed_0042,11,joint_rear_right_calf_pitch,rr,calf,37.0,robot.actuators['calf_legs'].effort_limit,0.2654600345862552,189.5474054975249,0.29216550491951604,0.3438903963243639,0.0,0.5075940489768982,0.5146670937538147,0.0
gait_02_half_bound__vx_pos_1p0__seed_0042,0,joint_front_left_abad,fl,hip,17.0,robot.actuators['hip_legs'].effort_limit,0.09119061062354629,5.946172835389152,0.18663293614107018,0.21045531903996187,0.0,0.30427404344081876,0.31108851432800294,0.0
gait_02_half_bound__vx_pos_1p0__seed_0042,1,joint_front_left_thigh_pitch,fl,thigh,17.0,robot.actuators['thigh_legs'].effort_limit,0.4394131628196133,59.527139218244706,0.3748939640381756,0.4044052570006426,0.0,0.34949261546134947,0.36414134502410883,0.0
gait_02_half_bound__vx_pos_1p0__seed_0042,2,joint_front_left_calf_pitch,fl,calf,37.0,robot.actuators['calf_legs'].effort_limit,0.22074258597088126,174.20224990725518,0.3145949673008275,0.37374451250643337,0.0,0.478408807516098,0.4890692895650864,0.0
gait_02_half_bound__vx_pos_1p0__seed_0042,3,joint_front_right_abad,fr,hip,17.0,robot.actuators['hip_legs'].effort_limit,0.07166471552764056,5.686100840923318,0.19172263566185443,0.2114206134571748,0.0,0.2715512692928314,0.2861610257625579,0.0
gait_02_half_bound__vx_pos_1p0__seed_0042,4,joint_front_right_thigh_pitch,fr,thigh,17.0,robot.actuators['thigh_legs'].effort_limit,1.1169022014045724,106.20249366449775,0.6918144141926484,0.7619671978670007,0.0,0.3284546256065368,0.3363021445274353,0.0
gait_02_half_bound__vx_pos_1p0__seed_0042,5,joint_front_right_calf_pitch,fr,calf,37.0,robot.actuators['calf_legs'].effort_limit,0.9120299865425381,676.1549981172383,0.5734147355363175,0.604302017108814,0.0,0.6242185831069945,0.6364558589458466,0.0
gait_02_half_bound__vx_pos_1p0__seed_0042,6,joint_rear_left_abad,rl,hip,17.0,robot.actuators['hip_legs'].effort_limit,0.11659186205843397,6.396841659760103,0.2135428688105415,0.22509221119039197,0.0,0.34817149341106407,0.36709862649440766,0.0
gait_02_half_bound__vx_pos_1p0__seed_0042,7,joint_rear_left_thigh_pitch,rl,thigh,20.0,robot.actuators['thigh_legs'].effort_limit,1.1796709322758716,112.9850787308626,0.7230134344100951,0.8064112539291381,0.0,0.384782013297081,0.39348084688186646,0.0
gait_02_half_bound__vx_pos_1p0__seed_0042,8,joint_rear_left_calf_pitch,rl,calf,37.0,robot.actuators['calf_legs'].effort_limit,0.2896315665973816,262.99893664069475,0.35125445417455703,0.3931828465332856,0.0,0.47415572404861445,0.48530871629714967,0.0
gait_02_half_bound__vx_pos_1p0__seed_0042,9,joint_rear_right_abad,rr,hip,17.0,robot.actuators['hip_legs'].effort_limit,0.09220915182343292,5.637711362978443,0.18549695646061612,0.20573299169540402,0.0,0.313265722990036,0.3313693952560424,0.0
gait_02_half_bound__vx_pos_1p0__seed_0042,10,joint_rear_right_thigh_pitch,rr,thigh,20.0,robot.actuators['thigh_legs'].effort_limit,0.38277055874100674,66.94312952774577,0.5073377513885496,0.557407299518585,0.0,0.3719566881656647,0.3757240289449692,0.0
gait_02_half_bound__vx_pos_1p0__seed_0042,11,joint_rear_right_calf_pitch,rr,calf,37.0,robot.actuators['calf_legs'].effort_limit,0.3203186843551701,217.70126300796167,0.3641692316209946,0.39109651745976626,0.0,0.4961185991764069,0.5051721501350402,0.0
gait_02_half_bound__vx_pos_1p5__seed_0042,0,joint_front_left_abad,fl,hip,17.0,robot.actuators['hip_legs'].effort_limit,0.08544842203563534,6.221472099666717,0.18479143030503212,0.20258698028676647,0.0,0.31117030680179597,0.32043116390705106,0.0
gait_02_half_bound__vx_pos_1p5__seed_0042,1,joint_front_left_thigh_pitch,fl,thigh,17.0,robot.actuators['thigh_legs'].effort_limit,0.3442330839545645,79.62898221016083,0.36871921735651353,0.43057963090784396,0.0,0.3484350204467773,0.37068753719329833,0.0
gait_02_half_bound__vx_pos_1p5__seed_0042,2,joint_front_left_calf_pitch,fl,calf,37.0,robot.actuators['calf_legs'].effort_limit,0.2841498385520606,202.52258324500173,0.3344779143462309,0.39890873548146766,0.0,0.5158930242061613,0.5283240699768066,0.0
gait_02_half_bound__vx_pos_1p5__seed_0042,3,joint_front_right_abad,fr,hip,17.0,robot.actuators['hip_legs'].effort_limit,0.09993352807854423,5.721439593370305,0.17846145770129035,0.18797491971184224,0.0,0.30631964802742,0.32295551061630245,0.0
gait_02_half_bound__vx_pos_1p5__seed_0042,4,joint_front_right_thigh_pitch,fr,thigh,17.0,robot.actuators['thigh_legs'].effort_limit,1.3008336101014255,140.05138327877037,0.7054630840525906,0.7356336329965031,0.0,0.3133322477340698,0.3182552170753479,0.0
gait_02_half_bound__vx_pos_1p5__seed_0042,5,joint_front_right_calf_pitch,fr,calf,37.0,robot.actuators['calf_legs'].effort_limit,1.0908205473108679,835.4735133425519,0.6355584479667042,0.6738780918636836,0.0,0.6434881597757339,0.6504199719429016,0.0
gait_02_half_bound__vx_pos_1p5__seed_0042,6,joint_rear_left_abad,rl,hip,17.0,robot.actuators['hip_legs'].effort_limit,0.1525838958332687,6.034563384672365,0.2629027885549209,0.2737560678930843,0.0,0.37727610170841214,0.38386543214321134,0.0
gait_02_half_bound__vx_pos_1p5__seed_0042,7,joint_rear_left_thigh_pitch,rl,thigh,20.0,robot.actuators['thigh_legs'].effort_limit,1.4468131954156906,167.4232640921674,0.720615119934082,0.837152379989624,0.0,0.3797798931598663,0.3918591898679733,0.0
gait_02_half_bound__vx_pos_1p5__seed_0042,8,joint_rear_left_calf_pitch,rl,calf,37.0,robot.actuators['calf_legs'].effort_limit,0.3441880751443698,272.20023619368675,0.37428249281805914,0.4109918236088108,0.0,0.4573171317577362,0.46008790373802183,0.0
gait_02_half_bound__vx_pos_1p5__seed_0042,9,joint_rear_right_abad,rr,hip,17.0,robot.actuators['hip_legs'].effort_limit,0.10015588736638747,6.177524501322769,0.17113908108542944,0.18568683848661532,0.0,0.33769638538360586,0.3566493856906891,0.0
gait_02_half_bound__vx_pos_1p5__seed_0042,10,joint_rear_right_thigh_pitch,rr,thigh,20.0,robot.actuators['thigh_legs'].effort_limit,0.6926571675868952,126.67036895413884,0.6431728744506835,0.6991508946418761,0.0,0.3513346821069717,0.35653052568435667,0.0
gait_02_half_bound__vx_pos_1p5__seed_0042,11,joint_rear_right_calf_pitch,rr,calf,37.0,robot.actuators['calf_legs'].effort_limit,0.40877315479441734,236.7006869887002,0.44342127104063284,0.48370827133591104,0.0,0.5000993371009826,0.5063369882106781,0.0
gait_03_half_bound__vx_neg_1p5__seed_0042,0,joint_front_left_abad,fl,hip,17.0,robot.actuators['hip_legs'].effort_limit,0.33523561794438517,8.530973651795065,0.4096072210985071,0.42542335482204663,0.0,0.41382648646831505,0.4461864763498306,0.0
gait_03_half_bound__vx_neg_1p5__seed_0042,1,joint_front_left_thigh_pitch,fl,thigh,17.0,robot.actuators['thigh_legs'].effort_limit,1.5425222997947783,170.44149054950103,0.7047108061173383,0.7367940414653105,0.0,0.4028298079967499,0.4072542071342468,0.0
gait_03_half_bound__vx_neg_1p5__seed_0042,2,joint_front_left_calf_pitch,fl,calf,37.0,robot.actuators['calf_legs'].effort_limit,0.29776859697081165,284.5852778713405,0.35551584217999427,0.3898171239285855,0.0,0.5968670070171356,0.6036950379610062,0.0
gait_03_half_bound__vx_neg_1p5__seed_0042,3,joint_front_right_abad,fr,hip,17.0,robot.actuators['hip_legs'].effort_limit,0.16704365081398756,11.949109442987247,0.2557786380543428,0.28756585289450254,0.0,0.40419042706489555,0.42724288821220396,0.0
gait_03_half_bound__vx_neg_1p5__seed_0042,4,joint_front_right_thigh_pitch,fr,thigh,17.0,robot.actuators['thigh_legs'].effort_limit,1.335944815610959,153.4377108960133,0.6413985476774327,0.7329677435931037,0.0,0.3239370048046112,0.326534024477005,0.0
gait_03_half_bound__vx_neg_1p5__seed_0042,5,joint_front_right_calf_pitch,fr,calf,37.0,robot.actuators['calf_legs'].effort_limit,0.36003646161079184,263.5890256024117,0.4548504700531831,0.5007178574639396,0.0,0.4778659999370575,0.4909636652469635,0.0
gait_03_half_bound__vx_neg_1p5__seed_0042,6,joint_rear_left_abad,rl,hip,17.0,robot.actuators['hip_legs'].effort_limit,0.10580633443571115,10.614813912073151,0.20936050695531502,0.2299192563225241,0.0,0.4435105592012405,0.45623405516147614,0.0
gait_03_half_bound__vx_neg_1p5__seed_0042,7,joint_rear_left_thigh_pitch,rl,thigh,20.0,robot.actuators['thigh_legs'].effort_limit,0.7654887052052284,141.20306030604988,0.5503762626647948,0.573190092086792,0.0,0.3120841264724731,0.3195964676141739,0.0
gait_03_half_bound__vx_neg_1p5__seed_0042,8,joint_rear_left_calf_pitch,rl,calf,37.0,robot.actuators['calf_legs'].effort_limit,0.49103655677532476,443.29544924646615,0.4011213444374702,0.42523668856234126,0.0,0.5857574939727783,0.5946669197082519,0.0
gait_03_half_bound__vx_neg_1p5__seed_0042,9,joint_rear_right_abad,rr,hip,17.0,robot.actuators['hip_legs'].effort_limit,0.10718569179871215,8.481305036414415,0.20762755870819088,0.2200996843506308,0.0,0.35827419161796564,0.37306803941726685,0.0
gait_03_half_bound__vx_neg_1p5__seed_0042,10,joint_rear_right_thigh_pitch,rr,thigh,20.0,robot.actuators['thigh_legs'].effort_limit,0.7960118251566836,125.29917936965823,0.5792228174209594,0.6088404397964478,0.0,0.2972027003765106,0.30300488471984866,0.0
gait_03_half_bound__vx_neg_1p5__seed_0042,11,joint_rear_right_calf_pitch,rr,calf,37.0,robot.actuators['calf_legs'].effort_limit,0.30554249456029575,299.7310485264659,0.36101219976270515,0.4214961655075486,0.0,0.5372568666934967,0.5516705358028412,0.0
gait_03_half_bound__vx_neg_1p0__seed_0042,0,joint_front_left_abad,fl,hip,17.0,robot.actuators['hip_legs'].effort_limit,0.2786171367657384,9.871497785052052,0.3691158897736493,0.38748432804556454,0.0,0.29375495314598077,0.33068602263927455,0.0
gait_03_half_bound__vx_neg_1p0__seed_0042,1,joint_front_left_thigh_pitch,fl,thigh,17.0,robot.actuators['thigh_legs'].effort_limit,0.7975722327080065,103.69017345873873,0.48165627928341137,0.5037168654273537,0.0,0.41925663948059083,0.4223627460002899,0.0
gait_03_half_bound__vx_neg_1p0__seed_0042,2,joint_front_left_calf_pitch,fl,calf,37.0,robot.actuators['calf_legs'].effort_limit,0.2613774393052527,235.19209609797224,0.2871227071091935,0.3051969641608161,0.0,0.6294360697269439,0.6437497460842132,0.0
gait_03_half_bound__vx_neg_1p0__seed_0042,3,joint_front_right_abad,fr,hip,17.0,robot.actuators['hip_legs'].effort_limit,0.09811617289637731,7.3916991908006455,0.18880949581370632,0.20041936032912305,0.0,0.3964147388935089,0.4020476996898651,0.0
gait_03_half_bound__vx_neg_1p0__seed_0042,4,joint_front_right_thigh_pitch,fr,thigh,17.0,robot.actuators['thigh_legs'].effort_limit,0.8355472778592055,93.70395840428421,0.544459056854248,0.6695474877076989,0.0,0.351698225736618,0.35607741475105287,0.0
gait_03_half_bound__vx_neg_1p0__seed_0042,5,joint_front_right_calf_pitch,fr,calf,37.0,robot.actuators['calf_legs'].effort_limit,0.3463010384125693,218.52865430895238,0.43749915458060595,0.49476741069071994,0.0,0.4602958798408508,0.47587718784809113,0.0
gait_03_half_bound__vx_neg_1p0__seed_0042,6,joint_rear_left_abad,rl,hip,17.0,robot.actuators['hip_legs'].effort_limit,0.12058165923439078,11.968632948300801,0.21336652671589568,0.27535813191357783,0.0,0.4272517949342725,0.48414011359214776,0.0
gait_03_half_bound__vx_neg_1p0__seed_0042,7,joint_rear_left_thigh_pitch,rl,thigh,20.0,robot.actuators['thigh_legs'].effort_limit,0.5572249933042596,98.38574074367061,0.4945306658744811,0.5289624605178832,0.0,0.32016126215457913,0.3248039084672928,0.0
gait_03_half_bound__vx_neg_1p0__seed_0042,8,joint_rear_left_calf_pitch,rl,calf,37.0,robot.actuators['calf_legs'].effort_limit,0.44591056297873805,442.25762569582093,0.3763390502414187,0.4428811743452742,0.0,0.49827638268470764,0.5017479658126831,0.0
gait_03_half_bound__vx_neg_1p0__seed_0042,9,joint_rear_right_abad,rr,hip,17.0,robot.actuators['hip_legs'].effort_limit,0.16297956520985984,10.080977799005813,0.3272564341040217,0.41363951122059534,0.0,0.3162754297256469,0.34338150382041926,0.0
gait_03_half_bound__vx_neg_1p0__seed_0042,10,joint_rear_right_thigh_pitch,rr,thigh,20.0,robot.actuators['thigh_legs'].effort_limit,0.468917885076659,78.15603932160884,0.43875258445739745,0.4555459380149841,0.0,0.32208115458488457,0.33604895412921904,0.0
gait_03_half_bound__vx_neg_1p0__seed_0042,11,joint_rear_right_calf_pitch,rr,calf,37.0,robot.actuators['calf_legs'].effort_limit,0.31736910483996705,265.15307874750346,0.3446779753710772,0.4169081492037377,0.0,0.4923669338226318,0.49638210773468017,0.0
gait_03_half_bound__vx_neg_0p5__seed_0042,0,joint_front_left_abad,fl,hip,17.0,robot.actuators['hip_legs'].effort_limit,0.1203951570309898,4.885563241345226,0.24064957394319422,0.2638922438902014,0.0,0.2565063089132309,0.28327561914920807,0.0
gait_03_half_bound__vx_neg_0p5__seed_0042,1,joint_front_left_thigh_pitch,fl,thigh,17.0,robot.actuators['thigh_legs'].effort_limit,0.39232172324738956,53.05011872546748,0.33030347964342904,0.3446320575826308,0.0,0.42846789956092834,0.44194772839546204,0.0
gait_03_half_bound__vx_neg_0p5__seed_0042,2,joint_front_left_calf_pitch,fl,calf,37.0,robot.actuators['calf_legs'].effort_limit,0.1956045305844449,188.24906904801728,0.24128788870734136,0.25403482205158956,0.0,0.6632382571697235,0.6821637600660324,0.0
gait_03_half_bound__vx_neg_0p5__seed_0042,3,joint_front_right_abad,fr,hip,17.0,robot.actuators['hip_legs'].effort_limit,0.051161169830056336,4.304357342761941,0.11413941137930926,0.12398061682196224,0.0,0.3853303790092468,0.3967665731906891,0.0
gait_03_half_bound__vx_neg_0p5__seed_0042,4,joint_front_right_thigh_pitch,fr,thigh,17.0,robot.actuators['thigh_legs'].effort_limit,0.5910057156544537,50.834089728444816,0.49167372198665843,0.553048428367166,0.0,0.35658693313598633,0.3601055145263672,0.0
gait_03_half_bound__vx_neg_0p5__seed_0042,5,joint_front_right_calf_pitch,fr,calf,37.0,robot.actuators['calf_legs'].effort_limit,0.3173241799663808,175.41369554274482,0.4124204596957645,0.445588459839692,0.0,0.48753727972507477,0.4920491576194763,0.0
gait_03_half_bound__vx_neg_0p5__seed_0042,6,joint_rear_left_abad,rl,hip,17.0,robot.actuators['hip_legs'].effort_limit,0.09732779941155449,5.8830230712023335,0.25152990397285013,0.312883412136751,0.0,0.42533615231513977,0.46302419900894165,0.0
gait_03_half_bound__vx_neg_0p5__seed_0042,7,joint_rear_left_thigh_pitch,rl,thigh,20.0,robot.actuators['thigh_legs'].effort_limit,0.4743425108802078,70.90198671489954,0.5046770215034484,0.5360315203666688,0.0,0.32876332104206085,0.3322310894727707,0.0
gait_03_half_bound__vx_neg_0p5__seed_0042,8,joint_rear_left_calf_pitch,rl,calf,37.0,robot.actuators['calf_legs'].effort_limit,0.4554691112136604,454.658683154285,0.39730136458938187,0.4715529132533718,0.0,0.514478474855423,0.5182425677776337,0.0
gait_03_half_bound__vx_neg_0p5__seed_0042,9,joint_rear_right_abad,rr,hip,17.0,robot.actuators['hip_legs'].effort_limit,0.1789582015424462,9.206869944316567,0.3724697547800401,0.41224460742052865,0.0,0.2795422673225403,0.2910495698451996,0.0
gait_03_half_bound__vx_neg_0p5__seed_0042,10,joint_rear_right_thigh_pitch,rr,thigh,20.0,robot.actuators['thigh_legs'].effort_limit,0.36213225893059664,56.34779551695276,0.3837997615337372,0.4006744146347046,0.0,0.3352522850036621,0.3418121635913849,0.0
gait_03_half_bound__vx_neg_0p5__seed_0042,11,joint_rear_right_calf_pitch,rr,calf,37.0,robot.actuators['calf_legs'].effort_limit,0.2677324850037389,204.54111879566162,0.35363753421886546,0.39531421661376953,0.0,0.5513580739498138,0.554661750793457,0.0
gait_03_half_bound__vx_pos_0p5__seed_0042,0,joint_front_left_abad,fl,hip,17.0,robot.actuators['hip_legs'].effort_limit,0.03059430777709639,2.5986781679606064,0.1005379715386559,0.128517185940462,0.0,0.2325712889432907,0.2621048837900162,0.0
gait_03_half_bound__vx_pos_0p5__seed_0042,1,joint_front_left_thigh_pitch,fl,thigh,17.0,robot.actuators['thigh_legs'].effort_limit,0.45330059635292913,49.50290744371043,0.45743783782510195,0.48281752361970787,0.0,0.3426816463470459,0.34621626138687134,0.0
gait_03_half_bound__vx_pos_0p5__seed_0042,2,joint_front_left_calf_pitch,fl,calf,37.0,robot.actuators['calf_legs'].effort_limit,0.3783829118388139,374.6203225812502,0.35983974869186813,0.4492466385300095,0.0,0.6558442413806915,0.6669851541519165,0.0
gait_03_half_bound__vx_pos_0p5__seed_0042,3,joint_front_right_abad,fr,hip,17.0,robot.actuators['hip_legs'].effort_limit,0.09843692108044536,5.510247012281325,0.17060018637601065,0.17895705910289988,0.0,0.3273336887359619,0.33318209648132324,0.0
gait_03_half_bound__vx_pos_0p5__seed_0042,4,joint_front_right_thigh_pitch,fr,thigh,17.0,robot.actuators['thigh_legs'].effort_limit,0.6539465929096759,43.21131473737071,0.43289582168354707,0.471799794365378,0.0,0.34513941407203674,0.35317084193229675,0.0
gait_03_half_bound__vx_pos_0p5__seed_0042,5,joint_front_right_calf_pitch,fr,calf,37.0,robot.actuators['calf_legs'].effort_limit,0.2109655144141392,153.26239556315238,0.3225785912694158,0.4311236433080725,0.0,0.49321481585502625,0.4998909682035446,0.0
gait_03_half_bound__vx_pos_0p5__seed_0042,6,joint_rear_left_abad,rl,hip,17.0,robot.actuators['hip_legs'].effort_limit,0.03616777900729167,2.114097371250391,0.12096460777170519,0.1831774501239552,0.0,0.2406592071056366,0.25030891597270966,0.0
gait_03_half_bound__vx_pos_0p5__seed_0042,7,joint_rear_left_thigh_pitch,rl,thigh,20.0,robot.actuators['thigh_legs'].effort_limit,0.3892738553976109,53.70222695022123,0.40478268861770633,0.46739826202392576,0.0,0.39522020518779755,0.39879417419433594,0.0
gait_03_half_bound__vx_pos_0p5__seed_0042,8,joint_rear_left_calf_pitch,rl,calf,37.0,robot.actuators['calf_legs'].effort_limit,0.2942718271767572,242.03047905651852,0.3331505285727011,0.3788223524351378,0.0,0.48642319440841675,0.49182742834091187,0.0
gait_03_half_bound__vx_pos_0p5__seed_0042,9,joint_rear_right_abad,rr,hip,17.0,robot.actuators['hip_legs'].effort_limit,0.11325772927455795,6.664027524407429,0.21063746774897857,0.2864074987523696,0.0,0.3051648736000061,0.32548898458480835,0.0
gait_03_half_bound__vx_pos_0p5__seed_0042,10,joint_rear_right_thigh_pitch,rr,thigh,20.0,robot.actuators['thigh_legs'].effort_limit,0.3490621507504402,42.3082282659784,0.38727815747261046,0.47326451539993286,0.0,0.3670673817396164,0.37109169363975525,0.0
gait_03_half_bound__vx_pos_0p5__seed_0042,11,joint_rear_right_calf_pitch,rr,calf,37.0,robot.actuators['calf_legs'].effort_limit,0.25234204539779337,187.5025877216086,0.3494533461493415,0.42125699326798727,0.0,0.5184154808521271,0.5242880284786224,0.0
gait_03_half_bound__vx_pos_1p0__seed_0042,0,joint_front_left_abad,fl,hip,17.0,robot.actuators['hip_legs'].effort_limit,0.052686037616698496,4.198508623890957,0.14690707571366243,0.18804041806389304,0.0,0.2707136511802673,0.29189134061336514,0.0
gait_03_half_bound__vx_pos_1p0__seed_0042,1,joint_front_left_thigh_pitch,fl,thigh,17.0,robot.actuators['thigh_legs'].effort_limit,0.6167546153123749,66.36662481901527,0.4915467122021843,0.5293335241429945,0.0,0.33208940625190736,0.3359406518936157,0.0
gait_03_half_bound__vx_pos_1p0__seed_0042,2,joint_front_left_calf_pitch,fl,calf,37.0,robot.actuators['calf_legs'].effort_limit,0.45245964930463156,446.2145075234771,0.3547722094767802,0.4452290612298089,0.0,0.6543131828308105,0.6618186354637146,0.0
gait_03_half_bound__vx_pos_1p0__seed_0042,3,joint_front_right_abad,fr,hip,17.0,robot.actuators['hip_legs'].effort_limit,0.12639109247428465,8.610610096144665,0.18638078535304348,0.2095548516161301,0.0,0.3513403534889221,0.36110219001770016,0.0
gait_03_half_bound__vx_pos_1p0__seed_0042,4,joint_front_right_thigh_pitch,fr,thigh,17.0,robot.actuators['thigh_legs'].effort_limit,0.5196490986997061,73.11537369462661,0.4104937371085672,0.4397128727856804,0.0,0.3437887609004974,0.3520744514465332,0.0
gait_03_half_bound__vx_pos_1p0__seed_0042,5,joint_front_right_calf_pitch,fr,calf,37.0,robot.actuators['calf_legs'].effort_limit,0.29575757078123255,229.88183950558306,0.3191311256305591,0.3928091946163692,0.0,0.4414708733558655,0.4453914737701416,0.0
gait_03_half_bound__vx_pos_1p0__seed_0042,6,joint_rear_left_abad,rl,hip,17.0,robot.actuators['hip_legs'].effort_limit,0.06829059816767513,5.581389639161062,0.13627256715998923,0.15771106748019947,0.0,0.25718251466751096,0.26580674052238457,0.0
gait_03_half_bound__vx_pos_1p0__seed_0042,7,joint_rear_left_thigh_pitch,rl,thigh,20.0,robot.actuators['thigh_legs'].effort_limit,0.6859733891299366,100.7273686336982,0.5333837056159972,0.5635063090324401,0.0,0.40125648081302645,0.40594820857048036,0.0
gait_03_half_bound__vx_pos_1p0__seed_0042,8,joint_rear_left_calf_pitch,rl,calf,37.0,robot.actuators['calf_legs'].effort_limit,0.3005672265516477,235.83727625869216,0.3635645273569465,0.39767879795383754,0.0,0.48663408160209654,0.49079290151596067,0.0
gait_03_half_bound__vx_pos_1p0__seed_0042,9,joint_rear_right_abad,rr,hip,17.0,robot.actuators['hip_legs'].effort_limit,0.13637392626383016,9.36752849325072,0.1967651381212122,0.21409024687374337,0.0,0.3324407875537872,0.34111608147621153,0.0
gait_03_half_bound__vx_pos_1p0__seed_0042,10,joint_rear_right_thigh_pitch,rr,thigh,20.0,robot.actuators['thigh_legs'].effort_limit,0.6070380269001856,82.67678052771836,0.4902075099945067,0.5676149516105652,0.0,0.3650679051876068,0.369817835688591,0.0
gait_03_half_bound__vx_pos_1p0__seed_0042,11,joint_rear_right_calf_pitch,rr,calf,37.0,robot.actuators['calf_legs'].effort_limit,0.321592534241942,238.43179097458722,0.39059027336739194,0.4454297009029904,0.0,0.4770855128765106,0.4816973721981048,0.0
gait_03_half_bound__vx_pos_1p5__seed_0042,0,joint_front_left_abad,fl,hip,17.0,robot.actuators['hip_legs'].effort_limit,0.06771565714164691,3.630045522267465,0.15623742762733908,0.17232054500018848,0.0,0.30496570169925685,0.32475778996944427,0.0
gait_03_half_bound__vx_pos_1p5__seed_0042,1,joint_front_left_thigh_pitch,fl,thigh,17.0,robot.actuators['thigh_legs'].effort_limit,0.8199310565382922,99.29325694906991,0.5371345155379351,0.577013365240658,0.0,0.3033419013023376,0.3124713385105133,0.0
gait_03_half_bound__vx_pos_1p5__seed_0042,2,joint_front_left_calf_pitch,fl,calf,37.0,robot.actuators['calf_legs'].effort_limit,0.4911470976814895,512.548809145093,0.4087172869089487,0.43702708630948445,0.0,0.6230477929115296,0.6314920818805695,0.0
gait_03_half_bound__vx_pos_1p5__seed_0042,3,joint_front_right_abad,fr,hip,17.0,robot.actuators['hip_legs'].effort_limit,0.12188951522458628,8.903009484943395,0.18352326785816866,0.19920840333489812,0.0,0.3574639499187469,0.3655510103702545,0.0
gait_03_half_bound__vx_pos_1p5__seed_0042,4,joint_front_right_thigh_pitch,fr,thigh,17.0,robot.actuators['thigh_legs'].effort_limit,0.41479230124926497,95.2824337294139,0.46233927782844064,0.5673486636666689,0.0,0.3170014500617981,0.3280967092514038,0.0
gait_03_half_bound__vx_pos_1p5__seed_0042,5,joint_front_right_calf_pitch,fr,calf,37.0,robot.actuators['calf_legs'].effort_limit,0.3907890290150742,299.79435757941565,0.35088074013993537,0.5051489639282215,0.0,0.4879369378089905,0.49476217925548555,0.0
gait_03_half_bound__vx_pos_1p5__seed_0042,6,joint_rear_left_abad,rl,hip,17.0,robot.actuators['hip_legs'].effort_limit,0.08589537835242635,8.717805010743614,0.15383456524680636,0.18297478619743796,0.0,0.28368823826313017,0.3005318218469619,0.0
gait_03_half_bound__vx_pos_1p5__seed_0042,7,joint_rear_left_thigh_pitch,rl,thigh,20.0,robot.actuators['thigh_legs'].effort_limit,0.9638727350280042,154.05189572021365,0.6322493457794189,0.7023665714263916,0.0,0.3815297245979308,0.39169519662857055,0.0
gait_03_half_bound__vx_pos_1p5__seed_0042,8,joint_rear_left_calf_pitch,rl,calf,37.0,robot.actuators['calf_legs'].effort_limit,0.3725613954235839,232.82452636082425,0.4832662324647645,0.5337484364896207,0.0,0.4874696314334869,0.4933684265613556,0.0
gait_03_half_bound__vx_pos_1p5__seed_0042,9,joint_rear_right_abad,rr,hip,17.0,robot.actuators['hip_legs'].effort_limit,0.17322530260880797,10.824120611152939,0.24496465009801527,0.2594707469379201,0.0,0.3743082404136658,0.38091375589370724,0.0
gait_03_half_bound__vx_pos_1p5__seed_0042,10,joint_rear_right_thigh_pitch,rr,thigh,20.0,robot.actuators['thigh_legs'].effort_limit,0.9174211267272413,140.95013429703192,0.6293119573593139,0.7001357188224792,0.0,0.3521647572517395,0.36040155827999115,0.0
gait_03_half_bound__vx_pos_1p5__seed_0042,11,joint_rear_right_calf_pitch,rr,calf,37.0,robot.actuators['calf_legs'].effort_limit,0.41454687532119905,279.3098600894399,0.42786077679814516,0.45426603575010555,0.0,0.5020909249782562,0.5058046233654022,0.0
gait_04_half_bound__vx_neg_1p5__seed_0042,0,joint_front_left_abad,fl,hip,17.0,robot.actuators['hip_legs'].effort_limit,0.17888379744942812,7.646883692548145,0.2830905297223259,0.3025761469672708,0.0,0.36427191495895384,0.37426829636096953,0.0
gait_04_half_bound__vx_neg_1p5__seed_0042,1,joint_front_left_thigh_pitch,fl,thigh,17.0,robot.actuators['thigh_legs'].effort_limit,1.7994980114293464,179.470011838302,0.8036816400640151,0.9913734761406394,0.016666666666666666,0.3782094836235046,0.38965428709983824,0.0
gait_04_half_bound__vx_neg_1p5__seed_0042,2,joint_front_left_calf_pitch,fl,calf,37.0,robot.actuators['calf_legs'].effort_limit,0.30267190028974383,256.1943156014755,0.35463237762451155,0.4364532228418297,0.0,0.46697661876678465,0.47103086590766907,0.0
gait_04_half_bound__vx_neg_1p5__seed_0042,3,joint_front_right_abad,fr,hip,17.0,robot.actuators['hip_legs'].effort_limit,0.09651241177179046,8.70756183844991,0.157843840823454,0.16554721004822673,0.0,0.322090870141983,0.3410432374477386,0.0
gait_04_half_bound__vx_neg_1p5__seed_0042,4,joint_front_right_thigh_pitch,fr,thigh,17.0,robot.actuators['thigh_legs'].effort_limit,1.5746440367328578,170.48616424754263,0.7909197078031649,0.8769750393138211,0.0,0.3736688196659088,0.37798985838890076,0.0
gait_04_half_bound__vx_neg_1p5__seed_0042,5,joint_front_right_calf_pitch,fr,calf,37.0,robot.actuators['calf_legs'].effort_limit,0.27705263849798945,185.38307986113244,0.434688207265493,0.46273482967067403,0.0,0.5069486260414123,0.5138817703723907,0.0
gait_04_half_bound__vx_neg_1p5__seed_0042,6,joint_rear_left_abad,rl,hip,17.0,robot.actuators['hip_legs'].effort_limit,0.08104658958794601,5.848472462694917,0.1517096582581015,0.1715802731233484,0.0,0.37817558348178854,0.4111180698871612,0.0
gait_04_half_bound__vx_neg_1p5__seed_0042,7,joint_rear_left_thigh_pitch,rl,thigh,20.0,robot.actuators['thigh_legs'].effort_limit,0.3661666844945166,88.24339312858879,0.3389181971549985,0.43044977474212626,0.0,0.3337184965610504,0.3425231784582138,0.0
gait_04_half_bound__vx_neg_1p5__seed_0042,8,joint_rear_left_calf_pitch,rl,calf,37.0,robot.actuators['calf_legs'].effort_limit,0.22981137708728266,187.44023435238748,0.26614003696957145,0.3951783381281671,0.0,0.5103451073169708,0.5238299119472504,0.0
gait_04_half_bound__vx_neg_1p5__seed_0042,9,joint_rear_right_abad,rr,hip,17.0,robot.actuators['hip_legs'].effort_limit,0.2384863896899494,9.248694932418875,0.3194552603889914,0.3323414810966043,0.0,0.41598083972930905,0.423773626089096,0.0
gait_04_half_bound__vx_neg_1p5__seed_0042,10,joint_rear_right_thigh_pitch,rr,thigh,20.0,robot.actuators['thigh_legs'].effort_limit,1.3100636450882253,169.79807702036575,0.6550379800796508,0.698993356704712,0.0,0.2927445024251938,0.297376771569252,0.0
gait_04_half_bound__vx_neg_1p5__seed_0042,11,joint_rear_right_calf_pitch,rr,calf,37.0,robot.actuators['calf_legs'].effort_limit,0.5030459412307609,523.7247494542598,0.3841574088947193,0.43724638706928953,0.0,0.6122984528541565,0.6224778914451599,0.0
gait_04_half_bound__vx_neg_1p0__seed_0042,0,joint_front_left_abad,fl,hip,17.0,robot.actuators['hip_legs'].effort_limit,0.13360122622245948,6.441102560137515,0.21672331725849825,0.23263919185189638,0.0,0.33033571541309353,0.3413005721569061,0.0
gait_04_half_bound__vx_neg_1p0__seed_0042,1,joint_front_left_thigh_pitch,fl,thigh,17.0,robot.actuators['thigh_legs'].effort_limit,1.1918381516024694,110.98370688565076,0.6901777267456051,0.8355026604147517,0.0,0.4084019124507904,0.41251025676727293,0.0
gait_04_half_bound__vx_neg_1p0__seed_0042,2,joint_front_left_calf_pitch,fl,calf,37.0,robot.actuators['calf_legs'].effort_limit,0.2741062797642704,240.19431396335364,0.3720827592385773,0.4572319087466678,0.0,0.4812540471553802,0.48386844277381896,0.0
gait_04_half_bound__vx_neg_1p0__seed_0042,3,joint_front_right_abad,fr,hip,17.0,robot.actuators['hip_legs'].effort_limit,0.05103119332556553,2.533898927823175,0.13803155422210692,0.15870618848239673,0.0,0.2609652817249298,0.27624852657318116,0.0
gait_04_half_bound__vx_neg_1p0__seed_0042,4,joint_front_right_thigh_pitch,fr,thigh,17.0,robot.actuators['thigh_legs'].effort_limit,0.8464119288510709,92.74362408071757,0.607803518631879,0.6377918972688563,0.0,0.4030456364154816,0.40828447818756103,0.0
gait_04_half_bound__vx_neg_1p0__seed_0042,5,joint_front_right_calf_pitch,fr,calf,37.0,robot.actuators['calf_legs'].effort_limit,0.24643196426196265,179.89341915742494,0.3605717620334108,0.40378029668653326,0.0,0.48165562748908997,0.4835399580001831,0.0
gait_04_half_bound__vx_neg_1p0__seed_0042,6,joint_rear_left_abad,rl,hip,17.0,robot.actuators['hip_legs'].effort_limit,0.10283629948928813,5.645385057309413,0.17263373907874607,0.18536570184371046,0.0,0.3249350011348724,0.33118047177791593,0.0
gait_04_half_bound__vx_neg_1p0__seed_0042,7,joint_rear_left_thigh_pitch,rl,thigh,20.0,robot.actuators['thigh_legs'].effort_limit,0.4717760776518006,66.97809295695275,0.4180611634254456,0.44201750993728633,0.0,0.350672724843025,0.36405325353145596,0.0
gait_04_half_bound__vx_neg_1p0__seed_0042,8,joint_rear_left_calf_pitch,rl,calf,37.0,robot.actuators['calf_legs'].effort_limit,0.16828283707341096,153.00252208784224,0.23504299344243226,0.2745877490172515,0.0,0.46393499374389646,0.46630876779556274,0.0
gait_04_half_bound__vx_neg_1p0__seed_0042,9,joint_rear_right_abad,rr,hip,17.0,robot.actuators['hip_legs'].effort_limit,0.20941415973196864,10.741135345499497,0.26982919328352983,0.2788243983773624,0.0,0.3555400192737579,0.37618564724922177,0.0
gait_04_half_bound__vx_neg_1p0__seed_0042,10,joint_rear_right_thigh_pitch,rr,thigh,20.0,robot.actuators['thigh_legs'].effort_limit,1.0331885193396988,107.96463157968596,0.7038670206069946,0.731730369091034,0.0,0.3065537542104721,0.31327885687351226,0.0
gait_04_half_bound__vx_neg_1p0__seed_0042,11,joint_rear_right_calf_pitch,rr,calf,37.0,robot.actuators['calf_legs'].effort_limit,0.5096422572805416,493.77184408493343,0.3525556912293305,0.429944884068257,0.0,0.5826876580715179,0.5906746232509613,0.0
gait_04_half_bound__vx_neg_0p5__seed_0042,0,joint_front_left_abad,fl,hip,17.0,robot.actuators['hip_legs'].effort_limit,0.08387212310963171,4.925009069624939,0.19337917776668773,0.25365551780251894,0.0,0.2918660044670105,0.30447982251644135,0.0
gait_04_half_bound__vx_neg_0p5__seed_0042,1,joint_front_left_thigh_pitch,fl,thigh,17.0,robot.actuators['thigh_legs'].effort_limit,0.5821759417596599,56.49628228399903,0.4969626314499799,0.5541528673732983,0.0,0.4194321036338806,0.4215323030948639,0.0
gait_04_half_bound__vx_neg_0p5__seed_0042,2,joint_front_left_calf_pitch,fl,calf,37.0,robot.actuators['calf_legs'].effort_limit,0.24061530932387887,171.68283164598165,0.377923211535892,0.43814759641080286,0.0,0.5096570253372192,0.5121351182460785,0.0
gait_04_half_bound__vx_neg_0p5__seed_0042,3,joint_front_right_abad,fr,hip,17.0,robot.actuators['hip_legs'].effort_limit,0.039796292486647726,2.713318220796864,0.12591687020133524,0.19036707106758566,0.0,0.22898724675178528,0.2418508529663086,0.0
gait_04_half_bound__vx_neg_0p5__seed_0042,4,joint_front_right_thigh_pitch,fr,thigh,17.0,robot.actuators['thigh_legs'].effort_limit,0.36574124374417033,42.16406492135255,0.4126081116059247,0.501844981137444,0.0,0.40598225593566895,0.410171777009964,0.0
gait_04_half_bound__vx_neg_0p5__seed_0042,5,joint_front_right_calf_pitch,fr,calf,37.0,robot.actuators['calf_legs'].effort_limit,0.23171586508085543,168.43649531038477,0.2793607711791992,0.29677314371676056,0.0,0.48988108336925507,0.49539197981357574,0.0
gait_04_half_bound__vx_neg_0p5__seed_0042,6,joint_rear_left_abad,rl,hip,17.0,robot.actuators['hip_legs'].effort_limit,0.08126724623919211,4.362950527372013,0.1571861330200644,0.18724125273087444,0.0,0.2749195098876953,0.28054364025592804,0.0
gait_04_half_bound__vx_neg_0p5__seed_0042,7,joint_rear_left_thigh_pitch,rl,thigh,20.0,robot.actuators['thigh_legs'].effort_limit,0.5663595006163769,45.66559156090021,0.4298293113708496,0.44361971616744994,0.0,0.34986330568790436,0.3528061509132385,0.0
gait_04_half_bound__vx_neg_0p5__seed_0042,8,joint_rear_left_calf_pitch,rl,calf,37.0,robot.actuators['calf_legs'].effort_limit,0.14595545047582884,129.53201207685285,0.27633074167612437,0.32277151056238124,0.0,0.5255910456180573,0.5319406688213348,0.0
gait_04_half_bound__vx_neg_0p5__seed_0042,9,joint_rear_right_abad,rr,hip,17.0,robot.actuators['hip_legs'].effort_limit,0.1580802775143096,7.715210734596476,0.2636767766054939,0.29787158966064453,0.0,0.2983628213405609,0.3180983066558838,0.0
gait_04_half_bound__vx_neg_0p5__seed_0042,10,joint_rear_right_thigh_pitch,rr,thigh,20.0,robot.actuators['thigh_legs'].effort_limit,0.8629880707650438,78.34779860796407,0.6829852223396301,0.7021190881729126,0.0,0.3348560184240341,0.3381299525499344,0.0
gait_04_half_bound__vx_neg_0p5__seed_0042,11,joint_rear_right_calf_pitch,rr,calf,37.0,robot.actuators['calf_legs'].effort_limit,0.40248432539358214,401.13633015193045,0.2957744147326495,0.44860366872839025,0.0,0.5968174636363983,0.6207177639007568,0.0
gait_04_half_bound__vx_pos_0p5__seed_0042,0,joint_front_left_abad,fl,hip,17.0,robot.actuators['hip_legs'].effort_limit,0.040352238690096826,4.581963673994178,0.1144130685750176,0.1760523845167721,0.0,0.23811779916286469,0.24362534284591675,0.0
gait_04_half_bound__vx_pos_0p5__seed_0042,1,joint_front_left_thigh_pitch,fl,thigh,17.0,robot.actuators['thigh_legs'].effort_limit,0.3898863537930597,38.22190915824846,0.3624383982490091,0.41451018698075237,0.0,0.36173272132873535,0.37093308568000793,0.0
gait_04_half_bound__vx_pos_0p5__seed_0042,2,joint_front_left_calf_pitch,fl,calf,37.0,robot.actuators['calf_legs'].effort_limit,0.3294983136392409,233.16395019723103,0.3741940807651829,0.4712297465350177,0.0,0.5021571964025497,0.5072264969348907,0.0
gait_04_half_bound__vx_pos_0p5__seed_0042,3,joint_front_right_abad,fr,hip,17.0,robot.actuators['hip_legs'].effort_limit,0.04971254629387972,4.296306166499853,0.12987320913988,0.19663336347131166,0.0,0.21413004398345947,0.28718283772468567,0.0
gait_04_half_bound__vx_pos_0p5__seed_0042,4,joint_front_right_thigh_pitch,fr,thigh,17.0,robot.actuators['thigh_legs'].effort_limit,0.6372085304978484,68.18284638675978,0.6476715592777028,0.6838519713457892,0.0,0.33501991629600525,0.33990857005119324,0.0
gait_04_half_bound__vx_pos_0p5__seed_0042,5,joint_front_right_calf_pitch,fr,calf,37.0,robot.actuators['calf_legs'].effort_limit,0.40915536330226304,359.21236212705145,0.3313796326920793,0.45431691247063716,0.0,0.5007668882608414,0.5062705874443054,0.0
gait_04_half_bound__vx_pos_0p5__seed_0042,6,joint_rear_left_abad,rl,hip,17.0,robot.actuators['hip_legs'].effort_limit,0.06829897906259892,6.311918244971894,0.14243430951062372,0.15778403422411752,0.0,0.3450069725513458,0.35209861397743225,0.0
gait_04_half_bound__vx_pos_0p5__seed_0042,7,joint_rear_left_thigh_pitch,rl,thigh,20.0,robot.actuators['thigh_legs'].effort_limit,0.5477324403944877,29.82973999584632,0.5048695206642151,0.5760202884674073,0.0,0.3735515922307968,0.38167501986026764,0.0
gait_04_half_bound__vx_pos_0p5__seed_0042,8,joint_rear_left_calf_pitch,rl,calf,37.0,robot.actuators['calf_legs'].effort_limit,0.17900485292402873,150.28921755194665,0.3036648840517611,0.4255447258820405,0.0,0.5083157122135162,0.5129347443580627,0.0
gait_04_half_bound__vx_pos_0p5__seed_0042,9,joint_rear_right_abad,rr,hip,17.0,robot.actuators['hip_legs'].effort_limit,0.15934661104136383,8.787873315346078,0.2934724302852855,0.3316788603277767,0.0,0.2994006276130676,0.3418492376804352,0.0
gait_04_half_bound__vx_pos_0p5__seed_0042,10,joint_rear_right_thigh_pitch,rr,thigh,20.0,robot.actuators['thigh_legs'].effort_limit,0.2657382915984141,65.51256070405245,0.312831711769104,0.3493490993976593,0.0,0.40773312747478485,0.4119400680065155,0.0
gait_04_half_bound__vx_pos_0p5__seed_0042,11,joint_rear_right_calf_pitch,rr,calf,37.0,robot.actuators['calf_legs'].effort_limit,0.3457716225191515,270.2997139499337,0.28536307489549795,0.3318717544143264,0.0,0.6410121917724609,0.6521793007850647,0.0
gait_04_half_bound__vx_pos_1p0__seed_0042,0,joint_front_left_abad,fl,hip,17.0,robot.actuators['hip_legs'].effort_limit,0.03939128760504261,4.470639714264398,0.12483800439273589,0.17220249807133378,0.0,0.22146316468715668,0.22995424211025237,0.0
gait_04_half_bound__vx_pos_1p0__seed_0042,1,joint_front_left_thigh_pitch,fl,thigh,17.0,robot.actuators['thigh_legs'].effort_limit,0.4404246875727965,60.66362832349725,0.37503274609060844,0.3917340533873614,0.0,0.3532837092876434,0.35905665397644043,0.0
gait_04_half_bound__vx_pos_1p0__seed_0042,2,joint_front_left_calf_pitch,fl,calf,37.0,robot.actuators['calf_legs'].effort_limit,0.3862075652726461,286.05531394560825,0.36326331319035693,0.40977201152492154,0.0,0.5163453340530395,0.5213930094242096,0.0
gait_04_half_bound__vx_pos_1p0__seed_0042,3,joint_front_right_abad,fr,hip,17.0,robot.actuators['hip_legs'].effort_limit,0.04992087112817524,6.581785836446215,0.12712805201025568,0.14191343742258405,0.0,0.2403184711933136,0.2788778638839721,0.0
gait_04_half_bound__vx_pos_1p0__seed_0042,4,joint_front_right_thigh_pitch,fr,thigh,17.0,robot.actuators['thigh_legs'].effort_limit,0.7815288392236618,102.62062470584759,0.6683678767260379,0.7407993787877698,0.0,0.32564012408256526,0.33734487771987914,0.0
gait_04_half_bound__vx_pos_1p0__seed_0042,5,joint_front_right_calf_pitch,fr,calf,37.0,robot.actuators['calf_legs'].effort_limit,0.589724905560412,542.7646652774513,0.38951246416246565,0.4599252551310771,0.0,0.5197540491819381,0.5244138568639756,0.0
gait_04_half_bound__vx_pos_1p0__seed_0042,6,joint_rear_left_abad,rl,hip,17.0,robot.actuators['hip_legs'].effort_limit,0.10247543684088559,7.110495342715585,0.1741304860395543,0.1875348828820621,0.0,0.3817433208227157,0.3894552171230316,0.0
gait_04_half_bound__vx_pos_1p0__seed_0042,7,joint_rear_left_thigh_pitch,rl,thigh,20.0,robot.actuators['thigh_legs'].effort_limit,0.7739828979048677,74.81421709306538,0.6300466299057007,0.7312926645278929,0.0,0.3758082240819931,0.3893030035495758,0.0
gait_04_half_bound__vx_pos_1p0__seed_0042,8,joint_rear_left_calf_pitch,rl,calf,37.0,robot.actuators['calf_legs'].effort_limit,0.24006325434033485,192.95810727865435,0.32513836525581974,0.4503015389313568,0.0,0.465846186876297,0.49016212224960326,0.0
gait_04_half_bound__vx_pos_1p0__seed_0042,9,joint_rear_right_abad,rr,hip,17.0,robot.actuators['hip_legs'].effort_limit,0.23112240892523905,12.506321963247611,0.3172418243744794,0.33857504339779115,0.0,0.3503830254077911,0.36809706330299374,0.0
gait_04_half_bound__vx_pos_1p0__seed_0042,10,joint_rear_right_thigh_pitch,rr,thigh,20.0,robot.actuators['thigh_legs'].effort_limit,0.400002143401402,99.23685080736875,0.4690774798393249,0.5037180304527282,0.0,0.40196135342121125,0.4091836416721344,0.0
gait_04_half_bound__vx_pos_1p0__seed_0042,11,joint_rear_right_calf_pitch,rr,calf,37.0,robot.actuators['calf_legs'].effort_limit,0.4473199082068928,368.4842663636804,0.36953932272421347,0.4052467021426639,0.0,0.6290278136730193,0.6498208332061768,0.0
gait_04_half_bound__vx_pos_1p5__seed_0042,0,joint_front_left_abad,fl,hip,17.0,robot.actuators['hip_legs'].effort_limit,0.04701431590363764,7.432442151269643,0.17910677965949562,0.2217680576268364,0.0,0.22166170477867125,0.2300702255964279,0.0
gait_04_half_bound__vx_pos_1p5__seed_0042,1,joint_front_left_thigh_pitch,fl,thigh,17.0,robot.actuators['thigh_legs'].effort_limit,0.5118607001350362,79.0662529810518,0.48883785079507264,0.4984160821578082,0.0,0.3494672834873199,0.386861914396286,0.0
gait_04_half_bound__vx_pos_1p5__seed_0042,2,joint_front_left_calf_pitch,fl,calf,37.0,robot.actuators['calf_legs'].effort_limit,0.3765200916968744,294.83510279669895,0.37249981905962964,0.390033740224065,0.0,0.5280179500579834,0.5319716757535935,0.0
gait_04_half_bound__vx_pos_1p5__seed_0042,3,joint_front_right_abad,fr,hip,17.0,robot.actuators['hip_legs'].effort_limit,0.06811356736115952,7.196740626395186,0.1570263736388262,0.16570286512374874,0.0,0.2813520908355712,0.2945062327384948,0.0
gait_04_half_bound__vx_pos_1p5__seed_0042,4,joint_front_right_thigh_pitch,fr,thigh,17.0,robot.actuators['thigh_legs'].effort_limit,0.9521877711510589,132.04946856930852,0.5739513621610753,0.6026499305051916,0.0,0.3223311424255371,0.3310496699810028,0.0
gait_04_half_bound__vx_pos_1p5__seed_0042,5,joint_front_right_calf_pitch,fr,calf,37.0,robot.actuators['calf_legs'].effort_limit,0.7633281256588466,706.3927248992026,0.4451280078372439,0.4985413752375422,0.0,0.5569914907217025,0.5618384850025177,0.0
gait_04_half_bound__vx_pos_1p5__seed_0042,6,joint_rear_left_abad,rl,hip,17.0,robot.actuators['hip_legs'].effort_limit,0.08805428825191138,6.856717235764954,0.17851895164040954,0.22037484589745004,0.0,0.39508191943168636,0.4074155682325363,0.0
gait_04_half_bound__vx_pos_1p5__seed_0042,7,joint_rear_left_thigh_pitch,rl,thigh,20.0,robot.actuators['thigh_legs'].effort_limit,1.1072179405088898,128.83970450244146,0.7059027624130247,0.8526945724487305,0.0,0.36864350438117977,0.3780271697044372,0.0
gait_04_half_bound__vx_pos_1p5__seed_0042,8,joint_rear_left_calf_pitch,rl,calf,37.0,robot.actuators['calf_legs'].effort_limit,0.2733586473022346,220.6737658073156,0.3649235880052721,0.39686440364734543,0.0,0.4755714535713196,0.4873167264461517,0.0
gait_04_half_bound__vx_pos_1p5__seed_0042,9,joint_rear_right_abad,rr,hip,17.0,robot.actuators['hip_legs'].effort_limit,0.23736203525749566,9.941850171657862,0.2977187689612893,0.3295932867947746,0.0,0.40621062517166134,0.4685680735111237,0.0
gait_04_half_bound__vx_pos_1p5__seed_0042,10,joint_rear_right_thigh_pitch,rr,thigh,20.0,robot.actuators['thigh_legs'].effort_limit,0.7365342264093206,144.24860828496517,0.6654255604743957,0.7000791230201721,0.0,0.3825651317834854,0.3889885783195495,0.0
gait_04_half_bound__vx_pos_1p5__seed_0042,11,joint_rear_right_calf_pitch,rr,calf,37.0,robot.actuators['calf_legs'].effort_limit,0.5206750719265265,415.80712688917293,0.4771250776342442,0.5101603157455856,0.0,0.6235637784004211,0.6306365931034088,0.0
gait_05_half_bound__vx_neg_1p5__seed_0042,0,joint_front_left_abad,fl,hip,17.0,robot.actuators['hip_legs'].effort_limit,0.13021440262227746,6.819307983226609,0.21632494575837072,0.2319752963851479,0.0,0.37276562750339504,0.3867761218547821,0.0
gait_05_half_bound__vx_neg_1p5__seed_0042,1,joint_front_left_thigh_pitch,fl,thigh,17.0,robot.actuators['thigh_legs'].effort_limit,1.3785480952717444,170.62015106813982,0.7378486661350024,0.8156369635638068,0.0,0.3773658454418182,0.3827592575550079,0.0
gait_05_half_bound__vx_neg_1p5__seed_0042,2,joint_front_left_calf_pitch,fl,calf,37.0,robot.actuators['calf_legs'].effort_limit,0.34416545102020885,240.29774928495289,0.42683158049712305,0.45989038776707,0.0,0.48976151645183563,0.49476781487464905,0.0
gait_05_half_bound__vx_neg_1p5__seed_0042,3,joint_front_right_abad,fr,hip,17.0,robot.actuators['hip_legs'].effort_limit,0.12172309651480805,7.0462529291783,0.239929187999052,0.2758625353083891,0.0,0.37118611931800843,0.38223482966423034,0.0
gait_05_half_bound__vx_neg_1p5__seed_0042,4,joint_front_right_thigh_pitch,fr,thigh,17.0,robot.actuators['thigh_legs'].effort_limit,2.144983187401854,200.44411721915006,0.9865219396703383,1.0,0.0625,0.3491527855396271,0.35315589189529417,0.0
gait_05_half_bound__vx_neg_1p5__seed_0042,5,joint_front_right_calf_pitch,fr,calf,37.0,robot.actuators['calf_legs'].effort_limit,0.3599220043318384,277.9565440143645,0.4843803457311681,0.5882039601094011,0.0,0.49987636506557465,0.5112051504850388,0.0
gait_05_half_bound__vx_neg_1p5__seed_0042,6,joint_rear_left_abad,rl,hip,17.0,robot.actuators['hip_legs'].effort_limit,0.15198383582600453,8.785760095661972,0.19095941221012785,0.20127928789924168,0.0,0.4499247491359711,0.4741456276178359,0.0
gait_05_half_bound__vx_neg_1p5__seed_0042,7,joint_rear_left_thigh_pitch,rl,thigh,20.0,robot.actuators['thigh_legs'].effort_limit,0.8388932951445868,145.3569894826412,0.5431100726127625,0.5675644545555114,0.0,0.2837625592947006,0.289623646736145,0.0
gait_05_half_bound__vx_neg_1p5__seed_0042,8,joint_rear_left_calf_pitch,rl,calf,37.0,robot.actuators['calf_legs'].effort_limit,0.5647646913790754,505.0469419918209,0.4083407402038574,0.43544427510854355,0.0,0.6696359157562255,0.6877280688285827,0.0
gait_05_half_bound__vx_neg_1p5__seed_0042,9,joint_rear_right_abad,rr,hip,17.0,robot.actuators['hip_legs'].effort_limit,0.11968304582167706,8.159275002412032,0.19006951065624458,0.20907769988564878,0.0,0.43001157641410825,0.4508233225345611,0.0
gait_05_half_bound__vx_neg_1p5__seed_0042,10,joint_rear_right_thigh_pitch,rr,thigh,20.0,robot.actuators['thigh_legs'].effort_limit,0.4555381303541929,98.63660369478632,0.3953545582294463,0.48181307697296133,0.0,0.3044635415077209,0.31925436198711393,0.0
gait_05_half_bound__vx_neg_1p5__seed_0042,11,joint_rear_right_calf_pitch,rr,calf,37.0,robot.actuators['calf_legs'].effort_limit,0.23906504504547044,168.06362320698798,0.3152918377438107,0.38009982289494676,0.0,0.49457638859748837,0.5256245398521423,0.0
gait_05_half_bound__vx_neg_1p0__seed_0042,0,joint_front_left_abad,fl,hip,17.0,robot.actuators['hip_legs'].effort_limit,0.04593305685809018,3.497520430871518,0.12655871545567227,0.16080340301289262,0.0,0.32413447201251977,0.3707271069288252,0.0
gait_05_half_bound__vx_neg_1p0__seed_0042,1,joint_front_left_thigh_pitch,fl,thigh,17.0,robot.actuators['thigh_legs'].effort_limit,0.6587845586739887,85.05121251314878,0.5427369342130769,0.6267101158815269,0.0,0.4048043847084045,0.40888707160949705,0.0
gait_05_half_bound__vx_neg_1p0__seed_0042,2,joint_front_left_calf_pitch,fl,calf,37.0,robot.actuators['calf_legs'].effort_limit,0.3100639129143423,225.99486677579583,0.3567483386477906,0.40029611664849357,0.0,0.5038737952709198,0.5093620884418487,0.0
gait_05_half_bound__vx_neg_1p0__seed_0042,3,joint_front_right_abad,fr,hip,17.0,robot.actuators['hip_legs'].effort_limit,0.09969129228766306,6.714930637306534,0.18623872925253476,0.19307486828635717,0.0,0.3638174474239349,0.3734242284297943,0.0
gait_05_half_bound__vx_neg_1p0__seed_0042,4,joint_front_right_thigh_pitch,fr,thigh,17.0,robot.actuators['thigh_legs'].effort_limit,1.6207017976953952,130.02859865903855,0.9407503380494957,1.0,0.0375,0.3878510773181915,0.3918427419662476,0.0
gait_05_half_bound__vx_neg_1p0__seed_0042,5,joint_front_right_calf_pitch,fr,calf,37.0,robot.actuators['calf_legs'].effort_limit,0.3152706061925352,238.30920449352823,0.43541865219941006,0.5143682706678226,0.0,0.47338526844978324,0.4817391163110733,0.0
gait_05_half_bound__vx_neg_1p0__seed_0042,6,joint_rear_left_abad,rl,hip,17.0,robot.actuators['hip_legs'].effort_limit,0.1067601143089952,8.617163405067549,0.16588694418177882,0.18831005404977236,0.0,0.42087702751159656,0.43726099431514737,0.0
gait_05_half_bound__vx_neg_1p0__seed_0042,7,joint_rear_left_thigh_pitch,rl,thigh,20.0,robot.actuators['thigh_legs'].effort_limit,0.5989405619168775,93.06975845005364,0.4910414600372313,0.5229673590660096,0.0,0.31161079108715056,0.32144322693347926,0.0
gait_05_half_bound__vx_neg_1p0__seed_0042,8,joint_rear_left_calf_pitch,rl,calf,37.0,robot.actuators['calf_legs'].effort_limit,0.5259701700496018,490.1081536315382,0.3593565425357303,0.39222060203552234,0.0,0.6237353086471558,0.6309063136577606,0.0
gait_05_half_bound__vx_neg_1p0__seed_0042,9,joint_rear_right_abad,rr,hip,17.0,robot.actuators['hip_legs'].effort_limit,0.146272687988165,6.114820220777765,0.22345561490339388,0.2359273094289443,0.0,0.38326690793037416,0.39434902429580687,0.0
gait_05_half_bound__vx_neg_1p0__seed_0042,10,joint_rear_right_thigh_pitch,rr,thigh,20.0,robot.actuators['thigh_legs'].effort_limit,0.49655553247140577,56.74933553904295,0.44957839250564574,0.4634288229942321,0.0,0.3415365159511566,0.3604599994421005,0.0
gait_05_half_bound__vx_neg_1p0__seed_0042,11,joint_rear_right_calf_pitch,rr,calf,37.0,robot.actuators['calf_legs'].effort_limit,0.19751051336598763,160.97564968485386,0.27835979203920097,0.32512128778406085,0.0,0.4656049430370331,0.4713515555858612,0.0
gait_05_half_bound__vx_neg_0p5__seed_0042,0,joint_front_left_abad,fl,hip,17.0,robot.actuators['hip_legs'].effort_limit,0.03396840124252495,2.522199565783885,0.10741338484427508,0.14940533918492935,0.0,0.2675890028476715,0.2794676870107651,0.0
gait_05_half_bound__vx_neg_0p5__seed_0042,1,joint_front_left_thigh_pitch,fl,thigh,17.0,robot.actuators['thigh_legs'].effort_limit,0.2818759968127905,34.79375882142689,0.3848772469688864,0.43902315111721263,0.0,0.4117688536643982,0.4138782322406769,0.0
gait_05_half_bound__vx_neg_0p5__seed_0042,2,joint_front_left_calf_pitch,fl,calf,37.0,robot.actuators['calf_legs'].effort_limit,0.2576381275414128,182.74617114507012,0.29689398327389277,0.3611323511278307,0.0,0.5081574767827988,0.5158315300941467,0.0
gait_05_half_bound__vx_neg_0p5__seed_0042,3,joint_front_right_abad,fr,hip,17.0,robot.actuators['hip_legs'].effort_limit,0.11485112731573942,6.176282989963656,0.21581873122383566,0.28864760959849634,0.0,0.3684827983379364,0.37500324845314026,0.0
gait_05_half_bound__vx_neg_0p5__seed_0042,4,joint_front_right_thigh_pitch,fr,thigh,17.0,robot.actuators['thigh_legs'].effort_limit,1.0598111813817617,70.65606180720032,0.7369899609509636,0.8916680812835693,0.0021008403361344537,0.3967803716659546,0.4013310670852661,0.0
gait_05_half_bound__vx_neg_0p5__seed_0042,5,joint_front_right_calf_pitch,fr,calf,37.0,robot.actuators['calf_legs'].effort_limit,0.3161629494634533,247.3932393374108,0.40945739359469024,0.4389444041896511,0.0,0.497965931892395,0.5026917904615402,0.0
gait_05_half_bound__vx_neg_0p5__seed_0042,6,joint_rear_left_abad,rl,hip,17.0,robot.actuators['hip_legs'].effort_limit,0.07506457861389991,6.627204031727743,0.15468823208528407,0.1825644198585959,0.0,0.3624836504459381,0.3714757561683655,0.0
gait_05_half_bound__vx_neg_0p5__seed_0042,7,joint_rear_left_thigh_pitch,rl,thigh,20.0,robot.actuators['thigh_legs'].effort_limit,0.45672731568214026,56.04535792863462,0.5052336573600769,0.533564031124115,0.0,0.33233509957790375,0.33521322906017303,0.0
gait_05_half_bound__vx_neg_0p5__seed_0042,8,joint_rear_left_calf_pitch,rl,calf,37.0,robot.actuators['calf_legs'].effort_limit,0.4184675321173703,424.4280642228387,0.33475816572034683,0.4413391061731287,0.0,0.6138826906681061,0.62751704454422,0.0
gait_05_half_bound__vx_neg_0p5__seed_0042,9,joint_rear_right_abad,rr,hip,17.0,robot.actuators['hip_legs'].effort_limit,0.1375615884519848,5.754555568797514,0.21180817309547872,0.2186851326157065,0.0,0.3187466859817505,0.32960161566734314,0.0
gait_05_half_bound__vx_neg_0p5__seed_0042,10,joint_rear_right_thigh_pitch,rr,thigh,20.0,robot.actuators['thigh_legs'].effort_limit,0.5533804157261316,38.51603053092957,0.4080552101135254,0.42249742746353147,0.0,0.34683293104171753,0.3598628491163254,0.0
gait_05_half_bound__vx_neg_0p5__seed_0042,11,joint_rear_right_calf_pitch,rr,calf,37.0,robot.actuators['calf_legs'].effort_limit,0.18483617591590346,144.51601611839607,0.29038888054925044,0.3580331866805618,0.0,0.5190168023109436,0.5228602886199951,0.0
gait_05_half_bound__vx_pos_0p5__seed_0042,0,joint_front_left_abad,fl,hip,17.0,robot.actuators['hip_legs'].effort_limit,0.09188362209432765,6.230259927508305,0.25423742743099437,0.3265779719633215,0.0,0.35262659192085266,0.42101138830184937,0.0
gait_05_half_bound__vx_pos_0p5__seed_0042,1,joint_front_left_thigh_pitch,fl,thigh,17.0,robot.actuators['thigh_legs'].effort_limit,0.33227994123781074,54.297250333284026,0.38515116887934064,0.48491259182200713,0.0,0.3415915071964264,0.3446272015571594,0.0
gait_05_half_bound__vx_pos_0p5__seed_0042,2,joint_front_left_calf_pitch,fl,calf,37.0,robot.actuators['calf_legs'].effort_limit,0.3671466268841646,296.9106125144707,0.33799987870293696,0.39149625881298167,0.0,0.5059279501438141,0.5130221247673035,0.0
gait_05_half_bound__vx_pos_0p5__seed_0042,3,joint_front_right_abad,fr,hip,17.0,robot.actuators['hip_legs'].effort_limit,0.14112539284152367,7.517040331722237,0.3312598607119392,0.38017293284921083,0.0,0.31503161787986755,0.3251626789569855,0.0
gait_05_half_bound__vx_pos_0p5__seed_0042,4,joint_front_right_thigh_pitch,fr,thigh,17.0,robot.actuators['thigh_legs'].effort_limit,0.35362377559388947,53.292407191079114,0.3311742614297306,0.37814268645118265,0.0,0.3409038484096527,0.3497661352157593,0.0
gait_05_half_bound__vx_pos_0p5__seed_0042,5,joint_front_right_calf_pitch,fr,calf,37.0,robot.actuators['calf_legs'].effort_limit,0.4282557454440205,400.0709933936317,0.4091895399866877,0.4999046325683594,0.0,0.5210860371589661,0.5259345173835754,0.0
gait_05_half_bound__vx_pos_0p5__seed_0042,6,joint_rear_left_abad,rl,hip,17.0,robot.actuators['hip_legs'].effort_limit,0.1482023392615928,7.532876020820113,0.24245659042807186,0.27853702797609214,0.0,0.29111330211162567,0.3144746720790863,0.0
gait_05_half_bound__vx_pos_0p5__seed_0042,7,joint_rear_left_thigh_pitch,rl,thigh,20.0,robot.actuators['thigh_legs'].effort_limit,0.356999111711264,64.52042353116907,0.3546579301357269,0.3729455649852753,0.0,0.43051469326019287,0.4418365806341171,0.0
gait_05_half_bound__vx_pos_0p5__seed_0042,8,joint_rear_left_calf_pitch,rl,calf,37.0,robot.actuators['calf_legs'].effort_limit,0.29632620354702277,261.0317686680332,0.28876260164621714,0.35219731846371216,0.0,0.6372815668582916,0.6588886380195618,0.0
gait_05_half_bound__vx_pos_0p5__seed_0042,9,joint_rear_right_abad,rr,hip,17.0,robot.actuators['hip_legs'].effort_limit,0.0651620126647513,3.9069824480602984,0.14781296603819905,0.1672047867494471,0.0,0.3263126313686371,0.3347656726837158,0.0
gait_05_half_bound__vx_pos_0p5__seed_0042,10,joint_rear_right_thigh_pitch,rr,thigh,20.0,robot.actuators['thigh_legs'].effort_limit,0.25144628934303676,27.717082560271958,0.340979790687561,0.42060678005218505,0.0,0.362625390291214,0.3746863901615143,0.0
gait_05_half_bound__vx_pos_0p5__seed_0042,11,joint_rear_right_calf_pitch,rr,calf,37.0,robot.actuators['calf_legs'].effort_limit,0.267445327759856,174.72156015263405,0.38436904469051875,0.4322342163807637,0.0,0.508439689874649,0.5126217305660248,0.0
gait_05_half_bound__vx_pos_1p0__seed_0042,0,joint_front_left_abad,fl,hip,17.0,robot.actuators['hip_legs'].effort_limit,0.07995929326958523,8.144672401627759,0.18674761828254252,0.2222946792490342,0.0,0.30749866664409614,0.36193170130252833,0.0
gait_05_half_bound__vx_pos_1p0__seed_0042,1,joint_front_left_thigh_pitch,fl,thigh,17.0,robot.actuators['thigh_legs'].effort_limit,0.426725887092583,65.1477500603348,0.4022687603445612,0.4286539843503166,0.0,0.34534748196601867,0.3616037487983704,0.0
gait_05_half_bound__vx_pos_1p0__seed_0042,2,joint_front_left_calf_pitch,fl,calf,37.0,robot.actuators['calf_legs'].effort_limit,0.39323512409659195,333.8245320687443,0.3391136311195991,0.3780753176921122,0.0,0.5175132155418396,0.5201283621788025,0.0
gait_05_half_bound__vx_pos_1p0__seed_0042,3,joint_front_right_abad,fr,hip,17.0,robot.actuators['hip_legs'].effort_limit,0.12084357483287476,5.3720027153263805,0.2636953129487879,0.3024099397659301,0.0,0.2987600028514862,0.30381187200546267,0.0
gait_05_half_bound__vx_pos_1p0__seed_0042,4,joint_front_right_thigh_pitch,fr,thigh,17.0,robot.actuators['thigh_legs'].effort_limit,0.4406914019678852,84.33532765577314,0.4214044711169073,0.4500009026246912,0.0,0.33773286342620845,0.34757376670837403,0.0
gait_05_half_bound__vx_pos_1p0__seed_0042,5,joint_front_right_calf_pitch,fr,calf,37.0,robot.actuators['calf_legs'].effort_limit,0.5192830865031135,549.5250946019439,0.39813525096790203,0.47511169278943854,0.0,0.4719180285930633,0.477750603556633,0.0
gait_05_half_bound__vx_pos_1p0__seed_0042,6,joint_rear_left_abad,rl,hip,17.0,robot.actuators['hip_legs'].effort_limit,0.3028783875241036,13.009495466828811,0.3351496598299812,0.3476924380134134,0.0,0.2875433057546615,0.29255589842796326,0.0
gait_05_half_bound__vx_pos_1p0__seed_0042,7,joint_rear_left_thigh_pitch,rl,thigh,20.0,robot.actuators['thigh_legs'].effort_limit,0.726012829590916,142.29531351357699,0.4867066717147827,0.5380245842933654,0.0,0.44007897973060606,0.44391426026821135,0.0
gait_05_half_bound__vx_pos_1p0__seed_0042,8,joint_rear_left_calf_pitch,rl,calf,37.0,robot.actuators['calf_legs'].effort_limit,0.3696728398304805,307.2146294661239,0.3575142254700532,0.38358800217912,0.0,0.6228840410709381,0.6278737080097199,0.0
gait_05_half_bound__vx_pos_1p0__seed_0042,9,joint_rear_right_abad,rr,hip,17.0,robot.actuators['hip_legs'].effort_limit,0.12199868122302347,6.934014495283409,0.19201463811537797,0.20657996275845694,0.0,0.37530888319015504,0.38412116646766664,0.0
gait_05_half_bound__vx_pos_1p0__seed_0042,10,joint_rear_right_thigh_pitch,rr,thigh,20.0,robot.actuators['thigh_legs'].effort_limit,0.32692290383000205,63.24676545881201,0.3571737170219421,0.4188364109992981,0.0,0.3608033359050751,0.37304474055767056,0.0
gait_05_half_bound__vx_pos_1p0__seed_0042,11,joint_rear_right_calf_pitch,rr,calf,37.0,robot.actuators['calf_legs'].effort_limit,0.2921791965163506,209.42981681610922,0.3970568785796294,0.44816521773467194,0.0,0.4606308877468109,0.4683580768108368,0.0
gait_05_half_bound__vx_pos_1p5__seed_0042,0,joint_front_left_abad,fl,hip,17.0,robot.actuators['hip_legs'].effort_limit,0.061247901150372486,6.246458507352655,0.14299384986653046,0.15864783146802114,0.0,0.3026519566774368,0.31662854790687556,0.0
gait_05_half_bound__vx_pos_1p5__seed_0042,1,joint_front_left_thigh_pitch,fl,thigh,17.0,robot.actuators['thigh_legs'].effort_limit,0.5039650611650592,82.2174897629954,0.4495598624734317,0.46333937392515295,0.0,0.3336711168289184,0.3447739851474762,0.0
gait_05_half_bound__vx_pos_1p5__seed_0042,2,joint_front_left_calf_pitch,fl,calf,37.0,robot.actuators['calf_legs'].effort_limit,0.4726363972490968,371.876312187016,0.38886211498363593,0.4177938719053525,0.0,0.514471298456192,0.517764788866043,0.0
gait_05_half_bound__vx_pos_1p5__seed_0042,3,joint_front_right_abad,fr,hip,17.0,robot.actuators['hip_legs'].effort_limit,0.0749317917034653,6.022661276906729,0.1499865328564363,0.17740298621794756,0.0,0.3083674967288971,0.3212257432937622,0.0
gait_05_half_bound__vx_pos_1p5__seed_0042,4,joint_front_right_thigh_pitch,fr,thigh,17.0,robot.actuators['thigh_legs'].effort_limit,0.6637105949180665,112.31418411735446,0.5788842453676112,0.590059871673584,0.0,0.3307697892189026,0.33629778742790223,0.0
gait_05_half_bound__vx_pos_1p5__seed_0042,5,joint_front_right_calf_pitch,fr,calf,37.0,robot.actuators['calf_legs'].effort_limit,0.5700126032779673,622.1250749770179,0.42982335477261924,0.4938639094378494,0.0,0.5262518107891083,0.5331375074386596,0.0
gait_05_half_bound__vx_pos_1p5__seed_0042,6,joint_rear_left_abad,rl,hip,17.0,robot.actuators['hip_legs'].effort_limit,0.28688503527670395,7.304642753717781,0.30969761539908014,0.323803354992586,0.0,0.3025345653295517,0.34224005401134483,0.0
gait_05_half_bound__vx_pos_1p5__seed_0042,7,joint_rear_left_thigh_pitch,rl,thigh,20.0,robot.actuators['thigh_legs'].effort_limit,0.9859853579633678,192.843813977167,0.5733733201026917,0.6133776307106018,0.0,0.42287595272064205,0.42846640110015866,0.0
gait_05_half_bound__vx_pos_1p5__seed_0042,8,joint_rear_left_calf_pitch,rl,calf,37.0,robot.actuators['calf_legs'].effort_limit,0.44567026664047715,329.3596571881324,0.4721024848319388,0.5396357582710883,0.0,0.6023756802082061,0.6085968947410584,0.0
gait_05_half_bound__vx_pos_1p5__seed_0042,9,joint_rear_right_abad,rr,hip,17.0,robot.actuators['hip_legs'].effort_limit,0.16386906890275832,11.197833274099976,0.24958356689004324,0.2928404084373923,0.0,0.40271122455596925,0.4100442135334015,0.0
gait_05_half_bound__vx_pos_1p5__seed_0042,10,joint_rear_right_thigh_pitch,rr,thigh,20.0,robot.actuators['thigh_legs'].effort_limit,0.7219666552500863,105.52565968129784,0.550504138469696,0.6447968287467957,0.0,0.3465146690607071,0.360289351940155,0.0
gait_05_half_bound__vx_pos_1p5__seed_0042,11,joint_rear_right_calf_pitch,rr,calf,37.0,robot.actuators['calf_legs'].effort_limit,0.32481934482129227,238.66890978924,0.39088623974774334,0.428905005583892,0.0,0.4610553681850433,0.4713932979106903,0.0
gait_06_gallop__vx_neg_1p5__seed_0042,0,joint_front_left_abad,fl,hip,17.0,robot.actuators['hip_legs'].effort_limit,0.30221593133541136,7.637875700814184,0.3930715392617617,0.4178806417128617,0.0,0.36779183745384214,0.3814129287004471,0.0
gait_06_gallop__vx_neg_1p5__seed_0042,1,joint_front_left_thigh_pitch,fl,thigh,17.0,robot.actuators['thigh_legs'].effort_limit,1.5808691969694857,170.1740822825022,0.7132784506853888,0.7399825623456169,0.0,0.4154507994651794,0.4203975999355316,0.0
gait_06_gallop__vx_neg_1p5__seed_0042,2,joint_front_left_calf_pitch,fl,calf,37.0,robot.actuators['calf_legs'].effort_limit,0.23289469305017538,220.7693307834491,0.315282460805532,0.33589049468169335,0.0,0.5804591238498688,0.5864742934703827,0.0
gait_06_gallop__vx_neg_1p5__seed_0042,3,joint_front_right_abad,fr,hip,17.0,robot.actuators['hip_legs'].effort_limit,0.13274001500563748,10.632969244353008,0.19054341386346255,0.21336799789877486,0.0,0.3410689949989319,0.35148130655288695,0.0
gait_06_gallop__vx_neg_1p5__seed_0042,4,joint_front_right_thigh_pitch,fr,thigh,17.0,robot.actuators['thigh_legs'].effort_limit,1.0577230671208293,140.0802126363851,0.5920139284694895,0.6152214112001306,0.0,0.32585805654525757,0.3295229184627533,0.0
gait_06_gallop__vx_neg_1p5__seed_0042,5,joint_front_right_calf_pitch,fr,calf,37.0,robot.actuators['calf_legs'].effort_limit,0.32679845590450546,227.04649707078468,0.39363627820401575,0.41613967611983,0.0,0.49383370876312255,0.504138713479042,0.0
gait_06_gallop__vx_neg_1p5__seed_0042,6,joint_rear_left_abad,rl,hip,17.0,robot.actuators['hip_legs'].effort_limit,0.12796944093480464,9.6787397147507,0.20194798778085143,0.2168625940996058,0.0,0.40838110744953154,0.4321963346004486,0.0
gait_06_gallop__vx_neg_1p5__seed_0042,7,joint_rear_left_thigh_pitch,rl,thigh,20.0,robot.actuators['thigh_legs'].effort_limit,0.38283797213391835,91.3799469379452,0.36108902335166926,0.48684753370285033,0.0,0.3052354514598846,0.3134739792346954,0.0
gait_06_gallop__vx_neg_1p5__seed_0042,8,joint_rear_left_calf_pitch,rl,calf,37.0,robot.actuators['calf_legs'].effort_limit,0.3426962018711664,202.0592116753571,0.3523145611221724,0.4941819309543916,0.0,0.533262437582016,0.5440554642677307,0.0
gait_06_gallop__vx_neg_1p5__seed_0042,9,joint_rear_right_abad,rr,hip,17.0,robot.actuators['hip_legs'].effort_limit,0.3872833463690099,15.207022942393086,0.387244036618401,0.40285474216236783,0.0,0.39813494682312006,0.4139638936519623,0.0
gait_06_gallop__vx_neg_1p5__seed_0042,10,joint_rear_right_thigh_pitch,rr,thigh,20.0,robot.actuators['thigh_legs'].effort_limit,1.2115444479193276,168.5014408624172,0.6149020004272461,0.6341781439781188,0.0,0.29506618678569796,0.3007677775621414,0.0
gait_06_gallop__vx_neg_1p5__seed_0042,11,joint_rear_right_calf_pitch,rr,calf,37.0,robot.actuators['calf_legs'].effort_limit,0.3303051420150445,428.4221938329656,0.3294275309588458,0.41257304681314005,0.0,0.6174053192138671,0.6277895593643188,0.0
gait_06_gallop__vx_neg_1p0__seed_0042,0,joint_front_left_abad,fl,hip,17.0,robot.actuators['hip_legs'].effort_limit,0.34661787637365465,12.657597055905498,0.40482852879692527,0.45664581551271327,0.0,0.229070347547531,0.27132481455802915,0.0
gait_06_gallop__vx_neg_1p0__seed_0042,1,joint_front_left_thigh_pitch,fl,thigh,17.0,robot.actuators['thigh_legs'].effort_limit,1.018462560320804,113.06991668432951,0.5450990143944234,0.5985312837712905,0.0,0.4386471152305603,0.4421669280529022,0.0
gait_06_gallop__vx_neg_1p0__seed_0042,2,joint_front_left_calf_pitch,fl,calf,37.0,robot.actuators['calf_legs'].effort_limit,0.21570717764805977,201.8564455805393,0.254551347526344,0.29392490825137557,0.0,0.6272009670734405,0.6344095569849014,0.0
gait_06_gallop__vx_neg_1p0__seed_0042,3,joint_front_right_abad,fr,hip,17.0,robot.actuators['hip_legs'].effort_limit,0.08704678525947805,6.131225773531478,0.18783016485326423,0.2133914951717152,0.0,0.292922830581665,0.3021184921264648,0.0
gait_06_gallop__vx_neg_1p0__seed_0042,4,joint_front_right_thigh_pitch,fr,thigh,17.0,robot.actuators['thigh_legs'].effort_limit,0.4263000365222439,76.980217780862,0.40019859706654265,0.41790333747863767,0.0,0.3481320977210998,0.35298510432243346,0.0
gait_06_gallop__vx_neg_1p0__seed_0042,5,joint_front_right_calf_pitch,fr,calf,37.0,robot.actuators['calf_legs'].effort_limit,0.2939745666884906,179.57012179891578,0.3834753010724042,0.4007922574636097,0.0,0.4597471356391907,0.4697724336385727,0.0
gait_06_gallop__vx_neg_1p0__seed_0042,6,joint_rear_left_abad,rl,hip,17.0,robot.actuators['hip_legs'].effort_limit,0.200272714538517,11.689918689831684,0.2371934974894804,0.24737725257873533,0.0,0.3986732333898544,0.4231682032346725,0.0
gait_06_gallop__vx_neg_1p0__seed_0042,7,joint_rear_left_thigh_pitch,rl,thigh,20.0,robot.actuators['thigh_legs'].effort_limit,0.49765009500473056,61.04344295900315,0.48041053056716915,0.49824616193771354,0.0,0.3293563574552536,0.3379380565881729,0.0
gait_06_gallop__vx_neg_1p0__seed_0042,8,joint_rear_left_calf_pitch,rl,calf,37.0,robot.actuators['calf_legs'].effort_limit,0.20010234856555242,142.92993361495903,0.2582449745487522,0.2714188062822496,0.0,0.4662282168865204,0.4710085737705231,0.0
gait_06_gallop__vx_neg_1p0__seed_0042,9,joint_rear_right_abad,rr,hip,17.0,robot.actuators['hip_legs'].effort_limit,0.5742326253897393,20.712890015337617,0.47433766477248235,0.5435018836750702,0.0,0.32442360520362856,0.330455332994461,0.0
gait_06_gallop__vx_neg_1p0__seed_0042,10,joint_rear_right_thigh_pitch,rr,thigh,20.0,robot.actuators['thigh_legs'].effort_limit,0.855180908068697,97.09770393361337,0.6427484917640685,0.6583178706169128,0.0,0.2951628267765045,0.29806171119213104,0.0
gait_06_gallop__vx_neg_1p0__seed_0042,11,joint_rear_right_calf_pitch,rr,calf,37.0,robot.actuators['calf_legs'].effort_limit,0.3953895978356842,441.85655647631734,0.3036811880163244,0.45711803487829256,0.0,0.5869182288646698,0.5931922578811646,0.0
gait_06_gallop__vx_neg_0p5__seed_0042,0,joint_front_left_abad,fl,hip,17.0,robot.actuators['hip_legs'].effort_limit,0.3677256121730607,16.235175473934504,0.465367829098421,0.5215456065009622,0.0,0.1848541498184204,0.19541996717453003,0.0
gait_06_gallop__vx_neg_0p5__seed_0042,1,joint_front_left_thigh_pitch,fl,thigh,17.0,robot.actuators['thigh_legs'].effort_limit,0.4879507528956645,57.969088888242844,0.3845542248557596,0.4114773483837352,0.0,0.4442940652370453,0.45552265644073486,0.0
gait_06_gallop__vx_neg_0p5__seed_0042,2,joint_front_left_calf_pitch,fl,calf,37.0,robot.actuators['calf_legs'].effort_limit,0.15075387723998815,140.40940193852876,0.19822042052810257,0.21126106300869502,0.0,0.6658590734004974,0.6788447052240372,0.0
gait_06_gallop__vx_neg_0p5__seed_0042,3,joint_front_right_abad,fr,hip,17.0,robot.actuators['hip_legs'].effort_limit,0.08163268555534017,5.840442960304791,0.17372516674153946,0.1966250223271987,0.0,0.2641858756542206,0.27595922350883484,0.0
gait_06_gallop__vx_neg_0p5__seed_0042,4,joint_front_right_thigh_pitch,fr,thigh,17.0,robot.actuators['thigh_legs'].effort_limit,0.3054515608943386,41.662403113039325,0.3631218952291152,0.4328417427399579,0.0,0.34634891152381897,0.35022592544555664,0.0
gait_06_gallop__vx_neg_0p5__seed_0042,5,joint_front_right_calf_pitch,fr,calf,37.0,robot.actuators['calf_legs'].effort_limit,0.3402313778467733,154.78874287014827,0.3986786893896155,0.41104249696473816,0.0,0.47997599840164185,0.4825563132762909,0.0
gait_06_gallop__vx_neg_0p5__seed_0042,6,joint_rear_left_abad,rl,hip,17.0,robot.actuators['hip_legs'].effort_limit,0.18858904732732007,13.194761069454254,0.2981627548442167,0.3254294465569889,0.0,0.461148202419281,0.48527681827545166,0.0
gait_06_gallop__vx_neg_0p5__seed_0042,7,joint_rear_left_thigh_pitch,rl,thigh,20.0,robot.actuators['thigh_legs'].effort_limit,0.5719340683838011,56.20114052653313,0.4561085104942322,0.4809964895248413,0.0,0.334739550948143,0.34114010632038116,0.0
gait_06_gallop__vx_neg_0p5__seed_0042,8,joint_rear_left_calf_pitch,rl,calf,37.0,robot.actuators['calf_legs'].effort_limit,0.16957939950931286,135.72230647734366,0.2693937340298215,0.29465631536535314,0.0,0.5371473431587219,0.5430243015289307,0.0
gait_06_gallop__vx_neg_0p5__seed_0042,9,joint_rear_right_abad,rr,hip,17.0,robot.actuators['hip_legs'].effort_limit,0.5242979275255604,12.094228728511371,0.5307791233062744,0.565786642186782,0.0,0.27927032113075256,0.29582443833351135,0.0
gait_06_gallop__vx_neg_0p5__seed_0042,10,joint_rear_right_thigh_pitch,rr,thigh,20.0,robot.actuators['thigh_legs'].effort_limit,0.5316074233668376,72.07267667346635,0.4940830826759338,0.527455723285675,0.0,0.32239067554473877,0.3266318291425705,0.0
gait_06_gallop__vx_neg_0p5__seed_0042,11,joint_rear_right_calf_pitch,rr,calf,37.0,robot.actuators['calf_legs'].effort_limit,0.35586837749519057,309.8241951945983,0.2842942379616402,0.38362133180772934,0.0,0.5962311923503876,0.6065075099468231,0.0
gait_06_gallop__vx_pos_0p5__seed_0042,0,joint_front_left_abad,fl,hip,17.0,robot.actuators['hip_legs'].effort_limit,0.24557660963836106,12.999495857275324,0.37306439876556396,0.5142896876615637,0.0,0.1824958324432373,0.18853223323822021,0.0
gait_06_gallop__vx_pos_0p5__seed_0042,1,joint_front_left_thigh_pitch,fl,thigh,17.0,robot.actuators['thigh_legs'].effort_limit,0.44946449560110396,48.28896847419095,0.41647478412179384,0.4448675618452184,0.0,0.3487206995487213,0.35304683446884155,0.0
gait_06_gallop__vx_pos_0p5__seed_0042,2,joint_front_left_calf_pitch,fl,calf,37.0,robot.actuators['calf_legs'].effort_limit,0.23963775613801175,196.9151711460948,0.25407077815081625,0.2661622601586419,0.0,0.6572490632534027,0.6633352041244507,0.0
gait_06_gallop__vx_pos_0p5__seed_0042,3,joint_front_right_abad,fr,hip,17.0,robot.actuators['hip_legs'].effort_limit,0.25117740155744206,10.580238690167317,0.33241607862360334,0.3446895585340612,0.0,0.24266502261161804,0.2636474072933197,0.0
gait_06_gallop__vx_pos_0p5__seed_0042,4,joint_front_right_thigh_pitch,fr,thigh,17.0,robot.actuators['thigh_legs'].effort_limit,0.7176106884619727,46.34759638709948,0.5077419841990751,0.5406923574559829,0.0,0.32553616166114807,0.3313102424144745,0.0
gait_06_gallop__vx_pos_0p5__seed_0042,5,joint_front_right_calf_pitch,fr,calf,37.0,robot.actuators['calf_legs'].effort_limit,0.2569515249923236,150.35381439013406,0.329830027915336,0.37686739096770416,0.0,0.4939069151878357,0.49762989580631256,0.0
gait_06_gallop__vx_pos_0p5__seed_0042,6,joint_rear_left_abad,rl,hip,17.0,robot.actuators['hip_legs'].effort_limit,0.10372271839047943,9.65753879232332,0.19210051087772145,0.2125199086525861,0.0,0.28948985040187836,0.32233552634716034,0.0
gait_06_gallop__vx_pos_0p5__seed_0042,7,joint_rear_left_thigh_pitch,rl,thigh,20.0,robot.actuators['thigh_legs'].effort_limit,0.30400410049292376,32.158822097908704,0.3558083355426788,0.4079765915870667,0.0,0.36139337718486786,0.3685074746608734,0.0
gait_06_gallop__vx_pos_0p5__seed_0042,8,joint_rear_left_calf_pitch,rl,calf,37.0,robot.actuators['calf_legs'].effort_limit,0.19484038976526397,148.40744036568213,0.33027082520562245,0.38634453593073664,0.0,0.5137883126735687,0.5183839201927185,0.0
gait_06_gallop__vx_pos_0p5__seed_0042,9,joint_rear_right_abad,rr,hip,17.0,robot.actuators['hip_legs'].effort_limit,0.4571152995840925,15.37289557321812,0.47460609323838177,0.5202372775358313,0.0,0.29813748598098755,0.31943702697753906,0.0
gait_06_gallop__vx_pos_0p5__seed_0042,10,joint_rear_right_thigh_pitch,rr,thigh,20.0,robot.actuators['thigh_legs'].effort_limit,0.30759878028545146,57.1636398640275,0.3016853332519531,0.3218762457370758,0.0,0.3965895473957062,0.40045739710330963,0.0
gait_06_gallop__vx_pos_0p5__seed_0042,11,joint_rear_right_calf_pitch,rr,calf,37.0,robot.actuators['calf_legs'].effort_limit,0.2880170729304053,206.92260280882556,0.25880138294116867,0.272019354072777,0.0,0.6003197133541107,0.6063644289970398,0.0
gait_06_gallop__vx_pos_1p0__seed_0042,0,joint_front_left_abad,fl,hip,17.0,robot.actuators['hip_legs'].effort_limit,0.18084621883467772,9.047588310888969,0.25006913998547703,0.2750119529050939,0.0,0.2307652801275253,0.2605260455608368,0.0
gait_06_gallop__vx_pos_1p0__seed_0042,1,joint_front_left_thigh_pitch,fl,thigh,17.0,robot.actuators['thigh_legs'].effort_limit,0.6681033162984537,74.77957614674233,0.45951340899747956,0.4763763820423799,0.0,0.3314459204673767,0.3424114549160002,0.0
gait_06_gallop__vx_pos_1p0__seed_0042,2,joint_front_left_calf_pitch,fl,calf,37.0,robot.actuators['calf_legs'].effort_limit,0.38144050666137785,363.5685535537452,0.3385872364044189,0.4330172476897368,0.0,0.6355397343635559,0.642149076461792,0.0
gait_06_gallop__vx_pos_1p0__seed_0042,3,joint_front_right_abad,fr,hip,17.0,robot.actuators['hip_legs'].effort_limit,0.2781696377179575,13.970217250156274,0.30360593655530144,0.3158818859212539,0.0,0.26943104267120355,0.28784842014312734,0.0
gait_06_gallop__vx_pos_1p0__seed_0042,4,joint_front_right_thigh_pitch,fr,thigh,17.0,robot.actuators['thigh_legs'].effort_limit,0.6305103031222142,72.29845001623035,0.5245324359220617,0.5574740308873793,0.0,0.33612285256385804,0.35800388813018796,0.0
gait_06_gallop__vx_pos_1p0__seed_0042,5,joint_front_right_calf_pitch,fr,calf,37.0,robot.actuators['calf_legs'].effort_limit,0.335391871762046,249.71319132521748,0.2987757876112652,0.34332544971156753,0.0,0.44318257868289945,0.4515122765302658,0.0
gait_06_gallop__vx_pos_1p0__seed_0042,6,joint_rear_left_abad,rl,hip,17.0,robot.actuators['hip_legs'].effort_limit,0.05905665795553579,4.427398734648014,0.16555821124245126,0.21843446254730217,0.0,0.30667364001274106,0.3114258289337158,0.0
gait_06_gallop__vx_pos_1p0__seed_0042,7,joint_rear_left_thigh_pitch,rl,thigh,20.0,robot.actuators['thigh_legs'].effort_limit,0.48637236649565246,58.75015602692729,0.48532577276229827,0.5693339748382568,0.0,0.37261774539947506,0.3801367741823196,0.0
gait_06_gallop__vx_pos_1p0__seed_0042,8,joint_rear_left_calf_pitch,rl,calf,37.0,robot.actuators['calf_legs'].effort_limit,0.2158521379850986,165.0964395064954,0.31435051995354724,0.3525179710903683,0.0,0.464671778678894,0.477719202041626,0.0
gait_06_gallop__vx_pos_1p0__seed_0042,9,joint_rear_right_abad,rr,hip,17.0,robot.actuators['hip_legs'].effort_limit,0.37709426307598054,12.530835853447206,0.3950372303233422,0.4367506989310769,0.0,0.33142210841178893,0.380635083913803,0.0
gait_06_gallop__vx_pos_1p0__seed_0042,10,joint_rear_right_thigh_pitch,rr,thigh,20.0,robot.actuators['thigh_legs'].effort_limit,0.42469355679886606,100.13019333953038,0.4381365156173706,0.4916339035034179,0.0,0.3945375859737396,0.396883437037468,0.0
gait_06_gallop__vx_pos_1p0__seed_0042,11,joint_rear_right_calf_pitch,rr,calf,37.0,robot.actuators['calf_legs'].effort_limit,0.44103061097985746,311.0168435761333,0.36807197493475835,0.41993061426523565,0.0,0.5871818542480469,0.5914029598236084,0.0
gait_06_gallop__vx_pos_1p5__seed_0042,0,joint_front_left_abad,fl,hip,17.0,robot.actuators['hip_legs'].effort_limit,0.09356417827725068,6.85056569481676,0.1826621104689205,0.19489730442271513,0.0,0.258821514248848,0.26636916577816006,0.0
gait_06_gallop__vx_pos_1p5__seed_0042,1,joint_front_left_thigh_pitch,fl,thigh,17.0,robot.actuators['thigh_legs'].effort_limit,0.8804798236769797,104.5004799695313,0.562854741601383,0.5829855313020594,0.0,0.3369588673114776,0.3576975333690643,0.0
gait_06_gallop__vx_pos_1p5__seed_0042,2,joint_front_left_calf_pitch,fl,calf,37.0,robot.actuators['calf_legs'].effort_limit,0.37293742183524453,382.7251979737915,0.38451039340045,0.4562835255184689,0.0,0.6112853556871414,0.6175896167755127,0.0
gait_06_gallop__vx_pos_1p5__seed_0042,3,joint_front_right_abad,fr,hip,17.0,robot.actuators['hip_legs'].effort_limit,0.181939651249038,13.645599804602098,0.22954596281051634,0.24151275887208826,0.0,0.30061987042427063,0.3109463953971862,0.0
gait_06_gallop__vx_pos_1p5__seed_0042,4,joint_front_right_thigh_pitch,fr,thigh,17.0,robot.actuators['thigh_legs'].effort_limit,0.6218240111570769,111.71490972717991,0.48885280945721776,0.5632948510787066,0.0,0.3119994282722473,0.34672931551933284,0.0
gait_06_gallop__vx_pos_1p5__seed_0042,5,joint_front_right_calf_pitch,fr,calf,37.0,robot.actuators['calf_legs'].effort_limit,0.48906785340767195,356.98369958624244,0.3757415307534707,0.43021098703951444,0.0,0.4974496155977249,0.508133944272995,0.0
gait_06_gallop__vx_pos_1p5__seed_0042,6,joint_rear_left_abad,rl,hip,17.0,robot.actuators['hip_legs'].effort_limit,0.06264771031800379,8.021845079218037,0.1530762910842895,0.1701887601964614,0.0,0.3416032165288925,0.35120110630989076,0.0
gait_06_gallop__vx_pos_1p5__seed_0042,7,joint_rear_left_thigh_pitch,rl,thigh,20.0,robot.actuators['thigh_legs'].effort_limit,0.858638141111775,119.41247500894009,0.6061967658996581,0.7044623885154724,0.0,0.36434664130210875,0.37518914341926574,0.0
gait_06_gallop__vx_pos_1p5__seed_0042,8,joint_rear_left_calf_pitch,rl,calf,37.0,robot.actuators['calf_legs'].effort_limit,0.2664035532240968,199.9123653220007,0.3567431256577775,0.37853903254947147,0.0,0.4841861128807068,0.4977492117881775,0.0
gait_06_gallop__vx_pos_1p5__seed_0042,9,joint_rear_right_abad,rr,hip,17.0,robot.actuators['hip_legs'].effort_limit,0.29211869760537446,10.588205864252522,0.3293129738639382,0.3463011696759392,0.0,0.4242864608764648,0.4498347818851471,0.0
gait_06_gallop__vx_pos_1p5__seed_0042,10,joint_rear_right_thigh_pitch,rr,thigh,20.0,robot.actuators['thigh_legs'].effort_limit,0.7591870806319702,150.5468280411139,0.6560610556602477,0.7192663373947144,0.0,0.3754519701004028,0.38460196495056154,0.0
gait_06_gallop__vx_pos_1p5__seed_0042,11,joint_rear_right_calf_pitch,rr,calf,37.0,robot.actuators['calf_legs'].effort_limit,0.5184898209468946,386.87900506705046,0.46628544523909254,0.512492357717978,0.0,0.5982360899448395,0.6076397013664245,0.0
gait_07_gallop__vx_neg_1p5__seed_0042,0,joint_front_left_abad,fl,hip,17.0,robot.actuators['hip_legs'].effort_limit,0.138550806457157,8.795431329760468,0.20992782186059392,0.22162971159991093,0.0,0.4537767440080642,0.46283231794834134,0.0
gait_07_gallop__vx_neg_1p5__seed_0042,1,joint_front_left_thigh_pitch,fl,thigh,17.0,robot.actuators['thigh_legs'].effort_limit,1.2754680669906455,154.4664966326952,0.602477199891034,0.7972844993366912,0.0,0.310220867395401,0.3169793653488159,0.0
gait_07_gallop__vx_neg_1p5__seed_0042,2,joint_front_left_calf_pitch,fl,calf,37.0,robot.actuators['calf_legs'].effort_limit,0.3059223320764041,221.14451484614983,0.4135479527550773,0.4928428000372809,0.0,0.4601359575986862,0.46816709756851194,0.0
gait_07_gallop__vx_neg_1p5__seed_0042,3,joint_front_right_abad,fr,hip,17.0,robot.actuators['hip_legs'].effort_limit,0.17351339467538496,11.67186066694092,0.29382840465096854,0.3057533415626077,0.0,0.37731801271438586,0.39316238641738893,0.0
gait_07_gallop__vx_neg_1p5__seed_0042,4,joint_front_right_thigh_pitch,fr,thigh,17.0,robot.actuators['thigh_legs'].effort_limit,1.2199730329426801,143.14532934978604,0.6415019119487088,0.6825629497976863,0.0,0.41059821844100947,0.41842435479164125,0.0
gait_07_gallop__vx_neg_1p5__seed_0042,5,joint_front_right_calf_pitch,fr,calf,37.0,robot.actuators['calf_legs'].effort_limit,0.25157635549075763,230.4169721699506,0.2969584039739659,0.3199354109892974,0.0,0.5635694354772568,0.5715187388658524,0.0
gait_07_gallop__vx_neg_1p5__seed_0042,6,joint_rear_left_abad,rl,hip,17.0,robot.actuators['hip_legs'].effort_limit,0.05501787510398847,5.666534528311822,0.1451447003027972,0.15941500271067893,0.0,0.3694745391607284,0.3798656034469604,0.0
gait_07_gallop__vx_neg_1p5__seed_0042,7,joint_rear_left_thigh_pitch,rl,thigh,20.0,robot.actuators['thigh_legs'].effort_limit,0.38492050266970973,88.35864173006965,0.3652596902847287,0.4062978200912475,0.0,0.3276383429765701,0.34275569558143615,0.0
gait_07_gallop__vx_neg_1p5__seed_0042,8,joint_rear_left_calf_pitch,rl,calf,37.0,robot.actuators['calf_legs'].effort_limit,0.16390672665645528,140.50248331237586,0.2921115089107204,0.4341886695655615,0.0,0.5069852054119109,0.5289942264556885,0.0
gait_07_gallop__vx_neg_1p5__seed_0042,9,joint_rear_right_abad,rr,hip,17.0,robot.actuators['hip_legs'].effort_limit,0.2202906497749786,10.318900989628164,0.25371009882758644,0.27796661937938016,0.0,0.42343956828117363,0.46853808522224416,0.0
gait_07_gallop__vx_neg_1p5__seed_0042,10,joint_rear_right_thigh_pitch,rr,thigh,20.0,robot.actuators['thigh_legs'].effort_limit,1.1507362307137738,150.0618818795681,0.625036528110504,0.6727575745582578,0.0,0.30445941388607023,0.3205024480819702,0.0
gait_07_gallop__vx_neg_1p5__seed_0042,11,joint_rear_right_calf_pitch,rr,calf,37.0,robot.actuators['calf_legs'].effort_limit,0.5731269076117087,364.5082296077907,0.431190114407926,0.44108214558781794,0.0,0.5792775988578797,0.5930177056789396,0.0
gait_07_gallop__vx_neg_1p0__seed_0042,0,joint_front_left_abad,fl,hip,17.0,robot.actuators['hip_legs'].effort_limit,0.08636511795622288,7.960186632460682,0.1617355325642754,0.17112837945713713,0.0,0.42076318860054013,0.42767043352127077,0.0
gait_07_gallop__vx_neg_1p0__seed_0042,1,joint_front_left_thigh_pitch,fl,thigh,17.0,robot.actuators['thigh_legs'].effort_limit,0.8085917021003576,87.73773858871311,0.5183402734644268,0.7620971859202663,0.0,0.337997180223465,0.3435553777217865,0.0
gait_07_gallop__vx_neg_1p0__seed_0042,2,joint_front_left_calf_pitch,fl,calf,37.0,robot.actuators['calf_legs'].effort_limit,0.2948617712055331,187.2606550779054,0.39203189514778747,0.4650099367708773,0.0,0.44836675226688383,0.4529261642694473,0.0
gait_07_gallop__vx_neg_1p0__seed_0042,3,joint_front_right_abad,fr,hip,17.0,robot.actuators['hip_legs'].effort_limit,0.09506026965612936,7.813740561043378,0.18262139418545886,0.21297344348009895,0.0,0.3160344779491424,0.32279554843902586,0.0
gait_07_gallop__vx_neg_1p0__seed_0042,4,joint_front_right_thigh_pitch,fr,thigh,17.0,robot.actuators['thigh_legs'].effort_limit,0.6838561352816862,82.50078668378293,0.45111421697279985,0.47721268822165097,0.0,0.43418105244636535,0.43890193343162537,0.0
gait_07_gallop__vx_neg_1p0__seed_0042,5,joint_front_right_calf_pitch,fr,calf,37.0,robot.actuators['calf_legs'].effort_limit,0.20411641624121968,181.0547494637966,0.23391707910073767,0.2525502452334842,0.0,0.5880910456180573,0.6198439091444015,0.0
gait_07_gallop__vx_neg_1p0__seed_0042,6,joint_rear_left_abad,rl,hip,17.0,robot.actuators['hip_legs'].effort_limit,0.04832149555035551,5.303376603648067,0.14517594996620606,0.19835802400813377,0.0,0.29956512749195097,0.3114811789989471,0.0
gait_07_gallop__vx_neg_1p0__seed_0042,7,joint_rear_left_thigh_pitch,rl,thigh,20.0,robot.actuators['thigh_legs'].effort_limit,0.4201213157061431,67.52398466952145,0.33123764514923093,0.3543333184719086,0.0,0.3279941201210022,0.3341504162549972,0.0
gait_07_gallop__vx_neg_1p0__seed_0042,8,joint_rear_left_calf_pitch,rl,calf,37.0,robot.actuators['calf_legs'].effort_limit,0.14236285825799036,118.80791079279967,0.29603486318846,0.34487904058920354,0.0,0.47465290427207946,0.4811957013607025,0.0
gait_07_gallop__vx_neg_1p0__seed_0042,9,joint_rear_right_abad,rr,hip,17.0,robot.actuators['hip_legs'].effort_limit,0.09197584162844194,6.320380856663105,0.16548307853586533,0.17283153954674216,0.0,0.37911630868911744,0.39154946684837316,0.0
gait_07_gallop__vx_neg_1p0__seed_0042,10,joint_rear_right_thigh_pitch,rr,thigh,20.0,robot.actuators['thigh_legs'].effort_limit,0.8765929789949735,83.41997021937743,0.694793016910553,0.733700557231903,0.0,0.3166766375303268,0.3224703460931778,0.0
gait_07_gallop__vx_neg_1p0__seed_0042,11,joint_rear_right_calf_pitch,rr,calf,37.0,robot.actuators['calf_legs'].effort_limit,0.4559708722651196,300.34755317622796,0.3828618874420991,0.3940888520833608,0.0,0.6290377080440521,0.6404882061481476,0.0
gait_07_gallop__vx_neg_0p5__seed_0042,0,joint_front_left_abad,fl,hip,17.0,robot.actuators['hip_legs'].effort_limit,0.053143327492678395,7.3266745354095475,0.1209895365378436,0.146123328629662,0.0,0.3688208907842636,0.38249924778938293,0.0
gait_07_gallop__vx_neg_0p5__seed_0042,1,joint_front_left_thigh_pitch,fl,thigh,17.0,robot.actuators['thigh_legs'].effort_limit,0.39565347191805444,33.49590815237723,0.3802705512327306,0.4614755125606761,0.0,0.32944822311401367,0.333951860666275,0.0
gait_07_gallop__vx_neg_0p5__seed_0042,2,joint_front_left_calf_pitch,fl,calf,37.0,robot.actuators['calf_legs'].effort_limit,0.3351697069400443,148.38959372951416,0.37470077823948217,0.41108128186818715,0.0,0.47596415877342224,0.48596958816051483,0.0
gait_07_gallop__vx_neg_0p5__seed_0042,3,joint_front_right_abad,fr,hip,17.0,robot.actuators['hip_legs'].effort_limit,0.048596925258369596,4.109677424458059,0.14807145735796762,0.17026459469514735,0.0,0.25068604946136475,0.2549240291118622,0.0
gait_07_gallop__vx_neg_0p5__seed_0042,4,joint_front_right_thigh_pitch,fr,thigh,17.0,robot.actuators['thigh_legs'].effort_limit,0.42717552146205096,48.76036900728941,0.3933355107026941,0.4624619133332196,0.0,0.42947956919670105,0.4334569573402405,0.0
gait_07_gallop__vx_neg_0p5__seed_0042,5,joint_front_right_calf_pitch,fr,calf,37.0,robot.actuators['calf_legs'].effort_limit,0.16974836210679378,141.0839506995678,0.22763289632023992,0.2361808660868052,0.0,0.6330374777317047,0.640433669090271,0.0
gait_07_gallop__vx_neg_0p5__seed_0042,6,joint_rear_left_abad,rl,hip,17.0,robot.actuators['hip_legs'].effort_limit,0.07211495598667939,7.31396292889789,0.18462955951690674,0.28265977607053866,0.0,0.27737313508987427,0.2906258553266525,0.0
gait_07_gallop__vx_neg_0p5__seed_0042,7,joint_rear_left_thigh_pitch,rl,thigh,20.0,robot.actuators['thigh_legs'].effort_limit,0.4733550980801875,44.55894863485825,0.3347361385822296,0.3677466630935669,0.0,0.332222655415535,0.34567801654338837,0.0
gait_07_gallop__vx_neg_0p5__seed_0042,8,joint_rear_left_calf_pitch,rl,calf,37.0,robot.actuators['calf_legs'].effort_limit,0.18584748167591134,119.06859447258991,0.31788630743284485,0.3701298494596739,0.0,0.5256118476390839,0.5304875373840332,0.0
gait_07_gallop__vx_neg_0p5__seed_0042,9,joint_rear_right_abad,rr,hip,17.0,robot.actuators['hip_legs'].effort_limit,0.03794693184796292,3.4123193751624785,0.1256405045004452,0.1560235303990981,0.0,0.3100494146347046,0.320728600025177,0.0
gait_07_gallop__vx_neg_0p5__seed_0042,10,joint_rear_right_thigh_pitch,rr,thigh,20.0,robot.actuators['thigh_legs'].effort_limit,0.8536369486017268,74.59744976984803,0.6757420182228089,0.7365774989128113,0.0,0.31626901030540466,0.3182097226381302,0.0
gait_07_gallop__vx_neg_0p5__seed_0042,11,joint_rear_right_calf_pitch,rr,calf,37.0,robot.actuators['calf_legs'].effort_limit,0.2992776763401339,198.56918739885091,0.28815211476506414,0.2923232027002283,0.0,0.654161810874939,0.6673715710639954,0.0
gait_07_gallop__vx_pos_0p5__seed_0042,0,joint_front_left_abad,fl,hip,17.0,robot.actuators['hip_legs'].effort_limit,0.08684390550107558,8.977422009164002,0.17342980118358836,0.19191038257935467,0.0,0.31134793162345886,0.32473012804985046,0.0
gait_07_gallop__vx_pos_0p5__seed_0042,1,joint_front_left_thigh_pitch,fl,thigh,17.0,robot.actuators['thigh_legs'].effort_limit,0.5424966740839127,40.40928912087693,0.36833712633918314,0.45949649810791016,0.0,0.3220866322517395,0.33038780093193054,0.0
gait_07_gallop__vx_pos_0p5__seed_0042,2,joint_front_left_calf_pitch,fl,calf,37.0,robot.actuators['calf_legs'].effort_limit,0.2745828161608019,146.8902985142544,0.3548830457635828,0.45086343868358714,0.0,0.4797695577144623,0.4872398227453232,0.0
gait_07_gallop__vx_pos_0p5__seed_0042,3,joint_front_right_abad,fr,hip,17.0,robot.actuators['hip_legs'].effort_limit,0.05307593246143529,5.429010181149933,0.1377250867731431,0.21755371374242444,0.0,0.33528071641921997,0.3915576636791229,0.0
gait_07_gallop__vx_pos_0p5__seed_0042,4,joint_front_right_thigh_pitch,fr,thigh,17.0,robot.actuators['thigh_legs'].effort_limit,0.673205666653841,55.34985437180265,0.6532347202301025,0.8121799300698673,0.0,0.3302639126777649,0.3329080045223236,0.0
gait_07_gallop__vx_pos_0p5__seed_0042,5,joint_front_right_calf_pitch,fr,calf,37.0,robot.actuators['calf_legs'].effort_limit,0.3216475414798537,250.37336786689383,0.29452245944255107,0.3274426138078844,0.0,0.6726727187633514,0.6836995482444763,0.0
gait_07_gallop__vx_pos_0p5__seed_0042,6,joint_rear_left_abad,rl,hip,17.0,robot.actuators['hip_legs'].effort_limit,0.05668059138848631,7.067847427802917,0.12891984687131994,0.18372748879825368,0.0,0.36516129970550537,0.37525300681591034,0.0
gait_07_gallop__vx_pos_0p5__seed_0042,7,joint_rear_left_thigh_pitch,rl,thigh,20.0,robot.actuators['thigh_legs'].effort_limit,0.7197041088956602,39.63544039628003,0.6144899129867554,0.6621146321296691,0.0,0.3626596927642822,0.370225727558136,0.0
gait_07_gallop__vx_pos_0p5__seed_0042,8,joint_rear_left_calf_pitch,rl,calf,37.0,robot.actuators['calf_legs'].effort_limit,0.2172354754647245,147.6316487420071,0.35965532225531505,0.4258116129282358,0.0,0.5224640071392059,0.5291146337985992,0.0
gait_07_gallop__vx_pos_0p5__seed_0042,9,joint_rear_right_abad,rr,hip,17.0,robot.actuators['hip_legs'].effort_limit,0.09083480594817067,7.6809502753545535,0.1968934500918669,0.2154124273973353,0.0,0.289103627204895,0.29803723096847534,0.0
gait_07_gallop__vx_pos_0p5__seed_0042,10,joint_rear_right_thigh_pitch,rr,thigh,20.0,robot.actuators['thigh_legs'].effort_limit,0.287105224839238,56.1171599000413,0.35948686599731444,0.40048278570175166,0.0,0.3960765451192856,0.3982708007097244,0.0
gait_07_gallop__vx_pos_0p5__seed_0042,11,joint_rear_right_calf_pitch,rr,calf,37.0,robot.actuators['calf_legs'].effort_limit,0.232905839082311,148.80531324341894,0.26750431189665924,0.27353926607080403,0.0,0.7087092101573944,0.7364999651908875,0.0
gait_07_gallop__vx_pos_1p0__seed_0042,0,joint_front_left_abad,fl,hip,17.0,robot.actuators['hip_legs'].effort_limit,0.08205545203234121,5.797082801702199,0.1476611642276539,0.15831857484929696,0.0,0.32592980265617366,0.33971512675285337,0.0
gait_07_gallop__vx_pos_1p0__seed_0042,1,joint_front_left_thigh_pitch,fl,thigh,17.0,robot.actuators['thigh_legs'].effort_limit,0.4612124765922662,66.4731748083861,0.32890294159159933,0.40439249150893253,0.0,0.34084980487823485,0.3514287745952606,0.0
gait_07_gallop__vx_pos_1p0__seed_0042,2,joint_front_left_calf_pitch,fl,calf,37.0,robot.actuators['calf_legs'].effort_limit,0.2255713967203476,154.461069836393,0.3141790750864389,0.40363782160990946,0.0,0.49797739684581743,0.5183495491743088,0.0
gait_07_gallop__vx_pos_1p0__seed_0042,3,joint_front_right_abad,fr,hip,17.0,robot.actuators['hip_legs'].effort_limit,0.07380446438551488,5.719010944701731,0.17483051243950337,0.1796656886269064,0.0,0.33410792350769036,0.35897933840751645,0.0
gait_07_gallop__vx_pos_1p0__seed_0042,4,joint_front_right_thigh_pitch,fr,thigh,17.0,robot.actuators['thigh_legs'].effort_limit,0.8492900979048529,74.98761136126471,0.6980268057654885,0.7362399909075568,0.0,0.31925644278526305,0.32870219349861146,0.0
gait_07_gallop__vx_pos_1p0__seed_0042,5,joint_front_right_calf_pitch,fr,calf,37.0,robot.actuators['calf_legs'].effort_limit,0.5852882676767458,417.32125972330573,0.42806360657150677,0.4377904747627877,0.0,0.6664852172136306,0.6940406721830368,0.0
gait_07_gallop__vx_pos_1p0__seed_0042,6,joint_rear_left_abad,rl,hip,17.0,robot.actuators['hip_legs'].effort_limit,0.08194698887382883,7.00025266465731,0.1621027392499587,0.18017293677610507,0.0,0.39395641088485717,0.40892991483211516,0.0
gait_07_gallop__vx_pos_1p0__seed_0042,7,joint_rear_left_thigh_pitch,rl,thigh,20.0,robot.actuators['thigh_legs'].effort_limit,1.042755382334937,86.85181588655803,0.7233617949485772,0.8130742931365965,0.0,0.3656523942947387,0.38281275749206545,0.0
gait_07_gallop__vx_pos_1p0__seed_0042,8,joint_rear_left_calf_pitch,rl,calf,37.0,robot.actuators['calf_legs'].effort_limit,0.20903309481743187,179.87293192842975,0.3375780724190376,0.42177243052302177,0.0,0.47866925597190857,0.48765371918678285,0.0
gait_07_gallop__vx_pos_1p0__seed_0042,9,joint_rear_right_abad,rr,hip,17.0,robot.actuators['hip_legs'].effort_limit,0.12691136440736098,10.487713398199995,0.2243945437319138,0.2610137989941765,0.0,0.32857149243354794,0.33661653757095333,0.0
gait_07_gallop__vx_pos_1p0__seed_0042,10,joint_rear_right_thigh_pitch,rr,thigh,20.0,robot.actuators['thigh_legs'].effort_limit,0.3126324535601427,84.25738563708961,0.3924584245681761,0.4185085172653198,0.0,0.3846953958272934,0.3871934479475021,0.0
gait_07_gallop__vx_pos_1p0__seed_0042,11,joint_rear_right_calf_pitch,rr,calf,37.0,robot.actuators['calf_legs'].effort_limit,0.32794954053206776,216.28555291682483,0.34638476629514947,0.3758469107344344,0.0,0.6653405606746673,0.6772263932228089,0.0
gait_07_gallop__vx_pos_1p5__seed_0042,0,joint_front_left_abad,fl,hip,17.0,robot.actuators['hip_legs'].effort_limit,0.13457448342477032,11.34483573509584,0.21337541762520285,0.2471994711371029,0.0,0.36005388796329496,0.3704552268981933,0.0
gait_07_gallop__vx_pos_1p5__seed_0042,1,joint_front_left_thigh_pitch,fl,thigh,17.0,robot.actuators['thigh_legs'].effort_limit,0.3899373677650989,81.07563481840305,0.3611497079624849,0.3776089157777674,0.0,0.3355797052383423,0.36077622652053826,0.0
gait_07_gallop__vx_pos_1p5__seed_0042,2,joint_front_left_calf_pitch,fl,calf,37.0,robot.actuators['calf_legs'].effort_limit,0.23814402882556857,175.2546487852186,0.3108439960995234,0.45247074436497037,0.0,0.5647037655115127,0.581699948310852,0.0
gait_07_gallop__vx_pos_1p5__seed_0042,3,joint_front_right_abad,fr,hip,17.0,robot.actuators['hip_legs'].effort_limit,0.13379733325274915,10.096356559514534,0.20406581724391265,0.21796358599382287,0.0,0.36561700701713556,0.3893568205833434,0.0
gait_07_gallop__vx_pos_1p5__seed_0042,4,joint_front_right_thigh_pitch,fr,thigh,17.0,robot.actuators['thigh_legs'].effort_limit,1.0177761542997716,112.30037209585309,0.5750097078435561,0.6067074534472295,0.0,0.3162704586982727,0.33257732510566707,0.0
gait_07_gallop__vx_pos_1p5__seed_0042,5,joint_front_right_calf_pitch,fr,calf,37.0,robot.actuators['calf_legs'].effort_limit,0.8967282282381613,552.0015363827348,0.577699730847333,0.589766322471,0.0,0.6431166112422942,0.6600590616464614,0.0
gait_07_gallop__vx_pos_1p5__seed_0042,6,joint_rear_left_abad,rl,hip,17.0,robot.actuators['hip_legs'].effort_limit,0.10623888567202575,10.271690226829378,0.20153184147442085,0.25094774049871105,0.0,0.40750824809074393,0.4216519767045975,0.0
gait_07_gallop__vx_pos_1p5__seed_0042,7,joint_rear_left_thigh_pitch,rl,thigh,20.0,robot.actuators['thigh_legs'].effort_limit,1.1624900188579053,146.0608660465479,0.7070492219924925,0.866377981185913,0.0,0.3515381693840027,0.37039544522762297,0.0
gait_07_gallop__vx_pos_1p5__seed_0042,8,joint_rear_left_calf_pitch,rl,calf,37.0,robot.actuators['calf_legs'].effort_limit,0.2585068413493455,202.42413543336093,0.3428215129955395,0.4108023723396094,0.0,0.5021951794624328,0.5215893959999084,0.0
gait_07_gallop__vx_pos_1p5__seed_0042,9,joint_rear_right_abad,rr,hip,17.0,robot.actuators['hip_legs'].effort_limit,0.18664552469255977,12.199457318102942,0.29276818948633526,0.31498267706702726,0.0,0.367834538221359,0.4278296828269958,0.0
gait_07_gallop__vx_pos_1p5__seed_0042,10,joint_rear_right_thigh_pitch,rr,thigh,20.0,robot.actuators['thigh_legs'].effort_limit,0.6451010746569878,136.32697532258928,0.6147847199440002,0.6644556078910827,0.0,0.3542608290910721,0.3639983856678009,0.0
gait_07_gallop__vx_pos_1p5__seed_0042,11,joint_rear_right_calf_pitch,rr,calf,37.0,robot.actuators['calf_legs'].effort_limit,0.4011746064290992,278.95320356711744,0.42914131396525595,0.4670406882827346,0.0,0.6319944620132446,0.6431810116767883,0.0
gait_08_gallop__vx_neg_1p5__seed_0042,0,joint_front_left_abad,fl,hip,17.0,robot.actuators['hip_legs'].effort_limit,0.18518374247659206,9.663490853360834,0.27153041643254894,0.2821890443914077,0.0,0.37220058441162107,0.3894066387414932,0.0
gait_08_gallop__vx_neg_1p5__seed_0042,1,joint_front_left_thigh_pitch,fl,thigh,17.0,robot.actuators['thigh_legs'].effort_limit,1.2221290854767357,145.02960732323118,0.6601719547720516,0.7281286744510425,0.0,0.3225114583969116,0.3284058833122253,0.0
gait_08_gallop__vx_neg_1p5__seed_0042,2,joint_front_left_calf_pitch,fl,calf,37.0,robot.actuators['calf_legs'].effort_limit,0.33129660347400064,244.754860492507,0.39050147726729106,0.41556966987816063,0.0,0.4366317182779312,0.44670403242111206,0.0
gait_08_gallop__vx_neg_1p5__seed_0042,3,joint_front_right_abad,fr,hip,17.0,robot.actuators['hip_legs'].effort_limit,0.23980446325609253,5.681242071839515,0.31142246723175043,0.3244373386046466,0.0,0.3463801085948944,0.359279990196228,0.0
gait_08_gallop__vx_neg_1p5__seed_0042,4,joint_front_right_thigh_pitch,fr,thigh,17.0,robot.actuators['thigh_legs'].effort_limit,1.8022955924464534,201.46911082088948,0.7975465914782355,0.8661602581248562,0.0,0.3855858862400055,0.391074126958847,0.0
gait_08_gallop__vx_neg_1p5__seed_0042,5,joint_front_right_calf_pitch,fr,calf,37.0,robot.actuators['calf_legs'].effort_limit,0.34709071863008056,353.71148474400866,0.345299499099319,0.37317021601908895,0.0,0.5520897299051285,0.5580852162837983,0.0
gait_08_gallop__vx_neg_1p5__seed_0042,6,joint_rear_left_abad,rl,hip,17.0,robot.actuators['hip_legs'].effort_limit,0.2507780346951807,5.987308809119277,0.29579680386711565,0.31797962413114655,0.0,0.4112342685461044,0.422682626247406,0.0
gait_08_gallop__vx_neg_1p5__seed_0042,7,joint_rear_left_thigh_pitch,rl,thigh,20.0,robot.actuators['thigh_legs'].effort_limit,0.7854078831570801,143.0728757400811,0.4958828306198119,0.5465030231475829,0.0,0.271337342262268,0.2837450909614563,0.0
gait_08_gallop__vx_neg_1p5__seed_0042,8,joint_rear_left_calf_pitch,rl,calf,37.0,robot.actuators['calf_legs'].effort_limit,0.3939555590116632,387.2835480892006,0.34061249011271705,0.34971344277665417,0.0,0.5923539340496062,0.6071162378787994,0.0
gait_08_gallop__vx_neg_1p5__seed_0042,9,joint_rear_right_abad,rr,hip,17.0,robot.actuators['hip_legs'].effort_limit,0.18863075490809703,11.526385724163847,0.24593894201166489,0.262855598786298,0.0,0.4100969731807709,0.4250750339031219,0.0
gait_08_gallop__vx_neg_1p5__seed_0042,10,joint_rear_right_thigh_pitch,rr,thigh,20.0,robot.actuators['thigh_legs'].effort_limit,0.5046407673758643,105.59465265072882,0.4377739596366882,0.4752873787879944,0.0,0.30641930103302,0.31090651035308836,0.0
gait_08_gallop__vx_neg_1p5__seed_0042,11,joint_rear_right_calf_pitch,rr,calf,37.0,robot.actuators['calf_legs'].effort_limit,0.31761881428899863,186.72440050706268,0.3491684101723336,0.38208716108992286,0.0,0.48831320405006406,0.5097392058372497,0.0
gait_08_gallop__vx_neg_1p0__seed_0042,0,joint_front_left_abad,fl,hip,17.0,robot.actuators['hip_legs'].effort_limit,0.12762530872037434,12.364193462869153,0.22002659895840807,0.24503678237690643,0.0,0.339764392375946,0.3538200598955154,0.0
gait_08_gallop__vx_neg_1p0__seed_0042,1,joint_front_left_thigh_pitch,fl,thigh,17.0,robot.actuators['thigh_legs'].effort_limit,0.6404222368451079,97.56005615775473,0.4869998426998362,0.5176106464161592,0.0,0.3559290528297424,0.36101274013519286,0.0
gait_08_gallop__vx_neg_1p0__seed_0042,2,joint_front_left_calf_pitch,fl,calf,37.0,robot.actuators['calf_legs'].effort_limit,0.3128527503954183,211.40706627112814,0.3837346618239942,0.4078256519420726,0.0,0.4539922386407852,0.46083837568759917,0.0
gait_08_gallop__vx_neg_1p0__seed_0042,3,joint_front_right_abad,fr,hip,17.0,robot.actuators['hip_legs'].effort_limit,0.32587089096180044,10.948776180800051,0.40976793064790606,0.43860066413879395,0.0,0.3120967090129852,0.3377462470531463,0.0
gait_08_gallop__vx_neg_1p0__seed_0042,4,joint_front_right_thigh_pitch,fr,thigh,17.0,robot.actuators['thigh_legs'].effort_limit,1.2827328327979826,141.62711866915225,0.711999859529383,0.7873902107687555,0.0,0.42141795754432676,0.42964854717254636,0.0
gait_08_gallop__vx_neg_1p0__seed_0042,5,joint_front_right_calf_pitch,fr,calf,37.0,robot.actuators['calf_legs'].effort_limit,0.30833854301776725,331.5439132457692,0.3271400412997683,0.36047060760291844,0.0,0.5638212651014328,0.5721127486228943,0.0
gait_08_gallop__vx_neg_1p0__seed_0042,6,joint_rear_left_abad,rl,hip,17.0,robot.actuators['hip_legs'].effort_limit,0.3642472414868638,16.08597682354095,0.44661755702074807,0.48268190552206597,0.0,0.38770117461681364,0.39642571687698364,0.0
gait_08_gallop__vx_neg_1p0__seed_0042,7,joint_rear_left_thigh_pitch,rl,thigh,20.0,robot.actuators['thigh_legs'].effort_limit,0.5192697447075024,93.37065142724663,0.38538923144340514,0.40069790458679194,0.0,0.28393080830574036,0.28932928323745727,0.0
gait_08_gallop__vx_neg_1p0__seed_0042,8,joint_rear_left_calf_pitch,rl,calf,37.0,robot.actuators['calf_legs'].effort_limit,0.4227321862347526,426.5441762381792,0.3242011895050873,0.351452289271999,0.0,0.5388851881027221,0.5511890196800232,0.0
gait_08_gallop__vx_neg_1p0__seed_0042,9,joint_rear_right_abad,rr,hip,17.0,robot.actuators['hip_legs'].effort_limit,0.2946688265887035,14.520051926681772,0.28642118678373446,0.3035022651447969,0.0,0.408387416601181,0.4463002669811248,0.0
gait_08_gallop__vx_neg_1p0__seed_0042,10,joint_rear_right_thigh_pitch,rr,thigh,20.0,robot.actuators['thigh_legs'].effort_limit,0.6296469085258197,67.80323463028297,0.5286717462539673,0.5443283691406249,0.0,0.3129440486431122,0.3259294319152832,0.0
gait_08_gallop__vx_neg_1p0__seed_0042,11,joint_rear_right_calf_pitch,rr,calf,37.0,robot.actuators['calf_legs'].effort_limit,0.21784560152873686,156.4650031619519,0.26442823152284367,0.28034032641230394,0.0,0.47603046894073486,0.4827516531944275,0.0
gait_08_gallop__vx_neg_0p5__seed_0042,0,joint_front_left_abad,fl,hip,17.0,robot.actuators['hip_legs'].effort_limit,0.13274244944648952,13.439742716993205,0.19636107893551097,0.21373823460410624,0.0,0.30305878818035126,0.33163921535015106,0.0
gait_08_gallop__vx_neg_0p5__seed_0042,1,joint_front_left_thigh_pitch,fl,thigh,17.0,robot.actuators['thigh_legs'].effort_limit,0.38461177559973264,50.33769011665951,0.4216601007124957,0.46218825789058915,0.0,0.34206047654151917,0.34874165058135986,0.0
gait_08_gallop__vx_neg_0p5__seed_0042,2,joint_front_left_calf_pitch,fl,calf,37.0,robot.actuators['calf_legs'].effort_limit,0.3697418779789417,175.93395438103937,0.4050313395422858,0.42535112999581004,0.0,0.48989543318748474,0.494184210896492,0.0
gait_08_gallop__vx_neg_0p5__seed_0042,3,joint_front_right_abad,fr,hip,17.0,robot.actuators['hip_legs'].effort_limit,0.42542723574472,13.73571690746001,0.4829997735864976,0.5130181593053481,0.0,0.2975578308105469,0.31317755579948425,0.0
gait_08_gallop__vx_neg_0p5__seed_0042,4,joint_front_right_thigh_pitch,fr,thigh,17.0,robot.actuators['thigh_legs'].effort_limit,0.6806628580538624,82.13322219625582,0.5472853464238784,0.62989701944239,0.0,0.42686957120895386,0.433120995759964,0.0
gait_08_gallop__vx_neg_0p5__seed_0042,5,joint_front_right_calf_pitch,fr,calf,37.0,robot.actuators['calf_legs'].effort_limit,0.23671679591358696,282.1457307880931,0.3230953345427642,0.379356100752547,0.0,0.593498021364212,0.6159858703613281,0.0
gait_08_gallop__vx_neg_0p5__seed_0042,6,joint_rear_left_abad,rl,hip,17.0,robot.actuators['hip_legs'].effort_limit,0.3043946542204297,16.09384427076497,0.423110611298505,0.4490085559732774,0.0,0.3365577310323715,0.35046617686748505,0.0
gait_08_gallop__vx_neg_0p5__seed_0042,7,joint_rear_left_thigh_pitch,rl,thigh,20.0,robot.actuators['thigh_legs'].effort_limit,0.2933862273279704,58.28464916845784,0.3283501505851745,0.3451065123081207,0.0,0.3002852350473404,0.3052395135164261,0.0
gait_08_gallop__vx_neg_0p5__seed_0042,8,joint_rear_left_calf_pitch,rl,calf,37.0,robot.actuators['calf_legs'].effort_limit,0.42286455433945935,388.68387644128876,0.36553208892409866,0.3927021413236051,0.0,0.5386493802070618,0.5478212833404541,0.0
gait_08_gallop__vx_neg_0p5__seed_0042,9,joint_rear_right_abad,rr,hip,17.0,robot.actuators['hip_legs'].effort_limit,0.22066980725245114,17.230271596332315,0.2869635750265683,0.3186894374735215,0.0,0.40148964524269104,0.4279703199863434,0.0
gait_08_gallop__vx_neg_0p5__seed_0042,10,joint_rear_right_thigh_pitch,rr,thigh,20.0,robot.actuators['thigh_legs'].effort_limit,0.5877091143434665,52.37298155575991,0.4639878273010254,0.47940189838409425,0.0,0.3086264729499817,0.3173228055238724,0.0
gait_08_gallop__vx_neg_0p5__seed_0042,11,joint_rear_right_calf_pitch,rr,calf,37.0,robot.actuators['calf_legs'].effort_limit,0.2110969874040177,140.74933137057815,0.2971873541136046,0.34182645179129933,0.0,0.5298395752906799,0.5351200997829437,0.0
gait_08_gallop__vx_pos_0p5__seed_0042,0,joint_front_left_abad,fl,hip,17.0,robot.actuators['hip_legs'].effort_limit,0.23994735949190926,19.0354397669062,0.2921825086369234,0.30415503417744355,0.0,0.3825528919696808,0.43881019949913025,0.0
gait_08_gallop__vx_pos_0p5__seed_0042,1,joint_front_left_thigh_pitch,fl,thigh,17.0,robot.actuators['thigh_legs'].effort_limit,0.427929863308626,50.77307720810175,0.3986003048279706,0.45136232937083526,0.0,0.3119182586669922,0.3218316435813904,0.0
gait_08_gallop__vx_pos_0p5__seed_0042,2,joint_front_left_calf_pitch,fl,calf,37.0,robot.actuators['calf_legs'].effort_limit,0.3198584484407283,189.87569364123047,0.35415834993929474,0.3876845514452135,0.0,0.49870961904525757,0.5044531971216202,0.0
gait_08_gallop__vx_pos_0p5__seed_0042,3,joint_front_right_abad,fr,hip,17.0,robot.actuators['hip_legs'].effort_limit,0.3517631884143323,12.175179977117805,0.47960278567145853,0.5162353515625,0.0,0.27952173352241516,0.3027087152004242,0.0
gait_08_gallop__vx_pos_0p5__seed_0042,4,joint_front_right_thigh_pitch,fr,thigh,17.0,robot.actuators['thigh_legs'].effort_limit,0.3309156151920496,65.47422907672822,0.3746617962332333,0.4436964848462273,0.0,0.32814064621925354,0.3302529752254486,0.0
gait_08_gallop__vx_pos_0p5__seed_0042,5,joint_front_right_calf_pitch,fr,calf,37.0,robot.actuators['calf_legs'].effort_limit,0.5012740066316431,546.620793168284,0.4323516343090985,0.5025375340435956,0.0,0.570247009396553,0.5736011415719986,0.0
gait_08_gallop__vx_pos_0p5__seed_0042,6,joint_rear_left_abad,rl,hip,17.0,robot.actuators['hip_legs'].effort_limit,0.5528991676984226,21.411251371817052,0.49292591038872213,0.5203095884884105,0.0,0.31575120985507965,0.3368757516145706,0.0
gait_08_gallop__vx_pos_0p5__seed_0042,7,joint_rear_left_thigh_pitch,rl,thigh,20.0,robot.actuators['thigh_legs'].effort_limit,0.37019391910043753,67.56745632212609,0.3594946563243866,0.4146878600120545,0.0,0.4042557030916214,0.4095184653997421,0.0
gait_08_gallop__vx_pos_0p5__seed_0042,8,joint_rear_left_calf_pitch,rl,calf,37.0,robot.actuators['calf_legs'].effort_limit,0.24388572036818187,209.8079314769432,0.24268915202166583,0.253771769033896,0.0,0.6209532916545868,0.6350104808807373,0.0
gait_08_gallop__vx_pos_0p5__seed_0042,9,joint_rear_right_abad,rr,hip,17.0,robot.actuators['hip_legs'].effort_limit,0.14613842989570172,13.144972077305429,0.2030905976014979,0.21596716081394868,0.0,0.32573646306991577,0.33719494938850403,0.0
gait_08_gallop__vx_pos_0p5__seed_0042,10,joint_rear_right_thigh_pitch,rr,thigh,20.0,robot.actuators['thigh_legs'].effort_limit,0.17406129988399008,27.159402708634733,0.3012538611888885,0.33685985803604124,0.0,0.34109829366207123,0.3478684425354004,0.0
gait_08_gallop__vx_pos_0p5__seed_0042,11,joint_rear_right_calf_pitch,rr,calf,37.0,robot.actuators['calf_legs'].effort_limit,0.3180215710691351,161.28279775958276,0.3729079736245645,0.43281789083738587,0.0,0.5092726349830627,0.515354573726654,0.0
gait_08_gallop__vx_pos_1p0__seed_0042,0,joint_front_left_abad,fl,hip,17.0,robot.actuators['hip_legs'].effort_limit,0.20762919608967487,12.217267237724737,0.23713711991029623,0.25063380185295553,0.0,0.3195489346981048,0.3600767982006073,0.0
gait_08_gallop__vx_pos_1p0__seed_0042,1,joint_front_left_thigh_pitch,fl,thigh,17.0,robot.actuators['thigh_legs'].effort_limit,0.46103529431705925,62.45259066272527,0.3465873886557186,0.36547697151408476,0.0,0.3326120853424072,0.3498704445362091,0.0
gait_08_gallop__vx_pos_1p0__seed_0042,2,joint_front_left_calf_pitch,fl,calf,37.0,robot.actuators['calf_legs'].effort_limit,0.28010932092899904,197.74182144232094,0.3073713147962415,0.34406830607233785,0.0,0.47298921942710875,0.48112111568450927,0.0
gait_08_gallop__vx_pos_1p0__seed_0042,3,joint_front_right_abad,fr,hip,17.0,robot.actuators['hip_legs'].effort_limit,0.3192701111046364,12.724228326189332,0.41932610203238085,0.46939544228946456,0.0,0.29631973505020137,0.3176638984680174,0.0
gait_08_gallop__vx_pos_1p0__seed_0042,4,joint_front_right_thigh_pitch,fr,thigh,17.0,robot.actuators['thigh_legs'].effort_limit,0.6905754735142978,96.01751311855391,0.504448517631082,0.5603486565982594,0.0,0.3234162926673889,0.3270032775402069,0.0
gait_08_gallop__vx_pos_1p0__seed_0042,5,joint_front_right_calf_pitch,fr,calf,37.0,robot.actuators['calf_legs'].effort_limit,0.753930142180091,651.8187547051721,0.5194724186046701,0.5492082446330302,0.0,0.5740959823131562,0.5849686753749848,0.0
gait_08_gallop__vx_pos_1p0__seed_0042,6,joint_rear_left_abad,rl,hip,17.0,robot.actuators['hip_legs'].effort_limit,0.528911986809144,14.215107765754656,0.37315901728237355,0.4483841792274923,0.0,0.3076020836830139,0.31969077706336974,0.0
gait_08_gallop__vx_pos_1p0__seed_0042,7,joint_rear_left_thigh_pitch,rl,thigh,20.0,robot.actuators['thigh_legs'].effort_limit,0.8112004851574277,138.67835409420078,0.5226424527168273,0.6025926775932312,0.0,0.4242968052625656,0.43000120401382447,0.0
gait_08_gallop__vx_pos_1p0__seed_0042,8,joint_rear_left_calf_pitch,rl,calf,37.0,robot.actuators['calf_legs'].effort_limit,0.31788980392723415,255.00248026624323,0.2750784010500521,0.2929975117863835,0.0,0.5997006058692932,0.6089087533950805,0.0
gait_08_gallop__vx_pos_1p0__seed_0042,9,joint_rear_right_abad,rr,hip,17.0,robot.actuators['hip_legs'].effort_limit,0.15123264255789493,9.89996708279592,0.26471497872296496,0.2827665629106409,0.0,0.34730539917945863,0.35791855573654174,0.0
gait_08_gallop__vx_pos_1p0__seed_0042,10,joint_rear_right_thigh_pitch,rr,thigh,20.0,robot.actuators['thigh_legs'].effort_limit,0.2470469693720191,62.42927575196023,0.30228763580322265,0.33059913516044614,0.0,0.34937758743762964,0.35600046932697293,0.0
gait_08_gallop__vx_pos_1p0__seed_0042,11,joint_rear_right_calf_pitch,rr,calf,37.0,robot.actuators['calf_legs'].effort_limit,0.2822567138995012,184.52538585656322,0.36638270842062454,0.3957995352873931,0.0,0.46441073417663575,0.46719084978103637,0.0
gait_08_gallop__vx_pos_1p5__seed_0042,0,joint_front_left_abad,fl,hip,17.0,robot.actuators['hip_legs'].effort_limit,0.14056509006572074,9.24310477105435,0.2214863552766687,0.23568496423609112,0.0,0.30203290581703185,0.3091411310434341,0.0
gait_08_gallop__vx_pos_1p5__seed_0042,1,joint_front_left_thigh_pitch,fl,thigh,17.0,robot.actuators['thigh_legs'].effort_limit,0.4050398862202398,74.20812371077017,0.3788734982995426,0.42074403257930976,0.0,0.332386577129364,0.3585069751739502,0.0
gait_08_gallop__vx_pos_1p5__seed_0042,2,joint_front_left_calf_pitch,fl,calf,37.0,robot.actuators['calf_legs'].effort_limit,0.33609999002372365,223.60874953851103,0.3518013619087837,0.38225235758601006,0.0,0.5037118434906006,0.5172781246900559,0.0
gait_08_gallop__vx_pos_1p5__seed_0042,3,joint_front_right_abad,fr,hip,17.0,robot.actuators['hip_legs'].effort_limit,0.17662021257751614,7.659647854021751,0.251299646321465,0.2661106364867266,0.0,0.3390393555164337,0.3447472739219665,0.0
gait_08_gallop__vx_pos_1p5__seed_0042,4,joint_front_right_thigh_pitch,fr,thigh,17.0,robot.actuators['thigh_legs'].effort_limit,1.0324675284404392,134.82143448456657,0.5965770861681768,0.642903050254373,0.0,0.31952483057975767,0.32431965827941894,0.0
gait_08_gallop__vx_pos_1p5__seed_0042,5,joint_front_right_calf_pitch,fr,calf,37.0,robot.actuators['calf_legs'].effort_limit,0.8600750014270241,766.8888554909826,0.555328049530854,0.5853596939911713,0.0,0.5877609312534332,0.595546989440918,0.0
gait_08_gallop__vx_pos_1p5__seed_0042,6,joint_rear_left_abad,rl,hip,17.0,robot.actuators['hip_legs'].effort_limit,0.3857880243881447,8.736029424231091,0.3554974359624526,0.37228285172406367,0.0,0.3330113798379895,0.3754225963354111,0.0
gait_08_gallop__vx_pos_1p5__seed_0042,7,joint_rear_left_thigh_pitch,rl,thigh,20.0,robot.actuators['thigh_legs'].effort_limit,1.0739482298603165,196.42259658813478,0.5880557560920714,0.6173040533065796,0.0,0.41533950269222253,0.42410185098648073,0.0
gait_08_gallop__vx_pos_1p5__seed_0042,8,joint_rear_left_calf_pitch,rl,calf,37.0,robot.actuators['calf_legs'].effort_limit,0.4175592537161325,306.95669597923757,0.4255526349351212,0.47140694076950485,0.0,0.5822954952716827,0.5877305710315704,0.0
gait_08_gallop__vx_pos_1p5__seed_0042,9,joint_rear_right_abad,rr,hip,17.0,robot.actuators['hip_legs'].effort_limit,0.1475049014292254,10.044703945339425,0.2815729688195619,0.3240274395662193,0.0,0.3724787235260009,0.383953468799591,0.0
gait_08_gallop__vx_pos_1p5__seed_0042,10,joint_rear_right_thigh_pitch,rr,thigh,20.0,robot.actuators['thigh_legs'].effort_limit,0.5002613871487875,95.46826523184777,0.4459978222846984,0.47569922924041746,0.0,0.33851328790187835,0.3496723121404648,0.0
gait_08_gallop__vx_pos_1p5__seed_0042,11,joint_rear_right_calf_pitch,rr,calf,37.0,robot.actuators['calf_legs'].effort_limit,0.3260904588267733,226.2225093314983,0.36455160862690694,0.38515902209926295,0.0,0.4752386927604673,0.4932714176177978,0.0
gait_09_gallop__vx_neg_1p5__seed_0042,0,joint_front_left_abad,fl,hip,17.0,robot.actuators['hip_legs'].effort_limit,0.28494979367511136,10.868951138253324,0.3560134214513442,0.38018724834217743,0.0,0.4334236174821852,0.49416319668292996,0.0
gait_09_gallop__vx_neg_1p5__seed_0042,1,joint_front_left_thigh_pitch,fl,thigh,17.0,robot.actuators['thigh_legs'].effort_limit,0.9097875469286862,133.15067604526877,0.6406834153568043,0.6940510531032786,0.0,0.3857836902141571,0.38950310468673705,0.0
gait_09_gallop__vx_neg_1p5__seed_0042,2,joint_front_left_calf_pitch,fl,calf,37.0,robot.actuators['calf_legs'].effort_limit,0.31785493141855875,248.5052429150045,0.37621046014734216,0.4052760430928823,0.0,0.6506675839424132,0.6639708423614502,0.0
gait_09_gallop__vx_neg_1p5__seed_0042,3,joint_front_right_abad,fr,hip,17.0,robot.actuators['hip_legs'].effort_limit,0.22680035939456444,15.37414849504363,0.31171695204342104,0.34933711640975057,0.0,0.4894240856170654,0.5003660094738006,0.0
gait_09_gallop__vx_neg_1p5__seed_0042,4,joint_front_right_thigh_pitch,fr,thigh,17.0,robot.actuators['thigh_legs'].effort_limit,1.7503649196770241,156.295183329368,0.9451288672054514,1.0,0.04375,0.30593469738960266,0.3097333931922912,0.0
gait_09_gallop__vx_neg_1p5__seed_0042,5,joint_front_right_calf_pitch,fr,calf,37.0,robot.actuators['calf_legs'].effort_limit,0.3528056398063707,232.1051463326346,0.40812156393721283,0.4957359850084458,0.0,0.4924467235803604,0.5020510578155517,0.0
gait_09_gallop__vx_neg_1p5__seed_0042,6,joint_rear_left_abad,rl,hip,17.0,robot.actuators['hip_legs'].effort_limit,0.14536355217615873,12.703806600495009,0.25671362876892084,0.27754287046544684,0.0,0.47173114120960236,0.4784542590379715,0.0
gait_09_gallop__vx_neg_1p5__seed_0042,7,joint_rear_left_thigh_pitch,rl,thigh,20.0,robot.actuators['thigh_legs'].effort_limit,0.6496479780283524,113.96202685818076,0.5204637479782104,0.6102780003547668,0.0,0.3065768420696258,0.3182952177524566,0.0
gait_09_gallop__vx_neg_1p5__seed_0042,8,joint_rear_left_calf_pitch,rl,calf,37.0,robot.actuators['calf_legs'].effort_limit,0.5500187433277761,384.4250884228945,0.4265029249964533,0.4434126065228436,0.0,0.7363395988941193,0.7464457166194916,0.0
gait_09_gallop__vx_neg_1p5__seed_0042,9,joint_rear_right_abad,rr,hip,17.0,robot.actuators['hip_legs'].effort_limit,0.1561730944458821,10.894249177901074,0.26542310995214125,0.28803701092215145,0.0,0.43540806770324697,0.4765729129314422,0.0
gait_09_gallop__vx_neg_1p5__seed_0042,10,joint_rear_right_thigh_pitch,rr,thigh,20.0,robot.actuators['thigh_legs'].effort_limit,0.5438045748188616,94.21277826733888,0.37238554000854485,0.41288876533508295,0.0,0.3240797668695449,0.33750870466232297,0.0
gait_09_gallop__vx_neg_1p5__seed_0042,11,joint_rear_right_calf_pitch,rr,calf,37.0,robot.actuators['calf_legs'].effort_limit,0.29230265567232777,149.0892296745628,0.4039599083565373,0.5721734361390807,0.0,0.5396136879920959,0.5647338950634002,0.0
gait_09_gallop__vx_neg_1p0__seed_0042,0,joint_front_left_abad,fl,hip,17.0,robot.actuators['hip_legs'].effort_limit,0.12795394499015106,8.259426434771157,0.2205073314554551,0.22864633952870086,0.0,0.3660281389951706,0.378856548666954,0.0
gait_09_gallop__vx_neg_1p0__seed_0042,1,joint_front_left_thigh_pitch,fl,thigh,17.0,robot.actuators['thigh_legs'].effort_limit,0.3438491234027589,65.38234032880516,0.4389432163799509,0.4836264801025389,0.0,0.4106332719326019,0.41721316814422604,0.0
gait_09_gallop__vx_neg_1p0__seed_0042,2,joint_front_left_calf_pitch,fl,calf,37.0,robot.actuators['calf_legs'].effort_limit,0.2850560366070329,201.10655480474233,0.33097095876126675,0.36074849644222773,0.0,0.7003494292497635,0.7185223674774169,0.0
gait_09_gallop__vx_neg_1p0__seed_0042,3,joint_front_right_abad,fr,hip,17.0,robot.actuators['hip_legs'].effort_limit,0.1771784525778693,12.48898828553618,0.23662650164435892,0.2535571883706485,0.0,0.49749752283096316,0.5142033457756042,0.0
gait_09_gallop__vx_neg_1p0__seed_0042,4,joint_front_right_thigh_pitch,fr,thigh,17.0,robot.actuators['thigh_legs'].effort_limit,1.7128814172387965,101.52385588016361,1.0,1.0,0.075,0.3412523329257965,0.3455247676372528,0.0
gait_09_gallop__vx_neg_1p0__seed_0042,5,joint_front_right_calf_pitch,fr,calf,37.0,robot.actuators['calf_legs'].effort_limit,0.29901350431245843,185.7495857862709,0.39700656066069706,0.4757450495539484,0.0,0.4585777968168258,0.4762673330307007,0.0
gait_09_gallop__vx_neg_1p0__seed_0042,6,joint_rear_left_abad,rl,hip,17.0,robot.actuators['hip_legs'].effort_limit,0.13729390402825567,11.929778680771124,0.23117230218999524,0.24291340126710778,0.0,0.45013261139392846,0.4740973174571991,0.0
gait_09_gallop__vx_neg_1p0__seed_0042,7,joint_rear_left_thigh_pitch,rl,thigh,20.0,robot.actuators['thigh_legs'].effort_limit,0.45386331644103617,66.49028548486531,0.4675206542015075,0.49879205322265624,0.0,0.31966229677200314,0.3253198140859604,0.0
gait_09_gallop__vx_neg_1p0__seed_0042,8,joint_rear_left_calf_pitch,rl,calf,37.0,robot.actuators['calf_legs'].effort_limit,0.4559743103319095,367.75631666164844,0.35988251711871166,0.38489562292356744,0.0,0.7355275452136993,0.7476457703113555,0.0
gait_09_gallop__vx_neg_1p0__seed_0042,9,joint_rear_right_abad,rr,hip,17.0,robot.actuators['hip_legs'].effort_limit,0.16404303517770039,11.82729456935078,0.2498726606369018,0.2718365273756139,0.0,0.3849423229694365,0.4064858877658844,0.0
gait_09_gallop__vx_neg_1p0__seed_0042,10,joint_rear_right_thigh_pitch,rr,thigh,20.0,robot.actuators['thigh_legs'].effort_limit,0.6773240190247479,64.36509227839997,0.3652623343467712,0.41753645229339587,0.0,0.34647008478641506,0.3522235929965973,0.0
gait_09_gallop__vx_neg_1p0__seed_0042,11,joint_rear_right_calf_pitch,rr,calf,37.0,robot.actuators['calf_legs'].effort_limit,0.225786946722636,125.63505764503033,0.3423735515491381,0.3874840610091751,0.0,0.45970821380615234,0.48042591810226437,0.0
gait_09_gallop__vx_neg_0p5__seed_0042,0,joint_front_left_abad,fl,hip,17.0,robot.actuators['hip_legs'].effort_limit,0.06895985507717227,7.189473426573095,0.17249628024942734,0.1803997369373546,0.0,0.29902835190296173,0.30841486155986786,0.0
gait_09_gallop__vx_neg_0p5__seed_0042,1,joint_front_left_thigh_pitch,fl,thigh,17.0,robot.actuators['thigh_legs'].effort_limit,0.15382750781829851,38.925507495233326,0.24954959925483255,0.31139592563404755,0.0,0.41798135638237,0.42156317830085754,0.0
gait_09_gallop__vx_neg_0p5__seed_0042,2,joint_front_left_calf_pitch,fl,calf,37.0,robot.actuators['calf_legs'].effort_limit,0.22836663252253545,155.37488715961575,0.26883038958987676,0.29613215214497335,0.0,0.7260535806417465,0.7406678050756454,0.0
gait_09_gallop__vx_neg_0p5__seed_0042,3,joint_front_right_abad,fr,hip,17.0,robot.actuators['hip_legs'].effort_limit,0.17008956763356192,11.579213792250957,0.2547621937359081,0.2871943642111386,0.0,0.5048854649066925,0.51833775639534,0.0
gait_09_gallop__vx_neg_0p5__seed_0042,4,joint_front_right_thigh_pitch,fr,thigh,17.0,robot.actuators['thigh_legs'].effort_limit,1.2786717066570024,56.302754443967714,0.9015809227438534,0.9572471730849322,0.018907563025210083,0.35558459162712097,0.36126822233200073,0.0
gait_09_gallop__vx_neg_0p5__seed_0042,5,joint_front_right_calf_pitch,fr,calf,37.0,robot.actuators['calf_legs'].effort_limit,0.2741674360169434,155.64811856715474,0.3652932837202742,0.4296693028630437,0.0,0.4628528505563736,0.47034095227718353,0.0
gait_09_gallop__vx_neg_0p5__seed_0042,6,joint_rear_left_abad,rl,hip,17.0,robot.actuators['hip_legs'].effort_limit,0.10281343261114519,9.726661804484902,0.19825447657529047,0.2072927846628077,0.0,0.4141194671392441,0.4581581652164459,0.0
gait_09_gallop__vx_neg_0p5__seed_0042,7,joint_rear_left_thigh_pitch,rl,thigh,20.0,robot.actuators['thigh_legs'].effort_limit,0.41804683507960894,46.355890875309704,0.49566423892974854,0.5449240565299988,0.0,0.3271481990814209,0.33455003798007965,0.0
gait_09_gallop__vx_neg_0p5__seed_0042,8,joint_rear_left_calf_pitch,rl,calf,37.0,robot.actuators['calf_legs'].effort_limit,0.37543777546441415,292.8795773287118,0.31160160013147303,0.33749832333745183,0.0,0.7078864574432373,0.7274169623851776,0.0
gait_09_gallop__vx_neg_0p5__seed_0042,9,joint_rear_right_abad,rr,hip,17.0,robot.actuators['hip_legs'].effort_limit,0.14955811636831615,13.818130665466306,0.20994112070868998,0.23728055112502153,0.0,0.3106991648674011,0.3179112672805786,0.0
gait_09_gallop__vx_neg_0p5__seed_0042,10,joint_rear_right_thigh_pitch,rr,thigh,20.0,robot.actuators['thigh_legs'].effort_limit,1.0486398073845997,64.38353263020515,0.5675840020179749,0.6369601011276245,0.0,0.34102219343185425,0.3453598767518997,0.0
gait_09_gallop__vx_neg_0p5__seed_0042,11,joint_rear_right_calf_pitch,rr,calf,37.0,robot.actuators['calf_legs'].effort_limit,0.18142565980940645,115.00073014672846,0.3035443860131341,0.3432010959934544,0.0,0.512675940990448,0.5176660716533661,0.0
gait_09_gallop__vx_pos_0p5__seed_0042,0,joint_front_left_abad,fl,hip,17.0,robot.actuators['hip_legs'].effort_limit,0.08685928635630552,7.295219101766125,0.21450399300631354,0.2946796347113217,0.0,0.3783883601427078,0.4437364488840103,0.0
gait_09_gallop__vx_pos_0p5__seed_0042,1,joint_front_left_thigh_pitch,fl,thigh,17.0,robot.actuators['thigh_legs'].effort_limit,0.37866021386227106,42.17178126497834,0.46455565620871153,0.5743358275469611,0.0,0.3229309022426605,0.32583126425743103,0.0
gait_09_gallop__vx_pos_0p5__seed_0042,2,joint_front_left_calf_pitch,fl,calf,37.0,robot.actuators['calf_legs'].effort_limit,0.29612071302938087,210.52447842782422,0.3113301573572932,0.32046381847278493,0.0,0.678517758846283,0.687731921672821,0.0
gait_09_gallop__vx_pos_0p5__seed_0042,3,joint_front_right_abad,fr,hip,17.0,robot.actuators['hip_legs'].effort_limit,0.09080911359587876,7.753724984768779,0.20190270508036895,0.22954090202555938,0.0,0.406975656747818,0.41257205605506897,0.0
gait_09_gallop__vx_pos_0p5__seed_0042,4,joint_front_right_thigh_pitch,fr,thigh,17.0,robot.actuators['thigh_legs'].effort_limit,0.8578091036710859,42.508819378875195,0.5363958583158606,0.584763064103968,0.0,0.3357643485069275,0.34007999300956726,0.0
gait_09_gallop__vx_pos_0p5__seed_0042,5,joint_front_right_calf_pitch,fr,calf,37.0,robot.actuators['calf_legs'].effort_limit,0.21877595156480606,141.3252986256242,0.31745676092199376,0.42702136168608795,0.0,0.4889999032020569,0.4945906847715378,0.0
gait_09_gallop__vx_pos_0p5__seed_0042,6,joint_rear_left_abad,rl,hip,17.0,robot.actuators['hip_legs'].effort_limit,0.07002600186560065,7.019382689853664,0.154044789426467,0.19662931386162252,0.0,0.28799284994602203,0.2928442806005478,0.0
gait_09_gallop__vx_pos_0p5__seed_0042,7,joint_rear_left_thigh_pitch,rl,thigh,20.0,robot.actuators['thigh_legs'].effort_limit,0.32716964772233864,61.99002176086884,0.32025766372680664,0.3513307988643646,0.0,0.42675545811653137,0.44324859976768494,0.0
gait_09_gallop__vx_pos_0p5__seed_0042,8,joint_rear_left_calf_pitch,rl,calf,37.0,robot.actuators['calf_legs'].effort_limit,0.22252617934631092,179.57348011615687,0.23890213064245275,0.27151930009996567,0.0,0.6752500534057617,0.6985094547271729,0.0
gait_09_gallop__vx_pos_0p5__seed_0042,9,joint_rear_right_abad,rr,hip,17.0,robot.actuators['hip_legs'].effort_limit,0.03529195782019257,3.8799826864275384,0.10412526831907384,0.12464533833896413,0.0,0.3370519280433655,0.3550948202610016,0.0
gait_09_gallop__vx_pos_0p5__seed_0042,10,joint_rear_right_thigh_pitch,rr,thigh,20.0,robot.actuators['thigh_legs'].effort_limit,0.4091472122668981,29.4997112228279,0.4847710609436035,0.561098861694336,0.0,0.34814465045928955,0.35940971970558167,0.0
gait_09_gallop__vx_pos_0p5__seed_0042,11,joint_rear_right_calf_pitch,rr,calf,37.0,robot.actuators['calf_legs'].effort_limit,0.264467764528733,157.5814058338001,0.31591736948167953,0.4123471363170727,0.0,0.49155953526496887,0.49436819553375244,0.0
gait_09_gallop__vx_pos_1p0__seed_0042,0,joint_front_left_abad,fl,hip,17.0,robot.actuators['hip_legs'].effort_limit,0.0652561832994403,4.472488666767021,0.14915942234151502,0.20671967604581043,0.0,0.3707928448915477,0.44931645572185513,0.0
gait_09_gallop__vx_pos_1p0__seed_0042,1,joint_front_left_thigh_pitch,fl,thigh,17.0,robot.actuators['thigh_legs'].effort_limit,0.4637525163633267,53.955509283393624,0.4494308682049022,0.49750670769635363,0.0,0.3175186812877655,0.3265913796424866,0.0
gait_09_gallop__vx_pos_1p0__seed_0042,2,joint_front_left_calf_pitch,fl,calf,37.0,robot.actuators['calf_legs'].effort_limit,0.4177836933707087,323.54679848209025,0.36704946981894,0.37271662737872147,0.0,0.665893167257309,0.6757313710451126,0.0
gait_09_gallop__vx_pos_1p0__seed_0042,3,joint_front_right_abad,fr,hip,17.0,robot.actuators['hip_legs'].effort_limit,0.10110427141626134,7.220072934981435,0.1455043876872343,0.15144821124918323,0.0,0.42320297956466674,0.4305432713031769,0.0
gait_09_gallop__vx_pos_1p0__seed_0042,4,joint_front_right_thigh_pitch,fr,thigh,17.0,robot.actuators['thigh_legs'].effort_limit,0.7102508965495367,64.86843110980466,0.4707143559175379,0.4998568949979893,0.0,0.31954293251037597,0.3367130136489868,0.0
gait_09_gallop__vx_pos_1p0__seed_0042,5,joint_front_right_calf_pitch,fr,calf,37.0,robot.actuators['calf_legs'].effort_limit,0.21842154838495326,137.75548707049342,0.28838567733764653,0.4013646437670727,0.0,0.43723730742931366,0.4439271867275238,0.0
gait_09_gallop__vx_pos_1p0__seed_0042,6,joint_rear_left_abad,rl,hip,17.0,robot.actuators['hip_legs'].effort_limit,0.07444720710443767,11.424706384313758,0.1756534288911258,0.19364965340670418,0.0,0.28702222406864164,0.32410381972789754,0.0
gait_09_gallop__vx_pos_1p0__seed_0042,7,joint_rear_left_thigh_pitch,rl,thigh,20.0,robot.actuators['thigh_legs'].effort_limit,0.4712955280527959,111.37092865083832,0.3501060259342193,0.3712238094806671,0.0,0.4367446154356003,0.4426738291978836,0.0
gait_09_gallop__vx_pos_1p0__seed_0042,8,joint_rear_left_calf_pitch,rl,calf,37.0,robot.actuators['calf_legs'].effort_limit,0.27656144755254697,225.0147213894129,0.32987823486328094,0.37323699667647076,0.0,0.6722553431987761,0.6900396084785462,0.0
gait_09_gallop__vx_pos_1p0__seed_0042,9,joint_rear_right_abad,rr,hip,17.0,robot.actuators['hip_legs'].effort_limit,0.07485659391252977,4.909783844120102,0.1624728441238403,0.17635920706917257,0.0,0.3766137421131134,0.3920088827610016,0.0
gait_09_gallop__vx_pos_1p0__seed_0042,10,joint_rear_right_thigh_pitch,rr,thigh,20.0,robot.actuators['thigh_legs'].effort_limit,0.5235605381505601,63.30616111797747,0.5064771771430968,0.6344422421455383,0.0,0.33837400674819945,0.3548805892467498,0.0
gait_09_gallop__vx_pos_1p0__seed_0042,11,joint_rear_right_calf_pitch,rr,calf,37.0,robot.actuators['calf_legs'].effort_limit,0.2437433317057758,166.6013438535668,0.324117951779752,0.46124331603179086,0.0,0.4554803669452667,0.4651741051673889,0.0
gait_09_gallop__vx_pos_1p5__seed_0042,0,joint_front_left_abad,fl,hip,17.0,robot.actuators['hip_legs'].effort_limit,0.11791101859033593,8.049059155709111,0.18959163637722237,0.21348407100228703,0.0,0.38137931525707225,0.4266422969102859,0.0
gait_09_gallop__vx_pos_1p5__seed_0042,1,joint_front_left_thigh_pitch,fl,thigh,17.0,robot.actuators['thigh_legs'].effort_limit,0.6183782213105812,73.69043399969117,0.4280711230109719,0.4631634210137758,0.0,0.305295044183731,0.32466042995452876,0.0
gait_09_gallop__vx_pos_1p5__seed_0042,2,joint_front_left_calf_pitch,fl,calf,37.0,robot.actuators['calf_legs'].effort_limit,0.5441745605760481,414.7864653199539,0.42925063468314506,0.44398534001530826,0.0,0.6042206913232803,0.6223813021183013,0.0
gait_09_gallop__vx_pos_1p5__seed_0042,3,joint_front_right_abad,fr,hip,17.0,robot.actuators['hip_legs'].effort_limit,0.1428240892975786,10.522326242574492,0.2139821192797492,0.23023311783285696,0.0,0.44466373324394226,0.45128720641136166,0.0
gait_09_gallop__vx_pos_1p5__seed_0042,4,joint_front_right_thigh_pitch,fr,thigh,17.0,robot.actuators['thigh_legs'].effort_limit,0.37028315421881347,80.05720682840794,0.4336684759925388,0.4967714724821203,0.0,0.3122537732124328,0.32806610226631167,0.0
gait_09_gallop__vx_pos_1p5__seed_0042,5,joint_front_right_calf_pitch,fr,calf,37.0,robot.actuators['calf_legs'].effort_limit,0.2612694201717145,150.8416694266908,0.32131043640342916,0.3774418057622136,0.0,0.49385053515434263,0.5091741490364075,0.0
gait_09_gallop__vx_pos_1p5__seed_0042,6,joint_rear_left_abad,rl,hip,17.0,robot.actuators['hip_legs'].effort_limit,0.1329762640204415,11.965117075024173,0.21084687569562122,0.23798962200389187,0.0,0.2952411353588104,0.3513013118505478,0.0
gait_09_gallop__vx_pos_1p5__seed_0042,7,joint_rear_left_thigh_pitch,rl,thigh,20.0,robot.actuators['thigh_legs'].effort_limit,0.792153826869979,175.06764543646946,0.4941790771484375,0.5353543820381164,0.0,0.4091387361288071,0.4174694299697876,0.0
gait_09_gallop__vx_pos_1p5__seed_0042,8,joint_rear_left_calf_pitch,rl,calf,37.0,robot.actuators['calf_legs'].effort_limit,0.34613208212856955,288.9311238853633,0.432469217197315,0.46693675582473343,0.0,0.6737533867359161,0.6803907179832458,0.0
gait_09_gallop__vx_pos_1p5__seed_0042,9,joint_rear_right_abad,rr,hip,17.0,robot.actuators['hip_legs'].effort_limit,0.13130740321773673,12.260099900546484,0.1862815457231858,0.1931432003133437,0.0,0.40565364360809325,0.4189254307746887,0.0
gait_09_gallop__vx_pos_1p5__seed_0042,10,joint_rear_right_thigh_pitch,rr,thigh,20.0,robot.actuators['thigh_legs'].effort_limit,0.9049279455481514,132.48460573523306,0.6339421844482421,0.7482010712623595,0.0,0.32037139534950254,0.33101255297660825,0.0
gait_09_gallop__vx_pos_1p5__seed_0042,11,joint_rear_right_calf_pitch,rr,calf,37.0,robot.actuators['calf_legs'].effort_limit,0.2714046746414248,206.47129702241625,0.3759401514723492,0.47477126868995456,0.0,0.47482644915580746,0.4836432635784149,0.0
