cell_id,foot,contact_mean_force_n,vertical_impulse_ns,force_p95_n,force_p99_n,force_max_n,impact_event_count,impact_peak_mean_n,impact_peak_p95_n,impact_peak_max_n,impact_impulse_mean_ns,impact_impulse_p95_ns,impact_impulse_max_ns,agreement,agreement_boundary_excluded,false_swing_contact_fraction,missed_stance_contact_fraction,contact_precision,contact_recall,contact_f1,measured_duty_factor,commanded_duty_factor,sampled_desired_stance_fraction,desired_duty_factor,duty_factor_error,duty_factor_abs_error,touchdown_matched,touchdown_abs_error_mean_cycles,touchdown_abs_error_mean_s,touchdown_abs_error_median_cycles,touchdown_abs_error_median_s,touchdown_abs_error_p95_cycles,touchdown_abs_error_p95_s,touchdown_unmatched_expected,touchdown_unmatched_actual,touchdown_unmatched_fraction,touchdown_expected_unmatched_fraction,touchdown_actual_unmatched_fraction,touchdown_event_count,liftoff_matched,liftoff_abs_error_mean_cycles,liftoff_abs_error_mean_s,liftoff_abs_error_median_cycles,liftoff_abs_error_median_s,liftoff_abs_error_p95_cycles,liftoff_abs_error_p95_s,liftoff_unmatched_expected,liftoff_unmatched_actual,liftoff_unmatched_fraction,liftoff_expected_unmatched_fraction,liftoff_actual_unmatched_fraction,liftoff_event_count
gait_00_trot__vx_neg_1p5__seed_0042,fl,98.48909428865292,510.5518370008469,133.80021057128906,168.4023284912107,295.35125732421875,39,139.07891063201123,179.38793029785157,295.35125732421875,7.185028940836589,8.074505905151367,10.480599212646485,0.7958333333333333,0.8171557562076749,0.2682119205298013,0.0,0.6351351351351351,1.0,0.7768595041322314,0.5395833333333333,0.333658903837204,0.33541666666666664,0.33541666666666664,0.20592442949612932,0.20592442949612932,39,0.023650908317321386,0.0058203137458620454,0.020364075899124146,0.005011448578938722,0.05217064023017883,0.012838808995752071,0,0,0.0,0.0,0.0,39,24,0.1738119920094808,0.04277384668340805,0.1740093231201172,0.042822408411368494,0.1937795639038086,0.04768771855711235,14,15,0.5471698113207547,0.3684210526315789,0.38461538461538464,39
gait_00_trot__vx_neg_1p5__seed_0042,fr,83.74562074684421,414.00519928693774,119.13650665283203,123.66328872680664,124.05872344970703,39,116.783324608436,123.82204360961914,124.05872344970703,6.248677532489483,6.469929244995117,6.528148651123047,0.8166666666666667,0.8484162895927602,0.22333333333333333,0.0,0.6794258373205742,1.0,0.8091168091168092,0.5145833333333333,0.333658903837204,0.33125,0.33125,0.1809244294961293,0.1809244294961293,39,0.04789826732415419,0.01178740959836943,0.04720810055732727,0.011617564657701425,0.0829825222492218,0.020421385446736606,0,0,0.0,0.0,0.0,39,39,0.13315562712840545,0.03276861575530871,0.13196182250976562,0.03247482926142364,0.1703258514404297,0.04191593325353799,0,0,0.0,0.0,0.0,39
gait_00_trot__vx_neg_1p5__seed_0042,rl,56.731526843397134,263.4362439823151,92.66680526733398,94.50812911987305,94.58016967773438,39,91.13910538110977,94.54901351928712,94.58016967773438,4.667517449305608,5.02378498840332,5.084730224609375,0.85,0.8846153846153846,0.17,0.0,0.7357512953367875,1.0,0.8477611940298507,0.48125,0.333658903837204,0.33125,0.33125,0.14759109616279603,0.14759109616279603,39,0.03663218861971146,0.009014910890680974,0.03601768612861633,0.008863686369076956,0.07299354672431947,0.01796317239315638,0,0,0.0,0.0,0.0,39,39,0.11231696300017528,0.02764037452061109,0.11376190185546875,0.027995963294139736,0.18507347106933594,0.04554521345255697,0,0,0.0,0.0,0.0,39
gait_00_trot__vx_neg_1p5__seed_0042,rr,51.96532317263181,255.1891674232483,100.02064208984375,104.54182556152344,108.28075408935547,40,94.10797867774963,104.64061203002929,108.28075408935547,4.498428643226624,4.95335633468628,5.055519027709961,0.8270833333333333,0.8510158013544018,0.2185430463576159,0.0,0.6811594202898551,1.0,0.810344827586207,0.5083333333333333,0.333658903837204,0.33541666666666664,0.33541666666666664,0.17467442949612932,0.17467442949612932,39,0.026711363822985917,0.006573469227640002,0.02081802487373352,0.005123162066699524,0.05917823910713196,0.014563327290009153,0,1,0.025,0.0,0.025,40,32,0.1394290328025818,0.03431245452838602,0.16513633728027344,0.04063883217160694,0.19359798431396485,0.04764303316200803,6,7,0.28888888888888886,0.15789473684210525,0.1794871794871795,39
gait_00_trot__vx_neg_1p0__seed_0042,fl,91.69131152821284,502.55839337348937,126.85539131164549,130.15128570556638,186.3106231689453,31,127.95423495384955,145.50447845458984,186.3106231689453,6.553296208535471,7.521412353515625,8.479107208251953,0.8340163934426229,0.8654708520179372,0.21897810218978103,0.0,0.7413793103448276,1.0,0.8514851485148515,0.5614754098360656,0.39623603224754333,0.39549180327868855,0.39549180327868855,0.16523937758852225,0.16523937758852225,31,0.0301001081543584,0.009474170321205655,0.030094534158706665,0.009472415876208201,0.05878773331642151,0.018503754052350364,0,0,0.0,0.0,0.0,31,30,0.134890619913737,0.042457545376318274,0.1334981918334961,0.04201927117728283,0.16388244628906248,0.051582878069280184,0,1,0.03225806451612903,0.0,0.03225806451612903,31
gait_00_trot__vx_neg_1p0__seed_0042,fr,76.53808245292076,398.33145336389543,111.29212608337403,115.1205950164795,117.24996948242188,31,111.07705860753214,115.69774627685547,117.24996948242188,5.633681772293583,6.202747116088867,6.301397705078125,0.8647540983606558,0.8938053097345132,0.17391304347826086,0.0,0.7857142857142857,1.0,0.88,0.5327868852459017,0.39623603224754333,0.3975409836065574,0.3975409836065574,0.13655085299835834,0.13655085299835834,31,0.038418203592300415,0.01209233542954914,0.03842201828956604,0.012093536125953054,0.06711617112159729,0.021125174476196197,0,0,0.0,0.0,0.0,31,31,0.09826900113013483,0.030930694641601808,0.09955215454101562,0.03133457405295072,0.12517070770263672,0.03939815092753798,0,0,0.0,0.0,0.0,31
gait_00_trot__vx_neg_1p0__seed_0042,rl,54.06622344322924,287.2329156398773,82.60280456542968,86.71904785156251,88.73553466796875,31,82.22183301371913,87.68388748168945,88.73553466796875,4.346044422272714,4.760813980102539,4.770856018066406,0.8545081967213115,0.8827433628318584,0.19202898550724637,0.0,0.7685589519650655,1.0,0.8691358024691358,0.5430327868852459,0.39623603224754333,0.3975409836065574,0.3975409836065574,0.1467967546377026,0.1467967546377026,31,0.042517711077967,0.013382677376265332,0.04149666428565979,0.013061297427507956,0.07390633225440979,0.023262414075163596,0,0,0.0,0.0,0.0,31,31,0.10441829312232233,0.032866217244711615,0.10390090942382812,0.032703367953412985,0.1343994140625,0.04230293570270757,0,0,0.0,0.0,0.0,31
gait_00_trot__vx_neg_1p0__seed_0042,rr,50.9989941890702,268.64973675966263,91.35735549926757,94.97370819091796,100.46388244628906,31,91.64303318146736,97.7838249206543,100.46388244628906,4.510086811434838,5.0039747619628905,5.065515594482422,0.8565573770491803,0.8901345291479821,0.17883211678832117,0.0,0.7782805429864253,1.0,0.8753180661577609,0.5389344262295082,0.39623603224754333,0.39549180327868855,0.39549180327868855,0.14269839398196482,0.14269839398196482,31,0.02673026534818834,0.00841349424198293,0.027019888162612915,0.0085046545746533,0.0526374876499176,0.016567931275139582,0,0,0.0,0.0,0.0,31,30,0.11582832336425782,0.036457585399531735,0.12914657592773438,0.04064957675451762,0.16010808944702148,0.05039487902983731,0,1,0.03225806451612903,0.0,0.03225806451612903,31
gait_00_trot__vx_neg_0p5__seed_0042,fl,87.12976426002116,447.8469882965088,106.72334442138671,108.99525817871094,110.5171890258789,24,107.19282468159993,109.35304374694825,110.5171890258789,5.885183486938477,6.127473831176758,6.1298583984375,0.937888198757764,0.9774774774774775,0.0423728813559322,0.0,0.9541284403669725,1.0,0.9765258215962441,0.5320910973084886,0.4705493450164795,0.4699792960662526,0.4699792960662526,0.06154175229200909,0.06154175229200909,24,0.013902525107065836,0.00559696466507973,0.012835502624511719,0.005167396145281425,0.030523419380187978,0.012288307225677643,0,0,0.0,0.0,0.0,24,23,0.05987329068391219,0.024104160198177807,0.0591888427734375,0.023828610919143053,0.08136901855468749,0.03275804346156799,0,1,0.041666666666666664,0.0,0.041666666666666664,24
gait_00_trot__vx_neg_0p5__seed_0042,fr,78.41411243554757,412.5613181884587,99.92125701904297,117.95393249511709,175.07029724121094,23,106.9386570142663,154.07555389404294,175.07029724121094,5.738505819569463,7.116027877807617,7.524785461425782,0.927536231884058,0.9617117117117117,0.07203389830508475,0.0,0.9244444444444444,1.0,0.9607390300230947,0.5445134575569358,0.4705493450164795,0.4720496894409938,0.4720496894409938,0.07396411254045632,0.07396411254045632,23,0.013216360755588697,0.005320724370595168,0.012093782424926758,0.004868789833371727,0.02791037559509277,0.011236331874376103,1,0,0.041666666666666664,0.041666666666666664,0.0,23,24,0.07967277367909749,0.032075158693593384,0.07915687561035156,0.03186746525378177,0.10187091827392578,0.04101182523228135,0,0,0.0,0.0,0.0,24
gait_00_trot__vx_neg_0p5__seed_0042,rl,57.04633404552073,315.2151160001755,72.6211986541748,76.11619567871094,77.79544830322266,23,71.76301707392153,76.59777221679687,77.79544830322266,3.92569531482199,4.3243840789794925,4.3385772705078125,0.9006211180124224,0.9346846846846847,0.1228813559322034,0.0,0.8776371308016878,1.0,0.9348314606741573,0.5714285714285714,0.4705493450164795,0.4720496894409938,0.4720496894409938,0.1008792264120919,0.1008792264120919,19,0.017157968721891705,0.0069075613186386844,0.01518559455871582,0.006113510711817554,0.039526033401489254,0.01591263533747984,5,4,0.32142857142857145,0.20833333333333334,0.17391304347826086,23,24,0.08174272378285725,0.032908492026926715,0.08153438568115234,0.03282461798356753,0.1037470817565918,0.04176714274744683,0,0,0.0,0.0,0.0,24
gait_00_trot__vx_neg_0p5__seed_0042,rr,50.924590890125565,284.6107432937622,78.55899658203124,80.64876647949217,83.65172576904297,24,78.90408356984456,81.93784751892089,83.65172576904297,4.211954035758972,4.66456575012207,4.707244720458984,0.8923395445134575,0.9279279279279279,0.13559322033898305,0.0,0.8666666666666667,1.0,0.9285714285714286,0.577639751552795,0.4705493450164795,0.4699792960662526,0.4699792960662526,0.10709040653631552,0.10709040653631552,24,0.02843626340230306,0.011448047044971717,0.02802109718322754,0.011280906857098979,0.050233507156372065,0.020223316440144357,0,0,0.0,0.0,0.0,24,23,0.07715299855107846,0.031060732015931677,0.07678031921386719,0.03091069646010904,0.11640892028808593,0.04686462412654534,0,1,0.041666666666666664,0.0,0.041666666666666664,24
gait_00_trot__vx_pos_0p5__seed_0042,fl,80.33120435217153,443.42824802398684,90.90692901611328,93.29507255554199,93.53328704833984,24,82.46295642852783,84.66491241455078,84.78116607666016,4.623437735239665,4.93971199798584,4.964740447998047,0.8985507246376812,0.9346846846846847,0.1228813559322034,0.0,0.8776371308016878,1.0,0.9348314606741573,0.5714285714285714,0.4705493450164795,0.4699792960662526,0.4699792960662526,0.1008792264120919,0.1008792264120919,24,0.03878617286682129,0.015614777700990555,0.03847813606262207,0.01549076633648161,0.0611924648284912,0.024635241495815093,0,0,0.0,0.0,0.0,24,23,0.06203323861827021,0.02497372541556911,0.062282562255859375,0.025074099669814942,0.08303050994873047,0.033426936957690244,0,1,0.041666666666666664,0.0,0.041666666666666664,24
gait_00_trot__vx_pos_0p5__seed_0042,fr,65.56308871485487,353.4922735786438,75.18813781738281,77.23619018554687,77.53960418701172,24,71.89936478932698,77.36677055358886,77.53960418701172,3.8667731451988225,4.461986442565919,4.486059875488281,0.9151138716356108,0.9504504504504504,0.09322033898305085,0.0,0.9043478260869565,1.0,0.9497716894977168,0.556935817805383,0.4705493450164795,0.4720496894409938,0.4720496894409938,0.08638647278890355,0.08638647278890355,19,0.03613041576586271,0.014545606558437096,0.03919339179992676,0.015778718421254702,0.0668367862701416,0.026907567380787836,5,5,0.3448275862068966,0.20833333333333334,0.20833333333333334,24,24,0.04862320423126221,0.019575030714889044,0.04873085021972656,0.019618367503647392,0.06978359222412109,0.02809391077324733,0,0,0.0,0.0,0.0,24
gait_00_trot__vx_pos_0p5__seed_0042,rl,63.684249937316,348.06586203575137,72.43493957519529,75.0554428100586,75.36446380615234,23,71.39100514287534,75.2802848815918,75.36446380615234,3.6554408720265266,3.883000442504883,3.9258390045166016,0.906832298136646,0.9414414414414415,0.11016949152542373,0.0,0.8888888888888888,1.0,0.9411764705882353,0.5652173913043478,0.4705493450164795,0.4720496894409938,0.4720496894409938,0.09466804628786829,0.09466804628786829,20,0.032203960418701175,0.012964869845657683,0.03205990791320801,0.01290687629578438,0.05377421379089355,0.02164875604699378,4,3,0.25925925925925924,0.16666666666666666,0.13043478260869565,23,24,0.06311293443044026,0.02540839604289846,0.06311321258544922,0.025408508024264764,0.08449563980102538,0.034016778008139445,0,0,0.0,0.0,0.0,24
gait_00_trot__vx_pos_0p5__seed_0042,rr,60.176970998446144,332.4179879999161,70.69187355041504,71.03624725341797,71.26179504394531,24,61.94639905293783,67.16135787963867,68.66588592529297,3.434887730280558,3.7883913917541507,3.8331983184814455,0.8985507246376812,0.9346846846846847,0.1228813559322034,0.0,0.8776371308016878,1.0,0.9348314606741573,0.5714285714285714,0.4705493450164795,0.4699792960662526,0.4699792960662526,0.1008792264120919,0.1008792264120919,24,0.01775844891866048,0.007149306355422457,0.014497756958007812,0.005836596790294095,0.04900689125061031,0.019729497811564137,0,0,0.0,0.0,0.0,24,23,0.08795253090236498,0.0354084746385158,0.08795166015625,0.03540812408815173,0.10870218276977539,0.04376199800353221,0,1,0.041666666666666664,0.0,0.041666666666666664,24
gait_00_trot__vx_pos_1p0__seed_0042,fl,78.31648369333637,420.1126912975311,88.39708633422852,89.34884162902831,90.34127044677734,31,79.91287723664314,83.3174819946289,83.91571044921875,4.410636544381419,4.780026702880859,4.786742248535156,0.8463114754098361,0.8789237668161435,0.19708029197080293,0.0,0.7610619469026548,1.0,0.8643216080402011,0.5491803278688525,0.39623603224754333,0.39549180327868855,0.39549180327868855,0.15294429562130918,0.15294429562130918,31,0.07108554820860585,0.022374557182682085,0.07082787156105042,0.022293452077204783,0.0988868772983551,0.031125174476196196,0,0,0.0,0.0,0.0,31,30,0.08193995157877604,0.025791038802505453,0.08135986328125,0.02560845290268356,0.11014404296875,0.03466842768805908,0,1,0.03225806451612903,0.0,0.03225806451612903,31
gait_00_trot__vx_pos_1p0__seed_0042,fr,67.19710778831539,358.0930719828606,77.22487449645996,79.36052169799805,79.50308227539062,30,73.65099182128907,75.76015357971191,76.125,3.940478766123454,4.408661987304687,4.421810607910157,0.8524590163934426,0.8805309734513275,0.1956521739130435,0.0,0.7652173913043478,1.0,0.8669950738916257,0.5450819672131147,0.39623603224754333,0.3975409836065574,0.3975409836065574,0.1488459349655714,0.1488459349655714,22,0.07015371051701633,0.022081256276367568,0.07390633225440979,0.023262414075163596,0.10271244645118713,0.03232929286486162,9,8,0.4358974358974359,0.2903225806451613,0.26666666666666666,30,31,0.06547386415543095,0.020608249558937735,0.06624603271484375,0.02085129375037522,0.09186267852783203,0.028914270276760523,0,0,0.0,0.0,0.0,31
gait_00_trot__vx_pos_1p0__seed_0042,rl,66.2380826379236,369.60850111961366,80.61072769165038,82.7191502380371,83.48897552490234,30,77.92643915812174,82.87959060668945,83.48897552490234,3.955607655843099,4.280719635009766,4.3036023712158205,0.8258196721311475,0.8517699115044248,0.2427536231884058,0.0,0.7242798353909465,1.0,0.8400954653937948,0.5717213114754098,0.39623603224754333,0.3975409836065574,0.3975409836065574,0.1754852792278665,0.1754852792278665,22,0.0874829265204343,0.02753571986524912,0.08748379349708557,0.027535992750795463,0.10624848008155822,0.03344227839646995,9,8,0.4358974358974359,0.2903225806451613,0.26666666666666666,30,31,0.07982192500945061,0.0251243785911958,0.07982063293457031,0.02512397190370415,0.10634136199951172,0.033471513477817134,0,0,0.0,0.0,0.0,31
gait_00_trot__vx_pos_1p0__seed_0042,rr,64.30363118979666,370.8375384402275,75.77640419006347,76.40997550964356,77.87836456298828,31,72.64676370928365,74.687255859375,77.87836456298828,3.886368357750678,4.186336555480957,4.22577621459961,0.805327868852459,0.8340807174887892,0.27007299270072993,0.0,0.6991869918699187,1.0,0.8229665071770336,0.5901639344262295,0.39623603224754333,0.39549180327868855,0.39549180327868855,0.19392790217868616,0.19392790217868616,31,0.04238954955531705,0.01334233785030802,0.04367294907569885,0.013746294725941048,0.0723671019077301,0.022777933076184188,0,0,0.0,0.0,0.0,31,30,0.1518347422281901,0.04779079866322467,0.153228759765625,0.048229573152428415,0.17827215194702148,0.0561121150267155,0,1,0.03225806451612903,0.0,0.03225806451612903,31
gait_00_trot__vx_pos_1p5__seed_0042,fl,71.9987214859575,368.63345400810243,83.71380996704102,86.94657287597656,88.13972473144531,39,78.96485137939453,86.96986618041993,88.13972473144531,4.1811657626812275,4.7037377929687505,4.765351257324219,0.8020833333333334,0.8239277652370203,0.2582781456953642,0.0,0.6438356164383562,1.0,0.7833333333333334,0.5333333333333333,0.333658903837204,0.33541666666666664,0.33541666666666664,0.19967442949612935,0.19967442949612935,39,0.09986887146265079,0.024576991190316724,0.09835556149482727,0.024204576791288228,0.13417556881904602,0.03301961586753972,0,0,0.0,0.0,0.0,39,38,0.09888162110981188,0.024334036174714756,0.09974479675292969,0.024546457321223215,0.13694381713867188,0.03370086132037833,0,1,0.02564102564102564,0.0,0.02564102564102564,39
gait_00_trot__vx_pos_1p5__seed_0042,fr,74.47777117560892,379.9195791435242,82.52149810791016,86.18453170776368,88.70109558105469,38,79.42538331684314,86.99877471923828,88.70109558105469,4.451993828823693,4.696487480163574,4.704109497070313,0.8,0.830316742081448,0.25,0.0,0.6543778801843319,1.0,0.7910863509749304,0.53125,0.333658903837204,0.33125,0.33125,0.19759109616279602,0.19759109616279602,38,0.08029136375377052,0.019759111229898305,0.08060768246650696,0.019836954927362763,0.11495597958564757,0.02828981699875613,1,0,0.02564102564102564,0.02564102564102564,0.0,38,39,0.1164845197628706,0.02866597943975963,0.11749267578125,0.02891407918514868,0.15257606506347657,0.03754784200521017,0,0,0.0,0.0,0.0,39
gait_00_trot__vx_pos_1p5__seed_0042,rl,68.3441347506509,366.32456226348876,80.52975425720214,91.1680224609375,91.86167907714844,38,78.88820608038651,91.15102500915528,91.86167907714844,4.1207694043611225,4.599380462646484,4.7091209411621096,0.7729166666666667,0.8009049773755657,0.29333333333333333,0.0,0.6173913043478261,1.0,0.7634408602150538,0.5583333333333333,0.333658903837204,0.33125,0.33125,0.22467442949612937,0.22467442949612937,38,0.11023307317181637,0.027127544634750998,0.1105063259601593,0.0271947901264991,0.14584034085273742,0.0358902300570302,1,0,0.02564102564102564,0.02564102564102564,0.0,38,39,0.11440071692833534,0.02815317096243661,0.11421585083007812,0.02810767678190054,0.14999008178710938,0.036911450632495485,0,0,0.0,0.0,0.0,39
gait_00_trot__vx_pos_1p5__seed_0042,rr,66.39550773914044,397.19812995910644,79.79987030029297,81.94128417968749,85.21115112304688,39,76.8308336306841,79.43011779785157,85.21115112304688,4.151164028461163,4.5759833068847655,4.623119049072265,0.7125,0.7268623024830699,0.40066225165562913,0.0,0.5381679389312977,1.0,0.6997518610421836,0.6229166666666667,0.333658903837204,0.33541666666666664,0.33541666666666664,0.2892577628294627,0.2892577628294627,39,0.06027578619810251,0.01483342551772197,0.059586793184280396,0.014663869428993875,0.09610756039619447,0.023651360334671086,0,0,0.0,0.0,0.0,39,5,0.19077224731445314,0.046947640169917156,0.19339370727539062,0.047592762092515666,0.1964691162109375,0.04834959750287498,33,34,0.9305555555555556,0.868421052631579,0.8717948717948718,39
gait_01_bound__vx_neg_1p5__seed_0042,fl,107.54157567948334,555.7743243527412,161.46274032592774,325.03843627929774,474.64923095703125,39,184.7746859819461,404.3338378906251,474.64923095703125,9.287805387056792,13.819752197265627,15.311939697265625,0.7979166666666667,0.8194130925507901,0.26490066225165565,0.0,0.6380090497737556,1.0,0.7790055248618785,0.5375,0.333658903837204,0.33541666666666664,0.33541666666666664,0.203841096162796,0.203841096162796,39,0.07694664903176136,0.018936001655783567,0.07687881588935852,0.01891930842075618,0.11270206570625306,0.027735145450491685,0,0,0.0,0.0,0.0,39,38,0.12668479116339432,0.03117619084675711,0.12636756896972656,0.031098124809312587,0.16250991821289062,0.0399924898495623,0,1,0.02564102564102564,0.0,0.02564102564102564,39
gait_01_bound__vx_neg_1p5__seed_0042,fr,99.58432353966272,534.4836523342133,150.20038604736325,366.91897766113277,423.81683349609375,39,177.4476373134515,373.71691589355476,423.81683349609375,8.664441524407803,13.164199096679688,14.0906005859375,0.7770833333333333,0.7968397291196389,0.2980132450331126,0.0,0.6103896103896104,1.0,0.7580645161290321,0.5583333333333333,0.333658903837204,0.33541666666666664,0.33541666666666664,0.22467442949612937,0.22467442949612937,39,0.07694664903176136,0.018936001655783567,0.07687881588935852,0.01891930842075618,0.11270206570625306,0.027735145450491685,0,0,0.0,0.0,0.0,39,38,0.14807189138312088,0.03643939815037841,0.14925575256347656,0.03673073763758831,0.18973102569580078,0.046691403224670844,0,1,0.02564102564102564,0.0,0.02564102564102564,39
gait_01_bound__vx_neg_1p5__seed_0042,rl,48.65803969607634,165.68256437063218,92.46248435974121,187.96701828002932,196.89488220214844,39,93.24931218073918,185.448014831543,196.89488220214844,3.6887144929934768,6.016731140136719,6.188211746215821,0.9729166666666667,1.0,0.0,0.0,1.0,1.0,1.0,0.3541666666666667,0.333658903837204,0.33125,0.33125,0.020507762829462706,0.020507762829462706,39,0.025416732598573733,0.006254870051229096,0.020500868558883667,0.0050451122415452136,0.05586463809013367,0.013747874568753083,0,0,0.0,0.0,0.0,39,39,0.041596583831004605,0.010236611863028816,0.03995513916015625,0.009832664460559975,0.07610244750976564,0.018728249900255817,0,0,0.0,0.0,0.0,39
gait_01_bound__vx_neg_1p5__seed_0042,rr,55.492162930338004,189.91250048398973,127.34600830078125,231.6704315185547,273.03265380859375,39,109.1541511340019,231.42922668457032,273.03265380859375,4.216451948116988,6.957550880432129,8.150997009277344,0.9583333333333334,1.0,0.0,0.0,1.0,1.0,1.0,0.35625,0.333658903837204,0.33125,0.33125,0.02259109616279603,0.02259109616279603,39,0.04063950670071137,0.010001082254501427,0.04107162356376648,0.010107423020958014,0.09062053561210633,0.022301044086929993,0,0,0.0,0.0,0.0,39,39,0.06230442340557392,0.015332658141923791,0.0642547607421875,0.015812621746579363,0.09679756164550782,0.02382116454270225,0,0,0.0,0.0,0.0,39
gait_01_bound__vx_neg_1p0__seed_0042,fl,106.70734380700775,574.2354652523994,161.48095092773437,382.30651245117184,458.9139099121094,31,199.20126145885837,407.04652404785156,458.9139099121094,9.725411647673576,14.133725891113283,15.16779754638672,0.8442622950819673,0.8766816143497758,0.20072992700729927,0.0,0.7577092511013216,1.0,0.8621553884711779,0.5512295081967213,0.39623603224754333,0.39549180327868855,0.39549180327868855,0.154993475949178,0.154993475949178,31,0.040339826576171384,0.012697176559985437,0.04059639573097229,0.012777933076184187,0.06711617112159729,0.021125174476196197,0,0,0.0,0.0,0.0,31,30,0.11371046702067057,0.035790978767685264,0.11313152313232422,0.03560875307678454,0.14188756942749023,0.04465987272618119,0,1,0.03225806451612903,0.0,0.03225806451612903,31
gait_01_bound__vx_neg_1p0__seed_0042,fr,99.05928761618478,513.3904181158542,148.32065124511718,290.9089715576171,358.2484436035156,31,172.7263449392011,314.9429168701172,358.2484436035156,8.75169698899792,11.92323486328125,12.872060852050781,0.8647540983606558,0.899103139013453,0.16423357664233576,0.0,0.7926267281105991,1.0,0.884318766066838,0.5307377049180327,0.39623603224754333,0.39549180327868855,0.39549180327868855,0.1345016726704894,0.1345016726704894,31,0.036240380617880055,0.011406853979340277,0.03444710373878479,0.010842410473074384,0.06404057145118713,0.020157113000540315,0,0,0.0,0.0,0.0,31,30,0.09888426462809245,0.03112435212423206,0.09647655487060547,0.030366512577294835,0.1298736572265625,0.04087842948910368,0,1,0.03225806451612903,0.0,0.03225806451612903,31
gait_01_bound__vx_neg_1p0__seed_0042,rl,43.920785010733255,180.43666167020797,83.28175659179688,90.71010894775392,145.1404571533203,33,79.14943859793924,105.64566345214838,145.1404571533203,3.4667913616064823,4.56111375427246,5.257343139648437,0.9733606557377049,0.9889380530973452,0.018115942028985508,0.0,0.9723756906077348,1.0,0.9859943977591036,0.42008196721311475,0.39623603224754333,0.3975409836065574,0.3975409836065574,0.023845934965571414,0.023845934965571414,31,0.019972879079080397,0.00628657070697779,0.01769217848777771,0.005568707975625864,0.04331168532371521,0.013632585024314104,0,2,0.06060606060606061,0.0,0.06060606060606061,33,31,0.030652938350554434,0.009648176587582089,0.029857635498046875,0.009397850753436994,0.05791759490966797,0.018229873326529387,0,2,0.06060606060606061,0.0,0.06060606060606061,33
gait_01_bound__vx_neg_1p0__seed_0042,rr,44.780925610343814,177.0596456837654,85.81763916015625,100.04431884765573,206.97271728515625,31,87.74381871377268,130.41913604736328,206.97271728515625,3.6917150239021543,5.019338417053223,6.5124092864990235,0.9733606557377049,0.9977876106194691,0.0036231884057971015,0.0,0.9943502824858758,1.0,0.9971671388101983,0.4036885245901639,0.39623603224754333,0.3975409836065574,0.3975409836065574,0.007452492342620576,0.007452492342620576,31,0.020305446078700405,0.006391247952037989,0.01769217848777771,0.005568707975625864,0.04331168532371521,0.013632585024314104,0,0,0.0,0.0,0.0,31,31,0.02410402605610509,0.0075868713531267494,0.022434234619140625,0.007061295551419824,0.05112648010253906,0.01609233355346101,0,0,0.0,0.0,0.0,31
gait_01_bound__vx_neg_0p5__seed_0042,fl,98.91443705925575,514.3550727081299,145.68540649414064,191.47968215942444,234.04379272460938,24,156.72155634562174,206.12445144653321,234.04379272460938,8.507066822052002,9.936050354003907,10.558936157226563,0.9316770186335404,0.9707207207207207,0.05508474576271186,0.0,0.9411764705882353,1.0,0.9696969696969697,0.5383022774327122,0.4705493450164795,0.4699792960662526,0.4699792960662526,0.0677529324162327,0.0677529324162327,24,0.01895517110824585,0.007631090186592951,0.0175626277923584,0.007070471473546802,0.03905892372131347,0.01572458342931736,0,0,0.0,0.0,0.0,24,23,0.04907330222751783,0.019756233953974404,0.04944801330566406,0.01990708746064655,0.07019596099853516,0.028259924748521847,0,1,0.041666666666666664,0.0,0.041666666666666664,24
gait_01_bound__vx_neg_0p5__seed_0042,fr,92.88456334132775,474.0854138663411,135.23863525390624,170.59384002685584,241.95556640625,24,145.18557993570963,217.732787322998,241.95556640625,7.874375693003337,9.749288513183593,10.262028198242188,0.9420289855072463,0.9752252252252253,0.046610169491525424,0.0,0.9497716894977168,1.0,0.9742388758782201,0.5279503105590062,0.4705493450164795,0.4699792960662526,0.4699792960662526,0.057400965542526716,0.057400965542526716,24,0.01895517110824585,0.007631090186592951,0.0175626277923584,0.007070471473546802,0.03905892372131347,0.01572458342931736,0,0,0.0,0.0,0.0,24,23,0.040433344633682915,0.01627790631291127,0.039936065673828125,0.01607770866927743,0.06672649383544921,0.02686316516931582,0,0,0.0,0.0,0.0,23
gait_01_bound__vx_neg_0p5__seed_0042,rl,43.91673952873717,207.27367856532337,68.48386688232421,93.06635604858393,121.72005462646484,25,70.3534436416626,108.79789733886714,121.72005462646484,3.310836329650879,4.166591690063476,4.574674682617188,0.968944099378882,0.990990990990991,0.01694915254237288,0.0,0.9811320754716981,1.0,0.9904761904761905,0.4865424430641822,0.4705493450164795,0.4720496894409938,0.4720496894409938,0.015993098047702714,0.015993098047702714,24,0.02369799216588338,0.009540484463385292,0.01996898651123047,0.008039238270751746,0.05870280265808103,0.023632937879136902,0,1,0.04,0.0,0.04,25,24,0.0258634090423584,0.010412251401366812,0.025438308715820312,0.010241111878983336,0.04765005111694336,0.019183252706749594,0,1,0.04,0.0,0.04,25
gait_01_bound__vx_neg_0p5__seed_0042,rr,43.014640593528746,206.62854857683183,79.24348602294918,89.84645698547362,148.89654541015625,24,82.49109490712483,119.83434028625481,148.89654541015625,3.8323106098175046,4.518295978546142,5.643832473754883,0.9503105590062112,0.9887387387387387,0.0211864406779661,0.0,0.9765258215962441,1.0,0.98812351543943,0.4968944099378882,0.4705493450164795,0.4720496894409938,0.4720496894409938,0.0263450649214087,0.0263450649214087,24,0.03205158313115438,0.012903524853464384,0.031256675720214844,0.012583506104584197,0.06279387474060058,0.0252799470168164,0,0,0.0,0.0,0.0,24,24,0.04862328370412191,0.01957506270956513,0.04873085021972656,0.019618367503647392,0.06978359222412109,0.02809391077324733,0,0,0.0,0.0,0.0,24
gait_01_bound__vx_pos_0p5__seed_0042,fl,77.35798326468567,372.9389635062218,104.68273162841797,107.95986938476562,111.31560516357422,24,105.62796974182129,109.86124534606932,111.31560516357422,5.549622764587402,5.848707489013671,5.854560546875,0.9585921325051759,0.9932432432432432,0.012711864406779662,0.0,0.985781990521327,1.0,0.9928400954653938,0.4989648033126294,0.4705493450164795,0.4699792960662526,0.4699792960662526,0.028415458296149887,0.028415458296149887,24,0.013911704222361246,0.005600660050167652,0.012835502624511719,0.005167396145281425,0.030570030212402333,0.012307072103202024,0,0,0.0,0.0,0.0,24,20,0.034801912307739255,0.014010769407970513,0.03102397918701172,0.012489825693004684,0.07353887557983399,0.029605736005528682,3,4,0.25925925925925924,0.13043478260869565,0.16666666666666666,24
gait_01_bound__vx_pos_0p5__seed_0042,fr,74.11507521024565,364.64617003440856,99.40250205993652,101.88764686584473,106.5357666015625,24,99.35567220052083,102.31655426025391,106.5357666015625,5.121793171564739,5.553582275390625,5.562500152587891,0.9606625258799172,0.9954954954954955,0.00847457627118644,0.0,0.9904761904761905,1.0,0.9952153110047847,0.5093167701863354,0.4705493450164795,0.4699792960662526,0.4699792960662526,0.038767425169855874,0.038767425169855874,24,0.013374646504720053,0.0053844480278481665,0.012835502624511719,0.005167396145281425,0.026279735565185543,0.010579858711510404,0,0,0.0,0.0,0.0,24,23,0.04259329256804093,0.017147471530302577,0.04302978515625,0.01732319741994932,0.06672649383544921,0.02686316516931582,0,1,0.041666666666666664,0.0,0.041666666666666664,24
gait_01_bound__vx_pos_0p5__seed_0042,rl,62.684712634263214,339.0161866786331,86.83209342956543,92.4628665161133,160.4742431640625,23,93.54610443115234,153.2564506530761,160.4742431640625,4.959409612572712,6.311315353393553,6.461818542480469,0.9130434782608695,0.9481981981981982,0.09745762711864407,0.0,0.9004329004329005,1.0,0.9476082004555808,0.5590062111801242,0.4705493450164795,0.4720496894409938,0.4720496894409938,0.08845686616364468,0.08845686616364468,20,0.012411713600158691,0.004996784535053367,0.011262178421020508,0.0045339975428088765,0.026441001892089845,0.010644782308223912,4,3,0.25925925925925924,0.16666666666666666,0.13043478260869565,23,24,0.07760282357533772,0.031241825360260052,0.07749462127685547,0.0311982646087691,0.09899206161499023,0.039852837287875295,0,0,0.0,0.0,0.0,24
gait_01_bound__vx_pos_0p5__seed_0042,rr,61.04754916882851,347.1990913248062,89.08840255737303,128.36997055053712,173.85980224609375,23,100.06281247346297,147.41679229736326,173.85980224609375,4.887161574156389,6.048774887084961,6.616433258056641,0.8840579710144928,0.9166666666666666,0.15677966101694915,0.0,0.8489795918367347,1.0,0.9183222958057395,0.587991718426501,0.4705493450164795,0.4720496894409938,0.4720496894409938,0.1174423734100215,0.1174423734100215,20,0.029720211029052736,0.011964946632880289,0.027189016342163086,0.010945922598479613,0.052112913131713866,0.02097993933809414,4,3,0.25925925925925924,0.16666666666666666,0.13043478260869565,23,24,0.08795265356699626,0.03540852402160281,0.08795356750488281,0.035408891960377796,0.11946239471435546,0.04809391077324733,0,0,0.0,0.0,0.0,24
gait_01_bound__vx_pos_1p0__seed_0042,fl,70.24147477842146,348.4885936498642,95.72051887512207,124.96486488342289,217.15223693847656,31,102.56344136884135,175.71656799316406,217.15223693847656,5.112659070414882,6.725968322753906,7.4641450500488284,0.8872950819672131,0.9237668161434978,0.12408759124087591,0.0,0.8349514563106796,1.0,0.91005291005291,0.5081967213114754,0.39623603224754333,0.39549180327868855,0.39549180327868855,0.11196068906393208,0.11196068906393208,31,0.0301001081543584,0.009474170321205655,0.030094534158706665,0.009472415876208201,0.05878773331642151,0.018503754052350364,0,0,0.0,0.0,0.0,31,30,0.08193982442220052,0.02579099877929199,0.07918548583984375,0.024924055952452426,0.14050397872924802,0.044224380140481474,0,1,0.03225806451612903,0.0,0.03225806451612903,31
gait_01_bound__vx_pos_1p0__seed_0042,fr,72.76335451754738,388.631046500206,96.61482162475586,140.4018347167964,207.6434326171875,31,105.96331221057522,173.67473602294922,207.6434326171875,5.175052928309288,6.725269546508789,7.378089904785156,0.8483606557377049,0.8811659192825112,0.19343065693430658,0.0,0.7644444444444445,1.0,0.8664987405541562,0.5471311475409836,0.39623603224754333,0.39549180327868855,0.39549180327868855,0.15089511529344024,0.15089511529344024,31,0.05878721033373187,0.018503589440746603,0.06032600998878479,0.018987934877228795,0.08594551682472229,0.027051811925917036,0,0,0.0,0.0,0.0,31,30,0.0925302505493164,0.02912439214744552,0.09340190887451172,0.02939875127573993,0.1284900665283203,0.04044293690340397,0,1,0.03225806451612903,0.0,0.03225806451612903,31
gait_01_bound__vx_pos_1p0__seed_0042,rl,70.06457480583482,367.24606041997674,100.05620689392089,185.06820831298825,189.4514617919922,31,122.56549490651777,187.41714477539062,189.4514617919922,5.75850583476405,7.103372955322266,7.195674285888672,0.860655737704918,0.8893805309734514,0.18115942028985507,0.0,0.7787610619469026,1.0,0.8756218905472637,0.5368852459016393,0.39623603224754333,0.3975409836065574,0.3975409836065574,0.140649213654096,0.140649213654096,31,0.03028653610137201,0.009532849516429208,0.029194265604019165,0.009189051524884435,0.05724945664405823,0.018019573227471934,0,0,0.0,0.0,0.0,31,31,0.11056727747763356,0.03480164301746626,0.11005401611328125,0.0346400912529267,0.15015125274658203,0.047260911328570576,0,0,0.0,0.0,0.0,31
gait_01_bound__vx_pos_1p0__seed_0042,rr,67.86015881587119,372.2502252578735,98.94589385986326,177.5622920227048,204.79295349121094,31,113.83333735312185,195.10131072998047,204.79295349121094,5.408124035250755,7.106314239501954,7.300527648925781,0.8360655737704918,0.8628318584070797,0.2246376811594203,0.0,0.7394957983193278,1.0,0.8502415458937198,0.5614754098360656,0.39623603224754333,0.3975409836065574,0.3975409836065574,0.16523937758852225,0.16523937758852225,31,0.05276620291894482,0.016608445095736175,0.05327644944190979,0.016769047922795224,0.08069363236427307,0.025398753151828064,0,0,0.0,0.0,0.0,31,31,0.11261693892940398,0.03544678494171782,0.11313247680664062,0.035609053250885515,0.15169048309326172,0.047745392327549985,0,0,0.0,0.0,0.0,31
gait_01_bound__vx_pos_1p5__seed_0042,fl,65.40056055224672,320.9249068915844,88.85660095214844,142.2943045043946,214.34405517578125,39,94.39109508807843,159.03147430419926,214.34405517578125,4.6162108856592425,6.080442764282228,7.15845703125,0.825,0.8487584650112867,0.22185430463576158,0.0,0.6778846153846154,1.0,0.8080229226361032,0.5104166666666666,0.333658903837204,0.33541666666666664,0.33541666666666664,0.17675776282946265,0.17675776282946265,39,0.022870397720581446,0.005628235856334674,0.020364075899124146,0.005011448578938722,0.049176102876663214,0.012101875484052668,0,0,0.0,0.0,0.0,39,36,0.16066884994506836,0.039539416555187876,0.16185951232910156,0.0398324297683588,0.19350719451904297,0.04762069046445587,2,3,0.12195121951219512,0.05263157894736842,0.07692307692307693,39
gait_01_bound__vx_pos_1p5__seed_0042,fr,73.87438537496509,390.1398619532585,92.45598640441895,156.1827401733399,179.84878540039062,39,105.08830241667918,163.97942810058595,179.84878540039062,5.081404310373158,6.529344436645508,6.79104019165039,0.7854166666666667,0.8058690744920993,0.2847682119205298,0.0,0.6211453744493393,1.0,0.7663043478260869,0.55,0.333658903837204,0.33541666666666664,0.33541666666666664,0.21634109616279606,0.21634109616279606,39,0.07694664903176136,0.018936001655783567,0.07687881588935852,0.01891930842075618,0.11270206570625306,0.027735145450491685,0,0,0.0,0.0,0.0,39,37,0.1376820641594964,0.03388253845622007,0.13733291625976562,0.03379661573845901,0.175738525390625,0.04324795231054473,1,2,0.075,0.02631578947368421,0.05128205128205128,39
gait_01_bound__vx_pos_1p5__seed_0042,rl,68.80298087069096,360.7159410047531,100.45230712890624,111.21688400268553,159.44601440429688,39,99.85994563958583,113.04398345947267,159.44601440429688,5.152896088820238,5.5547546234130865,6.492457122802734,0.7854166666666667,0.8144796380090498,0.2733333333333333,0.0,0.6339285714285714,1.0,0.7759562841530054,0.5458333333333333,0.333658903837204,0.33125,0.33125,0.2121744294961293,0.2121744294961293,39,0.03759710376079266,0.009252369375736797,0.036469727754592896,0.0089749304724354,0.07229278683662416,0.01779072056373067,0,0,0.0,0.0,0.0,39,32,0.16263598203659058,0.040023513224905535,0.1616344451904297,0.039777042408880754,0.19696149826049805,0.04847076908634326,7,7,0.30434782608695654,0.1794871794871795,0.1794871794871795,39
gait_01_bound__vx_pos_1p5__seed_0042,rr,70.51550991316715,354.03946976661683,97.91860961914062,103.1572036743164,106.36408233642578,39,95.11168748904497,104.11240310668946,106.36408233642578,4.78866785000532,5.128491027832031,5.149969024658203,0.8083333333333333,0.8393665158371041,0.23666666666666666,0.0,0.6666666666666666,1.0,0.8,0.5229166666666667,0.333658903837204,0.33125,0.33125,0.18925776282946272,0.18925776282946272,39,0.06248542513602819,0.015377201330103007,0.061227113008499146,0.015067540015020302,0.09704673886299134,0.02388248521439133,0,0,0.0,0.0,0.0,39,39,0.12690392518654847,0.03123011811035468,0.12495613098144531,0.030750780351568918,0.16331806182861328,0.04019136802084067,0,0,0.0,0.0,0.0,39
gait_02_half_bound__vx_neg_1p5__seed_0042,fl,112.39333078938145,557.7446031308174,164.0680358886719,333.3624325561524,449.28997802734375,39,199.6639106946114,344.10069274902344,449.28997802734375,9.655326720017655,12.88956805419922,14.998407592773438,0.81875,0.8438914027149321,0.2292358803986711,0.0,0.6714285714285714,1.0,0.8034188034188035,0.5166666666666667,0.333658903837204,0.33541666666666664,0.33541666666666664,0.18300776282946274,0.18300776282946274,39,0.022312789972012127,0.005491012710388084,0.021143342256543463,0.005203220270364787,0.046814345121383036,0.011520664354948331,0,0,0.0,0.0,0.0,39,21,0.17563985552106756,0.043223670384862106,0.17532241821288963,0.043145551409326424,0.19634521484375256,0.04831910629209855,18,17,0.625,0.46153846153846156,0.4473684210526316,38
gait_02_half_bound__vx_neg_1p5__seed_0042,fr,101.92693745788685,565.7781028807163,147.2680236816406,277.000473632813,356.15948486328125,39,167.94451786921576,319.09190368652344,356.15948486328125,8.341809782370543,11.787568115234375,12.620304565429688,0.75625,0.7782805429864253,0.32558139534883723,0.0,0.5899581589958159,1.0,0.7421052631578948,0.5770833333333333,0.333658903837204,0.3333333333333333,0.3333333333333333,0.2434244294961293,0.2434244294961293,35,0.1629972088336959,0.040112408470041896,0.1643792736530294,0.04045252440798868,0.19627662777900703,0.048302227522354454,4,4,0.18604651162790697,0.10256410256410256,0.10256410256410256,39,39,0.07596484648875546,0.0186943873059197,0.07741271972655994,0.019050698209297875,0.11368457794189518,0.027976934450468373,0,0,0.0,0.0,0.0,39
gait_02_half_bound__vx_neg_1p5__seed_0042,rl,42.20987766039999,128.60094898045062,81.497066116333,88.00321647644049,91.8469009399414,39,73.27676743727464,85.59252243041993,91.8469009399414,3.0116588191497025,3.702483695983887,3.786538619995117,0.93125,0.9638009049773756,0.016666666666666666,0.07746478873239436,0.9632352941176471,0.9225352112676056,0.9424460431654677,0.31666666666666665,0.333658903837204,0.33125,0.33125,-0.016992237170537328,0.016992237170537328,39,0.0310765619461353,0.007647712224936228,0.02750656008720398,0.0067691611513999396,0.060946869850158694,0.014998574244877844,0,0,0.0,0.0,0.0,39,39,0.02046056894155649,0.005035194803553601,0.018930435180664062,0.004658640193386374,0.03836784362792969,0.009442042760919056,0,0,0.0,0.0,0.0,39
gait_02_half_bound__vx_neg_1p5__seed_0042,rr,57.04753806119297,213.7979859417677,120.34843673706052,177.02902709960927,202.3929901123047,39,108.53190358479817,176.74415283203126,202.3929901123047,4.761170542790341,6.3724199981689456,6.942245559692383,0.9375,0.9728506787330317,0.03666666666666667,0.007042253521126761,0.9276315789473685,0.9929577464788732,0.9591836734693879,0.38958333333333334,0.333658903837204,0.33125,0.33125,0.05592442949612936,0.05592442949612936,39,0.03139877242919726,0.007727005843534922,0.027052611112594604,0.006657447663639138,0.06619445681571962,0.016289966615034387,0,0,0.0,0.0,0.0,39,39,0.08522669474283855,0.020973659711954442,0.08245468139648438,0.02029148771386327,0.12477283477783208,0.030705672510502487,0,0,0.0,0.0,0.0,39
gait_02_half_bound__vx_neg_1p0__seed_0042,fl,112.96266156655771,549.0909834718705,160.64290924072264,280.26889343261587,403.279541015625,31,183.40223349294354,357.66017150878906,403.279541015625,9.569852632091893,13.434086456298829,14.375135192871094,0.8627049180327869,0.8864142538975501,0.17753623188405798,0.011560693641618497,0.7772727272727272,0.9884393063583815,0.8702290076335878,0.4979508196721312,0.39623603224754333,0.39344262295081966,0.39344262295081966,0.10171478742458784,0.10171478742458784,31,0.048666083005167546,0.015317910383990685,0.04867026686668652,0.015319227276821362,0.08351561903953808,0.026286988578376264,0,0,0.0,0.0,0.0,31,26,0.14960196861854044,0.04708802120614597,0.14781845092773516,0.04652664945668513,0.19117916107177724,0.06017466530587738,5,4,0.2571428571428571,0.16129032258064516,0.13333333333333333,30
gait_02_half_bound__vx_neg_1p0__seed_0042,fr,94.7451948408647,521.3809142208099,144.1503677368164,232.238175048828,288.67626953125,31,154.66749277422505,247.74076080322266,288.67626953125,8.145507389191659,10.55297393798828,11.526365966796876,0.8319672131147541,0.8485523385300668,0.24727272727272728,0.0,0.71900826446281,1.0,0.8365384615384616,0.5635245901639344,0.39623603224754333,0.39549180327868855,0.39549180327868855,0.16728855791639108,0.16728855791639108,31,0.1272960747057399,0.040067121579710006,0.12805870652199047,0.04030716403013829,0.15548161149024864,0.04893867030377588,0,0,0.0,0.0,0.0,31,31,0.03988059013120517,0.01255262942829399,0.04142105102538807,0.01303749774869344,0.0670376968383799,0.021100474275079863,0,0,0.0,0.0,0.0,31
gait_02_half_bound__vx_neg_1p0__seed_0042,rl,36.73623964353041,165.2720414492488,80.23991050720215,83.72427680969238,92.3719482421875,38,63.1487751258047,83.97421951293946,92.3719482421875,2.622992495078789,3.6914816665649415,3.902946701049805,0.8647540983606558,0.8938053097345132,0.13405797101449277,0.0625,0.8168316831683168,0.9375,0.873015873015873,0.45081967213114754,0.39623603224754333,0.3975409836065574,0.3975409836065574,0.05458363988360421,0.05458363988360421,30,0.043073761463165286,0.013557697214384346,0.042133718729019165,0.01326181372696164,0.08757391571998596,0.02756435920333794,1,8,0.23076923076923078,0.03225806451612903,0.21052631578947367,38,31,0.01977052996235509,0.006222880238280139,0.017026901245117188,0.005359308398871346,0.04264640808105469,0.013423185447559586,0,8,0.20512820512820512,0.0,0.20512820512820512,39
gait_02_half_bound__vx_neg_1p0__seed_0042,rr,46.404838252829634,204.47429915905,80.05351486206054,88.66203643798828,90.09326934814453,33,75.4224840221983,89.2392349243164,90.09326934814453,3.7746853487419356,4.482157653808594,4.562552947998047,0.9364754098360656,0.9579646017699115,0.06884057971014493,0.0,0.9025641025641026,1.0,0.9487870619946093,0.4487704918032787,0.39623603224754333,0.3975409836065574,0.3975409836065574,0.05253445955573538,0.05253445955573538,31,0.025894869719782183,0.008150548991802342,0.02304115891456604,0.007252328225370716,0.05724945664405823,0.018019573227471934,0,2,0.06060606060606061,0.0,0.06060606060606061,33,31,0.029130443449943297,0.009168963159923079,0.025508880615234375,0.008029056852974727,0.05637836456298828,0.017745392327549982,0,2,0.06060606060606061,0.0,0.06060606060606061,33
gait_02_half_bound__vx_neg_0p5__seed_0042,fl,105.3945808953386,518.5676643729955,153.8472023010254,156.17691879272462,219.98851013183594,24,156.71819241841635,157.20340728759766,219.98851013183594,8.142601523399353,8.957557754516602,10.337619934082031,0.8799171842650103,0.9119638826185101,0.1228813559322034,0.04830917874396135,0.8716814159292036,0.9516908212560387,0.909930715935335,0.5093167701863354,0.4705493450164795,0.4720496894409938,0.4720496894409938,0.038767425169855874,0.038767425169855874,24,0.06637406826019283,0.026721283498425848,0.06585085868835527,0.02651064654841466,0.09210265159606887,0.03707925593181276,0,0,0.0,0.0,0.0,24,23,0.10381600089695144,0.04179488864183435,0.10409820556640881,0.04190850034554353,0.12650917053222557,0.050930845427320494,1,1,0.08,0.041666666666666664,0.041666666666666664,24
gait_02_half_bound__vx_neg_0p5__seed_0042,fr,85.66241918088778,460.86381519317626,126.96970214843749,129.50236572265624,130.9424591064453,24,127.21450964609782,129.85580520629884,130.9424591064453,6.988907464345296,7.292006668090821,7.302695159912109,0.8240165631469979,0.8513513513513513,0.22784810126582278,0.057971014492753624,0.7831325301204819,0.9420289855072463,0.8552631578947367,0.556935817805383,0.4705493450164795,0.4720496894409938,0.4720496894409938,0.08638647278890355,0.08638647278890355,24,0.10668755054473873,0.042950934884435216,0.10596383094787498,0.04265957536665859,0.12867720603942825,0.05180366658987926,0,0,0.0,0.0,0.0,24,24,0.021084411938985248,0.008488293148020193,0.019585971832275284,0.007885041849036278,0.04321258544922077,0.017396790294095875,0,0,0.0,0.0,0.0,24
gait_02_half_bound__vx_neg_0p5__seed_0042,rl,39.045161168080455,209.00742709696294,66.21057128906249,75.1037908935547,79.66650390625,26,64.35146045684814,78.65204429626465,79.66650390625,2.785080741368807,3.4182145881652835,3.4575321197509767,0.9192546583850931,0.9369369369369369,0.11864406779661017,0.0,0.8813559322033898,1.0,0.936936936936937,0.5486542443064182,0.4705493450164795,0.4720496894409938,0.4720496894409938,0.07810489928993869,0.07810489928993869,21,0.04254498935881115,0.017128025325157323,0.04251980781555176,0.017117887583506106,0.07936215400695801,0.03195010750211165,3,5,0.27586206896551724,0.125,0.19230769230769232,26,24,0.027933359146118164,0.011245584734700146,0.02306079864501953,0.009283959149197574,0.04718599319458007,0.01899642939414881,0,2,0.07692307692307693,0.0,0.07692307692307693,26
gait_02_half_bound__vx_neg_0p5__seed_0042,rr,40.5755316878474,210.79435102894902,65.46636085510254,75.68269912719727,103.7862777709961,23,68.64129107931386,85.96924209594725,103.7862777709961,3.2335132316921067,3.9018936157226562,4.267587966918946,0.937888198757764,0.963963963963964,0.06779661016949153,0.0,0.9285714285714286,1.0,0.962962962962963,0.5341614906832298,0.4705493450164795,0.4720496894409938,0.4720496894409938,0.06361214566675033,0.06361214566675033,18,0.016378853056165908,0.006593900108355303,0.012835502624511719,0.005167396145281425,0.037784171104431136,0.01521138562543192,6,5,0.3793103448275862,0.25,0.21739130434782608,23,24,0.048623363176981606,0.01957509470424121,0.04873085021972656,0.019618367503647392,0.0923262596130371,0.037169277432235276,0,0,0.0,0.0,0.0,24
gait_02_half_bound__vx_pos_0p5__seed_0042,fl,78.28615004988923,408.8010109233856,98.81700134277344,99.62608489990234,99.7808837890625,24,98.37901496887207,99.70547180175781,99.7808837890625,5.529431282679241,5.939479713439941,5.947131805419922,0.865424430641822,0.8961625282167043,0.1694915254237288,0.028985507246376812,0.8340248962655602,0.9710144927536232,0.8973214285714286,0.5403726708074534,0.4705493450164795,0.4720496894409938,0.4720496894409938,0.06982332579097394,0.06982332579097394,24,0.058094347318013474,0.0233879821597686,0.05871785163879384,0.023638996391000495,0.07926781654357863,0.031912128541810456,0,0,0.0,0.0,0.0,24,20,0.12628391265869138,0.050840159717423006,0.12418163299560625,0.04999381094985826,0.14925773620605387,0.06008910389311186,4,3,0.25925925925925924,0.16666666666666666,0.13043478260869565,23
gait_02_half_bound__vx_pos_0p5__seed_0042,fr,74.93409997948044,358.1849979019165,85.4973991394043,86.26799209594726,87.29364013671875,24,84.21431636810303,86.29520606994629,87.29364013671875,4.6407966200510655,4.954712997436523,4.993381500244141,0.8322981366459627,0.8603603603603603,0.15611814345991562,0.12077294685990338,0.8310502283105022,0.8792270531400966,0.8544600938967136,0.494824016563147,0.4705493450164795,0.4720496894409938,0.4720496894409938,0.024274671546667514,0.024274671546667514,24,0.07149792194366451,0.028784076249712034,0.07149708747863848,0.02878374030561346,0.09371045112609763,0.037726533824771154,0,0,0.0,0.0,0.0,24,24,0.04711839040120432,0.018969213442883062,0.04763401031494041,0.01917679490132802,0.0722232627868645,0.029076088458880146,0,0,0.0,0.0,0.0,24
gait_02_half_bound__vx_pos_0p5__seed_0042,rl,59.967277567581775,337.9604880410433,88.39169311523438,96.9534912109375,166.75723266601562,23,95.92629573656166,158.87009582519522,166.75723266601562,4.795396884420644,6.2475236511230445,6.429356994628907,0.8902691511387164,0.9234234234234234,0.1440677966101695,0.0,0.859504132231405,1.0,0.9244444444444445,0.5817805383022774,0.4705493450164795,0.4720496894409938,0.4720496894409938,0.11123119328579789,0.11123119328579789,20,0.014818453788757324,0.005965704906703524,0.011289596557617188,0.004545035706058512,0.0363375186920166,0.014628983337172694,4,3,0.25925925925925924,0.16666666666666666,0.13043478260869565,23,24,0.09623261292775472,0.03874192134428831,0.09603309631347656,0.03866159870997466,0.13795261383056637,0.055537817707133515,0,0,0.0,0.0,0.0,24
gait_02_half_bound__vx_pos_0p5__seed_0042,rr,55.21242599720721,316.3963631501794,85.5753059387207,95.22332611083982,169.7203826904297,23,93.73228421418563,162.1805595397948,169.7203826904297,4.553263751320217,6.111895278930662,6.269979248046875,0.8799171842650103,0.9121621621621622,0.1652542372881356,0.0,0.8421052631578947,1.0,0.9142857142857143,0.5921325051759835,0.4705493450164795,0.4720496894409938,0.4720496894409938,0.12158316015950399,0.12158316015950399,20,0.022342562675476074,0.008994807264071258,0.020772218704223633,0.00836260846195193,0.0456946849822998,0.018396049297396914,4,3,0.25925925925925924,0.16666666666666666,0.13043478260869565,23,24,0.09830256303151448,0.039575254677621644,0.09841060638427734,0.03961875143976042,0.12133855819702148,0.04884922828841281,0,0,0.0,0.0,0.0,24
gait_02_half_bound__vx_pos_1p0__seed_0042,fl,74.08243637818556,365.96723570823673,98.15865936279296,152.82051681518493,216.98736572265625,31,107.75784474034464,192.6483383178711,216.98736572265625,5.5297605083834735,7.350769958496094,7.817306365966797,0.8709016393442623,0.89086859688196,0.17753623188405798,0.0,0.7792792792792793,1.0,0.8759493670886076,0.5061475409836066,0.39623603224754333,0.39344262295081966,0.39344262295081966,0.10991150873606326,0.10991150873606326,31,0.04046725261596014,0.012737284588771394,0.03944060683250328,0.012414142327549667,0.06749865889549334,0.021245564552440664,0,0,0.0,0.0,0.0,31,25,0.1464400482177743,0.04609278981809477,0.1453789520263662,0.04575880410638139,0.1784344482421872,0.056163198655219945,6,5,0.3055555555555556,0.1935483870967742,0.16666666666666666,30
gait_02_half_bound__vx_pos_1p0__seed_0042,fr,70.7836809047861,366.659467086792,87.82494735717773,107.53145172119119,166.14195251464844,31,89.56888334212765,121.168701171875,166.14195251464844,4.526111494495022,5.395455551147461,6.286089630126953,0.7622950819672131,0.7861915367483296,0.29454545454545455,0.08620689655172414,0.6625,0.9137931034482759,0.7681159420289855,0.5307377049180327,0.39623603224754333,0.39549180327868855,0.39549180327868855,0.1345016726704894,0.1345016726704894,31,0.15394222732513255,0.04845414088961944,0.15394333481788536,0.04845448947889745,0.18046120285987932,0.05680113053070806,0,0,0.0,0.0,0.0,31,31,0.022981173607611365,0.007233447528598997,0.020846252441405255,0.006561469652398079,0.051715736389161826,0.016277805126974174,0,0,0.0,0.0,0.0,31
gait_02_half_bound__vx_pos_1p0__seed_0042,rl,70.76871757683931,382.42812209367753,98.03394775390623,196.18282180786133,197.05084228515625,31,124.7122042256017,196.49144744873047,197.05084228515625,5.686731857792024,7.259778213500977,7.2904673767089845,0.8442622950819673,0.8716814159292036,0.21014492753623187,0.0,0.7521367521367521,1.0,0.8585365853658536,0.5532786885245902,0.39623603224754333,0.3975409836065574,0.3975409836065574,0.15704265627704683,0.15704265627704683,31,0.054815925898090485,0.017253606386058756,0.05507507920265198,0.0173351762772408,0.08377018570899963,0.02636711480158492,0,0,0.0,0.0,0.0,31,31,0.1023683855610509,0.03222099785617594,0.10262680053710938,0.032302335354505614,0.14028644561767578,0.04415591042804827,0,0,0.0,0.0,0.0,31
gait_02_half_bound__vx_pos_1p0__seed_0042,rr,65.95330221635582,361.80264876365663,100.67399101257323,171.07423721313475,198.4210968017578,30,110.38208287556967,185.93247985839835,198.4210968017578,5.19829530207316,6.781665290832518,7.008145904541016,0.8360655737704918,0.8628318584070797,0.2246376811594203,0.0,0.7394957983193278,1.0,0.8502415458937198,0.5614754098360656,0.39623603224754333,0.3975409836065574,0.3975409836065574,0.16523937758852225,0.16523937758852225,26,0.07694855332374573,0.024219969457285228,0.07544174790382385,0.02374569437773909,0.1015109121799469,0.03195110351503873,5,4,0.2571428571428571,0.16129032258064516,0.13333333333333333,30,31,0.08392112485824092,0.026414623707556834,0.08289718627929688,0.02609233355346101,0.12517070770263672,0.03939815092753798,0,0,0.0,0.0,0.0,31
gait_02_half_bound__vx_pos_1p5__seed_0042,fl,67.01533290372795,333.7363578605652,94.56948547363281,106.94158874511727,156.41079711914062,39,95.96611394637671,114.54405670166021,156.41079711914062,4.876982298630935,5.521811965942383,6.234820861816407,0.7958333333333333,0.8099547511312217,0.27906976744186046,0.0,0.6266666666666667,1.0,0.7704918032786886,0.51875,0.333658903837204,0.33541666666666664,0.33541666666666664,0.18509109616279606,0.18509109616279606,39,0.05096945032095453,0.012543205036434843,0.05266342043876904,0.012960078563214975,0.08521003603935498,0.020969560128142575,0,0,0.0,0.0,0.0,39,2,0.19470775604248125,0.04791613978267522,0.19470775604248125,0.04791613978267522,0.19618146896362543,0.04827880964115621,37,37,0.9736842105263158,0.9487179487179487,0.9487179487179487,39
gait_02_half_bound__vx_pos_1p5__seed_0042,fr,67.15568932793357,369.8108528327942,89.4276954650879,110.34210113525383,185.4272003173828,39,93.1497043707432,121.97601852416999,185.4272003173828,4.570753999367739,5.339267181396486,6.59048095703125,0.7604166666666666,0.7828054298642534,0.31893687707641194,0.0,0.5949367088607594,1.0,0.7460317460317459,0.5729166666666666,0.333658903837204,0.3333333333333333,0.3333333333333333,0.23925776282946265,0.23925776282946265,35,0.1631167178494605,0.04014181875559527,0.1643792736530294,0.04045252440798868,0.19627662777900703,0.048302227522354454,4,4,0.18604651162790697,0.10256410256410256,0.10256410256410256,39,39,0.07179714300693454,0.017668746280278674,0.07085716247558693,0.017437424018400115,0.11368457794189518,0.027976934450468373,0,0,0.0,0.0,0.0,39
gait_02_half_bound__vx_pos_1p5__seed_0042,rl,71.07662492831851,373.8630471229553,105.37245941162101,164.46342102050778,235.8725128173828,39,110.11683615660056,173.27078399658208,235.8725128173828,5.201746547405536,6.591259857177736,7.761271362304687,0.7833333333333333,0.8122171945701357,0.27666666666666667,0.0,0.6311111111111111,1.0,0.7738419618528609,0.5479166666666667,0.333658903837204,0.33125,0.33125,0.21425776282946274,0.21425776282946274,39,0.06040162230149294,0.01486439285277999,0.060769349336624146,0.014954887758454787,0.09631050229072571,0.023701302835081792,0,0,0.0,0.0,0.0,39,39,0.1539942423502604,0.037896844954508825,0.152984619140625,0.03764838414419489,0.18880805969238282,0.04646426811237063,0,0,0.0,0.0,0.0,39
gait_02_half_bound__vx_pos_1p5__seed_0042,rr,71.3353023044765,365.31766464233397,99.76266098022461,148.01277351379292,222.19491577148438,38,105.59254997654965,200.0309356689453,222.19491577148438,4.982005509828266,7.043778945922852,7.455166168212891,0.7979166666666667,0.8280542986425339,0.25333333333333335,0.0,0.6513761467889908,1.0,0.788888888888889,0.5333333333333333,0.333658903837204,0.33125,0.33125,0.19967442949612935,0.19967442949612935,38,0.08670758416778163,0.0213380956549827,0.08575084805488586,0.021102649968316553,0.12196415066719055,0.03001447610833392,1,0,0.02564102564102564,0.02564102564102564,0.0,38,39,0.11231696300017528,0.02764037452061109,0.11376190185546875,0.027995963294139736,0.1503631591796875,0.03700326222159638,0,0,0.0,0.0,0.0,39
gait_03_half_bound__vx_neg_1p5__seed_0042,fl,102.31122263272603,552.8887033629418,152.41568145751953,261.05367736816413,392.0877380371094,39,168.83792075132712,284.6853240966798,392.0877380371094,8.572656508225661,11.450250152587893,13.403347625732422,0.7708333333333334,0.7941176470588235,0.3023255813953488,0.0,0.6077586206896551,1.0,0.7560321715817694,0.5625,0.333658903837204,0.3333333333333333,0.3333333333333333,0.22884109616279602,0.22884109616279602,39,0.15276616142346464,0.03759462331450418,0.15081802487373608,0.03711520130723619,0.18917823910713133,0.04655536653054504,0,0,0.0,0.0,0.0,39,39,0.07596484648875546,0.0186943873059197,0.07741271972655994,0.019050698209297875,0.11294986724853295,0.02779612757868002,0,0,0.0,0.0,0.0,39
gait_03_half_bound__vx_neg_1p5__seed_0042,fr,105.2448432503677,518.0789824730158,157.77896118164062,252.89860305786203,336.36737060546875,39,168.07105822440906,284.76643371582037,336.36737060546875,8.784199445675585,11.727114196777345,12.730354614257813,0.8229166666666666,0.8438914027149321,0.2292358803986711,0.0,0.6714285714285714,1.0,0.8034188034188035,0.5125,0.333658903837204,0.33541666666666664,0.33541666666666664,0.17884109616279598,0.17884109616279598,39,0.02852156146978821,0.007018945490329424,0.027913664579394037,0.0068693465582395,0.060456465482714355,0.014877889354362387,0,0,0.0,0.0,0.0,39,16,0.18087494850158858,0.044511988077636594,0.18210494995117443,0.044814682344106335,0.19716442108154553,0.04852070689291058,23,22,0.7377049180327869,0.5897435897435898,0.5789473684210527,38
gait_03_half_bound__vx_neg_1p5__seed_0042,rl,49.77094269876426,176.97767062157394,96.77770385742187,206.9107763671875,211.98667907714844,40,97.57950143814087,206.6507614135742,211.98667907714844,3.9301284351348884,6.729274700164795,6.820085906982422,0.9625,0.9841628959276018,0.023333333333333334,0.0,0.9530201342281879,1.0,0.9759450171821306,0.36875,0.333658903837204,0.33125,0.33125,0.03509109616279604,0.03509109616279604,39,0.023010425842725314,0.005662695742322406,0.020500868558883667,0.0050451122415452136,0.05185176730155945,0.012760336724635642,0,1,0.025,0.0,0.025,40,39,0.041466003809219755,0.010204477084713656,0.03995513916015625,0.009832664460559975,0.07577476501464844,0.018647609659931,0,1,0.025,0.0,0.025,40
gait_03_half_bound__vx_neg_1p5__seed_0042,rr,46.64552139968015,166.38011815488338,103.47847900390626,113.15849708557128,120.54142761230469,39,91.95526387141301,113.05979995727539,120.54142761230469,3.6395389488415844,4.169724914550781,4.517050628662109,0.95625,0.9773755656108597,0.03333333333333333,0.0,0.9342105263157895,1.0,0.9659863945578232,0.37083333333333335,0.333658903837204,0.33125,0.33125,0.03717442949612937,0.03717442949612937,39,0.0212230017552009,0.005222823884264249,0.020500868558883667,0.0050451122415452136,0.043937134742736826,0.010812604144664275,0,0,0.0,0.0,0.0,39,39,0.03742892925555889,0.009210982872885288,0.03667640686035156,0.00902579267290948,0.07204399108886719,0.01772949376892206,0,0,0.0,0.0,0.0,39
gait_03_half_bound__vx_neg_1p0__seed_0042,fl,101.3103708476885,571.5327694064379,151.34920272827148,198.0374740600585,318.6748046875,31,165.35372875582786,261.79427337646484,318.6748046875,8.736028649114793,11.195624389648437,12.19952117919922,0.8176229508196722,0.844097995545657,0.2545454545454545,0.0,0.7131147540983607,1.0,0.8325358851674641,0.5778688524590164,0.39623603224754333,0.39549180327868855,0.39549180327868855,0.1816328202114731,0.1816328202114731,31,0.1272959516509894,0.04006708284756795,0.12805870652199047,0.04030716403013829,0.15548161149024864,0.04893867030377588,0,0,0.0,0.0,0.0,31,31,0.05422865098522483,0.017068758460552055,0.05500137329101307,0.01731197694662824,0.08369266510009687,0.026342714774569006,0,0,0.0,0.0,0.0,31
gait_03_half_bound__vx_neg_1p0__seed_0042,fr,102.60513272324229,504.82920623183253,153.93938827514648,155.6416961669922,225.3917999267578,31,155.6330305530179,155.61776733398438,225.3917999267578,8.245277252197265,8.68864486694336,10.683430480957032,0.8770491803278688,0.8953229398663697,0.17028985507246377,0.0,0.7863636363636364,1.0,0.8804071246819338,0.5040983606557377,0.39623603224754333,0.39344262295081966,0.39344262295081966,0.10786232840819432,0.10786232840819432,31,0.03841746810943922,0.01209210393237778,0.03816459059715527,0.012012509380441462,0.06595942854881365,0.020761083553461256,0,0,0.0,0.0,0.0,31,25,0.1429862976074226,0.04500570330791882,0.14102828979492443,0.04438940985771828,0.18089569091796845,0.05693788797502543,6,5,0.3055555555555556,0.1935483870967742,0.16666666666666666,30
gait_03_half_bound__vx_neg_1p0__seed_0042,rl,37.82779138574103,161.12333238959312,72.50243377685547,82.35084609985353,83.96874237060547,33,68.17345463145863,83.06643981933594,83.96874237060547,3.086329134160822,3.800801239013672,3.8220426177978517,0.9364754098360656,0.9668141592920354,0.05434782608695652,0.0,0.9214659685863874,1.0,0.9591280653950953,0.4323770491803279,0.39623603224754333,0.3975409836065574,0.3975409836065574,0.03614101693278454,0.03614101693278454,31,0.021302206862357356,0.006704983749445647,0.018690496683120728,0.005882933976706491,0.04738655686378479,0.01491517267515159,0,2,0.06060606060606061,0.0,0.06060606060606061,33,31,0.021127208586662047,0.00664990210451094,0.01935577392578125,0.006092333553461008,0.044976234436035156,0.014156510776250226,0,2,0.06060606060606061,0.0,0.06060606060606061,33
gait_03_half_bound__vx_neg_1p0__seed_0042,rr,39.41948854542214,173.31061964154244,87.40311431884766,113.05184173583983,116.03846740722656,31,87.11101876535723,113.98272323608398,116.03846740722656,3.5722531004874933,4.346565818786621,4.448637771606445,0.9241803278688525,0.9513274336283186,0.07971014492753623,0.0,0.8888888888888888,1.0,0.9411764705882353,0.4487704918032787,0.39623603224754333,0.3975409836065574,0.3975409836065574,0.05253445955573538,0.05253445955573538,31,0.03314800127860038,0.010433511013000444,0.032268911600112915,0.010156812826439337,0.06929054856300354,0.02180957142642733,0,0,0.0,0.0,0.0,31,31,0.02267363763624622,0.00713664893380096,0.020631790161132812,0.006493966500570331,0.048050880432128906,0.015124272077805128,0,0,0.0,0.0,0.0,31
gait_03_half_bound__vx_neg_0p5__seed_0042,fl,94.257546205731,512.8216836255789,138.8600212097168,141.11378005981445,203.02247619628906,24,144.31926727294922,193.12625961303698,203.02247619628906,7.907911783854168,9.304090225219724,9.54726348876953,0.8592132505175983,0.8828828828828829,0.19831223628691982,0.024154589371980676,0.8112449799196787,0.9758454106280193,0.8859649122807017,0.5631469979296067,0.4705493450164795,0.4720496894409938,0.4720496894409938,0.09259765291312716,0.09259765291312716,24,0.09219758192698158,0.03711747357239754,0.09312832832336326,0.03749217922137716,0.11296351432800193,0.04547755125547069,0,0,0.0,0.0,0.0,24,24,0.016886671384175694,0.006798340756098215,0.014381408691407138,0.0057897565845046964,0.041386623382566316,0.016661683175918703,0,0,0.0,0.0,0.0,24
gait_03_half_bound__vx_neg_0p5__seed_0042,fr,102.09372906870657,471.8567160487175,141.88345336914062,147.15329437255855,192.1367950439453,24,144.26815541585287,159.0156410217285,192.1367950439453,7.966504910786948,8.701044662475587,9.420885620117188,0.9026915113871635,0.9367945823927766,0.06779661016949153,0.057971014492753624,0.9241706161137441,0.9420289855072463,0.9330143540669857,0.4782608695652174,0.4705493450164795,0.4720496894409938,0.4720496894409938,0.007711524548737914,0.007711524548737914,24,0.07051412741343177,0.028388014154444686,0.06988966941833574,0.02813661598710006,0.09351637840270949,0.0376484028257696,0,0,0.0,0.0,0.0,24,24,0.07812607765197759,0.0314524802272902,0.07854211807250877,0.03161997235659946,0.09909017562866164,0.03989233663518372,0,0,0.0,0.0,0.0,24
gait_03_half_bound__vx_neg_0p5__seed_0042,rl,32.48172221039281,195.60848560228945,57.56801376342773,66.63377288818361,71.62004089355469,25,56.228375587463375,67.72296600341797,71.62004089355469,2.518134599304199,3.1228949890136715,3.203606491088867,0.8571428571428571,0.8873873873873874,0.211864406779661,0.0,0.8062015503875969,1.0,0.8927038626609441,0.6149068322981367,0.4705493450164795,0.4720496894409938,0.4720496894409938,0.1443574872816572,0.1443574872816572,18,0.021794027752346463,0.008773974677280368,0.020772218704223633,0.00836260846195193,0.04298357963562011,0.017304595715272975,6,7,0.41935483870967744,0.25,0.28,25,24,0.11486200491587321,0.04624185735493614,0.11433792114257812,0.046030868463487674,0.13583602905273437,0.05468570989787299,0,2,0.07692307692307693,0.0,0.07692307692307693,26
gait_03_half_bound__vx_neg_0p5__seed_0042,rr,36.93239497639992,212.4576278066635,67.5380630493164,77.78124938964838,85.30947875976562,24,69.8761773109436,83.5380947113037,85.30947875976562,3.23033392906189,3.783927177429199,3.999865493774414,0.8778467908902692,0.9099099099099099,0.1694915254237288,0.0,0.8387096774193549,1.0,0.9122807017543859,0.5942028985507246,0.4705493450164795,0.4720496894409938,0.4720496894409938,0.12365355353424512,0.12365355353424512,24,0.07511456807454427,0.030240088049348586,0.07449126243591309,0.02998915380480688,0.09836573600769043,0.03960068724564232,0,0,0.0,0.0,0.0,24,24,0.04862320423126221,0.019575030714889044,0.04873085021972656,0.019618367503647392,0.06978359222412109,0.02809391077324733,0,0,0.0,0.0,0.0,24
gait_03_half_bound__vx_pos_0p5__seed_0042,fl,74.06270252824321,359.94473428726195,93.0756332397461,94.9591926574707,97.5036849975586,24,93.39437707265218,96.3031021118164,97.5036849975586,5.250136149724324,5.4445935668945316,5.465366821289063,0.8612836438923396,0.8918918918918919,0.1350210970464135,0.07729468599033816,0.8565022421524664,0.9227053140096618,0.8883720930232558,0.5031055900621118,0.4705493450164795,0.4720496894409938,0.4720496894409938,0.03255624504563226,0.03255624504563226,24,0.06114809195200599,0.024617377588369283,0.06104004859924306,0.024573880826230472,0.08253748893737996,0.03322845350533753,0,0,0.0,0.0,0.0,24,24,0.02882971763610846,0.011606446287337811,0.028379325866699112,0.011425124779236693,0.0617521095275899,0.024860546725025766,0,0,0.0,0.0,0.0,24
gait_03_half_bound__vx_pos_0p5__seed_0042,fr,76.14537984233792,359.4880038928986,96.05953598022461,98.0560863494873,103.8845443725586,24,96.42381636301677,101.50595207214354,103.8845443725586,5.419309054215749,5.840749092102051,5.862897796630859,0.917184265010352,0.9525959367945824,0.0635593220338983,0.028985507246376812,0.9305555555555556,0.9710144927536232,0.9503546099290779,0.4886128364389234,0.4705493450164795,0.4720496894409938,0.4720496894409938,0.0180634914224439,0.0180634914224439,24,0.058094347318013474,0.0233879821597686,0.05871785163879384,0.023638996391000495,0.07926781654357863,0.031912128541810456,0,0,0.0,0.0,0.0,24,24,0.07605612754821782,0.030619146893956863,0.07616365432739158,0.03066243569070067,0.1050462532043447,0.042290171235506005,0,0,0.0,0.0,0.0,24
gait_03_half_bound__vx_pos_0p5__seed_0042,rl,51.63578473150203,350.2546551299095,81.46726150512687,94.20208831787112,157.580810546875,23,91.54629251231317,129.25561065673827,157.580810546875,4.655896944792375,5.572989074707031,6.080607452392578,0.7701863354037267,0.7927927927927928,0.3898305084745763,0.0,0.6933333333333334,1.0,0.8188976377952756,0.7018633540372671,0.4705493450164795,0.4720496894409938,0.4720496894409938,0.23131400902078758,0.23131400902078758,20,0.022342562675476074,0.008994807264071258,0.020772218704223633,0.00836260846195193,0.0456946849822998,0.018396049297396914,4,3,0.25925925925925924,0.16666666666666666,0.13043478260869565,23,8,0.19152987003326416,0.07710728134838363,0.19135093688964844,0.07703524533517622,0.19801802635192872,0.07971932350456884,16,16,0.8,0.6666666666666666,0.6666666666666666,24
gait_03_half_bound__vx_pos_0p5__seed_0042,rr,60.30452419739021,366.6870966696739,96.17727584838866,114.47508399963333,155.64418029785156,24,102.9467264811198,153.53168563842772,155.64418029785156,4.9354824924469,6.267737770080567,6.292808990478516,0.8426501035196687,0.8716216216216216,0.24152542372881355,0.0,0.7849056603773585,1.0,0.8794926004228331,0.629399585921325,0.4705493450164795,0.4720496894409938,0.4720496894409938,0.15885024090484556,0.15885024090484556,23,0.05312329789866572,0.02138670629555068,0.05369114875793457,0.0216153152115488,0.07277932167053222,0.029299950088305302,1,1,0.08,0.041666666666666664,0.041666666666666664,24,24,0.10658244291941325,0.04290862000563107,0.10720586776733398,0.0431596022421869,0.12775487899780272,0.05143235045688397,0,0,0.0,0.0,0.0,24
gait_03_half_bound__vx_pos_1p0__seed_0042,fl,67.8795002937317,352.9734015274048,86.45711402893066,96.67260086059572,141.83848571777344,31,89.41396257954258,115.10338592529297,141.83848571777344,4.608094654698525,5.261832809448242,5.791376647949219,0.8627049180327869,0.8775055679287305,0.2,0.0,0.759825327510917,1.0,0.8635235732009926,0.5327868852459017,0.39623603224754333,0.39549180327868855,0.39549180327868855,0.13655085299835834,0.13655085299835834,31,0.0986001991072016,0.031034940979478006,0.09782723069191235,0.030791645029117697,0.12742260575294573,0.04010694790478503,0,0,0.0,0.0,0.0,31,31,0.03783080562468426,0.01190744877190038,0.03834259033202869,0.012068535750734622,0.06486427307128828,0.020416377498949145,0,0,0.0,0.0,0.0,31
gait_03_half_bound__vx_pos_1p0__seed_0042,fr,73.55103880589402,373.79939013957977,91.73390579223633,95.76067535400391,170.3931121826172,31,94.86307107248614,105.18647003173828,170.3931121826172,5.121514889501756,5.65046989440918,6.959421691894532,0.8729508196721312,0.8975501113585747,0.16666666666666666,0.0,0.7899543378995434,1.0,0.8826530612244898,0.5204918032786885,0.39623603224754333,0.39344262295081966,0.39344262295081966,0.12425577103114516,0.12425577103114516,31,0.021944879908715846,0.006907268534298382,0.019710992574690778,0.00620414052650506,0.047769044637680835,0.015035562751396057,0,0,0.0,0.0,0.0,31,22,0.13225942785089745,0.04162936357632907,0.1311644363403328,0.0412847091312964,0.160667877197268,0.050571075223630454,9,8,0.4358974358974359,0.2903225806451613,0.26666666666666666,30
gait_03_half_bound__vx_pos_1p0__seed_0042,rl,58.86202187368399,364.23681033849715,87.90352630615234,167.34193298339952,178.75103759765625,31,100.13460909935736,176.60153198242188,178.75103759765625,4.980431729593586,6.686081542968751,6.761628723144532,0.764344262295082,0.7853982300884956,0.35144927536231885,0.0,0.6446886446886447,1.0,0.7839643652561248,0.6331967213114754,0.39623603224754333,0.3975409836065574,0.3975409836065574,0.23696068906393208,0.23696068906393208,31,0.02367874018607601,0.0074530103468076,0.02176705002784729,0.006851295626463349,0.052634626626968384,0.016567030752836647,0,0,0.0,0.0,0.0,31,7,0.18962751116071427,0.05968627518246297,0.19332504272460938,0.06085009305397131,0.19893741607666016,0.06261661763823018,24,24,0.8727272727272727,0.7741935483870968,0.7741935483870968,31
gait_03_half_bound__vx_pos_1p0__seed_0042,rr,68.9989176252309,375.7334143829346,102.29396171569825,194.74817657470706,197.13006591796875,30,114.00219523111979,195.6822967529297,197.13006591796875,5.318180407206216,7.211546997070313,7.224001922607422,0.8401639344262295,0.8672566371681416,0.21739130434782608,0.0,0.7457627118644068,1.0,0.8543689320388349,0.5573770491803278,0.39623603224754333,0.3975409836065574,0.3975409836065574,0.1611410169327845,0.1611410169327845,29,0.06715800125023415,0.02113834073331498,0.06865349411964417,0.021609055126973645,0.09457932114601135,0.0297693480968962,2,1,0.09375,0.06451612903225806,0.03333333333333333,30,31,0.09211995524744834,0.02899524950277613,0.09032440185546875,0.028430089451882093,0.1199188232421875,0.037745092153449004,0,0,0.0,0.0,0.0,31
gait_03_half_bound__vx_pos_1p5__seed_0042,fl,67.37131322152686,355.7744691473991,79.60859298706055,109.7594372558594,152.35745239257812,39,82.32442180926984,114.98664703369144,152.35745239257812,4.287574493212578,5.040058349609376,5.788096618652344,0.7833333333333333,0.8076923076923077,0.2823920265780731,0.0,0.6238938053097345,1.0,0.7683923705722071,0.55,0.333658903837204,0.3333333333333333,0.3333333333333333,0.21634109616279606,0.21634109616279606,39,0.09858552709604076,0.024261169626195886,0.09757629513740795,0.024012805099862162,0.13339592099190015,0.03282775029923319,0,0,0.0,0.0,0.0,39,39,0.1176420280260902,0.028950833668822444,0.11663543701171619,0.02870311905935303,0.165734024047849,0.040785918467928686,0,0,0.0,0.0,0.0,39
gait_03_half_bound__vx_pos_1p5__seed_0042,fr,72.46536379412186,351.76681141853334,91.90871810913086,94.87188255310059,103.9128646850586,39,90.40986926739032,95.59835739135742,103.9128646850586,4.8889965815421865,5.4086632080078125,5.4449288940429685,0.83125,0.8506787330316742,0.21926910299003322,0.0,0.6811594202898551,1.0,0.810344827586207,0.5041666666666667,0.333658903837204,0.33541666666666664,0.33541666666666664,0.17050776282946267,0.17050776282946267,39,0.02500749199818395,0.006154158963948399,0.024418259859086078,0.0060091532892114444,0.06345100283622962,0.015614822866061704,0,0,0.0,0.0,0.0,39,25,0.17174140930175938,0.04226429158159113,0.17159164428711193,0.04222743551831836,0.19569023132324403,0.048157919688329213,14,13,0.5192307692307693,0.358974358974359,0.34210526315789475,38
gait_03_half_bound__vx_pos_1p5__seed_0042,rl,63.45962817518861,363.07735567092897,97.92558860778809,102.61377944946278,205.45848083496094,39,101.12497652493991,116.27343750000013,205.45848083496094,5.13306861681816,5.65063708496094,7.294233245849609,0.7354166666666667,0.7601809954751131,0.35333333333333333,0.0,0.5725806451612904,1.0,0.7282051282051282,0.5958333333333333,0.333658903837204,0.33125,0.33125,0.26217442949612935,0.26217442949612935,39,0.0257474191677876,0.006336249571987621,0.02200058102607727,0.005414180396160436,0.05754173398017883,0.01416059547278744,0,0,0.0,0.0,0.0,39,1,0.15253067016601562,0.03753667065643409,0.15253067016601562,0.03753667065643409,0.15253067016601562,0.03753667065643409,38,38,0.987012987012987,0.9743589743589743,0.9743589743589743,39
gait_03_half_bound__vx_pos_1p5__seed_0042,rr,70.44882212340377,369.15182792663575,98.37087974548339,115.10083236694314,211.83131408691406,39,103.6826874170548,131.84530487060556,211.83131408691406,4.826314948644394,5.833012786865236,7.354510803222657,0.7854166666666667,0.8144796380090498,0.2733333333333333,0.0,0.6339285714285714,1.0,0.7759562841530054,0.5458333333333333,0.333658903837204,0.33125,0.33125,0.2121744294961293,0.2121744294961293,39,0.08540798991154401,0.021018275113118632,0.08552482724189758,0.02104702791663733,0.1288079082965851,0.0316986742824286,0,0,0.0,0.0,0.0,39,39,0.12690392518654847,0.03123011811035468,0.12495613098144531,0.030750780351568918,0.16331806182861328,0.04019136802084067,0,0,0.0,0.0,0.0,39
gait_04_half_bound__vx_neg_1p5__seed_0042,fl,102.94920394569635,528.3498450338841,162.07887268066406,239.03178482055625,488.18243408203125,39,181.59410486465845,279.29976196289095,488.18243408203125,9.028502068152795,11.336604492187506,15.470262145996093,0.8020833333333334,0.8239277652370203,0.2582781456953642,0.0,0.6438356164383562,1.0,0.7833333333333334,0.5333333333333333,0.333658903837204,0.33541666666666664,0.33541666666666664,0.19967442949612935,0.19967442949612935,39,0.08319820425449273,0.020474463194245108,0.08388641476631165,0.02064382671501326,0.11970604062080384,0.02945877191438429,0,0,0.0,0.0,0.0,39,38,0.11599124105353105,0.02854458719494646,0.11421680450439453,0.028107911474101716,0.16170063018798828,0.03979333004764252,0,1,0.02564102564102564,0.0,0.02564102564102564,39
gait_04_half_bound__vx_neg_1p5__seed_0042,fr,91.17871960357384,493.179363630414,137.55833511352537,226.6835420227051,248.36773681640625,39,145.28329330835587,235.50802154541017,248.36773681640625,7.478827743530274,10.012036773681642,10.150900878906251,0.7729166666666667,0.7923250564334086,0.304635761589404,0.0,0.6051502145922747,1.0,0.7540106951871658,0.5625,0.333658903837204,0.33541666666666664,0.33541666666666664,0.22884109616279602,0.22884109616279602,39,0.06444324514804742,0.015859006365875512,0.06614044308662415,0.016276674235490157,0.09868324398994446,0.024285217031613043,0,0,0.0,0.0,0.0,39,35,0.15407589503696986,0.03791693907725732,0.15790176391601562,0.03885845713346946,0.1876882553100586,0.046188692529747236,3,4,0.16666666666666666,0.07894736842105263,0.10256410256410256,39
gait_04_half_bound__vx_neg_1p5__seed_0042,rl,47.063958765968444,178.8152366042137,86.47427825927734,91.92334381103517,95.6790771484375,43,74.57213029196096,91.58683929443359,95.6790771484375,3.493054970142453,4.447673919677735,4.703103866577148,0.9020833333333333,0.9363636363636364,0.09,0.007142857142857143,0.8373493975903614,0.9928571428571429,0.9084967320261438,0.39375,0.333658903837204,0.3333333333333333,0.3333333333333333,0.06009109616279601,0.06009109616279601,38,0.05601497342712155,0.013784870984138893,0.05312213778495867,0.01307296551198123,0.10060272097587789,0.024757586132038333,0,5,0.11627906976744186,0.0,0.11627906976744186,43,39,0.10686625749637084,0.026298996179331728,0.10643089294433494,0.026191856180618873,0.14557102203369363,0.03582395268605279,0,4,0.09302325581395349,0.0,0.09302325581395349,43
gait_04_half_bound__vx_neg_1p5__seed_0042,rr,56.363053154301,209.70408146619798,95.41164855957031,99.31850189208984,109.10482788085938,39,92.42094499636919,99.26259841918946,109.10482788085938,4.393756565191808,4.714821151733399,5.264194946289063,0.8625,0.8959276018099548,0.11960132890365449,0.07092198581560284,0.7844311377245509,0.9290780141843972,0.8506493506493507,0.3854166666666667,0.333658903837204,0.33125,0.33125,0.051757762829462706,0.051757762829462706,39,0.05078291987761629,0.012497301272874599,0.0501596081256892,0.012343908857284303,0.08552547574043495,0.021047187507334676,0,0,0.0,0.0,0.0,39,39,0.02959033477000717,0.007281962700789749,0.026261444091794317,0.006462747306906362,0.061607627868651704,0.015161181909924977,0,0,0.0,0.0,0.0,39
gait_04_half_bound__vx_neg_1p0__seed_0042,fl,109.81734104858812,566.8885558903218,162.409927368164,360.05849731445414,492.0223693847656,31,197.44006495321952,466.1566467285156,492.0223693847656,9.74223187846522,15.401801147460937,15.892929077148438,0.8668032786885246,0.9013452914798207,0.16058394160583941,0.0,0.7962962962962963,1.0,0.8865979381443299,0.5286885245901639,0.39623603224754333,0.39549180327868855,0.39549180327868855,0.13245249234262058,0.13245249234262058,31,0.05468776437544053,0.01721326686010144,0.05417671799659729,0.01705241227411899,0.08377018570899963,0.02636711480158492,0,0,0.0,0.0,0.0,31,30,0.077703857421875,0.02445770546917212,0.07674503326416016,0.02415591042804827,0.11730451583862302,0.03692222489043645,0,1,0.03225806451612903,0.0,0.03225806451612903,31
gait_04_half_bound__vx_neg_1p0__seed_0042,fr,86.32668890070032,466.4210459996015,137.59561614990236,149.65183441162114,262.9036560058594,31,141.43690884497857,170.2722930908203,262.9036560058594,7.569035538704164,8.903653106689454,10.669078521728515,0.8422131147540983,0.874439461883408,0.20437956204379562,0.0,0.7543859649122807,1.0,0.86,0.5532786885245902,0.39623603224754333,0.39549180327868855,0.39549180327868855,0.15704265627704683,0.15704265627704683,31,0.028175629915729646,0.00886843048403558,0.02829018235206604,0.008904486477156751,0.05571308732032776,0.017535992750795464,0,0,0.0,0.0,0.0,31,28,0.12547356741768972,0.03949347764560588,0.12517166137695312,0.039398451101638955,0.1753251075744629,0.05518451701987154,2,3,0.15151515151515152,0.06666666666666667,0.0967741935483871,31
gait_04_half_bound__vx_neg_1p0__seed_0042,rl,38.951891831918196,173.16800615251066,77.89138298034666,84.29367431640625,89.99787902832031,31,70.55843436333441,85.88421249389648,89.99787902832031,3.495410802902714,4.2570866775512695,4.497702865600586,0.9426229508196722,0.9622222222222222,0.05818181818181818,0.005714285714285714,0.9157894736842105,0.9942857142857143,0.9534246575342464,0.45081967213114754,0.39623603224754333,0.3975409836065574,0.3975409836065574,0.05458363988360421,0.05458363988360421,27,0.027502020950671197,0.008656408453014049,0.026762460470202143,0.008423627829141708,0.057346986532210306,0.018050271282343447,3,4,0.20588235294117646,0.1,0.12903225806451613,31,31,0.08273990015829848,0.026042826904120787,0.08273971557617443,0.026042768805908233,0.11604679107666094,0.03652634928258415,0,1,0.03125,0.0,0.03125,32
gait_04_half_bound__vx_neg_1p0__seed_0042,rr,45.739471641637515,217.52190535515547,84.22693634033203,91.15407524108888,100.13777923583984,34,77.74883228189805,92.40252838134765,100.13777923583984,3.7421890096103447,4.459139949798584,4.503596267700195,0.8155737704918032,0.8285077951002228,0.20727272727272728,0.11494252873563218,0.7298578199052133,0.8850574712643678,0.7999999999999999,0.48360655737704916,0.39623603224754333,0.3975409836065574,0.3975409836065574,0.08737052512950583,0.08737052512950583,31,0.09667857612333063,0.030430099849041707,0.0956528532505061,0.03010724807888656,0.1237099516391762,0.038938370129675465,0,3,0.08823529411764706,0.0,0.08823529411764706,34,31,0.051479521720639944,0.016203455294393276,0.04974853515624744,0.01565861799843829,0.07452190399169822,0.0234561685777748,0,3,0.08823529411764706,0.0,0.08823529411764706,34
gait_04_half_bound__vx_neg_0p5__seed_0042,fl,102.04818326760069,532.6915166568756,153.67843627929688,238.91484374999953,271.9778747558594,24,170.11736933390299,253.24228515625,271.9778747558594,8.9134285958608,11.201830429077148,11.578926086425781,0.9213250517598344,0.9436936936936937,0.1059322033898305,0.0,0.8927038626609443,1.0,0.9433106575963719,0.5403726708074534,0.4705493450164795,0.4699792960662526,0.4699792960662526,0.06982332579097394,0.06982332579097394,24,0.04706613222757975,0.01894817502367606,0.047273874282836914,0.0190318091069646,0.0678248405456543,0.02730534439069339,0,0,0.0,0.0,0.0,24,21,0.025244712829589844,0.010163172848038086,0.025438308715820312,0.010241111878983336,0.04469108581542969,0.01799201412884896,2,2,0.16,0.08695652173913043,0.08695652173913043,23
gait_04_half_bound__vx_neg_0p5__seed_0042,fr,88.07714273499661,429.81645654678346,126.66652374267578,128.3669869995117,175.5633544921875,24,128.18277899424234,128.33162155151368,175.5633544921875,7.303128808339437,7.441852615356446,8.713867797851563,0.94824016563147,0.9752252252252253,0.046610169491525424,0.0,0.9497716894977168,1.0,0.9742388758782201,0.505175983436853,0.4705493450164795,0.4699792960662526,0.4699792960662526,0.0346266384203735,0.0346266384203735,24,0.01895517110824585,0.007631090186592951,0.0175626277923584,0.007070471473546802,0.03905892372131347,0.01572458342931736,0,0,0.0,0.0,0.0,24,20,0.01996932029724121,0.008039372648391307,0.019850730895996094,0.00799163019273593,0.03835783004760742,0.015442332795822775,3,3,0.23076923076923078,0.13043478260869565,0.13043478260869565,23
gait_04_half_bound__vx_neg_0p5__seed_0042,rl,39.05891321072212,204.34535868970679,64.71807060241696,83.49072753906256,89.63390350341797,24,67.29297196865082,88.70218467712401,89.63390350341797,3.014960760275523,3.821182460784912,3.875521240234375,0.8302277432712215,0.8584269662921349,0.20253164556962025,0.07211538461538461,0.8008298755186722,0.9278846153846154,0.8596881959910913,0.5383022774327122,0.4705493450164795,0.4720496894409938,0.4720496894409938,0.0677529324162327,0.0677529324162327,22,0.07246168570085003,0.02917207423230228,0.07310069084167559,0.029429328879674737,0.09714167594909569,0.039107897565844645,2,2,0.15384615384615385,0.08333333333333333,0.08333333333333333,24,24,0.14136414210001633,0.05691125188768591,0.141888027191162,0.057122160792444095,0.16293771743774615,0.06559647546648319,0,1,0.04,0.0,0.04,25
gait_04_half_bound__vx_neg_0p5__seed_0042,rr,44.371349653845165,228.42202388048173,67.63963775634765,79.4676089477539,116.36022186279297,24,68.04014317194621,96.1908123016357,116.36022186279297,3.4945486148198444,4.258063064575195,4.5837959289550785,0.7908902691511387,0.8175675675675675,0.23628691983122363,0.12077294685990338,0.7647058823529411,0.8792270531400966,0.8179775280898877,0.5320910973084886,0.4705493450164795,0.4720496894409938,0.4720496894409938,0.06154175229200909,0.06154175229200909,24,0.10968836625417071,0.04415902185876269,0.11154950141906639,0.04490828918067993,0.13376286506652732,0.05385108269983834,0,0,0.0,0.0,0.0,24,24,0.04825727621714271,0.01942771314853207,0.04846561431884844,0.019511587191891583,0.06901643753051685,0.02778506488520281,0,0,0.0,0.0,0.0,24
gait_04_half_bound__vx_pos_0p5__seed_0042,fl,78.48144404726675,394.18063141822813,108.01673889160156,109.46982192993164,109.97307586669922,24,108.14799308776855,109.73540534973145,109.97307586669922,5.7706625874837245,6.117700775146485,6.132412719726562,0.9503105590062112,0.972972972972973,0.05084745762711865,0.0,0.9454545454545454,1.0,0.9719626168224299,0.5196687370600414,0.4705493450164795,0.4699792960662526,0.4699792960662526,0.04911939204356186,0.04911939204356186,24,0.01468596855799357,0.005912368181934526,0.012835502624511719,0.005167396145281425,0.032394456863403316,0.013041561084235582,0,0,0.0,0.0,0.0,24,23,0.0404333031695822,0.01627788962003679,0.030193328857421875,0.012155417338554865,0.1006235122680664,0.04050963679643707,0,0,0.0,0.0,0.0,23
gait_04_half_bound__vx_pos_0p5__seed_0042,fr,75.72997340127145,365.12640691041946,100.82744598388672,103.07948455810546,104.09431457519531,24,101.23571109771729,103.52727737426758,104.09431457519531,5.504572893778483,5.775994232177735,5.786975860595703,0.9710144927536232,0.990990990990991,0.01694915254237288,0.0,0.9811320754716981,1.0,0.9904761904761905,0.4989648033126294,0.4705493450164795,0.4699792960662526,0.4699792960662526,0.028415458296149887,0.028415458296149887,24,0.01696964104970296,0.006831743197931864,0.016016721725463867,0.006448111034323889,0.03745379447937011,0.015078380557475233,0,0,0.0,0.0,0.0,24,23,0.040433676346488624,0.01627803985590711,0.039936065673828125,0.01607770866927743,0.07495098114013672,0.030174230208093376,0,1,0.041666666666666664,0.0,0.041666666666666664,24
gait_04_half_bound__vx_pos_0p5__seed_0042,rl,55.75082908827683,324.237442278266,88.59570503234863,110.94869308471723,164.0428924560547,24,99.70810921986897,159.44685440063472,164.0428924560547,4.6328660337130225,6.240597206115722,6.321040954589844,0.8095238095238095,0.8359550561797753,0.2869198312236287,0.02403846153846154,0.7490774907749077,0.9759615384615384,0.8475991649269311,0.6004140786749482,0.4705493450164795,0.4720496894409938,0.4720496894409938,0.12986473365846873,0.12986473365846873,24,0.05488551139831547,0.022096149120786317,0.05550873756408681,0.02234705137065188,0.07772095680236717,0.031289384166474296,0,0,0.0,0.0,0.0,24,19,0.17966399544163747,0.07233024406212488,0.17956245422363182,0.07228936496966865,0.19565704345703025,0.07876882438762149,5,5,0.3448275862068966,0.20833333333333334,0.20833333333333334,24
gait_04_half_bound__vx_pos_0p5__seed_0042,rr,50.16542845982014,340.546685590148,78.50156402587871,159.55164306640626,161.07916259765625,23,106.39102305536684,160.24359588623048,161.07916259765625,4.810865083777386,6.002477478027344,6.0132740783691405,0.7701863354037267,0.7905405405405406,0.3924050632911392,0.0,0.69,1.0,0.8165680473372781,0.7018633540372671,0.4705493450164795,0.4720496894409938,0.4720496894409938,0.23131400902078758,0.23131400902078758,20,0.16717184066772467,0.06730107502111651,0.170024995803832,0.06844971588727596,0.1885294246673574,0.07589934346924632,4,3,0.25925925925925924,0.16666666666666666,0.13043478260869565,23,24,0.06559065500895178,0.026405892139547964,0.06610595703124922,0.026613345619288634,0.08594247817993263,0.03459925516394112,0,0,0.0,0.0,0.0,24
gait_04_half_bound__vx_pos_1p0__seed_0042,fl,71.0974899468173,354.13185303211213,100.80296020507812,160.186035766602,193.02503967285156,31,108.77511227515436,182.30912017822266,193.02503967285156,5.210911454231509,6.8947802734375,7.108630218505859,0.8852459016393442,0.9192825112107623,0.13138686131386862,0.0,0.8269230769230769,1.0,0.9052631578947368,0.5102459016393442,0.39623603224754333,0.39549180327868855,0.39549180327868855,0.11400986939180091,0.11400986939180091,31,0.040339826576171384,0.012697176559985437,0.04059639573097229,0.012777933076184187,0.06711617112159729,0.021125174476196197,0,0,0.0,0.0,0.0,31,30,0.07346789042154948,0.023124412159052254,0.07303237915039062,0.022987332652938706,0.10581150054931639,0.03330473674731344,0,1,0.03225806451612903,0.0,0.03225806451612903,31
gait_04_half_bound__vx_pos_1p0__seed_0042,fr,71.31682097596942,378.07431115627287,97.7981964111328,115.79692687988306,150.29522705078125,31,100.74281261813256,133.7839584350586,150.29522705078125,5.088696193079795,5.996177749633789,6.355036468505859,0.8524590163934426,0.8856502242152466,0.18613138686131386,0.0,0.7713004484304933,1.0,0.8708860759493671,0.5430327868852459,0.39623603224754333,0.39549180327868855,0.39549180327868855,0.1467967546377026,0.1467967546377026,31,0.046488995513608376,0.01463266043095318,0.0467475950717926,0.01471405602749595,0.07544365525245667,0.023746294725941048,0,0,0.0,0.0,0.0,31,30,0.10100218454996744,0.03179097876768526,0.1001882553100586,0.03153479017830342,0.13672752380371092,0.04303572071801645,0,1,0.03225806451612903,0.0,0.03225806451612903,31
gait_04_half_bound__vx_pos_1p0__seed_0042,rl,67.09403514330272,361.1083805918694,102.3217788696289,198.02412475585936,200.6150665283203,30,124.17759602864584,200.05338668823242,200.6150665283203,5.549722597757975,7.1906971206665045,7.196797943115235,0.8340163934426229,0.8466666666666667,0.2509090909090909,0.0,0.7172131147540983,1.0,0.8353221957040573,0.5512295081967213,0.39623603224754333,0.3975409836065574,0.3975409836065574,0.154993475949178,0.154993475949178,27,0.0350344902056242,0.011027293510792041,0.03419158339500328,0.01076198407576363,0.05953166365623623,0.018737910112865932,3,3,0.18181818181818182,0.1,0.1,30,18,0.18024358961317372,0.05673263559531226,0.18112648010254162,0.05701053010746314,0.19670665740967053,0.06191447439515,13,13,0.5909090909090909,0.41935483870967744,0.41935483870967744,31
gait_04_half_bound__vx_pos_1p0__seed_0042,rr,63.667966084192265,379.6959286594391,91.0987026214599,190.88571716308593,192.534423828125,30,113.04781723022461,191.77732849121094,192.534423828125,5.131977448145549,6.941225555419923,6.969665679931641,0.7336065573770492,0.7483296213808464,0.3927272727272727,0.028735632183908046,0.6101083032490975,0.9712643678160919,0.7494456762749445,0.610655737704918,0.39623603224754333,0.3975409836065574,0.3975409836065574,0.21441970545737465,0.21441970545737465,11,0.18879857052456342,0.059425361675681285,0.18815163254737755,0.05922173448099867,0.19929054856300432,0.0627277679804289,20,19,0.78,0.6451612903225806,0.6333333333333333,30,31,0.02157794583228274,0.006791774067668761,0.019945983886717755,0.00627810530107431,0.053039550781248224,0.016694482800023457,0,0,0.0,0.0,0.0,31
gait_04_half_bound__vx_pos_1p5__seed_0042,fl,64.71154839941796,304.19120190620424,90.70656967163086,98.85918869018553,102.3716812133789,39,88.66781733586238,99.9339111328125,102.3716812133789,4.587501220703125,4.920520156860352,4.96928939819336,0.8458333333333333,0.871331828442438,0.18874172185430463,0.0,0.7121212121212122,1.0,0.8318584070796461,0.4895833333333333,0.333658903837204,0.33541666666666664,0.33541666666666664,0.15592442949612934,0.15592442949612934,39,0.025571391368523624,0.00629293043151471,0.020364075899124146,0.005011448578938722,0.05618370175361634,0.01382639377830975,0,0,0.0,0.0,0.0,39,38,0.1352396011352539,0.033281466356872964,0.1352386474609375,0.033281231664671784,0.17007875442504883,0.04185512450421273,0,1,0.02564102564102564,0.0,0.02564102564102564,39
gait_04_half_bound__vx_pos_1p5__seed_0042,fr,72.43987847244652,397.07123320460323,98.86798744201658,177.4033207702636,186.5684814453125,39,111.28517561692458,180.79472961425782,186.5684814453125,5.1876299706483495,6.685371856689453,6.783478240966797,0.7645833333333333,0.7832957110609481,0.31788079470198677,0.0,0.5949367088607594,1.0,0.7460317460317459,0.5708333333333333,0.333658903837204,0.33541666666666664,0.33541666666666664,0.23717442949612932,0.23717442949612932,39,0.07694664903176136,0.018936001655783567,0.07687881588935852,0.01891930842075618,0.11270206570625306,0.027735145450491685,0,0,0.0,0.0,0.0,39,30,0.14465897878011066,0.03559950558176285,0.15112018585205078,0.0371895608908916,0.17995586395263669,0.04428580816259475,8,9,0.3617021276595745,0.21052631578947367,0.23076923076923078,39
gait_04_half_bound__vx_pos_1p5__seed_0042,rl,72.47796111385317,397.5594279575348,142.1093795776362,230.60181640624995,232.63461303710938,38,145.51609280234888,232.0371551513672,232.63461303710938,5.957786915427761,7.705836143493653,7.717626190185547,0.7625,0.7863636363636364,0.31333333333333335,0.0,0.5982905982905983,1.0,0.748663101604278,0.5708333333333333,0.333658903837204,0.3333333333333333,0.3333333333333333,0.23717442949612932,0.23717442949612932,38,0.023506174150266713,0.005784695737001589,0.019612312316892755,0.004826445117228318,0.051098536252977486,0.012574972130301608,0,0,0.0,0.0,0.0,38,3,0.19455548604329564,0.04787866726122059,0.1979855346679713,0.04872277687812497,0.19839237213134703,0.04882289657114679,36,36,0.96,0.9230769230769231,0.9230769230769231,39
gait_04_half_bound__vx_pos_1p5__seed_0042,rr,71.3467044759417,383.8452700805664,92.00884246826172,137.86638854980427,194.8811798095703,38,99.49126173320569,181.18067321777343,194.8811798095703,4.79602639549657,6.62111555480957,6.89551986694336,0.7041666666666667,0.7239819004524887,0.3853820598006645,0.0425531914893617,0.5378486055776892,0.9574468085106383,0.6887755102040816,0.5604166666666667,0.333658903837204,0.33125,0.33125,0.2267577628294627,0.2267577628294627,10,0.18338047146797365,0.045128578762703174,0.1839896786212929,0.04527850014081552,0.19655586361885327,0.04837094539886003,29,28,0.8507462686567164,0.7435897435897436,0.7368421052631579,38,39,0.021300727648612412,0.0052419516522029174,0.01970779418945412,0.004849942500410956,0.044056434631345454,0.010841962965570112,0,0,0.0,0.0,0.0,39
gait_05_half_bound__vx_neg_1p5__seed_0042,fl,101.0285773313822,527.8253571128845,154.88763427734375,237.82331237792863,375.19757080078125,39,166.42680085011017,267.5632507324219,375.19757080078125,8.650295730982071,11.215672119140626,13.317834777832031,0.7916666666666666,0.8126410835214447,0.27483443708609273,0.0,0.6294642857142857,1.0,0.7726027397260274,0.54375,0.333658903837204,0.33541666666666664,0.33541666666666664,0.21009109616279598,0.21009109616279598,39,0.07277879883081485,0.017910324523650056,0.07314804196357727,0.01800119252974724,0.10868576169013977,0.02674676271445,0,0,0.0,0.0,0.0,39,37,0.13567496634818413,0.033388606518227025,0.13687515258789062,0.0336839634818935,0.18451080322265623,0.04540674505386186,1,2,0.075,0.02631578947368421,0.05128205128205128,39
gait_05_half_bound__vx_neg_1p5__seed_0042,fr,103.52483353559575,537.22886547558,154.95836486816407,328.6098706054686,427.97064208984375,39,186.74346102201022,341.8827514648438,427.97064208984375,8.983814172989282,12.534939727783206,14.193639221191406,0.7958333333333333,0.8171557562076749,0.2682119205298013,0.0,0.6351351351351351,1.0,0.7768595041322314,0.5395833333333333,0.333658903837204,0.33541666666666664,0.33541666666666664,0.20592442949612932,0.20592442949612932,39,0.08111420579445668,0.019961606574932105,0.08060958981513977,0.01983742431176512,0.11970604062080384,0.02945877191438429,0,0,0.0,0.0,0.0,39,37,0.12182689357448269,0.029980698152211216,0.11958694458007812,0.029429463258935907,0.16265106201171875,0.040027224295336665,1,2,0.075,0.02631578947368421,0.05128205128205128,39
gait_05_half_bound__vx_neg_1p5__seed_0042,rl,45.82094674813943,168.5671292407438,85.38979644775391,115.68645767211916,119.11296844482422,40,80.8464506149292,115.28115882873534,119.11296844482422,3.3949464015960693,4.588340801239014,4.616129455566407,0.8,0.8257918552036199,0.16611295681063123,0.19148936170212766,0.6951219512195121,0.8085106382978723,0.7475409836065574,0.38125,0.333658903837204,0.33125,0.33125,0.047591096162796,0.047591096162796,39,0.07995694206311309,0.019676812523356773,0.08146682858467358,0.02004838443756077,0.11733566403389234,0.02887543975451259,0,1,0.025,0.0,0.025,40,39,0.041362592256987886,0.010179028265968065,0.04099548339844006,0.01008868548898183,0.07605276489258053,0.01871602337534383,0,1,0.025,0.0,0.025,40
gait_05_half_bound__vx_neg_1p5__seed_0042,rr,52.0881622596826,186.768765103668,104.76660079956054,138.5367971801757,214.2174072265625,39,104.63829803466797,130.16236419677745,214.2174072265625,4.242742860745161,5.106837982177737,6.865588073730469,0.8395833333333333,0.8727272727272727,0.12666666666666668,0.12857142857142856,0.7625,0.8714285714285714,0.8133333333333334,0.3729166666666667,0.333658903837204,0.3333333333333333,0.3333333333333333,0.039257762829462695,0.039257762829462695,38,0.10103709453030799,0.024864482253564326,0.10076293826103289,0.024797014421835954,0.13652133822441356,0.03359689238189178,0,1,0.02564102564102564,0.0,0.02564102564102564,39,39,0.14020803207006374,0.03450416049095242,0.1414669799804713,0.0348139782675028,0.1743408966064447,0.042904006195873964,0,0,0.0,0.0,0.0,39
gait_05_half_bound__vx_neg_1p0__seed_0042,fl,102.34632057816017,536.5008981466293,152.83694763183593,169.81614624023427,275.5975341796875,31,159.43084027690273,221.53372192382812,275.5975341796875,8.77972174859816,10.563834838867187,11.660384216308595,0.8586065573770492,0.8923766816143498,0.17518248175182483,0.0,0.7818181818181819,1.0,0.8775510204081634,0.5368852459016393,0.39623603224754333,0.39549180327868855,0.39549180327868855,0.140649213654096,0.140649213654096,31,0.040339826576171384,0.012697176559985437,0.04059639573097229,0.012777933076184187,0.06711617112159729,0.021125174476196197,0,0,0.0,0.0,0.0,31,30,0.1010024388631185,0.03179105881411219,0.1001882553100586,0.03153479017830342,0.1283100128173828,0.04038626403313922,0,1,0.03225806451612903,0.0,0.03225806451612903,31
gait_05_half_bound__vx_neg_1p0__seed_0042,fr,98.98153011506375,532.5890161478519,147.37752380371094,233.43260009765592,352.80877685546875,31,166.81444081952495,288.48484802246094,352.80877685546875,8.664526475475679,11.427060546875001,12.84431396484375,0.8442622950819673,0.8766816143497758,0.20072992700729927,0.0,0.7577092511013216,1.0,0.8621553884711779,0.5512295081967213,0.39623603224754333,0.39549180327868855,0.39549180327868855,0.154993475949178,0.154993475949178,31,0.06493631774379362,0.020439053945643316,0.06467857956886292,0.020357929474094975,0.09273567795753479,0.029189051524884435,0,0,0.0,0.0,0.0,31,30,0.09041220347086588,0.028457725480778854,0.09186267852783203,0.028914270276760523,0.11699790954589843,0.036825718916971846,0,1,0.03225806451612903,0.0,0.03225806451612903,31
gait_05_half_bound__vx_neg_1p0__seed_0042,rl,42.4707525629516,188.03393648400902,85.72800598144524,97.27314010620117,140.53794860839844,34,80.1080909055822,98.98563728332519,140.53794860839844,3.3290940453024476,4.146026630401611,5.080096588134766,0.7459016393442623,0.7683741648106904,0.23272727272727273,0.22988505747126436,0.6767676767676768,0.7701149425287356,0.7204301075268816,0.44672131147540983,0.39623603224754333,0.3975409836065574,0.3975409836065574,0.0504852792278665,0.0504852792278665,31,0.1151257137713901,0.03623643526551874,0.11538246750831505,0.03631724987993005,0.14190128922462542,0.04466419110584164,0,3,0.08823529411764706,0.0,0.08823529411764706,34,31,0.07067536630938202,0.02224545023210259,0.07118118286133068,0.022404658702047994,0.09860313415527422,0.03103586480158517,0,3,0.08823529411764706,0.0,0.08823529411764706,34
gait_05_half_bound__vx_neg_1p0__seed_0042,rr,39.04378206843422,164.73360200166704,83.63601493835445,102.37940567016597,120.1258773803711,31,81.57236074632213,104.82677841186523,120.1258773803711,3.7466786772204985,4.664138679504394,4.8425509643554685,0.8647540983606558,0.8933333333333333,0.11636363636363636,0.09142857142857143,0.8324607329842932,0.9085714285714286,0.8688524590163935,0.430327868852459,0.39623603224754333,0.3975409836065574,0.3975409836065574,0.03409183660491566,0.03409183660491566,22,0.08356919819658531,0.026303852905139778,0.09094092726707537,0.028624144128594833,0.11115567564964195,0.03498684449480668,8,9,0.4358974358974359,0.26666666666666666,0.2903225806451613,31,31,0.11758512927639952,0.037010549473533626,0.11912429809570568,0.037495011106442544,0.14691818237304588,0.0462432851053608,0,0,0.0,0.0,0.0,31
gait_05_half_bound__vx_neg_0p5__seed_0042,fl,99.79342345268496,494.9753803253174,142.70197296142578,208.51722091674804,249.62498474121094,24,157.84130477905273,228.6487213134765,249.62498474121094,8.377360776265464,10.337513244628905,10.754710083007813,0.9565217391304348,0.9887387387387387,0.0211864406779661,0.0,0.9765258215962441,1.0,0.98812351543943,0.5134575569358178,0.4705493450164795,0.4699792960662526,0.4699792960662526,0.04290821191933836,0.04290821191933836,24,0.014155685901641846,0.005698883705751363,0.012835502624511719,0.005167396145281425,0.030979108810424802,0.012471761498886584,0,0,0.0,0.0,0.0,24,23,0.038273313771123474,0.015408307709771009,0.03827476501464844,0.015408891960377794,0.05902271270751953,0.02376172924825309,0,0,0.0,0.0,0.0,23
gait_05_half_bound__vx_neg_0p5__seed_0042,fr,92.50872716977615,477.48988849163055,135.17049179077148,137.6833724975586,198.94317626953125,24,137.37125205993652,137.85160064697266,198.94317626953125,7.58988372484843,7.988758178710937,9.535213623046875,0.9358178053830227,0.963963963963964,0.06779661016949153,0.0,0.9285714285714286,1.0,0.962962962962963,0.5341614906832298,0.4705493450164795,0.4699792960662526,0.4699792960662526,0.06361214566675033,0.06361214566675033,24,0.02843626340230306,0.011448047044971717,0.02802109718322754,0.011280906857098979,0.050233507156372065,0.020223316440144357,0,0,0.0,0.0,0.0,24,23,0.03611336583676546,0.014538742492379703,0.036609649658203125,0.01473853950702603,0.057361030578613276,0.023092758964908238,0,0,0.0,0.0,0.0,23
gait_05_half_bound__vx_neg_0p5__seed_0042,rl,37.14870117894179,208.6481623481959,61.42823390960693,73.86616615295414,78.4807357788086,23,64.88803647912067,76.55129165649414,78.4807357788086,3.1636603695413346,3.648751098632813,3.823790054321289,0.7474120082815735,0.7725225225225225,0.3206751054852321,0.12077294685990338,0.7054263565891473,0.8792270531400966,0.7827956989247311,0.5755693581780539,0.4705493450164795,0.4720496894409938,0.4720496894409938,0.10502001316157439,0.10502001316157439,20,0.14978445053100592,0.060301151808339115,0.14839470863342274,0.05974166090762493,0.17284062385559337,0.0695832488673895,4,3,0.25925925925925924,0.16666666666666666,0.13043478260869565,23,24,0.05083435217539475,0.02046520834933069,0.05250537872314531,0.02113794056669002,0.07067831039428611,0.028454111955770158,0,0,0.0,0.0,0.0,24
gait_05_half_bound__vx_neg_0p5__seed_0042,rr,37.7161471852265,211.12243123441934,68.38493652343743,82.89054382324214,115.3241958618164,24,72.60505310694377,94.10027847290037,115.3241958618164,3.476316156387329,4.223277915954589,4.529426345825195,0.8322981366459627,0.8606741573033708,0.24050632911392406,0.02403846153846154,0.7807692307692308,0.9759615384615384,0.8675213675213675,0.577639751552795,0.4705493450164795,0.4720496894409938,0.4720496894409938,0.10709040653631552,0.10709040653631552,24,0.05488543192545577,0.022096117126110232,0.05550873756408681,0.02234705137065188,0.076059656143188,0.03062056745757487,0,0,0.0,0.0,0.0,24,24,0.16206364313761398,0.06524458522101924,0.16185558319091875,0.06516082315902666,0.1840682792663564,0.07410334792290522,0,0,0.0,0.0,0.0,24
gait_05_half_bound__vx_pos_0p5__seed_0042,fl,78.70158135220086,363.6199184560776,103.97621536254883,107.15864486694336,110.69380950927734,24,104.36107730865479,108.31758651733398,110.69380950927734,5.685726353327433,5.938132164001464,6.0056567382812505,0.9627329192546584,0.9954954954954955,0.00423728813559322,0.004807692307692308,0.9951923076923077,0.9951923076923077,0.9951923076923077,0.4782608695652174,0.4705493450164795,0.4699792960662526,0.4699792960662526,0.007711524548737914,0.007711524548737914,24,0.012698948383331299,0.005112421293096829,0.012835502624511719,0.005167396145281425,0.02461762428283691,0.009910715656914688,0,0,0.0,0.0,0.0,24,18,0.016653643714057073,0.006704527033368313,0.01675891876220703,0.006746909314290102,0.03353090286254881,0.013499078553328719,5,5,0.35714285714285715,0.21739130434782608,0.21739130434782608,23
gait_05_half_bound__vx_pos_0p5__seed_0042,fr,71.77717453360083,360.38973053932193,100.00603485107422,102.0695686340332,105.1340103149414,24,99.00022633870442,103.1730484008789,105.1340103149414,5.200464019775391,5.440953216552734,5.521332550048828,0.9461697722567288,0.9864864864864865,0.025423728813559324,0.0,0.9719626168224299,1.0,0.985781990521327,0.5196687370600414,0.4705493450164795,0.4699792960662526,0.4699792960662526,0.04911939204356186,0.04911939204356186,24,0.013618548711140951,0.005482639688755791,0.012835502624511719,0.005167396145281425,0.029103231430053705,0.011716559164555015,0,0,0.0,0.0,0.0,24,22,0.039753090251575814,0.016004045290500025,0.03910541534423828,0.015743300314827614,0.06688108444213867,0.026925401213238116,1,2,0.12,0.043478260869565216,0.08333333333333333,24
gait_05_half_bound__vx_pos_0p5__seed_0042,rl,54.49013114342323,354.3408982372284,78.99265747070312,81.87277709960935,105.7369384765625,23,81.43773485266644,98.64957122802733,105.7369384765625,4.319750701240872,4.97113818359375,5.219487152099609,0.7991718426501035,0.8220720720720721,0.3333333333333333,0.0,0.7237762237762237,1.0,0.8397565922920892,0.6728778467908902,0.4705493450164795,0.4720496894409938,0.4720496894409938,0.20232850177441075,0.20232850177441075,23,0.13413702881854506,0.05400171586056773,0.1340123462676992,0.0539515203870072,0.1560486125946051,0.06282301696997644,1,0,0.041666666666666664,0.041666666666666664,0.0,23,24,0.06766060511271155,0.027239225472881295,0.06776868820190529,0.027282738232358536,0.08882028579711711,0.03575782077862162,0,0,0.0,0.0,0.0,24
gait_05_half_bound__vx_pos_0p5__seed_0042,rr,58.59957675152671,343.8242880356312,91.40316467285153,101.78425842285131,134.13143920898438,24,94.9604975382487,116.91707954406738,134.13143920898438,4.670389645894368,5.468131134033204,5.823591156005859,0.8074534161490683,0.8337078651685393,0.29535864978902954,0.019230769230769232,0.7445255474452555,0.9807692307692307,0.8464730290456433,0.6066252587991718,0.4705493450164795,0.4720496894409938,0.4720496894409938,0.13607591378269235,0.13607591378269235,24,0.05281548182169601,0.0212627837927769,0.053131227493286026,0.021389898640866118,0.07418349266052449,0.0298652499424104,0,0,0.0,0.0,0.0,24,17,0.18044471516328683,0.07264455104317694,0.1826561737060537,0.07353485372034053,0.1958233642578115,0.07883578284573406,7,7,0.45161290322580644,0.2916666666666667,0.2916666666666667,24
gait_05_half_bound__vx_pos_1p0__seed_0042,fl,70.10880525439393,357.55490679740905,94.5243423461914,145.31499633789065,172.39224243164062,31,102.36105592789188,154.97821807861328,172.39224243164062,5.141652430872765,6.31210807800293,6.6205738830566405,0.8729508196721312,0.9080717488789237,0.14963503649635038,0.0,0.8075117370892019,1.0,0.8935064935064935,0.5225409836065574,0.39623603224754333,0.39549180327868855,0.39549180327868855,0.1263049513590141,0.1263049513590141,31,0.040339826576171384,0.012697176559985437,0.04059639573097229,0.012777933076184187,0.06711617112159729,0.021125174476196197,0,0,0.0,0.0,0.0,31,30,0.08617604573567708,0.02712437213583879,0.0866098403930664,0.027260911328570572,0.1336520195007324,0.04206768925977067,0,1,0.03225806451612903,0.0,0.03225806451612903,31
gait_05_half_bound__vx_pos_1p0__seed_0042,fr,72.87101660753838,383.3872925591469,98.78690109252929,161.1683111572265,209.99684143066406,31,107.08670191611013,170.84988403320312,209.99684143066406,5.155772057810138,6.705964736938476,7.497530059814453,0.8565573770491803,0.8901345291479821,0.17883211678832117,0.0,0.7782805429864253,1.0,0.8753180661577609,0.5389344262295082,0.39623603224754333,0.39549180327868855,0.39549180327868855,0.14269839398196482,0.14269839398196482,31,0.07108554820860585,0.022374557182682085,0.07082787156105042,0.022293452077204783,0.09952393174171448,0.03132569077564988,0,0,0.0,0.0,0.0,31,30,0.0713497797648112,0.022457725480778856,0.06995677947998047,0.022019271177282827,0.11473350524902344,0.036112985531608334,0,1,0.03225806451612903,0.0,0.03225806451612903,31
gait_05_half_bound__vx_pos_1p0__seed_0042,rl,63.88235651463172,387.12708047866823,89.34052200317382,169.55669433593752,173.3283233642578,31,111.06822696808845,171.736328125,173.3283233642578,5.398228060814642,6.633855056762695,6.707009735107422,0.7766393442622951,0.799554565701559,0.32727272727272727,0.0,0.6590909090909091,1.0,0.7945205479452054,0.6209016393442623,0.39623603224754333,0.3975409836065574,0.3975409836065574,0.224665607096719,0.224665607096719,31,0.14177192791815799,0.0446234739414992,0.14126328110694786,0.04446337463228642,0.1690590727329262,0.05321224897940831,0,0,0.0,0.0,0.0,31,31,0.08305274963378823,0.02614129795281237,0.08305465698241932,0.026141898301013787,0.11238681793212812,0.03537435312481215,0,0,0.0,0.0,0.0,31
gait_05_half_bound__vx_pos_1p0__seed_0042,rr,66.10397037223534,356.9614400100708,97.01893577575683,155.49728927612307,187.26100158691406,30,106.00788116455078,174.42189254760734,187.26100158691406,5.08205871073405,6.65080573272705,6.896063079833985,0.8442622950819673,0.8533333333333334,0.24,0.0,0.7261410788381742,1.0,0.8413461538461537,0.5532786885245902,0.39623603224754333,0.3975409836065574,0.3975409836065574,0.15704265627704683,0.15704265627704683,29,0.029446923856078434,0.009268577063490215,0.028038476705550153,0.008825260776249913,0.05775954604148907,0.018180126598427222,1,1,0.06451612903225806,0.03333333333333333,0.03333333333333333,30,21,0.17677073160807394,0.05563953493025988,0.17651451110839744,0.05555888815512967,0.1962460327148463,0.06176949030437735,10,10,0.4878048780487805,0.3225806451612903,0.3225806451612903,31
gait_05_half_bound__vx_pos_1p5__seed_0042,fl,62.33215229905496,316.8665632724762,81.85991516113282,98.55501396179199,189.2647247314453,39,84.61653195894681,103.97559204101567,189.2647247314453,4.220932467533992,4.873907684326173,6.588527221679688,0.80625,0.8284424379232506,0.25165562913907286,0.0,0.6497695852534562,1.0,0.7877094972067039,0.5291666666666667,0.333658903837204,0.33541666666666664,0.33541666666666664,0.1955077628294627,0.1955077628294627,39,0.030496570544365127,0.007504980627362343,0.027369767427444458,0.006735497488793448,0.06991661190986634,0.01720596147527518,0,0,0.0,0.0,0.0,39,31,0.1661941159156061,0.040899143676294346,0.16536331176757812,0.04069468891548734,0.1936206817626953,0.04764861883639607,7,8,0.32608695652173914,0.18421052631578946,0.20512820512820512,39
gait_05_half_bound__vx_pos_1p5__seed_0042,fr,71.76090572620261,374.5919278907776,93.3230972290039,100.52025756835937,138.44894409179688,39,94.71537233010316,102.4913139343262,138.44894409179688,4.9101018861623915,5.388200927734375,6.09743408203125,0.7916666666666666,0.8126410835214447,0.27483443708609273,0.0,0.6294642857142857,1.0,0.7726027397260274,0.54375,0.333658903837204,0.33541666666666664,0.33541666666666664,0.21009109616279598,0.21009109616279598,39,0.07277879883081485,0.017910324523650056,0.07314804196357727,0.01800119252974724,0.10868576169013977,0.02674676271445,0,0,0.0,0.0,0.0,39,38,0.13737844166002774,0.03380781920300999,0.13710403442382812,0.033740289610176256,0.18973102569580078,0.046691403224670844,0,1,0.02564102564102564,0.0,0.02564102564102564,39
gait_05_half_bound__vx_pos_1p5__seed_0042,rl,67.01853196612517,379.3928026199341,96.21938552856444,102.56816162109376,145.69105529785156,39,96.41674315623747,103.9521385192871,145.69105529785156,5.044596886268029,5.310215057373047,6.128972778320312,0.7416666666666667,0.7647058823529411,0.34551495016611294,0.0,0.5755102040816327,1.0,0.7305699481865285,0.5895833333333333,0.333658903837204,0.33125,0.33125,0.25592442949612937,0.25592442949612937,39,0.13830503534048186,0.03403584705981861,0.13798538327217358,0.03395718304818294,0.1738050091266654,0.04277212824755388,0,0,0.0,0.0,0.0,39,39,0.11776791303585572,0.028981813039377937,0.11827194213866932,0.029105850876574742,0.15335533142089589,0.03773961369663623,0,0,0.0,0.0,0.0,39
gait_05_half_bound__vx_pos_1p5__seed_0042,rr,69.2876578411424,345.0525360488892,96.1925262451172,102.45988464355473,107.96283721923828,38,94.53565677843596,104.81088333129883,107.96283721923828,4.782020460429945,5.195929992675782,5.268777008056641,0.8145833333333333,0.8272727272727273,0.25333333333333335,0.0,0.6481481481481481,1.0,0.7865168539325843,0.51875,0.333658903837204,0.3333333333333333,0.3333333333333333,0.18509109616279606,0.18509109616279606,38,0.035383755533320176,0.00870768073461164,0.03537330508232195,0.00870510895585459,0.06965350985526993,0.01714121400408353,0,0,0.0,0.0,0.0,38,10,0.18961990356445463,0.04666405688938994,0.18933761596679766,0.046594587997841025,0.19823415756225646,0.04878396113497163,29,29,0.8529411764705882,0.7435897435897436,0.7435897435897436,39
gait_06_gallop__vx_neg_1p5__seed_0042,fl,102.89747085326758,562.1817935192585,165.7329528808592,298.4356652831989,473.406494140625,39,185.9311762100611,413.306283569336,473.406494140625,8.979962854629909,13.963417892456055,15.359559020996095,0.7604166666666666,0.7782805429864253,0.32558139534883723,0.0,0.5899581589958159,1.0,0.7421052631578948,0.56875,0.333658903837204,0.3333333333333333,0.3333333333333333,0.235091096162796,0.235091096162796,32,0.16640004992485202,0.040949822514023244,0.16646782040596264,0.040966500328569716,0.19634472012519896,0.0483189845455187,7,7,0.30434782608695654,0.1794871794871795,0.1794871794871795,39,39,0.06210325779058852,0.015283152770781796,0.06011688232421619,0.01479432044873086,0.11294986724853295,0.02779612757868002,0,0,0.0,0.0,0.0,39
gait_06_gallop__vx_neg_1p5__seed_0042,fr,99.04932961037488,488.19678989827634,151.9961166381836,157.2947334289551,262.8122863769531,39,152.5801039475661,166.51483459472666,262.8122863769531,8.130723286164113,8.6568551940918,11.009645690917969,0.8229166666666666,0.832579185520362,0.24584717607973422,0.0,0.6558139534883721,1.0,0.7921348314606742,0.5125,0.333658903837204,0.33541666666666664,0.33541666666666664,0.17884109616279598,0.17884109616279598,39,0.03630512821368798,0.0089344237418846,0.03492126345634716,0.008593864852496582,0.07152252078056272,0.017601163779952436,0,0,0.0,0.0,0.0,39,13,0.1830169560359092,0.045039120301417435,0.18560684204101818,0.045676472106832525,0.1976559448242213,0.0486416672533978,26,25,0.796875,0.6666666666666666,0.6578947368421053,38
gait_06_gallop__vx_neg_1p5__seed_0042,rl,51.048429683707226,178.81289245635273,92.21763496398925,97.38081573486332,159.46615600585938,41,83.90849311177324,96.49140930175781,159.46615600585938,3.8241620724375656,4.771938629150391,6.0121871185302735,0.9416666666666667,0.9727272727272728,0.03666666666666667,0.007142857142857143,0.9266666666666666,0.9928571428571429,0.9586206896551723,0.3625,0.333658903837204,0.3333333333333333,0.3333333333333333,0.02884109616279601,0.02884109616279601,38,0.05407849249087031,0.013308317337207358,0.05312213778495867,0.01307296551198123,0.09186420321464438,0.022607101492642154,0,3,0.07317073170731707,0.0,0.07317073170731707,41,39,0.07560857919546439,0.018606712558019028,0.07466781616210838,0.01837519772817925,0.11675880432129127,0.02873347884249861,0,3,0.07142857142857142,0.0,0.07142857142857142,42
gait_06_gallop__vx_neg_1p5__seed_0042,rr,48.72856387651036,168.9172776427865,81.14365081787109,143.15039001464845,171.6123046875,40,80.66483135223389,143.01261672973632,171.6123046875,3.483157812595367,5.399407890319824,5.610377807617188,0.8208333333333333,0.8506787330316742,0.132890365448505,0.18439716312056736,0.7419354838709677,0.8156028368794326,0.777027027027027,0.36041666666666666,0.333658903837204,0.33125,0.33125,0.026757762829462683,0.026757762829462683,39,0.059118473560383716,0.01454861943064914,0.05716720700264233,0.014068427151541385,0.09626747250557202,0.023690713522965264,0,1,0.025,0.0,0.025,40,39,0.036070091051934434,0.008876582833409186,0.03398406982422131,0.008363228425920037,0.07234466552734312,0.017803487526109354,0,1,0.025,0.0,0.025,40
gait_06_gallop__vx_neg_1p0__seed_0042,fl,103.11977998328297,563.4847929239273,152.92142333984376,175.6524981689433,291.0249328613281,31,161.0808809341923,255.24060821533203,291.0249328613281,8.685829098609187,11.102408294677735,11.833706665039063,0.8032786885245902,0.8262806236080178,0.28363636363636363,0.0,0.6904761904761905,1.0,0.8169014084507042,0.5594262295081968,0.39623603224754333,0.39549180327868855,0.39549180327868855,0.16319019726065342,0.16319019726065342,31,0.1477929968603203,0.046518637652580665,0.14778832077980297,0.04651716583118289,0.17584637284278948,0.055348588056072776,0,0,0.0,0.0,0.0,31,31,0.019891517393050565,0.006260961680355223,0.015967254638674433,0.005025778951792845,0.044232482910157245,0.013922410998379374,0,0,0.0,0.0,0.0,31
gait_06_gallop__vx_neg_1p0__seed_0042,fr,100.64634125626932,511.372581589818,150.24792251586913,153.7467300415039,260.76373291015625,31,152.6962634671119,153.77195739746094,260.76373291015625,8.124968671491068,8.644024353027344,11.206554260253906,0.8565573770491803,0.8752783964365256,0.2028985507246377,0.0,0.7554585152838428,1.0,0.8606965174129354,0.5204918032786885,0.39623603224754333,0.39344262295081966,0.39344262295081966,0.12425577103114516,0.12425577103114516,31,0.04046737567071064,0.012737323320913456,0.03944060683250328,0.012414142327549667,0.06903693556785662,0.021729745377319094,0,0,0.0,0.0,0.0,31,30,0.16534329732259193,0.05204268875948075,0.1644734191894539,0.05176888995617483,0.19325759887695407,0.0608288647415504,1,0,0.03225806451612903,0.03225806451612903,0.0,30
gait_06_gallop__vx_neg_1p0__seed_0042,rl,34.981173295723764,164.32316128969194,78.81252975463866,87.95771110534668,117.84680938720703,38,66.00249845103214,88.24774971008301,117.84680938720703,2.8795414345201693,3.8699152717590333,4.46674919128418,0.9057377049180327,0.9311111111111111,0.11272727272727273,0.0,0.8495145631067961,1.0,0.9186351706036746,0.4672131147540984,0.39623603224754333,0.3975409836065574,0.3975409836065574,0.07097708250655504,0.07097708250655504,24,0.03817221999168474,0.01201491077324873,0.038803552389147455,0.012213626028097103,0.05980203032493794,0.018823009470493524,6,14,0.45454545454545453,0.2,0.3684210526315789,38,31,0.09708808406706863,0.03055899466852091,0.0932415771484365,0.0293482860058831,0.12437618255615313,0.039148069880530954,0,8,0.20512820512820512,0.0,0.20512820512820512,39
gait_06_gallop__vx_neg_1p0__seed_0042,rr,39.38258015565358,191.08977378182112,93.09598541259766,107.32760925292969,155.80747985839844,33,83.58568902449174,109.17257080078124,155.80747985839844,3.15242989395604,3.954857154846191,5.04135612487793,0.7397540983606558,0.7594654788418709,0.28363636363636363,0.1724137931034483,0.6486486486486487,0.8275862068965517,0.7272727272727273,0.49385245901639346,0.39623603224754333,0.3975409836065574,0.3975409836065574,0.09761642676885013,0.09761642676885013,31,0.14382165089730367,0.04526863523182179,0.14253929734230297,0.04486500757939686,0.17213371872901995,0.05418001028096321,0,2,0.06060606060606061,0.0,0.06060606060606061,33,31,0.050178136517925374,0.015793837328876785,0.05017936706542869,0.01579422465029686,0.07669723510742266,0.02414086570210747,0,2,0.06060606060606061,0.0,0.06060606060606061,33
gait_06_gallop__vx_neg_0p5__seed_0042,fl,91.61900322961992,474.6403865516186,137.47299346923828,150.00555877685517,203.04705810546875,24,142.06810887654623,174.76603393554686,203.04705810546875,7.744686927795411,8.958259597778321,9.636468811035156,0.7784679089026915,0.8018018018018018,0.25316455696202533,0.13526570048309178,0.7489539748953975,0.8647342995169082,0.8026905829596414,0.5362318840579711,0.4705493450164795,0.4720496894409938,0.4720496894409938,0.06568253904149157,0.06568253904149157,24,0.11910733064015704,0.0479509668791113,0.11880028724670488,0.047827355448053756,0.14151204109191848,0.05697079397988156,0,0,0.0,0.0,0.0,24,24,0.05332835992177317,0.02146926143489719,0.05405128479003807,0.021760301005912214,0.07676480293273977,0.030904449819550234,0,0,0.0,0.0,0.0,24
gait_06_gallop__vx_neg_0p5__seed_0042,fr,93.29133531990952,473.9786606567353,133.68741683959962,136.21990890502929,147.27169799804688,24,133.8019561767578,136.93899154663086,147.27169799804688,7.300007338523865,7.777749031066895,8.252045288085938,0.8923395445134575,0.9255079006772009,0.1271186440677966,0.014492753623188406,0.8717948717948718,0.9855072463768116,0.9251700680272109,0.525879917184265,0.4705493450164795,0.4720496894409938,0.4720496894409938,0.055330572167785474,0.055330572167785474,24,0.05188441753387448,0.020887950165092515,0.052299623489379776,0.021055106350303266,0.07689269065857188,0.03095593565230848,0,0,0.0,0.0,0.0,24,23,0.10604830368705427,0.04269358292519259,0.10575950622558494,0.04257731705444174,0.12650917053222557,0.050930845427320494,1,1,0.08,0.041666666666666664,0.041666666666666664,24
gait_06_gallop__vx_neg_0p5__seed_0042,rl,30.23151403314927,196.9200178807974,75.38359603881835,86.14605804443359,121.92953491210938,27,76.16289075215657,94.67443771362304,121.92953491210938,2.68909243689643,3.7106387901306155,4.244574394226074,0.7784679089026915,0.7932584269662921,0.3881856540084388,0.0,0.6933333333333334,1.0,0.8188976377952756,0.6687370600414079,0.4705493450164795,0.4720496894409938,0.4720496894409938,0.19818771502492838,0.19818771502492838,24,0.036255602836608926,0.01459600514474393,0.03625548362732012,0.0145959571527301,0.0615965175628685,0.024797907548184905,0,3,0.1111111111111111,0.0,0.1111111111111111,27,0,,,,,,,24,27,1.0,1.0,1.0,27
gait_06_gallop__vx_neg_0p5__seed_0042,rr,37.19460314845446,242.2977395737171,75.5001136779785,82.2551097869873,86.47639465332031,24,79.48460229237874,85.25220184326172,86.47639465332031,3.1450143456459045,3.5502076148986816,3.584040756225586,0.7391304347826086,0.7567567567567568,0.42616033755274263,0.033816425120772944,0.6644518272425249,0.966183574879227,0.7874015748031497,0.6666666666666666,0.4705493450164795,0.4720496894409938,0.4720496894409938,0.19611732165018714,0.19611732165018714,11,0.18952572822570846,0.07630044152653016,0.19011128425598045,0.0765361782999305,0.19890416145324874,0.08007606926207546,13,13,0.7027027027027027,0.5416666666666666,0.5416666666666666,24,24,0.02868837992350241,0.011549545675599501,0.022845382690430682,0.009197235659986579,0.05950344085693562,0.023955263764110467,0,0,0.0,0.0,0.0,24
gait_06_gallop__vx_pos_0p5__seed_0042,fl,74.98450923156739,374.9225461578369,91.57121047973632,94.50195510864258,96.64286804199219,24,91.988024075826,94.9538631439209,96.64286804199219,5.166856520970662,5.357904045104981,5.395724182128906,0.9047619047619048,0.9369369369369369,0.10548523206751055,0.014492753623188406,0.8908296943231441,0.9855072463768116,0.9357798165137614,0.5175983436853002,0.4705493450164795,0.4720496894409938,0.4720496894409938,0.04704899866882073,0.04704899866882073,24,0.04665844122568763,0.01878404425503595,0.046658639907838584,0.01878412424172685,0.0680394458770742,0.027391741534208303,0,0,0.0,0.0,0.0,24,24,0.015143672625223944,0.0060966335201823015,0.013665199279786933,0.005501420563618929,0.033004169464112096,0.013287022959379868,0,0,0.0,0.0,0.0,24
gait_06_gallop__vx_pos_0p5__seed_0042,fr,78.97732586841506,393.30708282470704,101.17511901855468,102.58043365478515,103.8411865234375,24,99.66018549601237,101.84487037658691,102.67145538330078,5.410712080001832,5.971292449951172,5.976548156738281,0.8695652173913043,0.9006772009029346,0.13983050847457626,0.05314009661835749,0.8558951965065502,0.9468599033816425,0.8990825688073395,0.515527950310559,0.4705493450164795,0.4720496894409938,0.4720496894409938,0.04497860529407949,0.04497860529407949,24,0.068444177309672,0.027554680821111354,0.06751311302184959,0.02717984719342661,0.09022810935974324,0.036324591108040434,0,0,0.0,0.0,0.0,24,21,0.110422337849935,0.04445450868975407,0.11051452636719006,0.0444916225140147,0.12976730346679588,0.05224252476387889,3,3,0.2222222222222222,0.125,0.125,24
gait_06_gallop__vx_pos_0p5__seed_0042,rl,43.29736086893976,322.9983120822907,87.14237670898437,142.77265624999984,171.1958770751953,24,106.06909688313802,168.78435668945312,171.1958770751953,4.792459575335185,6.356068565368653,6.433865509033203,0.650103519668737,0.6629213483146067,0.6244725738396625,0.009615384615384616,0.5819209039548022,0.9903846153846154,0.7330960854092526,0.772256728778468,0.4705493450164795,0.4720496894409938,0.4720496894409938,0.30170738376198847,0.30170738376198847,24,0.04867542266845707,0.01959605313675806,0.04909146308898826,0.019763545266067325,0.06963952064514113,0.028035909544651582,0,0,0.0,0.0,0.0,24,0,,,,,,,24,24,1.0,1.0,1.0,24
gait_06_gallop__vx_pos_0p5__seed_0042,rr,46.309470424438985,331.57580823898314,84.75700149536132,140.31155670166015,167.07058715820312,24,103.93556467692058,163.97422332763668,167.07058715820312,4.6329929494857796,6.27435414123535,6.335103759765625,0.7308488612836439,0.7477477477477478,0.47257383966244726,0.0,0.6489028213166145,1.0,0.7870722433460077,0.7412008281573499,0.4705493450164795,0.4720496894409938,0.4720496894409938,0.2706514831408704,0.2706514831408704,14,0.1867817347390315,0.07519574763330826,0.18689930915832598,0.0752430814712435,0.1986895847320576,0.07998968363664365,10,10,0.5882352941176471,0.4166666666666667,0.4166666666666667,24,24,0.07387053489685054,0.02973925746755738,0.07418596267700206,0.029866244336942377,0.09523660659789836,0.03834094294709278,0,0,0.0,0.0,0.0,24
gait_06_gallop__vx_pos_1p0__seed_0042,fl,66.41625279688652,348.1069181442261,88.00691375732421,92.91836921691895,116.06980895996094,31,88.14423124251827,97.95169830322266,116.06980895996094,4.6713472107918035,5.027459411621093,5.371449432373047,0.8545081967213115,0.8864142538975501,0.18545454545454546,0.0,0.7733333333333333,1.0,0.8721804511278195,0.5368852459016393,0.39623603224754333,0.39549180327868855,0.39549180327868855,0.140649213654096,0.140649213654096,31,0.09040155330011994,0.028454373282471804,0.09040001511573692,0.028453889130695492,0.1169207441806801,0.03680143070480904,0,0,0.0,0.0,0.0,31,31,0.05039942587575526,0.015863489339945955,0.04884635925293068,0.015374653298913684,0.0806180191040049,0.025374953473014664,0,0,0.0,0.0,0.0,31
gait_06_gallop__vx_pos_1p0__seed_0042,fr,74.81428714267543,365.6969664287567,90.04202804565429,95.53004768371581,130.653076171875,31,91.866455570344,102.37188339233398,130.653076171875,5.090820217747843,5.56720573425293,6.085436401367188,0.8934426229508197,0.9153674832962138,0.13768115942028986,0.0,0.8199052132701422,1.0,0.9010416666666666,0.5,0.39623603224754333,0.39344262295081966,0.39344262295081966,0.10376396775245667,0.10376396775245667,31,0.024916645673014024,0.007842647731652264,0.02278754591941734,0.00717250217626192,0.05084464430809099,0.016003624227051937,0,0,0.0,0.0,0.0,31,23,0.11960685729980539,0.03764689920153712,0.11822212219238182,0.0372110464069157,0.1462588119506858,0.04603574473194522,8,7,0.39473684210526316,0.25806451612903225,0.23333333333333334,30
gait_06_gallop__vx_pos_1p0__seed_0042,rl,63.79682428715593,377.52313542842865,102.09476089477539,178.32667572021484,182.01730346679688,30,117.13611195882162,180.31844940185547,182.01730346679688,5.424674856185913,6.828481285095215,6.852117309570312,0.7930327868852459,0.8022222222222222,0.3236363636363636,0.0,0.6628787878787878,1.0,0.7972665148063781,0.6045081967213115,0.39623603224754333,0.3975409836065574,0.3975409836065574,0.20827216447376817,0.20827216447376817,27,0.025879503047025493,0.008145712249215887,0.02496192336082359,0.007856899126493054,0.05607268691063183,0.017649178648617005,3,3,0.18181818181818182,0.1,0.1,30,4,0.18484056472778398,0.05817955814372361,0.18484008789062578,0.05817940805667312,0.18682497024536088,0.05880416041303943,27,27,0.9310344827586207,0.8709677419354839,0.8709677419354839,31
gait_06_gallop__vx_pos_1p0__seed_0042,rr,67.29717979039232,393.0155299758911,97.7544422149658,182.52549499511707,187.81507873535156,30,121.09934488932292,187.03059463500978,187.81507873535156,5.363845066070557,6.789480918884277,6.800888214111328,0.7213114754098361,0.7394209354120267,0.3927272727272727,0.05172413793103448,0.6043956043956044,0.9482758620689655,0.7382550335570469,0.5983606557377049,0.39623603224754333,0.3975409836065574,0.3975409836065574,0.20212462349016158,0.20212462349016158,11,0.18907791040160501,0.05951328539871328,0.18815163254737755,0.05922173448099867,0.19929054856300432,0.0627277679804289,20,19,0.78,0.6451612903225806,0.6333333333333333,30,31,0.016802208192886848,0.005288585056752272,0.016438598632809942,0.005174136999458882,0.03506076812744219,0.011035564627484187,0,0,0.0,0.0,0.0,31
gait_06_gallop__vx_pos_1p5__seed_0042,fl,66.39544634116713,342.6857321739197,79.80789146423339,86.54437133789062,157.40081787109375,39,81.07999674479167,90.1935653686524,157.40081787109375,4.374541397094726,4.725306869506837,5.966281127929688,0.7958333333333333,0.8212669683257918,0.26245847176079734,0.0,0.6409090909090909,1.0,0.7811634349030471,0.5375,0.333658903837204,0.3333333333333333,0.3333333333333333,0.203841096162796,0.203841096162796,39,0.0923340207796846,0.022722720123231843,0.0938455212116267,0.02309468920885322,0.13266140103340085,0.03264699036588498,0,0,0.0,0.0,0.0,39,39,0.11139042389698361,0.02741236009486341,0.11290466308593494,0.027785003168344088,0.15245506286621158,0.037518064258724844,0,0,0.0,0.0,0.0,39
gait_06_gallop__vx_pos_1p5__seed_0042,fr,72.62943420565226,357.8367137849331,91.41207504272461,128.4923000335695,157.5720977783203,39,93.84024184789413,135.8562759399414,157.5720977783203,4.9909271748860675,5.9131129913330085,6.378904266357422,0.8229166666666666,0.8484162895927602,0.22259136212624583,0.0,0.6778846153846154,1.0,0.8080229226361032,0.5125,0.333658903837204,0.33541666666666664,0.33541666666666664,0.17884109616279598,0.17884109616279598,39,0.02264963776637357,0.005573908463121156,0.021143342256543463,0.005203220270364787,0.05270919680595654,0.012971343788871525,0,0,0.0,0.0,0.0,39,27,0.16989657649287634,0.04181029186148333,0.1683148193359365,0.041421033115069346,0.19536273956298977,0.04807732638644455,12,11,0.46,0.3076923076923077,0.2894736842105263,38
gait_06_gallop__vx_pos_1p5__seed_0042,rl,64.53415335709799,383.3328709411621,105.76148376464843,158.6058892822267,203.6783447265625,38,108.99531354402241,169.74987945556637,203.6783447265625,5.343814892015958,6.7480269699096675,7.375478210449219,0.7145833333333333,0.7318181818181818,0.3933333333333333,0.0,0.5426356589147286,1.0,0.7035175879396984,0.61875,0.333658903837204,0.3333333333333333,0.3333333333333333,0.28509109616279604,0.28509109616279604,38,0.026473797622480675,0.00651500594141855,0.021359061002732105,0.005256307059541604,0.058102892637254835,0.014298692471074686,0,0,0.0,0.0,0.0,38,0,,,,,,,39,39,1.0,1.0,1.0,39
gait_06_gallop__vx_pos_1p5__seed_0042,rr,74.08116524333883,401.5199156188965,110.51799011230469,211.43452606201174,224.57708740234375,39,122.33329596886269,213.98121337890626,224.57708740234375,5.299776378533779,7.243948944091797,7.403511352539063,0.7166666666666667,0.7375565610859729,0.3787375415282392,0.014184397163120567,0.549407114624506,0.9858156028368794,0.7055837563451777,0.5645833333333333,0.333658903837204,0.33125,0.33125,0.23092442949612935,0.23092442949612935,12,0.18141920844714013,0.04464592642790688,0.18212429165840227,0.044819442195311046,0.19438053250313062,0.047835612487972655,27,27,0.8181818181818182,0.6923076923076923,0.6923076923076923,39,39,0.023476742475460027,0.0057774528193452026,0.01970779418945412,0.004849942500410956,0.05106060028075952,0.012565636367902953,0,0,0.0,0.0,0.0,39
gait_07_gallop__vx_neg_1p5__seed_0042,fl,104.0946626973346,512.8972023221851,149.5852279663086,238.60552520751983,341.9192810058594,39,159.94229908478565,252.01900634765627,341.9192810058594,8.373976272191754,10.68513412475586,12.623203125,0.8229166666666666,0.8484162895927602,0.22259136212624583,0.0,0.6778846153846154,1.0,0.8080229226361032,0.5125,0.333658903837204,0.33541666666666664,0.33541666666666664,0.17884109616279598,0.17884109616279598,39,0.023327558927046237,0.005740739850615231,0.021143342256543463,0.005203220270364787,0.05000076413154347,0.012304818524254812,0,0,0.0,0.0,0.0,39,32,0.16143316507339645,0.03972750885963101,0.1629456329345711,0.04009971602243677,0.19454401016235412,0.04787584313173288,7,6,0.28888888888888886,0.1794871794871795,0.15789473684210525,38
gait_07_gallop__vx_neg_1p5__seed_0042,fr,90.39077631519358,509.34511204242705,124.02530670166016,148.09586486816406,173.31736755371094,39,124.39913353553185,150.57990875244144,173.31736755371094,6.778416783259465,7.782491561889649,8.122151947021484,0.7479166666666667,0.7692307692307693,0.3388704318936877,0.0,0.5802469135802469,1.0,0.7343750000000001,0.5854166666666667,0.333658903837204,0.3333333333333333,0.3333333333333333,0.2517577628294627,0.2517577628294627,39,0.11108888207337951,0.027338152880606443,0.11159530758857983,0.02746278045718104,0.1466786968708032,0.036096543277241745,0,0,0.0,0.0,0.0,39,37,0.13642933407345184,0.033574250840292856,0.13765441894530994,0.033875735173319564,0.17052795410156277,0.04196566922481173,2,2,0.0975609756097561,0.05128205128205128,0.05128205128205128,39
gait_07_gallop__vx_neg_1p5__seed_0042,rl,51.476149411593084,214.08126098930836,92.55906600952149,101.87867858886719,103.23645782470703,38,89.69353043405633,101.89218444824219,103.23645782470703,4.028613319396974,4.586882053375244,4.636039199829102,0.9020833333333333,0.9363636363636364,0.09333333333333334,0.0,0.8333333333333334,1.0,0.9090909090909091,0.43125,0.333658903837204,0.3333333333333333,0.3333333333333333,0.09759109616279604,0.09759109616279604,31,0.022875656889330378,0.005629530098896123,0.02277984738350014,0.005605952087587375,0.05290451169013721,0.013019409338402056,7,7,0.3111111111111111,0.18421052631578946,0.18421052631578946,38,39,0.08602788680639187,0.021170827157619088,0.08122146606445568,0.0199880025346764,0.16697052001953347,0.04109021098828941,0,0,0.0,0.0,0.0,39
gait_07_gallop__vx_neg_1p5__seed_0042,rr,56.9337853174361,217.04460546970367,101.8853759765625,105.62715911865239,193.39544677734375,39,100.44952920766977,105.42886352539064,193.39544677734375,4.616400901598808,5.237436126708984,6.795181579589844,0.9125,0.9389140271493213,0.08305647840531562,0.014184397163120567,0.8475609756097561,0.9858156028368794,0.9114754098360656,0.39375,0.333658903837204,0.33125,0.33125,0.06009109616279601,0.06009109616279601,39,0.024823589477784517,0.0061089019128018444,0.021223222017287213,0.0052228780891358535,0.053764497041704835,0.01323104537773773,0,0,0.0,0.0,0.0,39,39,0.04918519631410134,0.012104113311801529,0.04728424072265369,0.011636302189677608,0.11458656311034936,0.02819890633434197,0,0,0.0,0.0,0.0,39
gait_07_gallop__vx_neg_1p0__seed_0042,fl,107.46350472426612,520.1911016893387,148.6164710998535,262.87403579711923,356.96820068359375,31,167.93815563571067,290.60267639160156,356.96820068359375,8.82064314565351,11.698797607421875,13.059008178710938,0.8975409836065574,0.933184855233853,0.10869565217391304,0.0,0.8522167487684729,1.0,0.9202127659574468,0.4959016393442623,0.39623603224754333,0.39344262295081966,0.39344262295081966,0.09966560709671896,0.09966560709671896,31,0.016940372720841788,0.005332073082226512,0.016634439229964215,0.005235778876748202,0.03572890639305193,0.01124586472654164,0,0,0.0,0.0,0.0,31,26,0.1024093950711773,0.032233905819221594,0.10093200683593828,0.03176888995617483,0.12668312072754162,0.03987419103079867,5,5,0.2777777777777778,0.16129032258064516,0.16129032258064516,31
gait_07_gallop__vx_neg_1p0__seed_0042,fr,83.04819381948103,473.8561959479749,114.5670150756836,116.5463705444336,117.72193908691406,31,114.25256052324849,117.0630111694336,117.72193908691406,6.294274250153571,6.70548828125,6.771090240478515,0.8114754098360656,0.8396436525612472,0.26181818181818184,0.0,0.7073170731707317,1.0,0.8285714285714285,0.5840163934426229,0.39623603224754333,0.39549180327868855,0.39549180327868855,0.18778036119507957,0.18778036119507957,31,0.09040143024536944,0.028454334550329745,0.09040001511573692,0.028453889130695492,0.1169207441806801,0.03680143070480904,0,0,0.0,0.0,0.0,31,31,0.09727215674615602,0.03061693253054491,0.09573280334472756,0.030132412799423983,0.12532627105712812,0.039447115326889354,0,0,0.0,0.0,0.0,31
gait_07_gallop__vx_neg_1p0__seed_0042,rl,48.18834515462948,229.3941427320242,80.59122924804686,85.60261810302734,86.29280090332031,32,76.64317584037781,85.90702247619629,86.29280090332031,3.814170532226562,4.19117516708374,4.224057846069336,0.8913934426229508,0.9155555555555556,0.13818181818181818,0.0,0.8215962441314554,1.0,0.902061855670103,0.48565573770491804,0.39623603224754333,0.3975409836065574,0.3975409836065574,0.08941970545737471,0.08941970545737471,22,0.0644051628763016,0.020271870105115216,0.06419804215431313,0.02020667774809421,0.08359797120094062,0.026312909362429464,8,10,0.45,0.26666666666666666,0.3125,32,31,0.024510244554089435,0.007714730801929785,0.023548965454100568,0.007412163054571339,0.05097091674804766,0.01604336915410963,0,1,0.03125,0.0,0.03125,32
gait_07_gallop__vx_neg_1p0__seed_0042,rr,45.54927068948746,233.7079076933861,90.61716651916504,95.15448989868163,95.61749267578125,33,85.9966125199289,95.31551055908203,95.61749267578125,4.281947522596879,4.962642730712891,5.002034606933594,0.8688524590163934,0.8997772828507795,0.16,0.005747126436781609,0.7972350230414746,0.9942528735632183,0.8849104859335037,0.5245901639344263,0.39623603224754333,0.3975409836065574,0.3975409836065574,0.12835413168688292,0.12835413168688292,31,0.049535316767231836,0.015591506368048538,0.0487625944614436,0.01534828788197235,0.07682350754737932,0.024180610629165163,0,2,0.06060606060606061,0.0,0.06060606060606061,33,31,0.07895311909337113,0.024850917273954113,0.07998001098632557,0.025174136999458883,0.11853897094726484,0.037310776250224886,0,2,0.06060606060606061,0.0,0.06060606060606061,33
gait_07_gallop__vx_neg_0p5__seed_0042,fl,101.839806390121,466.4684279489517,134.6216033935547,136.42178649902343,138.9593048095703,24,134.42512448628744,136.8955535888672,138.9593048095703,7.705434799194336,8.00427653503418,8.152638244628907,0.9937888198757764,1.0,0.0,0.0,1.0,1.0,1.0,0.474120082815735,0.4705493450164795,0.4720496894409938,0.4720496894409938,0.0035707377992554856,0.0035707377992554856,24,0.02704489707946774,0.010887902173078386,0.026630048751831836,0.01072088996391032,0.048841791152953104,0.019663030791675862,0,0,0.0,0.0,0.0,24,24,0.03051738421122237,0.012285877549975701,0.031240348815916974,0.01257693311832871,0.05107458114623924,0.020561921216309204,0,0,0.0,0.0,0.0,24
gait_07_gallop__vx_neg_0p5__seed_0042,fr,75.0102098437815,421.56998043417934,100.3462905883789,101.65399475097657,102.23174285888672,24,100.45528729756673,101.90372848510742,102.23174285888672,5.511163883209228,5.820995681762695,5.825793609619141,0.8902691511387164,0.9211711711711712,0.14767932489451477,0.0,0.8553719008264463,1.0,0.9220489977728286,0.5817805383022774,0.4705493450164795,0.4720496894409938,0.4720496894409938,0.11123119328579789,0.11123119328579789,24,0.059078141848246224,0.023784044255035948,0.058662538528442276,0.02361672809644471,0.08087590217590232,0.032559521615602764,0,0,0.0,0.0,0.0,24,24,0.05223973115285241,0.02103099452251147,0.051724548339844745,0.02082358903478501,0.07585069656372143,0.030536443215849175,0,0,0.0,0.0,0.0,24
gait_07_gallop__vx_neg_0p5__seed_0042,rl,44.54001224559286,246.64769938707352,68.39983558654785,75.59127044677734,76.12368774414062,24,69.90405511856079,75.96664466857911,76.12368774414062,3.546799298922221,3.8299730758666994,3.8710665130615234,0.9006211180124224,0.9303370786516854,0.1308016877637131,0.0,0.8702928870292888,1.0,0.9306487695749441,0.5714285714285714,0.4705493450164795,0.4720496894409938,0.4720496894409938,0.1008792264120919,0.1008792264120919,24,0.05896241982777909,0.023737456167293745,0.059062356948853534,0.02377768947247218,0.08055951118469036,0.03243214697074325,0,0,0.0,0.0,0.0,24,24,0.04200566291809086,0.01691089994624896,0.04253042221069325,0.017122160792444094,0.0635798263549825,0.025596360285649284,0,0,0.0,0.0,0.0,24
gait_07_gallop__vx_neg_0p5__seed_0042,rr,46.08706210521942,261.0739250814915,76.97298812866211,84.6615933227539,87.95834350585938,25,75.16972785949707,86.89968719482422,87.95834350585938,3.7819667022705072,4.424193115234375,4.442528381347656,0.8881987577639752,0.918918918918919,0.1518987341772152,0.0,0.8518518518518519,1.0,0.92,0.5838509316770186,0.4705493450164795,0.4720496894409938,0.4720496894409938,0.11330158666053913,0.11330158666053913,24,0.060009325345357224,0.02415892587473443,0.05949318885803123,0.02395113645089417,0.08220656394958449,0.03309522767411484,0,1,0.04,0.0,0.04,25,24,0.05110100428263342,0.020572558806214628,0.05089294433593672,0.02048879674422145,0.07476841926574655,0.03010073331797568,0,1,0.04,0.0,0.04,25
gait_07_gallop__vx_pos_0p5__seed_0042,fl,70.72976547287357,350.8196367454529,84.43036270141602,86.0202645111084,92.22058868408203,24,74.41523869832356,81.87195587158203,92.22058868408203,4.18126834710439,4.583615905761719,4.674039154052735,0.8012422360248447,0.8306997742663657,0.2033898305084746,0.13043478260869565,0.7894736842105263,0.8695652173913043,0.8275862068965517,0.5134575569358178,0.4705493450164795,0.4720496894409938,0.4720496894409938,0.04290821191933836,0.04290821191933836,24,0.09508303324381513,0.038279116435025226,0.09435975074768166,0.03798793288796784,0.11707283973693894,0.047131908930354176,0,0,0.0,0.0,0.0,24,24,0.05228133519490563,0.021047743735442437,0.0529042434692375,0.021298518006603387,0.07774660110473731,0.031299708208554496,0,0,0.0,0.0,0.0,24
gait_07_gallop__vx_pos_0p5__seed_0042,fr,67.49673246675067,388.7811790084839,81.42477149963379,83.72797584533691,85.65302276611328,24,77.24524815877278,80.70111274719238,82.12861633300781,4.150844852129619,4.500917411804199,4.535532989501953,0.8757763975155279,0.9054054054054054,0.17721518987341772,0.0,0.8313253012048193,1.0,0.9078947368421052,0.5962732919254659,0.4705493450164795,0.4720496894409938,0.4720496894409938,0.12572394690898636,0.12572394690898636,24,0.012250084877013956,0.0049317150426168264,0.012004852294921875,0.0048329877908316055,0.024402589797974092,0.00982414574214869,0,0,0.0,0.0,0.0,24,24,0.12882828235626223,0.051864487829225224,0.12945186614990245,0.05211553405513327,0.15141479492187546,0.06095750595100993,0,0,0.0,0.0,0.0,24
gait_07_gallop__vx_pos_0p5__seed_0042,rl,69.55741853007564,375.90385923743247,86.75580940246581,94.85149726867675,112.79869079589844,24,90.38725407918294,106.50305290222165,112.79869079589844,4.72383822441101,5.473377517700195,5.600301361083985,0.9130434782608695,0.946067415730337,0.10126582278481013,0.0,0.896551724137931,1.0,0.9454545454545454,0.5590062111801242,0.4705493450164795,0.4720496894409938,0.4720496894409938,0.08845686616364468,0.08845686616364468,24,0.015963115692138558,0.006426529985410382,0.012962942123413868,0.005218701528066045,0.03375985145568893,0.013591250095984211,0,0,0.0,0.0,0.0,24,24,0.07926504294077559,0.03191101192761526,0.07937276840209861,0.03195438071104928,0.10042245864868365,0.04042869538508873,0,0,0.0,0.0,0.0,24
gait_07_gallop__vx_pos_0p5__seed_0042,rr,54.37113785270034,328.4016726303101,71.64169845581054,75.68264663696289,77.56470489501953,24,72.4077917734782,76.50944786071777,77.56470489501953,3.6604652881622317,3.9374069442749025,3.996979217529297,0.8467908902691511,0.8738738738738738,0.23628691983122363,0.0,0.7870722433460076,1.0,0.8808510638297872,0.6252587991718427,0.4705493450164795,0.4720496894409938,0.4720496894409938,0.1547094541553632,0.1547094541553632,24,0.014678041140238074,0.0059091767129948085,0.01355075836181463,0.005455348230053804,0.027930918693541248,0.011244602242186404,0,0,0.0,0.0,0.0,24,24,0.15252887725830075,0.06140602011825231,0.15262805938720625,0.06144594947400721,0.17412683486938424,0.07010105966367175,0,0,0.0,0.0,0.0,24
gait_07_gallop__vx_pos_1p0__seed_0042,fl,69.7971705948524,362.0977918815613,81.93379211425781,87.29833450317369,120.3059310913086,31,78.51270884852255,94.36581039428711,120.3059310913086,4.128393638364731,4.741966323852539,5.247780456542968,0.8299180327868853,0.8530066815144766,0.23550724637681159,0.005780346820809248,0.7257383966244726,0.9942196531791907,0.8390243902439024,0.5307377049180327,0.39623603224754333,0.39344262295081966,0.39344262295081966,0.1345016726704894,0.1345016726704894,31,0.12145944760691663,0.03823001192707877,0.12222054123878223,0.038469570225730124,0.1502805006504051,0.047301592798823074,0,0,0.0,0.0,0.0,31,31,0.018989230740455554,0.005976962121901881,0.017023925781252558,0.0053583718556770975,0.041104202270508594,0.01293776790538537,0,0,0.0,0.0,0.0,31
gait_07_gallop__vx_pos_1p0__seed_0042,fr,67.12446580661668,386.6369230461121,85.0541259765625,90.03665374755859,95.7293472290039,31,83.63121229602444,90.47948837280273,95.7293472290039,4.308930368731098,4.602472839355469,4.688425445556641,0.805327868852459,0.8329621380846325,0.2727272727272727,0.0,0.6987951807228916,1.0,0.8226950354609929,0.5901639344262295,0.39623603224754333,0.39549180327868855,0.39549180327868855,0.19392790217868616,0.19392790217868616,31,0.03300955599354232,0.01038993461772367,0.03301170945167442,0.010390612430209209,0.061706815958022077,0.01942255095455333,0,0,0.0,0.0,0.0,31,31,0.16081344604492115,0.05061689379840285,0.15927421569824318,0.05013241279942399,0.18886959075927656,0.059447715675091314,0,0,0.0,0.0,0.0,31
gait_07_gallop__vx_pos_1p0__seed_0042,rl,67.73157725635514,364.6059544372559,82.7054458618164,88.01057281494131,128.87237548828125,31,84.85776642830142,97.46194458007812,128.87237548828125,4.392929949606619,4.966707153320312,5.548095245361329,0.8463114754098361,0.8755555555555555,0.20363636363636364,0.0,0.7575757575757576,1.0,0.8620689655172413,0.5512295081967213,0.39623603224754333,0.3975409836065574,0.3975409836065574,0.154993475949178,0.154993475949178,22,0.06151691686023271,0.019362779196024308,0.06112148880958479,0.019238316098336792,0.08229944825172505,0.02590419230653805,8,9,0.4358974358974359,0.26666666666666666,0.2903225806451613,31,31,0.09503836108792296,0.02991383337819833,0.0932415771484365,0.0293482860058831,0.12283695220947344,0.03866358888155155,0,0,0.0,0.0,0.0,31
gait_07_gallop__vx_pos_1p0__seed_0042,rr,62.86388102472793,388.4987847328186,83.1846206665039,84.66140655517579,88.60079956054688,31,81.3578124507781,85.68779754638672,88.60079956054688,3.8252356424639298,4.159812774658203,4.399912872314453,0.764344262295082,0.7861915367483296,0.3490909090909091,0.0,0.6444444444444445,1.0,0.7837837837837839,0.6331967213114754,0.39623603224754333,0.3975409836065574,0.3975409836065574,0.23696068906393208,0.23696068906393208,31,0.017015224310659546,0.005355633021184531,0.015456472635271723,0.004865007579396855,0.03364971756935198,0.01059142890376443,0,0,0.0,0.0,0.0,31,1,0.19963562011718494,0.0628363811010378,0.19963562011718494,0.0628363811010378,0.19963562011718494,0.0628363811010378,30,30,0.9836065573770492,0.967741935483871,0.967741935483871,31
gait_07_gallop__vx_pos_1p5__seed_0042,fl,72.49097971024553,356.68663872241973,81.96531295776367,88.30420150756837,89.12090301513672,39,80.09709030542618,88.53087539672852,89.12090301513672,4.3668527779212365,4.759334197998047,4.771781158447266,0.8229166666666666,0.8484162895927602,0.22259136212624583,0.0,0.6778846153846154,1.0,0.8080229226361032,0.5125,0.333658903837204,0.33541666666666664,0.33541666666666664,0.17884109616279598,0.17884109616279598,39,0.11157098547006108,0.027456794963565158,0.10987701535224659,0.027039921436785026,0.1482355129718787,0.036479664214133324,0,0,0.0,0.0,0.0,39,39,0.06739886161608738,0.016586361735302504,0.06884277343750256,0.016941697763383952,0.1043804931640647,0.025687267948086626,0,0,0.0,0.0,0.0,39
gait_07_gallop__vx_pos_1p5__seed_0042,fr,66.22559313878526,362.9162504005432,89.72730484008784,101.7181633758544,141.03652954101562,39,90.27131789769882,106.00378799438478,141.03652954101562,4.355658414791792,4.834759750366211,5.502567367553711,0.7625,0.7850678733031674,0.31561461794019935,0.0,0.597457627118644,1.0,0.7480106100795756,0.5708333333333333,0.333658903837204,0.3333333333333333,0.3333333333333333,0.23717442949612932,0.23717442949612932,39,0.04648942919878015,0.01144070494767305,0.04479232907295483,0.011023061149053647,0.0831542599201196,0.02046364881832461,0,0,0.0,0.0,0.0,39,24,0.17472739537556828,0.04299912068655258,0.1747866821289037,0.043013710718392204,0.19702636718749797,0.048486732849866904,15,15,0.5555555555555556,0.38461538461538464,0.38461538461538464,39
gait_07_gallop__vx_pos_1p5__seed_0042,rl,70.23624307947948,373.77286729812624,83.41232490539551,84.30690803527833,91.06291961669922,39,80.95904012826773,83.99177703857421,91.06291961669922,4.139249399136274,4.8044034729003915,5.057471771240235,0.7791666666666667,0.8045454545454546,0.2866666666666667,0.0,0.6194690265486725,1.0,0.7650273224043715,0.5541666666666667,0.333658903837204,0.3333333333333333,0.3333333333333333,0.22050776282946272,0.22050776282946272,38,0.11406123631878731,0.02806962729334383,0.11501350522041065,0.02830397363233057,0.1507738125324229,0.037104320976788445,0,1,0.02564102564102564,0.0,0.02564102564102564,39,39,0.10686640421549644,0.026299032285824215,0.10643089294433494,0.026191856180618873,0.14220493316650326,0.03499558309277367,0,0,0.0,0.0,0.0,39
gait_07_gallop__vx_pos_1p5__seed_0042,rr,67.68797850215395,410.189149723053,84.6533851623535,91.81011413574221,129.48095703125,39,84.86451173440004,95.85923614501958,129.48095703125,4.311076626899915,4.728067016601564,5.374734039306641,0.7,0.7194570135746606,0.4119601328903654,0.0,0.5320754716981132,1.0,0.6945812807881773,0.63125,0.333658903837204,0.33125,0.33125,0.297591096162796,0.297591096162796,39,0.025304482747346084,0.006227246192419716,0.021223222017287213,0.0052228780891358535,0.05590766787528736,0.01375846388086961,0,0,0.0,0.0,0.0,39,0,,,,,,,39,39,1.0,1.0,1.0,39
gait_08_gallop__vx_neg_1p5__seed_0042,fl,110.59778283253189,536.1680473482609,161.28828506469728,261.19984451293965,374.75384521484375,39,173.77039904472156,283.5142517089844,374.75384521484375,9.039051494109325,11.849977630615236,13.709745483398438,0.83125,0.8574660633484162,0.20930232558139536,0.0,0.6911764705882353,1.0,0.817391304347826,0.5041666666666667,0.333658903837204,0.33541666666666664,0.33541666666666664,0.17050776282946267,0.17050776282946267,39,0.02128983494563012,0.005239271038501032,0.021143342256543463,0.005203220270364787,0.04570503115654212,0.011247670386538598,0,0,0.0,0.0,0.0,39,28,0.16857251576015095,0.04148445030057407,0.1680878448486336,0.04136517637118938,0.19519899368286264,0.04803702973550222,11,10,0.42857142857142855,0.28205128205128205,0.2631578947368421,38
gait_08_gallop__vx_neg_1p5__seed_0042,fr,103.54661103429405,557.7662276497483,146.6201171875,263.7003454589844,375.2828369140625,39,165.26959658891727,266.65673828125006,375.2828369140625,8.438687947591147,10.980964324951174,13.03497329711914,0.7729166666666667,0.7873303167420814,0.3122923588039867,0.0,0.6,1.0,0.7499999999999999,0.5604166666666667,0.333658903837204,0.3333333333333333,0.3333333333333333,0.2267577628294627,0.2267577628294627,32,0.16638592362404014,0.04094634613579327,0.16646782040596264,0.040966500328569716,0.19634472012519896,0.0483189845455187,7,7,0.30434782608695654,0.1794871794871795,0.1794871794871795,39,39,0.05304252624511563,0.013053373700391554,0.05310928344726307,0.013069802154473778,0.0922513198852517,0.022702368044309345,0,0,0.0,0.0,0.0,39
gait_08_gallop__vx_neg_1p5__seed_0042,rl,38.1743167046389,125.2836652609706,79.98729629516602,93.8066047668457,95.87010192871094,41,66.26255077269019,93.30552673339844,95.87010192871094,2.6600277654136097,3.5065145111083984,3.6285931396484377,0.7791666666666667,0.8031674208144797,0.14950166112956811,0.2978723404255319,0.6875,0.7021276595744681,0.6947368421052632,0.33958333333333335,0.333658903837204,0.33125,0.33125,0.005924429496129369,0.005924429496129369,39,0.069537732264936,0.017112721994751702,0.07073036313056846,0.017406219636696228,0.11360489010811109,0.02795732386350365,0,2,0.04878048780487805,0.0,0.04878048780487805,41,39,0.06688618195362732,0.016460195059308298,0.06548606872558338,0.016115637541363872,0.10521858215332289,0.025893515454482083,0,2,0.04878048780487805,0.0,0.04878048780487805,41
gait_08_gallop__vx_neg_1p5__seed_0042,rr,57.82302021844046,202.8709696689248,102.12757873535155,109.18351882934566,149.99586486816406,39,98.7042216765575,108.41662063598633,149.99586486816406,4.599026097517748,5.257818664550782,5.997509918212891,0.86875,0.9045454545454545,0.09666666666666666,0.09285714285714286,0.8141025641025641,0.9071428571428571,0.8581081081081081,0.3645833333333333,0.333658903837204,0.3333333333333333,0.3333333333333333,0.030924429496129335,0.030924429496129335,38,0.090343745193985,0.022232928010638132,0.09002647280693132,0.022154849620972288,0.1286363589763667,0.03165645726255079,0,1,0.02564102564102564,0.0,0.02564102564102564,39,39,0.12145331749549444,0.02988876384007031,0.12044418334961193,0.029640423384731555,0.16253879547119396,0.039999596329414605,0,0,0.0,0.0,0.0,39
gait_08_gallop__vx_neg_1p0__seed_0042,fl,107.20222756219289,540.3242656445503,159.50347976684571,161.3377670288086,278.1111755371094,31,162.95017414708292,167.6577911376953,278.1111755371094,8.727225090765183,9.491552429199219,11.919830017089843,0.8729508196721312,0.89086859688196,0.17753623188405798,0.0,0.7792792792792793,1.0,0.8759493670886076,0.5163934426229508,0.39623603224754333,0.39344262295081966,0.39344262295081966,0.1201574103754075,0.1201574103754075,31,0.030700400298642426,0.009663115490049013,0.03201529860496777,0.010076986777331659,0.06070945143699902,0.0191086251275748,0,0,0.0,0.0,0.0,31,26,0.14931637984055832,0.04699813060806066,0.14628017425537188,0.0460424686318067,0.19022357940674084,0.0598738908566977,5,4,0.2571428571428571,0.16129032258064516,0.13333333333333333,30
gait_08_gallop__vx_neg_1p0__seed_0042,fr,97.84166330876558,540.2799361827225,141.35584259033203,165.7681999206543,279.5818786621094,31,151.06626399870842,244.84661102294922,279.5818786621094,8.157602519373741,10.484029083251954,11.258363647460937,0.7889344262295082,0.8129175946547884,0.29818181818181816,0.011494252873563218,0.6771653543307087,0.9885057471264368,0.8037383177570094,0.5655737704918032,0.39623603224754333,0.39549180327868855,0.39549180327868855,0.1693377382442599,0.1693377382442599,31,0.15599188877690295,0.049099282813870986,0.15701988816261192,0.04942285112865431,0.18263748764992016,0.05748612782914171,0,0,0.0,0.0,0.0,31,31,0.02013465881347634,0.006337491745212154,0.015967254638674433,0.005025778951792845,0.045133705139159375,0.014206075523803562,0,0,0.0,0.0,0.0,31
gait_08_gallop__vx_neg_1p0__seed_0042,rl,33.684271972123966,145.16374856702984,70.38044891357421,92.39204391479491,93.68488311767578,31,70.08205918342837,92.72595596313477,93.68488311767578,2.7989877528529017,3.4780048179626464,3.5800586700439454,0.7479508196721312,0.7683741648106904,0.2290909090909091,0.23563218390804597,0.6785714285714286,0.764367816091954,0.7189189189189189,0.4405737704918033,0.39623603224754333,0.3975409836065574,0.3975409836065574,0.04433773824425996,0.04433773824425996,31,0.11717549827791102,0.03688161592191236,0.1184571135044088,0.03728501118148495,0.15701702713966448,0.04942195060635193,0,0,0.0,0.0,0.0,31,31,0.0727250892885277,0.022890611522425174,0.07298362731933494,0.02297198775289637,0.101679687499999,0.03200422645134147,0,0,0.0,0.0,0.0,31
gait_08_gallop__vx_neg_1p0__seed_0042,rr,43.03178776443274,192.35652239635587,81.44746398925781,85.73172760009766,87.20862579345703,30,79.52745361328125,86.41944847106933,87.20862579345703,3.9198228340148926,4.361836143493653,4.408493194580078,0.8709016393442623,0.9,0.13090909090909092,0.05142857142857143,0.8217821782178217,0.9485714285714286,0.8806366047745358,0.45286885245901637,0.39623603224754333,0.3975409836065574,0.3975409836065574,0.056632820211473034,0.056632820211473034,22,0.06623980879783709,0.020849334739148954,0.05917117476463396,0.01862444430269581,0.11422860503196954,0.03595406548298088,8,8,0.42105263157894735,0.26666666666666666,0.26666666666666666,30,29,0.1198820416680705,0.037733514955916043,0.12039840698242088,0.03789604370534879,0.14766090393066306,0.0464770606952029,2,2,0.12121212121212122,0.06451612903225806,0.06451612903225806,31
gait_08_gallop__vx_neg_0p5__seed_0042,fl,102.20332681057499,521.4561035823822,149.02570648193358,151.04086639404298,151.91036987304688,24,148.6660270690918,151.7664939880371,151.91036987304688,8.225689487457275,8.638598876953125,8.663008117675782,0.8778467908902692,0.909706546275395,0.1440677966101695,0.028985507246376812,0.8553191489361702,0.9710144927536232,0.9095022624434389,0.5279503105590062,0.4705493450164795,0.4720496894409938,0.4720496894409938,0.057400965542526716,0.057400965542526716,24,0.058094347318013474,0.0233879821597686,0.05871785163879384,0.023638996391000495,0.08093073844909568,0.03258159794210203,0,0,0.0,0.0,0.0,24,21,0.11187119620186953,0.04503779905880809,0.112177734374999,0.04516120709513897,0.1426018524169912,0.057409536973047286,3,3,0.2222222222222222,0.125,0.125,24
gait_08_gallop__vx_neg_0p5__seed_0042,fr,89.30629282704106,482.49428868412974,124.08022003173828,151.48781631469728,216.58688354492188,24,131.69775390625,157.84032135009764,216.58688354492188,7.209060103098551,8.14804808807373,9.516065216064453,0.7639751552795031,0.786036036036036,0.2911392405063291,0.12560386473429952,0.724,0.8743961352657005,0.7921225382932165,0.5590062111801242,0.4705493450164795,0.4720496894409938,0.4720496894409938,0.08845686616364468,0.08845686616364468,24,0.13773676236470536,0.05545091888709717,0.13805306434631426,0.05557825769791938,0.15910323143005423,0.06405276434001403,0,0,0.0,0.0,0.0,24,24,0.049188300768534234,0.01980253077887835,0.04929626464843828,0.019845995546341404,0.0738878059387197,0.029746210550563982,0,0,0.0,0.0,0.0,24
gait_08_gallop__vx_neg_0p5__seed_0042,rl,36.92087190151214,193.3634651309252,77.34140815734862,84.5935467529297,97.56675720214844,24,74.22190793355306,88.36476593017578,97.56675720214844,3.0468803548812864,3.638087623596191,4.069419097900391,0.6811594202898551,0.6981981981981982,0.35443037974683544,0.24154589371980675,0.6514522821576764,0.7584541062801933,0.7008928571428571,0.5383022774327122,0.4705493450164795,0.4720496894409938,0.4720496894409938,0.0677529324162327,0.0677529324162327,19,0.16605203879506977,0.06685025824755397,0.16919339179992576,0.0681149235967131,0.19027741432189876,0.07660305997082059,5,5,0.3448275862068966,0.20833333333333334,0.20833333333333334,24,24,0.09851274331410716,0.03965987035757246,0.09814441680908281,0.03951158719189159,0.12035520553588767,0.0484533440835441,0,1,0.04,0.0,0.04,25
gait_08_gallop__vx_neg_0p5__seed_0042,rr,37.33621551056778,197.13568540453912,74.38141021728515,81.5090510559082,104.194580078125,24,75.76024611790974,84.30554695129393,104.194580078125,3.1947880109151203,3.65623970413208,4.123901748657227,0.7991718426501035,0.8247191011235955,0.24050632911392406,0.10096153846153846,0.7663934426229508,0.8990384615384616,0.8274336283185841,0.5445134575569358,0.4705493450164795,0.4720496894409938,0.4720496894409938,0.07396411254045632,0.07396411254045632,20,0.08424752235412614,0.03391688934961229,0.08355772972106834,0.03363918835905665,0.11021397590637276,0.044370625047992295,4,4,0.2857142857142857,0.16666666666666666,0.16666666666666666,24,23,0.16040367624034046,0.06457630546624865,0.1667279052734365,0.06712235276050026,0.19518154144287028,0.07857739384166441,1,1,0.08,0.041666666666666664,0.041666666666666664,24
gait_08_gallop__vx_pos_0p5__seed_0042,fl,81.61788479364836,424.41300092697145,100.1053237915039,101.22553833007812,101.52055358886719,24,99.65692202250163,101.39562492370605,101.52055358886719,5.6587803125381475,5.988304077148437,6.02104232788086,0.8592132505175983,0.8893905191873589,0.17372881355932204,0.03864734299516908,0.8291666666666667,0.961352657004831,0.8903803131991052,0.5383022774327122,0.4705493450164795,0.4720496894409938,0.4720496894409938,0.0677529324162327,0.0677529324162327,24,0.062234247525533005,0.025054648826435266,0.06275761604309071,0.025265349765798927,0.08522198677062888,0.03430919526990668,0,0,0.0,0.0,0.0,24,19,0.1274516818397922,0.051310287467112775,0.12501228332519432,0.050328219304307364,0.15115707397460837,0.060853751055823906,5,4,0.32142857142857145,0.20833333333333334,0.17391304347826086,23
gait_08_gallop__vx_pos_0p5__seed_0042,fr,74.45465947856074,342.4914336013794,86.53227386474609,87.60231994628906,88.0165786743164,24,82.27554480234782,85.20279464721679,85.98675537109375,4.321108611424765,4.69542650604248,4.741738433837891,0.8178053830227743,0.8445945945945946,0.1518987341772152,0.15942028985507245,0.8285714285714286,0.8405797101449275,0.8345323741007195,0.47619047619047616,0.4705493450164795,0.4720496894409938,0.4720496894409938,0.005641131173996672,0.005641131173996672,24,0.06942797183990475,0.0279507429163787,0.0691195774078377,0.027826587575827698,0.09183266639709425,0.03697056361821374,0,0,0.0,0.0,0.0,24,24,0.0636781899134317,0.025635960096239946,0.06367862701416183,0.02563613606695913,0.0921781349182149,0.037109644475160145,0,0,0.0,0.0,0.0,24
gait_08_gallop__vx_pos_0p5__seed_0042,rl,53.51514499495834,339.5147788143158,85.93595275878906,114.31046844482394,150.31752014160156,23,93.68185723346213,147.86769714355466,150.31752014160156,4.765888634557309,6.063887863159179,6.1269001770019536,0.8157349896480331,0.8400900900900901,0.29957805907172996,0.0,0.7446043165467626,1.0,0.8536082474226805,0.6563146997929606,0.4705493450164795,0.4720496894409938,0.4720496894409938,0.18576535477648115,0.18576535477648115,23,0.12765718501547102,0.05139302020839382,0.12759602546691795,0.05136839821853603,0.14963143348693908,0.060239549259003544,1,0,0.041666666666666664,0.041666666666666664,0.0,23,24,0.05731085459391272,0.02307255880621463,0.05731117248535078,0.023072686784918674,0.0795229148864756,0.03201482761268565,0,0,0.0,0.0,0.0,24
gait_08_gallop__vx_pos_0p5__seed_0042,rr,55.47644301847363,314.06932656526567,87.52628593444821,140.95143051147457,162.8026885986328,24,100.1188440322876,152.67211685180663,162.8026885986328,4.58730041106542,6.126701538085937,6.281548156738282,0.8136645962732919,0.8404494382022472,0.26582278481012656,0.038461538461538464,0.7604562737642585,0.9615384615384616,0.8492569002123141,0.5838509316770186,0.4705493450164795,0.4720496894409938,0.4720496894409938,0.11330158666053913,0.11330158666053913,24,0.061095361709594766,0.024596149120786316,0.0610958385467546,0.02459634108884349,0.08413918495178123,0.033873274207171525,0,0,0.0,0.0,0.0,24,21,0.16987489427839025,0.0683892870854862,0.17314422607421776,0.06970547492897142,0.19239891052246172,0.07745714505106381,3,3,0.2222222222222222,0.125,0.125,24
gait_08_gallop__vx_pos_1p0__seed_0042,fl,73.25837930556267,363.3615613555908,97.235498046875,122.29556388854985,202.0648956298828,31,103.53663044591104,165.39327239990234,202.0648956298828,5.241558463804184,6.765849380493164,7.5540640258789065,0.8770491803278688,0.8997772828507795,0.16304347826086957,0.0,0.7935779816513762,1.0,0.8849104859335039,0.5081967213114754,0.39623603224754333,0.39344262295081966,0.39344262295081966,0.11196068906393208,0.11196068906393208,31,0.03058543801307724,0.009626930494687063,0.03201529860496777,0.010076986777331659,0.06224677443504412,0.019592505778351692,0,0,0.0,0.0,0.0,31,22,0.13349374250932253,0.04201787072865924,0.1327036666870125,0.04176919013027581,0.15753314971924084,0.04958440295371397,9,8,0.4358974358974359,0.2903225806451613,0.26666666666666666,30
gait_08_gallop__vx_pos_1p0__seed_0042,fr,70.35018866930821,363.08519438743593,86.94367370605468,103.16897399902352,167.82969665527344,31,91.6457251271894,132.71375274658203,167.82969665527344,4.513033737674837,5.558312530517578,6.257468872070312,0.7233606557377049,0.7438752783964365,0.32727272727272727,0.14367816091954022,0.6234309623430963,0.8563218390804598,0.7215496368038742,0.5286885245901639,0.39623603224754333,0.39549180327868855,0.39549180327868855,0.13245249234262058,0.13245249234262058,29,0.1703221979223456,0.05360982440073887,0.1705963957309713,0.0536961296301852,0.19575890183448832,0.061616163249684955,2,2,0.12121212121212122,0.06451612903225806,0.06451612903225806,31,31,0.04042686216292899,0.012724571477263443,0.03877532958984631,0.012204742750796268,0.080411796569825,0.02531004382541899,0,0,0.0,0.0,0.0,31
gait_08_gallop__vx_pos_1p0__seed_0042,rl,64.9207893891192,390.82315212249756,93.48619079589844,128.50938415527344,169.08811950683594,31,102.81373916133758,145.8380584716797,169.08811950683594,5.249857809005245,6.277946853637696,6.772322692871094,0.7807377049180327,0.8017817371937639,0.3236363636363636,0.0,0.6615969581749049,1.0,0.7963386727688787,0.6168032786885246,0.39623603224754333,0.3975409836065574,0.3975409836065574,0.22056724644098125,0.22056724644098125,30,0.16942585587501605,0.05332769593864466,0.1690590727329262,0.05321224897940831,0.19726990342140097,0.062091759095274944,1,1,0.0625,0.03225806451612903,0.03225806451612903,31,31,0.050257305022208085,0.01581875603979314,0.05102073669433693,0.016059050249144818,0.07844173431396229,0.024689956174580453,0,0,0.0,0.0,0.0,31
gait_08_gallop__vx_pos_1p0__seed_0042,rr,68.05478417698075,370.30204527020453,98.07646827697752,189.0864540100098,190.84950256347656,30,114.36950480143229,189.80014419555664,190.84950256347656,5.39897270711263,7.088490478515625,7.114531860351563,0.8401639344262295,0.8533333333333334,0.24,0.0,0.7261410788381742,1.0,0.8413461538461537,0.5573770491803278,0.39623603224754333,0.3975409836065574,0.3975409836065574,0.1611410169327845,0.1611410169327845,27,0.024419429522974326,0.007686146284289587,0.023687814474108393,0.007455866527586806,0.05481231093406684,0.017252468556762945,3,3,0.18181818181818182,0.1,0.1,30,21,0.1761241404215505,0.05543601688979641,0.17651451110839744,0.05555888815512967,0.1962460327148463,0.06176949030437735,10,10,0.4878048780487805,0.3225806451612903,0.3225806451612903,31
gait_08_gallop__vx_pos_1p5__seed_0042,fl,67.0523257119315,328.5563959884644,95.09776611328124,109.41453399658205,168.15806579589844,39,95.05146848238431,114.17001037597659,168.15806579589844,4.719761771177635,5.347562576293946,6.4618064880371096,0.7958333333333333,0.8122171945701357,0.2724252491694352,0.0070921985815602835,0.6306306306306306,0.9929078014184397,0.7713498622589532,0.5104166666666666,0.333658903837204,0.33541666666666664,0.33541666666666664,0.17675776282946265,0.17675776282946265,39,0.055137202709150644,0.013568858097573364,0.05639419436455029,0.013878194454223917,0.08894290804862913,0.02188819234199332,0,0,0.0,0.0,0.0,39,5,0.19270561218261903,0.04742342697552206,0.19307029724120994,0.047513173273251885,0.19896667480469005,0.04896422821469706,34,34,0.9315068493150684,0.8717948717948718,0.8717948717948718,39
gait_08_gallop__vx_pos_1p5__seed_0042,fr,69.98911332728258,375.36556120872496,87.3473159790039,138.1451840209956,178.96774291992188,39,93.25028248322316,160.29234466552737,178.96774291992188,4.641228488041805,6.075537704467774,6.400192565917969,0.7375,0.7601809954751131,0.33222591362126247,0.0425531914893617,0.574468085106383,0.9574468085106383,0.7180851063829787,0.5583333333333333,0.333658903837204,0.3333333333333333,0.3333333333333333,0.22467442949612937,0.22467442949612937,27,0.17089357565950603,0.04205564598811101,0.17184082150459545,0.04228875619000744,0.1964582073688522,0.04834691291745912,12,12,0.47058823529411764,0.3076923076923077,0.3076923076923077,39,39,0.050708221044295045,0.012478918442052787,0.03909599304199318,0.009621234950362845,0.09921333312988026,0.024415668051350026,0,0,0.0,0.0,0.0,39
gait_08_gallop__vx_pos_1p5__seed_0042,rl,71.29187113216945,399.3417190480232,96.44544143676758,218.9769149780273,220.9743194580078,39,119.76763231326372,220.54610595703124,220.9743194580078,5.389307035788513,7.498055053710938,7.531277770996094,0.7479166666666667,0.7714932126696833,0.33554817275747506,0.0,0.5826446280991735,1.0,0.7362924281984333,0.5833333333333334,0.333658903837204,0.33125,0.33125,0.2496744294961294,0.2496744294961294,33,0.16478889122153934,0.04055332826433778,0.16601768612861534,0.04085572560961275,0.19468551754951732,0.04791066705390943,6,6,0.26666666666666666,0.15384615384615385,0.15384615384615385,39,39,0.07817472995855705,0.019238223295788195,0.07622634887695412,0.018758741111033126,0.11458656311034936,0.02819890633434197,0,0,0.0,0.0,0.0,39
gait_08_gallop__vx_pos_1p5__seed_0042,rr,72.09969352540516,363.4688501119614,103.91973114013672,156.3230586242677,182.60511779785156,38,109.07754697297749,164.97273483276365,182.60511779785156,5.119151687622072,6.458934181213379,6.796616516113281,0.8083333333333333,0.8363636363636363,0.24,0.0,0.660377358490566,1.0,0.7954545454545454,0.525,0.333658903837204,0.3333333333333333,0.3333333333333333,0.19134109616279604,0.19134109616279604,38,0.023131701444325126,0.0056925407715939505,0.019612312316892755,0.004826445117228318,0.04824542880058544,0.011872843472037053,0,0,0.0,0.0,0.0,38,17,0.1819080442540801,0.044766225307274594,0.18069160461425682,0.04446686850195944,0.19807594299316592,0.04874502569879649,22,22,0.7213114754098361,0.5641025641025641,0.5641025641025641,39
gait_09_gallop__vx_neg_1p5__seed_0042,fl,93.03148120139545,508.76105285704136,138.14320068359373,143.22007324218748,217.07728576660156,39,136.4868115156125,144.5691650390625,217.07728576660156,7.369579479510969,8.072785720825195,9.534888305664063,0.7645833333333333,0.7873303167420814,0.3122923588039867,0.0,0.6,1.0,0.7499999999999999,0.56875,0.333658903837204,0.3333333333333333,0.3333333333333333,0.235091096162796,0.235091096162796,39,0.12775974490703837,0.03144072901866805,0.12606063961982983,0.031022591764651292,0.1684341061115287,0.04145038870895875,0,0,0.0,0.0,0.0,39,39,0.1072226715087875,0.026386707033724886,0.10917388916015369,0.026866887277335147,0.14175846099853295,0.03488570959186972,0,0,0.0,0.0,0.0,39
gait_09_gallop__vx_neg_1p5__seed_0042,fr,112.13291457998906,522.871417889595,157.6000274658203,332.3940747070315,377.81585693359375,39,185.6002913254958,345.46082458496096,377.81585693359375,9.117414065630006,12.675088012695314,13.266548156738281,0.85,0.8778280542986425,0.17940199335548174,0.0,0.7230769230769231,1.0,0.8392857142857142,0.48541666666666666,0.333658903837204,0.33541666666666664,0.33541666666666664,0.15175776282946268,0.15175776282946268,39,0.02202259977658545,0.0054195990479318605,0.021143342256543463,0.005203220270364787,0.04663314938545007,0.011476073423454598,0,0,0.0,0.0,0.0,39,29,0.13917072953849174,0.03424888800407274,0.12954605102538963,0.03188032575277499,0.1907406616210963,0.04693986716421476,10,10,0.40816326530612246,0.2564102564102564,0.2564102564102564,39
gait_09_gallop__vx_neg_1p5__seed_0042,rl,55.606084344422285,227.51168465077876,97.85059814453125,105.578028717041,137.19369506835938,41,91.30208368999202,105.61146545410156,137.19369506835938,4.183261611287187,5.0228431701660154,5.591603012084961,0.8833333333333333,0.9095022624434389,0.132890365448505,0.0,0.7790055248618785,1.0,0.8757763975155279,0.42291666666666666,0.333658903837204,0.33125,0.33125,0.08925776282946268,0.08925776282946268,39,0.057034524006722855,0.014035774846833634,0.05671707272529858,0.013957652432585295,0.09253650784492713,0.022772550693515997,0,2,0.04878048780487805,0.0,0.04878048780487805,41,39,0.03071746434920769,0.00755934096022784,0.026717300415040057,0.0065749301790703945,0.06507923126220447,0.01601551784834127,0,2,0.04878048780487805,0.0,0.04878048780487805,41
gait_09_gallop__vx_neg_1p5__seed_0042,rr,50.87832114973121,185.30376908406615,89.27286529541016,100.70677795410154,157.03102111816406,39,87.56575716458835,100.5423194885254,157.03102111816406,3.941679305052147,4.469973869323731,5.836462631225586,0.9479166666666666,0.9727272727272728,0.04,0.0,0.9210526315789473,1.0,0.958904109589041,0.3770833333333333,0.333658903837204,0.3333333333333333,0.3333333333333333,0.043424429496129346,0.043424429496129346,38,0.04357564719099883,0.010723644729739912,0.04238281130790966,0.010430096634514465,0.08000659823417919,0.01968903254007432,0,1,0.02564102564102564,0.0,0.02564102564102564,39,39,0.08186013441819576,0.020145174096480565,0.08167541503906506,0.020099716022437205,0.11744964599609312,0.028903489873031363,0,1,0.025,0.0,0.025,40
gait_09_gallop__vx_neg_1p0__seed_0042,fl,92.18121507783599,556.990858334303,134.19786987304687,136.2435594177246,147.88233947753906,31,134.61826939736642,140.96446228027344,147.88233947753906,7.483676265593498,7.931008911132812,8.232885437011719,0.7766393442622951,0.8017817371937639,0.3236363636363636,0.0,0.6615969581749049,1.0,0.7963386727688787,0.6188524590163934,0.39623603224754333,0.39549180327868855,0.39549180327868855,0.22261642676885007,0.22261642676885007,31,0.1149976137761154,0.03619611510563247,0.1144821989536311,0.0360338855286074,0.14407662034034807,0.04534888823017375,0,0,0.0,0.0,0.0,31,31,0.1075208331692596,0.03384275834822884,0.10803710937499744,0.03400525905024834,0.13583099365234297,0.04275353304916828,0,0,0.0,0.0,0.0,31
gait_09_gallop__vx_neg_1p0__seed_0042,fr,105.30487215249246,465.6072518014908,147.50929260253906,173.73725585937532,236.0812225341797,31,151.97257503386467,204.01506805419922,236.0812225341797,8.273945696430822,9.856756591796875,10.49784393310547,0.9405737704918032,0.9799554565701559,0.03260869565217391,0.0,0.9505494505494505,1.0,0.9746478873239436,0.45286885245901637,0.39623603224754333,0.39344262295081966,0.39344262295081966,0.056632820211473034,0.056632820211473034,31,0.01743520502121246,0.005487824200132941,0.016634439229964215,0.005235778876748202,0.03726432204246599,0.011729145029117136,0,0,0.0,0.0,0.0,31,31,0.06647070853940987,0.02092201166999467,0.06698883056640881,0.02108509335414621,0.09477890014648516,0.02983216665666111,0,0,0.0,0.0,0.0,31
gait_09_gallop__vx_neg_1p0__seed_0042,rl,46.5152860018082,216.26674635231495,85.39306640625,90.07737579345701,90.9645004272461,32,81.88256168365479,90.61573677062988,90.9645004272461,4.07142804801464,4.603200424194336,4.6614404296875005,0.9036885245901639,0.9309576837416481,0.10909090909090909,0.005747126436781609,0.8522167487684729,0.9942528735632183,0.9177718832891246,0.4733606557377049,0.39623603224754333,0.3975409836065574,0.3975409836065574,0.07712462349016158,0.07712462349016158,31,0.043386332411920595,0.013656080595293886,0.0426133024692561,0.013412765278862546,0.07464817643165489,0.023495913504832492,0,1,0.03125,0.0,0.03125,32,31,0.03561615236343783,0.011210374791572367,0.02694046020507912,0.008479654199435986,0.09880935668945234,0.03110077444918028,0,1,0.03125,0.0,0.03125,32
gait_09_gallop__vx_neg_1p0__seed_0042,rr,49.14643798761033,196.61950661189854,77.6381950378418,81.60507659912112,97.56902313232422,30,74.51408157348632,82.70323181152344,97.56902313232422,4.024316408793132,4.400875522613525,4.927109985351563,0.9815573770491803,1.0,0.0,0.0,1.0,1.0,1.0,0.4077868852459016,0.39623603224754333,0.3975409836065574,0.3975409836065574,0.011550852998358285,0.011550852998358285,24,0.01991445561250149,0.006268181607832853,0.015114784240722656,0.0047574593264093175,0.05495746016502633,0.017298155054932658,6,6,0.3333333333333333,0.2,0.2,30,31,0.029879039641350056,0.009404587822227375,0.028426055908205683,0.008947253406976852,0.058395271301268536,0.01838022453022722,0,0,0.0,0.0,0.0,31
gait_09_gallop__vx_neg_0p5__seed_0042,fl,91.6592234566405,542.6404301095009,120.09453010559082,122.8598171234131,123.70308685302734,24,120.45155652364095,123.04926414489746,123.70308685302734,6.844970474243165,7.041564857482911,7.072787322998047,0.8592132505175983,0.8873873873873874,0.2109704641350211,0.0,0.8054474708171206,1.0,0.8922413793103449,0.6128364389233955,0.4705493450164795,0.4720496894409938,0.4720496894409938,0.14228709390691596,0.14228709390691596,24,0.06321812152862545,0.0254507429163787,0.06270325660705467,0.025243465407355815,0.085416345596313,0.034387441449742574,0,0,0.0,0.0,0.0,24,24,0.07914940039316816,0.031864455834549145,0.07977163314819347,0.03211495815096372,0.10032226562500046,0.04038835905705309,0,0,0.0,0.0,0.0,24
gait_09_gallop__vx_neg_0p5__seed_0042,fr,98.21089270909627,412.48574937820433,135.9904472351074,139.6391389465332,140.7049560546875,24,134.9891217549642,140.27730255126954,140.7049560546875,7.327536169687907,7.88632105255127,7.991327514648438,0.9627329192546584,1.0,0.0,0.0,1.0,1.0,1.0,0.43478260869565216,0.4705493450164795,0.4720496894409938,0.4720496894409938,-0.03576673632082733,0.03576673632082733,24,0.04567448774973548,0.01838791817041643,0.045882825851439435,0.018471792213775227,0.06643298149108841,0.026745001151808154,0,0,0.0,0.0,0.0,24,24,0.014365356763203904,0.005783294299828494,0.012004852294921875,0.0048329877908316055,0.03182313919067283,0.012811556477001825,0,0,0.0,0.0,0.0,24
gait_09_gallop__vx_neg_0p5__seed_0042,rl,43.980405075523684,240.33515106141567,68.70459747314453,74.31948318481446,75.76657104492188,27,64.08104034706399,75.18804779052735,75.76657104492188,3.2255354068897386,4.048137428283692,4.070496215820312,0.9026915113871635,0.9211711711711712,0.14767932489451477,0.0,0.8553719008264463,1.0,0.9220489977728286,0.5610766045548654,0.4705493450164795,0.4720496894409938,0.4720496894409938,0.09052725953838592,0.09052725953838592,24,0.05793913682301836,0.02332549655737284,0.05782998085021962,0.023281551869768827,0.08882468223571675,0.0357595907241031,0,3,0.1111111111111111,0.0,0.1111111111111111,27,24,0.02673238118489592,0.010762087588625287,0.02450811386108409,0.009866628273055407,0.04838497161865332,0.01947912155417378,0,3,0.1111111111111111,0.0,0.1111111111111111,27
gait_09_gallop__vx_neg_0p5__seed_0042,rr,44.56953728408144,206.4576942923665,67.22369041442869,86.43460319519042,147.37521362304688,24,74.09094127019246,93.31769714355467,147.37521362304688,3.748978614807129,4.34989882659912,5.565649948120117,0.9420289855072463,0.9797752808988764,0.02109704641350211,0.019230769230769232,0.9760765550239234,0.9807692307692307,0.9784172661870504,0.4720496894409938,0.4705493450164795,0.4720496894409938,0.4720496894409938,0.0015003444245142994,0.0015003444245142994,24,0.01719254175821927,0.006921479945736977,0.01579987525940041,0.006360811640943348,0.03730055809020793,0.01501668970283263,0,0,0.0,0.0,0.0,24,24,0.012868582407633852,0.0051807136092555765,0.01200389862060458,0.004832603854718218,0.02510721206665138,0.010107816939261705,0,0,0.0,0.0,0.0,24
gait_09_gallop__vx_pos_0p5__seed_0042,fl,74.61741853943953,420.842240562439,87.20413703918457,90.02451354980468,91.8525619506836,24,87.42277526855469,90.6577980041504,91.8525619506836,4.961339133580526,5.1580916671752925,5.186511688232422,0.8881987577639752,0.9144144144144144,0.16033755274261605,0.0,0.8448979591836735,1.0,0.9159292035398231,0.5838509316770186,0.4705493450164795,0.4720496894409938,0.4720496894409938,0.11330158666053913,0.11330158666053913,24,0.059078141848246224,0.023784044255035948,0.058662538528442276,0.02361672809644471,0.08087590217590232,0.032559521615602764,0,0,0.0,0.0,0.0,24,24,0.05430984020233157,0.021864391845196972,0.054103012084960156,0.021781125700683093,0.08914930343628029,0.03589027873761846,0,0,0.0,0.0,0.0,24
gait_09_gallop__vx_pos_0p5__seed_0042,fr,80.2230280425044,386.67499516487123,97.50515747070312,99.11311492919921,102.36253356933594,24,97.27897961934407,99.83838844299316,102.36253356933594,5.386198150316875,5.843565757751465,5.908019561767579,0.9606625258799172,0.9909706546275395,0.01694915254237288,0.0,0.981042654028436,1.0,0.9904306220095694,0.4989648033126294,0.4705493450164795,0.4720496894409938,0.4720496894409938,0.028415458296149887,0.028415458296149887,24,0.013260423342386826,0.005338463359696924,0.012836456298828125,0.005167780081394456,0.027423067092893477,0.011040148199338812,0,0,0.0,0.0,0.0,24,24,0.025381240844726555,0.010218137141979573,0.024823074340821094,0.009993427013745228,0.05082509994506789,0.020461483529140564,0,0,0.0,0.0,0.0,24
gait_09_gallop__vx_pos_0p5__seed_0042,rl,51.663104972583334,307.91210563659666,71.43774375915525,74.99878509521479,77.81658172607422,24,72.41608587900798,77.19859924316407,77.81658172607422,3.74194073677063,4.019926490783692,4.045487670898438,0.855072463768116,0.8828828828828829,0.21940928270042195,0.0,0.7992277992277992,1.0,0.8884120171673819,0.6169772256728778,0.4705493450164795,0.4720496894409938,0.4720496894409938,0.14642788065639833,0.14642788065639833,24,0.055869345664978,0.02249222721339168,0.055453424453735245,0.022324783076096096,0.07766612052917381,0.03126730783997503,0,0,0.0,0.0,0.0,24,24,0.09043045361836748,0.0364060521129284,0.09011470794677656,0.036278937264838815,0.1116121482849131,0.044933509943945724,0,0,0.0,0.0,0.0,24
gait_09_gallop__vx_pos_0p5__seed_0042,rr,60.562454525929574,320.9810089874268,94.76124267578125,99.59175567626954,139.16786193847656,24,97.2748908996582,108.72202415466306,139.16786193847656,5.063212467829387,5.555144485473632,6.151575317382813,0.9233954451345756,0.9550561797752809,0.08438818565400844,0.0,0.9122807017543859,1.0,0.9541284403669724,0.5486542443064182,0.4705493450164795,0.4720496894409938,0.4720496894409938,0.07810489928993869,0.07810489928993869,24,0.013412596384684358,0.005399726125572751,0.012004852294921875,0.0048329877908316055,0.02804215431213279,0.011289384166474297,0,0,0.0,0.0,0.0,24,24,0.0854749727249146,0.03441104392229135,0.08579099655151357,0.03453827075174687,0.10684230804443562,0.04301323811717812,0,0,0.0,0.0,0.0,24
gait_09_gallop__vx_pos_1p0__seed_0042,fl,69.17118546919389,380.4415200805664,84.08746032714843,89.52083770751952,91.22048950195312,31,81.79029895413306,91.06792449951172,91.22048950195312,4.261310027337844,4.55982307434082,4.570993347167969,0.8319672131147541,0.8619153674832962,0.22545454545454546,0.0,0.7372881355932204,1.0,0.848780487804878,0.5635245901639344,0.39623603224754333,0.39549180327868855,0.39549180327868855,0.16728855791639108,0.16728855791639108,31,0.08835183032097428,0.027809211992149228,0.08732536911964672,0.02748612782914171,0.11538342118263323,0.03631755005403159,0,0,0.0,0.0,0.0,31,31,0.07882501909809655,0.02481059711406787,0.07780181884765369,0.024488539352823836,0.10713588714599531,0.03372159452482416,0,0,0.0,0.0,0.0,31
gait_09_gallop__vx_pos_1p0__seed_0042,fr,76.33409985980472,395.41063727378844,92.01508102416992,96.09093292236328,118.13668060302734,31,92.61100375267768,96.60661697387695,118.13668060302734,4.98182437650619,5.446847915649414,5.925553894042969,0.8627049180327869,0.8953229398663697,0.17028985507246377,0.0,0.7863636363636364,1.0,0.8804071246819338,0.5307377049180327,0.39623603224754333,0.39344262295081966,0.39344262295081966,0.1345016726704894,0.1345016726704894,31,0.051769543117091775,0.016294741082892368,0.05125572800636036,0.01613301502371295,0.07931378006935041,0.024964437248603946,0,0,0.0,0.0,0.0,31,31,0.08286830779044943,0.026083243894362222,0.08363998413086193,0.026326133157232003,0.11297119140625078,0.03555828780692827,0,0,0.0,0.0,0.0,31
gait_09_gallop__vx_pos_1p0__seed_0042,rl,57.47064952588163,334.47918024063114,83.12762832641602,89.10285949707031,89.38302612304688,31,83.21585870558216,89.32226943969727,89.38302612304688,4.313667888026085,4.552780761718751,4.63246826171875,0.8012295081967213,0.8262806236080178,0.28363636363636363,0.0,0.6904761904761905,1.0,0.8169014084507042,0.5963114754098361,0.39623603224754333,0.3975409836065574,0.3975409836065574,0.20007544316229275,0.20007544316229275,31,0.08847980726149847,0.027849493419893446,0.08949974656105297,0.028170524779372843,0.11691979050636192,0.0368011305307075,0,0,0.0,0.0,0.0,31,31,0.11174850217757602,0.03517343982090231,0.11328994750976307,0.035658617998438294,0.13890659332275312,0.04372159452482416,0,0,0.0,0.0,0.0,31
gait_09_gallop__vx_pos_1p0__seed_0042,rr,68.83173336892757,365.04625865697864,100.2612579345703,162.07565246582033,182.45773315429688,31,109.78080232681766,162.86211395263672,182.45773315429688,5.285214041433026,6.675212631225586,7.053766326904297,0.8545081967213115,0.8844444444444445,0.1890909090909091,0.0,0.7709251101321586,1.0,0.8706467661691543,0.5430327868852459,0.39623603224754333,0.3975409836065574,0.3975409836065574,0.1467967546377026,0.1467967546377026,22,0.013521846966309748,0.004256073784158375,0.012041091918943536,0.0037899981989548354,0.03767936098575698,0.011859780760341332,8,9,0.4358974358974359,0.26666666666666666,0.2903225806451613,31,31,0.13603232845183424,0.04281690425608169,0.13705337524413963,0.0431382842048385,0.16818511962890703,0.05293716755718342,0,0,0.0,0.0,0.0,31
gait_09_gallop__vx_pos_1p5__seed_0042,fl,63.05850743059586,354.38881175994874,79.76598358154297,99.93151855468736,136.91326904296875,39,80.98804571689703,112.46837768554691,136.91326904296875,4.036149707696377,4.883300216674805,5.354622955322266,0.7479166666666667,0.7692307692307693,0.3388704318936877,0.0,0.5802469135802469,1.0,0.7343750000000001,0.5854166666666667,0.333658903837204,0.3333333333333333,0.3333333333333333,0.2517577628294627,0.2517577628294627,39,0.11317278272066517,0.027850985428924453,0.11487022519111534,0.02826871347602595,0.14741493344307202,0.036277725656552066,0,0,0.0,0.0,0.0,39,39,0.13848049652881955,0.034079026761530073,0.1381121826171885,0.03398838742988595,0.17417518615722402,0.04286322607899677,0,0,0.0,0.0,0.0,39
gait_09_gallop__vx_pos_1p5__seed_0042,fr,77.15251843775472,382.8119213056564,94.5363182067871,96.59329124450683,155.74659729003906,39,94.43682411389473,97.11458206176759,155.74659729003906,5.2427050253061145,5.461175384521484,6.5636756896972654,0.81875,0.8438914027149321,0.2292358803986711,0.0,0.6714285714285714,1.0,0.8034188034188035,0.5166666666666667,0.333658903837204,0.33541666666666664,0.33541666666666664,0.18300776282946274,0.18300776282946274,39,0.04905562886824819,0.012072227720939759,0.049173737764359515,0.012101293447393989,0.0847110760211951,0.020846769755216193,0,0,0.0,0.0,0.0,39,27,0.12997138977050945,0.0319849984745011,0.12208450317383068,0.030044093970757982,0.18219650268554943,0.04483721279541944,12,12,0.47058823529411764,0.3076923076923077,0.3076923076923077,39
gait_09_gallop__vx_pos_1p5__seed_0042,rl,64.28103979400527,363.85133599042894,91.95495681762695,105.10252059936525,192.35792541503906,39,93.88787294045473,110.12204818725591,192.35792541503906,4.659123323880709,5.2069987792968755,6.7446093750000005,0.7416666666666667,0.7647058823529411,0.34551495016611294,0.0,0.5755102040816327,1.0,0.7305699481865285,0.5895833333333333,0.333658903837204,0.33125,0.33125,0.25592442949612937,0.25592442949612937,39,0.11329856991768039,0.027881940728484978,0.11323181271553295,0.027865512274402753,0.14905143857002479,0.036680457473773694,0,0,0.0,0.0,0.0,39,39,0.1427740361140308,0.0351356351222291,0.14302551269530994,0.03519752165035493,0.17884513854980214,0.044012466849725956,0,0,0.0,0.0,0.0,39
gait_09_gallop__vx_pos_1p5__seed_0042,rr,71.96343591517972,383.0673469209671,98.50260162353516,144.89842376708992,153.4239959716797,38,102.59170391685085,148.10515518188475,153.4239959716797,5.28881385702836,6.3424678192138675,6.434361877441407,0.7791666666666667,0.8045454545454546,0.2866666666666667,0.0,0.6194690265486725,1.0,0.7650273224043715,0.5541666666666667,0.333658903837204,0.3333333333333333,0.3333333333333333,0.22050776282946272,0.22050776282946272,28,0.01565634889262021,0.003852911754894067,0.015653610229492188,0.003852237790138234,0.0323713314533208,0.007966345431715673,10,10,0.4166666666666667,0.2631578947368421,0.2631578947368421,38,17,0.1819080442540801,0.044766225307274594,0.18069160461425682,0.04446686850195944,0.19807594299316592,0.04874502569879649,22,22,0.7213114754098361,0.5641025641025641,0.5641025641025641,39
