run,label,cell_id,gait_index,gait_name,family,direction,velocity_mps,metric,metric_label,unit,front,hind,signed_imbalance_percent,absolute_imbalance_percent,total_per_directed_m,planar_tracking_success,yaw_tracking_success,tracking_success
2026-08-20_21-04-16_go2_72d_no_trs_gait_trclosed_v2,No TRS,gait_00_trot__vx_neg_1p5__seed_0042,0,trot,trot,backward,-1.5,torque_squared,Torque²,N² m² s,2412.871063957576,1172.4228161491603,34.59823069710221,34.59823069710221,253.50659493724945,True,True,True
2026-08-20_21-04-16_go2_72d_no_trs_gait_trclosed_v2,No TRS,gait_00_trot__vx_neg_1p5__seed_0042,0,trot,trot,backward,-1.5,absolute_work,Absolute work,J,782.4524005829567,777.4015266591858,0.3238042893350211,0.3238042893350211,110.29312266108553,True,True,True
2026-08-20_21-04-16_go2_72d_no_trs_gait_trclosed_v2,No TRS,gait_00_trot__vx_neg_1p5__seed_0042,0,trot,trot,backward,-1.5,vertical_grf_impulse,Vertical GRF impulse,N s,982.9943911194832,513.0887417854394,31.40906003141917,31.40906003141917,105.78405939612635,True,True,True
2026-08-20_21-04-16_go2_72d_no_trs_gait_trclosed_v2,No TRS,gait_00_trot__vx_neg_1p0__seed_0042,0,trot,trot,backward,-1.0,torque_squared,Torque²,N² m² s,1859.311196424148,970.3196830018537,31.417225472271795,31.417225472271795,297.5225328180631,True,True,True
2026-08-20_21-04-16_go2_72d_no_trs_gait_trclosed_v2,No TRS,gait_00_trot__vx_neg_1p0__seed_0042,0,trot,trot,backward,-1.0,absolute_work,Absolute work,J,425.6678798889858,455.343619549172,-3.36837143205408,3.36837143205408,92.6342635926606,True,True,True
2026-08-20_21-04-16_go2_72d_no_trs_gait_trclosed_v2,No TRS,gait_00_trot__vx_neg_1p0__seed_0042,0,trot,trot,backward,-1.0,vertical_grf_impulse,Vertical GRF impulse,N s,959.1993394808726,527.6853857677894,29.021345527705122,29.021345527705122,156.3390167533831,True,True,True
2026-08-20_21-04-16_go2_72d_no_trs_gait_trclosed_v2,No TRS,gait_00_trot__vx_neg_0p5__seed_0042,0,trot,trot,backward,-0.5,torque_squared,Torque²,N² m² s,1332.6248151850066,892.4797893714643,19.780868949362322,19.780868949362322,477.78779367165447,True,False,False
2026-08-20_21-04-16_go2_72d_no_trs_gait_trclosed_v2,No TRS,gait_00_trot__vx_neg_0p5__seed_0042,0,trot,trot,backward,-0.5,absolute_work,Absolute work,J,280.6554396773405,185.92512348260615,20.303099544731833,20.303099544731833,100.1869743048349,True,False,False
2026-08-20_21-04-16_go2_72d_no_trs_gait_trclosed_v2,No TRS,gait_00_trot__vx_neg_0p5__seed_0042,0,trot,trot,backward,-0.5,vertical_grf_impulse,Vertical GRF impulse,N s,873.2143557011135,575.8211222244431,20.523530169352334,20.523530169352334,311.14558054137206,True,False,False
2026-08-20_21-04-16_go2_72d_no_trs_gait_trclosed_v2,No TRS,gait_00_trot__vx_pos_0p5__seed_0042,0,trot,trot,forward,0.5,torque_squared,Torque²,N² m² s,876.1167910521481,1314.526796427847,-20.01284042193388,20.01284042193388,459.54271026935726,True,False,False
2026-08-20_21-04-16_go2_72d_no_trs_gait_trclosed_v2,No TRS,gait_00_trot__vx_pos_0p5__seed_0042,0,trot,trot,forward,0.5,absolute_work,Absolute work,J,184.4529046510684,214.7988089239964,-7.600694810098182,7.600694810098182,83.7531105400074,True,False,False
2026-08-20_21-04-16_go2_72d_no_trs_gait_trclosed_v2,No TRS,gait_00_trot__vx_pos_0p5__seed_0042,0,trot,trot,forward,0.5,vertical_grf_impulse,Vertical GRF impulse,N s,795.8044626140595,688.420070207119,7.23505036012488,7.23505036012488,311.35350741629645,True,False,False
2026-08-20_21-04-16_go2_72d_no_trs_gait_trclosed_v2,No TRS,gait_00_trot__vx_pos_1p0__seed_0042,0,trot,trot,forward,1.0,torque_squared,Torque²,N² m² s,1072.3999229656451,1697.7087009484299,-22.573438910826656,22.573438910826656,288.735080158633,True,False,False
2026-08-20_21-04-16_go2_72d_no_trs_gait_trclosed_v2,No TRS,gait_00_trot__vx_pos_1p0__seed_0042,0,trot,trot,forward,1.0,absolute_work,Absolute work,J,335.56173545358297,361.8652025173582,-3.7715014479224505,3.7715014479224505,72.69448609394169,True,False,False
2026-08-20_21-04-16_go2_72d_no_trs_gait_trclosed_v2,No TRS,gait_00_trot__vx_pos_1p0__seed_0042,0,trot,trot,forward,1.0,vertical_grf_impulse,Vertical GRF impulse,N s,776.3326114650371,751.4605551245809,1.627972744241047,1.627972744241047,159.24555398761441,True,False,False
2026-08-20_21-04-16_go2_72d_no_trs_gait_trclosed_v2,No TRS,gait_00_trot__vx_pos_1p5__seed_0042,0,trot,trot,forward,1.5,torque_squared,Torque²,N² m² s,1461.8977663377807,1990.9522724187775,-15.322255532172493,15.322255532172493,240.67142248888314,True,False,False
2026-08-20_21-04-16_go2_72d_no_trs_gait_trclosed_v2,No TRS,gait_00_trot__vx_pos_1p5__seed_0042,0,trot,trot,forward,1.5,absolute_work,Absolute work,J,633.252416598344,640.3757787988103,-0.5592968360947008,0.5592968360947008,88.77475304967734,True,False,False
2026-08-20_21-04-16_go2_72d_no_trs_gait_trclosed_v2,No TRS,gait_00_trot__vx_pos_1p5__seed_0042,0,trot,trot,forward,1.5,vertical_grf_impulse,Vertical GRF impulse,N s,736.989167804718,804.19983522892,-4.360962042417006,4.360962042417006,107.42434380900748,True,False,False
2026-08-20_21-04-16_go2_72d_no_trs_gait_trclosed_v2,No TRS,gait_01_bound__vx_neg_1p5__seed_0042,1,bound,bound,backward,-1.5,torque_squared,Torque²,N² m² s,3856.344324902594,2816.229909131719,15.587903248279192,15.587903248279192,485.183128222087,True,False,False
2026-08-20_21-04-16_go2_72d_no_trs_gait_trclosed_v2,No TRS,gait_01_bound__vx_neg_1p5__seed_0042,1,bound,bound,backward,-1.5,absolute_work,Absolute work,J,1140.83500828422,2775.054300902232,-41.7330308286352,41.7330308286352,284.73619897875534,True,False,False
2026-08-20_21-04-16_go2_72d_no_trs_gait_trclosed_v2,No TRS,gait_01_bound__vx_neg_1p5__seed_0042,1,bound,bound,backward,-1.5,vertical_grf_impulse,Vertical GRF impulse,N s,981.8708820874265,397.55179718971254,42.35968377755799,42.35968377755799,100.30201046823352,True,False,False
2026-08-20_21-04-16_go2_72d_no_trs_gait_trclosed_v2,No TRS,gait_01_bound__vx_neg_1p0__seed_0042,1,bound,bound,backward,-1.0,torque_squared,Torque²,N² m² s,3645.9899659213593,2534.05973432561,17.992253873804835,17.992253873804835,666.794168379582,True,False,False
2026-08-20_21-04-16_go2_72d_no_trs_gait_trclosed_v2,No TRS,gait_01_bound__vx_neg_1p0__seed_0042,1,bound,bound,backward,-1.0,absolute_work,Absolute work,J,1005.8206382069063,2229.688660803938,-37.8261321323104,37.8261321323104,349.0940747988037,True,False,False
2026-08-20_21-04-16_go2_72d_no_trs_gait_trclosed_v2,No TRS,gait_01_bound__vx_neg_1p0__seed_0042,1,bound,bound,backward,-1.0,vertical_grf_impulse,Vertical GRF impulse,N s,949.5527662723672,467.7227117939468,33.99692310600153,33.99692310600153,152.91641161465685,True,False,False
2026-08-20_21-04-16_go2_72d_no_trs_gait_trclosed_v2,No TRS,gait_01_bound__vx_neg_0p5__seed_0042,1,bound,bound,backward,-0.5,torque_squared,Torque²,N² m² s,3534.5057177645517,1952.45028059761,28.833025773109533,28.833025773109533,1258.562755008784,True,False,False
2026-08-20_21-04-16_go2_72d_no_trs_gait_trclosed_v2,No TRS,gait_01_bound__vx_neg_0p5__seed_0042,1,bound,bound,backward,-0.5,absolute_work,Absolute work,J,1006.2847234790569,1248.5504019685009,-10.744274636991792,10.744274636991792,517.1996109356344,True,False,False
2026-08-20_21-04-16_go2_72d_no_trs_gait_trclosed_v2,No TRS,gait_01_bound__vx_neg_0p5__seed_0042,1,bound,bound,backward,-0.5,vertical_grf_impulse,Vertical GRF impulse,N s,901.823731417656,467.7547594231367,31.693617773453905,31.693617773453905,314.14512511999,True,False,False
2026-08-20_21-04-16_go2_72d_no_trs_gait_trclosed_v2,No TRS,gait_01_bound__vx_pos_0p5__seed_0042,1,bound,bound,forward,0.5,torque_squared,Torque²,N² m² s,2618.520776627877,2929.389245059134,-5.603343731532403,5.603343731532403,1105.2769018114777,True,True,True
2026-08-20_21-04-16_go2_72d_no_trs_gait_trclosed_v2,No TRS,gait_01_bound__vx_pos_0p5__seed_0042,1,bound,bound,forward,0.5,absolute_work,Absolute work,J,1102.4778673485778,1191.0480049749626,-3.8617457380873423,3.8617457380873423,456.92542966214,True,True,True
2026-08-20_21-04-16_go2_72d_no_trs_gait_trclosed_v2,No TRS,gait_01_bound__vx_pos_0p5__seed_0042,1,bound,bound,forward,0.5,vertical_grf_impulse,Vertical GRF impulse,N s,708.8391754204035,723.0158013033987,-0.9900881104197017,0.9900881104197017,285.25989540749504,True,True,True
2026-08-20_21-04-16_go2_72d_no_trs_gait_trclosed_v2,No TRS,gait_01_bound__vx_pos_1p0__seed_0042,1,bound,bound,forward,1.0,torque_squared,Torque²,N² m² s,2331.02015443575,3073.2188222542395,-13.733638927142232,13.733638927142232,551.2041650561234,True,True,True
2026-08-20_21-04-16_go2_72d_no_trs_gait_trclosed_v2,No TRS,gait_01_bound__vx_pos_1p0__seed_0042,1,bound,bound,forward,1.0,absolute_work,Absolute work,J,989.4964991533523,1290.5618035857603,-13.204280963812547,13.204280963812547,232.55404478991986,True,True,True
2026-08-20_21-04-16_go2_72d_no_trs_gait_trclosed_v2,No TRS,gait_01_bound__vx_pos_1p0__seed_0042,1,bound,bound,forward,1.0,vertical_grf_impulse,Vertical GRF impulse,N s,688.2482889962197,785.5079660391808,-6.599441170183525,6.599441170183525,150.31544488629794,True,True,True
2026-08-20_21-04-16_go2_72d_no_trs_gait_trclosed_v2,No TRS,gait_01_bound__vx_pos_1p5__seed_0042,1,bound,bound,forward,1.5,torque_squared,Torque²,N² m² s,2044.9114915900916,2844.140379794404,-16.347318646426725,16.347318646426725,340.1391082185009,True,False,False
2026-08-20_21-04-16_go2_72d_no_trs_gait_trclosed_v2,No TRS,gait_01_bound__vx_pos_1p5__seed_0042,1,bound,bound,forward,1.5,absolute_work,Absolute work,J,881.1765438793309,1272.6978403123755,-18.177536225260067,18.177536225260067,149.84846377712398,True,False,False
2026-08-20_21-04-16_go2_72d_no_trs_gait_trclosed_v2,No TRS,gait_01_bound__vx_pos_1p5__seed_0042,1,bound,bound,forward,1.5,vertical_grf_impulse,Vertical GRF impulse,N s,679.2463120388985,753.6042760396003,-5.18951275306509,5.18951275306509,99.68569245336329,True,False,False
2026-08-20_21-04-16_go2_72d_no_trs_gait_trclosed_v2,No TRS,gait_02_half_bound__vx_neg_1p5__seed_0042,2,half_bound_front_a,half_bound,backward,-1.5,torque_squared,Torque²,N² m² s,3742.0518839140523,2857.093402921398,13.410198480673646,13.410198480673646,469.63483782070443,True,False,False
2026-08-20_21-04-16_go2_72d_no_trs_gait_trclosed_v2,No TRS,gait_02_half_bound__vx_neg_1p5__seed_0042,2,half_bound_front_a,half_bound,backward,-1.5,absolute_work,Absolute work,J,1195.2385663642688,3026.792494216134,-43.38087289201709,43.38087289201709,300.4651036195766,True,False,False
2026-08-20_21-04-16_go2_72d_no_trs_gait_trclosed_v2,No TRS,gait_02_half_bound__vx_neg_1p5__seed_0042,2,half_bound_front_a,half_bound,backward,-1.5,vertical_grf_impulse,Vertical GRF impulse,N s,1024.166541903668,399.81835907161235,43.84514066156479,43.84514066156479,101.33932334581938,True,False,False
2026-08-20_21-04-16_go2_72d_no_trs_gait_trclosed_v2,No TRS,gait_02_half_bound__vx_neg_1p0__seed_0042,2,half_bound_front_a,half_bound,backward,-1.0,torque_squared,Torque²,N² m² s,3476.124463802133,2281.153480204628,20.755832794931358,20.755832794931358,607.3916011568854,True,False,False
2026-08-20_21-04-16_go2_72d_no_trs_gait_trclosed_v2,No TRS,gait_02_half_bound__vx_neg_1p0__seed_0042,2,half_bound_front_a,half_bound,backward,-1.0,absolute_work,Absolute work,J,918.3100676849197,2175.848419080002,-40.642338030651224,40.642338030651224,326.4330636435058,True,False,False
2026-08-20_21-04-16_go2_72d_no_trs_gait_trclosed_v2,No TRS,gait_02_half_bound__vx_neg_1p0__seed_0042,2,half_bound_front_a,half_bound,backward,-1.0,vertical_grf_impulse,Vertical GRF impulse,N s,980.3373160900582,425.0251902966467,39.51379969721561,39.51379969721561,148.26544614693555,True,False,False
2026-08-20_21-04-16_go2_72d_no_trs_gait_trclosed_v2,No TRS,gait_02_half_bound__vx_neg_0p5__seed_0042,2,half_bound_front_a,half_bound,backward,-0.5,torque_squared,Torque²,N² m² s,3306.497275804549,1699.7222627023905,32.095576327468955,32.095576327468955,1126.5672274734006,True,False,False
2026-08-20_21-04-16_go2_72d_no_trs_gait_trclosed_v2,No TRS,gait_02_half_bound__vx_neg_0p5__seed_0042,2,half_bound_front_a,half_bound,backward,-0.5,absolute_work,Absolute work,J,849.7231673802738,1077.748067583117,-11.830262162494694,11.830262162494694,433.74564549261606,True,False,False
2026-08-20_21-04-16_go2_72d_no_trs_gait_trclosed_v2,No TRS,gait_02_half_bound__vx_neg_0p5__seed_0042,2,half_bound_front_a,half_bound,backward,-0.5,vertical_grf_impulse,Vertical GRF impulse,N s,955.0535232782416,439.6643359396134,36.95293524294969,36.95293524294969,313.8582756271422,True,False,False
2026-08-20_21-04-16_go2_72d_no_trs_gait_trclosed_v2,No TRS,gait_02_half_bound__vx_pos_0p5__seed_0042,2,half_bound_front_a,half_bound,forward,0.5,torque_squared,Torque²,N² m² s,1890.1564096532686,3444.849883395585,-29.14136157192495,29.14136157192495,1113.5270133799065,True,False,False
2026-08-20_21-04-16_go2_72d_no_trs_gait_trclosed_v2,No TRS,gait_02_half_bound__vx_pos_0p5__seed_0042,2,half_bound_front_a,half_bound,forward,0.5,absolute_work,Absolute work,J,837.7210250726561,1419.0020186080924,-25.757746178164535,25.757746178164535,471.0251371454989,True,False,False
2026-08-20_21-04-16_go2_72d_no_trs_gait_trclosed_v2,No TRS,gait_02_half_bound__vx_pos_0p5__seed_0042,2,half_bound_front_a,half_bound,forward,0.5,vertical_grf_impulse,Vertical GRF impulse,N s,677.2979929202795,755.6577433942258,-5.468399929469132,5.468399929469132,299.08772993255855,True,False,False
2026-08-20_21-04-16_go2_72d_no_trs_gait_trclosed_v2,No TRS,gait_02_half_bound__vx_pos_1p0__seed_0042,2,half_bound_front_a,half_bound,forward,1.0,torque_squared,Torque²,N² m² s,1924.80878525558,3316.2121914854415,-26.548327366074876,26.548327366074876,532.3758164349887,True,False,False
2026-08-20_21-04-16_go2_72d_no_trs_gait_trclosed_v2,No TRS,gait_02_half_bound__vx_pos_1p0__seed_0042,2,half_bound_front_a,half_bound,forward,1.0,absolute_work,Absolute work,J,768.9794265605061,1440.4629506306385,-30.391538199959157,30.391538199959157,224.43216591638554,True,False,False
2026-08-20_21-04-16_go2_72d_no_trs_gait_trclosed_v2,No TRS,gait_02_half_bound__vx_pos_1p0__seed_0042,2,half_bound_front_a,half_bound,forward,1.0,vertical_grf_impulse,Vertical GRF impulse,N s,718.1684309005738,763.2560112285614,-3.0435288527565287,3.0435288527565287,150.48108953680637,True,False,False
2026-08-20_21-04-16_go2_72d_no_trs_gait_trclosed_v2,No TRS,gait_02_half_bound__vx_pos_1p5__seed_0042,2,half_bound_front_a,half_bound,forward,1.5,torque_squared,Torque²,N² m² s,1936.5489350764158,2688.4023174993567,-16.256460692514572,16.256460692514572,316.34418898781206,True,False,False
2026-08-20_21-04-16_go2_72d_no_trs_gait_trclosed_v2,No TRS,gait_02_half_bound__vx_pos_1p5__seed_0042,2,half_bound_front_a,half_bound,forward,1.5,absolute_work,Absolute work,J,846.1676953939552,1349.8501123523392,-22.936171791580225,22.936171791580225,150.2064420695022,True,False,False
2026-08-20_21-04-16_go2_72d_no_trs_gait_trclosed_v2,No TRS,gait_02_half_bound__vx_pos_1p5__seed_0042,2,half_bound_front_a,half_bound,forward,1.5,vertical_grf_impulse,Vertical GRF impulse,N s,685.9671704477136,847.0958220243455,-10.51024337341889,10.51024337341889,104.86068772091478,True,False,False
2026-08-20_21-04-16_go2_72d_no_trs_gait_trclosed_v2,No TRS,gait_03_half_bound__vx_neg_1p5__seed_0042,3,half_bound_front_b,half_bound,backward,-1.5,torque_squared,Torque²,N² m² s,3762.320317324974,2350.2418346258933,23.10125357577601,23.10125357577601,441.54499899294404,True,False,False
2026-08-20_21-04-16_go2_72d_no_trs_gait_trclosed_v2,No TRS,gait_03_half_bound__vx_neg_1p5__seed_0042,3,half_bound_front_b,half_bound,backward,-1.5,absolute_work,Absolute work,J,1107.3930209950065,2184.911690842579,-32.72840044159096,32.72840044159096,237.82182406257132,True,False,False
2026-08-20_21-04-16_go2_72d_no_trs_gait_trclosed_v2,No TRS,gait_03_half_bound__vx_neg_1p5__seed_0042,3,half_bound_front_b,half_bound,backward,-1.5,vertical_grf_impulse,Vertical GRF impulse,N s,980.3189235893899,406.8214760366283,41.34386452210461,41.34386452210461,100.20101082497187,True,False,False
2026-08-20_21-04-16_go2_72d_no_trs_gait_trclosed_v2,No TRS,gait_03_half_bound__vx_neg_1p0__seed_0042,3,half_bound_front_b,half_bound,backward,-1.0,torque_squared,Torque²,N² m² s,3580.856080268376,2013.381031173427,28.019460345880187,28.019460345880187,604.19428800574,True,False,False
2026-08-20_21-04-16_go2_72d_no_trs_gait_trclosed_v2,No TRS,gait_03_half_bound__vx_neg_1p0__seed_0042,3,half_bound_front_b,half_bound,backward,-1.0,absolute_work,Absolute work,J,871.6825935497249,1659.6540934906866,-31.12867221397729,31.12867221397729,273.3919097210044,True,False,False
2026-08-20_21-04-16_go2_72d_no_trs_gait_trclosed_v2,No TRS,gait_03_half_bound__vx_neg_1p0__seed_0042,3,half_bound_front_b,half_bound,backward,-1.0,vertical_grf_impulse,Vertical GRF impulse,N s,955.2994128647204,449.01010624265547,36.052543953691824,36.052543953691824,151.6696152012202,True,False,False
2026-08-20_21-04-16_go2_72d_no_trs_gait_trclosed_v2,No TRS,gait_03_half_bound__vx_neg_0p5__seed_0042,3,half_bound_front_b,half_bound,backward,-0.5,torque_squared,Torque²,N² m² s,2889.169775813854,1649.0163281236246,27.32707340085132,27.32707340085132,994.8263643509741,True,False,False
2026-08-20_21-04-16_go2_72d_no_trs_gait_trclosed_v2,No TRS,gait_03_half_bound__vx_neg_0p5__seed_0042,3,half_bound_front_b,half_bound,backward,-0.5,absolute_work,Absolute work,J,557.2338930831295,815.2078378058814,-18.796713836123814,18.796713836123814,300.85615401255984,True,False,False
2026-08-20_21-04-16_go2_72d_no_trs_gait_trclosed_v2,No TRS,gait_03_half_bound__vx_neg_0p5__seed_0042,3,half_bound_front_b,half_bound,backward,-0.5,vertical_grf_impulse,Vertical GRF impulse,N s,908.1568420267221,469.3019223012164,31.859750076774368,31.859750076774368,301.9559496184618,True,False,False
2026-08-20_21-04-16_go2_72d_no_trs_gait_trclosed_v2,No TRS,gait_03_half_bound__vx_pos_0p5__seed_0042,3,half_bound_front_b,half_bound,forward,0.5,torque_squared,Torque²,N² m² s,1840.6240029499284,2429.5804695313213,-13.792231036636363,13.792231036636363,855.8773263777896,True,False,False
2026-08-20_21-04-16_go2_72d_no_trs_gait_trclosed_v2,No TRS,gait_03_half_bound__vx_pos_0p5__seed_0042,3,half_bound_front_b,half_bound,forward,0.5,absolute_work,Absolute work,J,391.03907044918947,856.1047581897859,-37.290461377508386,37.290461377508386,249.9651088239015,True,False,False
2026-08-20_21-04-16_go2_72d_no_trs_gait_trclosed_v2,No TRS,gait_03_half_bound__vx_pos_0p5__seed_0042,3,half_bound_front_b,half_bound,forward,0.5,vertical_grf_impulse,Vertical GRF impulse,N s,745.3196518492699,692.0954375600815,3.7027727537672392,3.7027727537672392,288.101188490376,True,False,False
2026-08-20_21-04-16_go2_72d_no_trs_gait_trclosed_v2,No TRS,gait_03_half_bound__vx_pos_1p0__seed_0042,3,half_bound_front_b,half_bound,forward,1.0,torque_squared,Torque²,N² m² s,2035.4364120613022,2754.5123181980057,-15.012183775457146,15.012183775457146,482.3035529670252,True,False,False
2026-08-20_21-04-16_go2_72d_no_trs_gait_trclosed_v2,No TRS,gait_03_half_bound__vx_pos_1p0__seed_0042,3,half_bound_front_b,half_bound,forward,1.0,absolute_work,Absolute work,J,616.9693520535953,1199.1522739648974,-32.05638397620039,32.05638397620039,182.86665728080794,True,False,False
2026-08-20_21-04-16_go2_72d_no_trs_gait_trclosed_v2,No TRS,gait_03_half_bound__vx_pos_1p0__seed_0042,3,half_bound_front_b,half_bound,forward,1.0,vertical_grf_impulse,Vertical GRF impulse,N s,718.1996352815628,784.710142827034,-4.4254491197185715,4.4254491197185715,151.32911991135632,True,False,False
2026-08-20_21-04-16_go2_72d_no_trs_gait_trclosed_v2,No TRS,gait_03_half_bound__vx_pos_1p5__seed_0042,3,half_bound_front_b,half_bound,forward,1.5,torque_squared,Torque²,N² m² s,1812.8289875508808,2692.0903087967517,-19.517804058304282,19.517804058304282,310.36925684427104,True,False,False
2026-08-20_21-04-16_go2_72d_no_trs_gait_trclosed_v2,No TRS,gait_03_half_bound__vx_pos_1p5__seed_0042,3,half_bound_front_b,half_bound,forward,1.5,absolute_work,Absolute work,J,756.3051823293246,1369.5751801505323,-28.847813293962755,28.847813293962755,146.46386868187463,True,False,False
2026-08-20_21-04-16_go2_72d_no_trs_gait_trclosed_v2,No TRS,gait_03_half_bound__vx_pos_1p5__seed_0042,3,half_bound_front_b,half_bound,forward,1.5,vertical_grf_impulse,Vertical GRF impulse,N s,675.8233415412989,833.958467783928,-10.47403838527536,10.47403838527536,104.0173701973261,True,False,False
2026-08-20_21-04-16_go2_72d_no_trs_gait_trclosed_v2,No TRS,gait_04_half_bound__vx_neg_1p5__seed_0042,4,half_bound_hind_a,half_bound,backward,-1.5,torque_squared,Torque²,N² m² s,3711.1114053296515,2364.3490543924495,22.167247402327835,22.167247402327835,433.50280090807894,True,False,False
2026-08-20_21-04-16_go2_72d_no_trs_gait_trclosed_v2,No TRS,gait_04_half_bound__vx_neg_1p5__seed_0042,4,half_bound_hind_a,half_bound,backward,-1.5,absolute_work,Absolute work,J,1134.1997775257603,2467.153834026803,-37.01258471884407,37.01258471884407,256.96766327730705,True,False,False
2026-08-20_21-04-16_go2_72d_no_trs_gait_trclosed_v2,No TRS,gait_04_half_bound__vx_neg_1p5__seed_0042,4,half_bound_hind_a,half_bound,backward,-1.5,vertical_grf_impulse,Vertical GRF impulse,N s,974.5782000764763,426.7646762997874,39.09204042862667,39.09204042862667,99.99012683385668,True,False,False
2026-08-20_21-04-16_go2_72d_no_trs_gait_trclosed_v2,No TRS,gait_04_half_bound__vx_neg_1p0__seed_0042,4,half_bound_hind_a,half_bound,backward,-1.0,torque_squared,Torque²,N² m² s,3429.7032988644537,1775.7273373497246,31.77404670437868,31.77404670437868,545.9527309640013,True,False,False
2026-08-20_21-04-16_go2_72d_no_trs_gait_trclosed_v2,No TRS,gait_04_half_bound__vx_neg_1p0__seed_0042,4,half_bound_hind_a,half_bound,backward,-1.0,absolute_work,Absolute work,J,976.5888027545797,1445.2218546169065,-19.35052397411439,19.35052397411439,254.00283562923352,True,False,False
2026-08-20_21-04-16_go2_72d_no_trs_gait_trclosed_v2,No TRS,gait_04_half_bound__vx_neg_1p0__seed_0042,4,half_bound_hind_a,half_bound,backward,-1.0,vertical_grf_impulse,Vertical GRF impulse,N s,957.542989646981,461.61959192168933,34.94479097504975,34.94479097504975,148.84372518559456,True,False,False
2026-08-20_21-04-16_go2_72d_no_trs_gait_trclosed_v2,No TRS,gait_04_half_bound__vx_neg_0p5__seed_0042,4,half_bound_hind_a,half_bound,backward,-0.5,torque_squared,Torque²,N² m² s,3246.9628334581257,1961.0714520926608,24.69053218280557,24.69053218280557,1096.3566217774467,True,False,False
2026-08-20_21-04-16_go2_72d_no_trs_gait_trclosed_v2,No TRS,gait_04_half_bound__vx_neg_0p5__seed_0042,4,half_bound_hind_a,half_bound,backward,-0.5,absolute_work,Absolute work,J,989.8122235207622,1142.500316568744,-7.16068072467334,7.16068072467334,448.8785681599984,True,False,False
2026-08-20_21-04-16_go2_72d_no_trs_gait_trclosed_v2,No TRS,gait_04_half_bound__vx_neg_0p5__seed_0042,4,half_bound_hind_a,half_bound,backward,-0.5,vertical_grf_impulse,Vertical GRF impulse,N s,879.6510436725702,504.4592031983296,27.1070777289922,27.1070777289922,291.3725892006956,True,False,False
2026-08-20_21-04-16_go2_72d_no_trs_gait_trclosed_v2,No TRS,gait_04_half_bound__vx_pos_0p5__seed_0042,4,half_bound_hind_a,half_bound,forward,0.5,torque_squared,Torque²,N² m² s,2497.0730669260242,2638.0059887154616,-2.744513185918843,2.744513185918843,1060.402048451459,True,False,False
2026-08-20_21-04-16_go2_72d_no_trs_gait_trclosed_v2,No TRS,gait_04_half_bound__vx_pos_0p5__seed_0042,4,half_bound_hind_a,half_bound,forward,0.5,absolute_work,Absolute work,J,1060.4352054857577,795.6940627834759,14.263076781777288,14.263076781777288,383.2936663557413,True,False,False
2026-08-20_21-04-16_go2_72d_no_trs_gait_trclosed_v2,No TRS,gait_04_half_bound__vx_pos_0p5__seed_0042,4,half_bound_hind_a,half_bound,forward,0.5,vertical_grf_impulse,Vertical GRF impulse,N s,718.1688307619384,713.7187144851684,0.3107867158661492,0.3107867158661492,295.68707115892374,True,False,False
2026-08-20_21-04-16_go2_72d_no_trs_gait_trclosed_v2,No TRS,gait_04_half_bound__vx_pos_1p0__seed_0042,4,half_bound_hind_a,half_bound,forward,1.0,torque_squared,Torque²,N² m² s,2183.1605843100783,3188.5854924941473,-18.71691055028832,18.71691055028832,547.08390873424,True,False,False
2026-08-20_21-04-16_go2_72d_no_trs_gait_trclosed_v2,No TRS,gait_04_half_bound__vx_pos_1p0__seed_0042,4,half_bound_hind_a,half_bound,forward,1.0,absolute_work,Absolute work,J,1014.0097556117689,1279.526869367148,-11.576754906097035,11.576754906097035,233.5845670436243,True,False,False
2026-08-20_21-04-16_go2_72d_no_trs_gait_trclosed_v2,No TRS,gait_04_half_bound__vx_pos_1p0__seed_0042,4,half_bound_hind_a,half_bound,forward,1.0,vertical_grf_impulse,Vertical GRF impulse,N s,700.1214825845027,822.1455732584,-8.015945047587635,8.015945047587635,155.03484325963433,True,False,False
2026-08-20_21-04-16_go2_72d_no_trs_gait_trclosed_v2,No TRS,gait_04_half_bound__vx_pos_1p5__seed_0042,4,half_bound_hind_a,half_bound,forward,1.5,torque_squared,Torque²,N² m² s,1988.928598294793,3052.2841370891756,-21.093248680635003,21.093248680635003,348.64326611933296,True,False,False
2026-08-20_21-04-16_go2_72d_no_trs_gait_trclosed_v2,No TRS,gait_04_half_bound__vx_pos_1p5__seed_0042,4,half_bound_hind_a,half_bound,forward,1.5,absolute_work,Absolute work,J,867.9979550421646,1276.887164738886,-19.063455003989247,19.063455003989247,148.3372737600341,True,False,False
2026-08-20_21-04-16_go2_72d_no_trs_gait_trclosed_v2,No TRS,gait_04_half_bound__vx_pos_1p5__seed_0042,4,half_bound_hind_a,half_bound,forward,1.5,vertical_grf_impulse,Vertical GRF impulse,N s,673.7441301321984,810.0994446372986,-9.189332138752015,9.189332138752015,102.62055927271258,True,False,False
2026-08-20_21-04-16_go2_72d_no_trs_gait_trclosed_v2,No TRS,gait_05_half_bound__vx_neg_1p5__seed_0042,5,half_bound_hind_b,half_bound,backward,-1.5,torque_squared,Torque²,N² m² s,3463.2518755636634,2001.5583369099088,26.74737972267364,26.74737972267364,399.04423524111786,True,False,False
2026-08-20_21-04-16_go2_72d_no_trs_gait_trclosed_v2,No TRS,gait_05_half_bound__vx_neg_1p5__seed_0042,5,half_bound_hind_b,half_bound,backward,-1.5,absolute_work,Absolute work,J,1126.2925657525225,1705.9850139030384,-20.467359990224317,20.467359990224317,206.8148749584198,True,False,False
2026-08-20_21-04-16_go2_72d_no_trs_gait_trclosed_v2,No TRS,gait_05_half_bound__vx_neg_1p5__seed_0042,5,half_bound_hind_b,half_bound,backward,-1.5,vertical_grf_impulse,Vertical GRF impulse,N s,969.8254576446739,464.45700447318814,35.23493220611918,35.23493220611918,104.73230102468771,True,False,False
2026-08-20_21-04-16_go2_72d_no_trs_gait_trclosed_v2,No TRS,gait_05_half_bound__vx_neg_1p0__seed_0042,5,half_bound_hind_b,half_bound,backward,-1.0,torque_squared,Torque²,N² m² s,3183.514490894687,2390.488309485454,14.227229691293827,14.227229691293827,600.8324778360411,True,False,False
2026-08-20_21-04-16_go2_72d_no_trs_gait_trclosed_v2,No TRS,gait_05_half_bound__vx_neg_1p0__seed_0042,5,half_bound_hind_b,half_bound,backward,-1.0,absolute_work,Absolute work,J,963.0034286477126,1928.6561214095916,-33.394411618848515,33.394411618848515,311.6975420968021,True,False,False
2026-08-20_21-04-16_go2_72d_no_trs_gait_trclosed_v2,No TRS,gait_05_half_bound__vx_neg_1p0__seed_0042,5,half_bound_hind_b,half_bound,backward,-1.0,vertical_grf_impulse,Vertical GRF impulse,N s,911.641854787751,521.8658366405471,27.190368107397063,27.190368107397063,154.5205499679957,True,False,False
2026-08-20_21-04-16_go2_72d_no_trs_gait_trclosed_v2,No TRS,gait_05_half_bound__vx_neg_0p5__seed_0042,5,half_bound_hind_b,half_bound,backward,-0.5,torque_squared,Torque²,N² m² s,3188.370084334028,2218.085930352385,17.94676866594136,17.94676866594136,1233.842841580226,True,False,False
2026-08-20_21-04-16_go2_72d_no_trs_gait_trclosed_v2,No TRS,gait_05_half_bound__vx_neg_0p5__seed_0042,5,half_bound_hind_b,half_bound,backward,-0.5,absolute_work,Absolute work,J,1034.7782044894257,1489.221401942057,-18.004883847630175,18.004883847630175,576.0185300846149,True,False,False
2026-08-20_21-04-16_go2_72d_no_trs_gait_trclosed_v2,No TRS,gait_05_half_bound__vx_neg_0p5__seed_0042,5,half_bound_hind_b,half_bound,backward,-0.5,vertical_grf_impulse,Vertical GRF impulse,N s,858.699092167616,549.3646863723753,21.968778013449555,21.968778013449555,321.3434843306946,True,False,False
2026-08-20_21-04-16_go2_72d_no_trs_gait_trclosed_v2,No TRS,gait_05_half_bound__vx_pos_0p5__seed_0042,5,half_bound_hind_b,half_bound,forward,0.5,torque_squared,Torque²,N² m² s,2835.6516843794902,2167.631751549439,13.351630811737618,13.351630811737618,1008.8469978217405,True,False,False
2026-08-20_21-04-16_go2_72d_no_trs_gait_trclosed_v2,No TRS,gait_05_half_bound__vx_pos_0p5__seed_0042,5,half_bound_hind_b,half_bound,forward,0.5,absolute_work,Absolute work,J,1054.2044460166735,711.0881766919268,19.436792796328668,19.436792796328668,355.9482858611602,True,False,False
2026-08-20_21-04-16_go2_72d_no_trs_gait_trclosed_v2,No TRS,gait_05_half_bound__vx_pos_0p5__seed_0042,5,half_bound_hind_b,half_bound,forward,0.5,vertical_grf_impulse,Vertical GRF impulse,N s,749.7055373668671,707.8952592772147,2.8684313418265597,2.8684313418265597,293.9062330863015,True,False,False
2026-08-20_21-04-16_go2_72d_no_trs_gait_trclosed_v2,No TRS,gait_05_half_bound__vx_pos_1p0__seed_0042,5,half_bound_hind_b,half_bound,forward,1.0,torque_squared,Torque²,N² m² s,2521.032516226882,2434.8924587791003,1.7381227093268823,1.7381227093268823,510.5642882816321,True,False,False
2026-08-20_21-04-16_go2_72d_no_trs_gait_trclosed_v2,No TRS,gait_05_half_bound__vx_pos_1p0__seed_0042,5,half_bound_hind_b,half_bound,forward,1.0,absolute_work,Absolute work,J,837.7918565518432,907.2502608395345,-3.9803282451155364,3.9803282451155364,179.77596335310253,True,False,False
2026-08-20_21-04-16_go2_72d_no_trs_gait_trclosed_v2,No TRS,gait_05_half_bound__vx_pos_1p0__seed_0042,5,half_bound_hind_b,half_bound,forward,1.0,vertical_grf_impulse,Vertical GRF impulse,N s,737.4132659006119,747.1005545854568,-0.652556315149229,0.652556315149229,152.93608075650928,True,False,False
2026-08-20_21-04-16_go2_72d_no_trs_gait_trclosed_v2,No TRS,gait_05_half_bound__vx_pos_1p5__seed_0042,5,half_bound_hind_b,half_bound,forward,1.5,torque_squared,Torque²,N² m² s,2169.0741095281196,2487.6277097458187,-6.840755809169831,6.840755809169831,325.54800556309067,True,False,False
2026-08-20_21-04-16_go2_72d_no_trs_gait_trclosed_v2,No TRS,gait_05_half_bound__vx_pos_1p5__seed_0042,5,half_bound_hind_b,half_bound,forward,1.5,absolute_work,Absolute work,J,862.3237201317214,1039.619575058259,-9.321826543142441,9.321826543142441,132.96403129795647,True,False,False
2026-08-20_21-04-16_go2_72d_no_trs_gait_trclosed_v2,No TRS,gait_05_half_bound__vx_pos_1p5__seed_0042,5,half_bound_hind_b,half_bound,forward,1.5,vertical_grf_impulse,Vertical GRF impulse,N s,716.4549578142194,758.0155954360962,-2.8186821045873556,2.8186821045873556,103.07959721307414,True,False,False
2026-08-20_21-04-16_go2_72d_no_trs_gait_trclosed_v2,No TRS,gait_06_gallop__vx_neg_1p5__seed_0042,6,gallop_a,gallop,backward,-1.5,torque_squared,Torque²,N² m² s,3863.633943704,2572.264149839208,20.065106300554294,20.065106300554294,459.6828327307221,True,False,False
2026-08-20_21-04-16_go2_72d_no_trs_gait_trclosed_v2,No TRS,gait_06_gallop__vx_neg_1p5__seed_0042,6,gallop_a,gallop,backward,-1.5,absolute_work,Absolute work,J,1184.4279125883584,2561.9214688998136,-36.76895601670419,36.76895601670419,267.58231268596296,True,False,False
2026-08-20_21-04-16_go2_72d_no_trs_gait_trclosed_v2,No TRS,gait_06_gallop__vx_neg_1p5__seed_0042,6,gallop_a,gallop,backward,-1.5,vertical_grf_impulse,Vertical GRF impulse,N s,992.4674973311907,421.94676271255037,40.336183728874225,40.336183728874225,101.02427730543586,True,False,False
2026-08-20_21-04-16_go2_72d_no_trs_gait_trclosed_v2,No TRS,gait_06_gallop__vx_neg_1p0__seed_0042,6,gallop_a,gallop,backward,-1.0,torque_squared,Torque²,N² m² s,3731.2870526039783,2043.4264879700902,29.22847259478254,29.22847259478254,612.8293050735609,True,False,False
2026-08-20_21-04-16_go2_72d_no_trs_gait_trclosed_v2,No TRS,gait_06_gallop__vx_neg_1p0__seed_0042,6,gallop_a,gallop,backward,-1.0,absolute_work,Absolute work,J,1165.0113900770596,1729.9304302266123,-19.51400322408877,19.51400322408877,307.2195999853395,True,False,False
2026-08-20_21-04-16_go2_72d_no_trs_gait_trclosed_v2,No TRS,gait_06_gallop__vx_neg_1p0__seed_0042,6,gallop_a,gallop,backward,-1.0,vertical_grf_impulse,Vertical GRF impulse,N s,943.9272384858059,462.04615116015225,34.27384123158955,34.27384123158955,149.20596307933866,True,False,False
2026-08-20_21-04-16_go2_72d_no_trs_gait_trclosed_v2,No TRS,gait_06_gallop__vx_neg_0p5__seed_0042,6,gallop_a,gallop,backward,-0.5,torque_squared,Torque²,N² m² s,3267.6640045881372,2150.741353594854,20.613493770939137,20.613493770939137,1179.9294416999312,True,False,False
2026-08-20_21-04-16_go2_72d_no_trs_gait_trclosed_v2,No TRS,gait_06_gallop__vx_neg_0p5__seed_0042,6,gallop_a,gallop,backward,-0.5,absolute_work,Absolute work,J,1104.622959657723,1445.0622750738871,-13.35220955036829,13.35220955036829,555.2276872353234,True,False,False
2026-08-20_21-04-16_go2_72d_no_trs_gait_trclosed_v2,No TRS,gait_06_gallop__vx_neg_0p5__seed_0042,6,gallop_a,gallop,backward,-0.5,vertical_grf_impulse,Vertical GRF impulse,N s,843.3758374667168,529.7599136439671,22.83939687456802,22.83939687456802,299.0184737174341,True,False,False
2026-08-20_21-04-16_go2_72d_no_trs_gait_trclosed_v2,No TRS,gait_06_gallop__vx_pos_0p5__seed_0042,6,gallop_a,gallop,forward,0.5,torque_squared,Torque²,N² m² s,2005.653729234197,2186.6472602956223,-4.31728379029685,4.31728379029685,858.4536781869923,True,False,False
2026-08-20_21-04-16_go2_72d_no_trs_gait_trclosed_v2,No TRS,gait_06_gallop__vx_pos_0p5__seed_0042,6,gallop_a,gallop,forward,0.5,absolute_work,Absolute work,J,483.8303678041203,1001.026957153366,-34.83139966757774,34.83139966757774,304.0528901374546,True,False,False
2026-08-20_21-04-16_go2_72d_no_trs_gait_trclosed_v2,No TRS,gait_06_gallop__vx_pos_0p5__seed_0042,6,gallop_a,gallop,forward,0.5,vertical_grf_impulse,Vertical GRF impulse,N s,780.8683452773095,670.1329064309597,7.631657017247956,7.631657017247956,297.12021266931833,True,False,False
2026-08-20_21-04-16_go2_72d_no_trs_gait_trclosed_v2,No TRS,gait_06_gallop__vx_pos_1p0__seed_0042,6,gallop_a,gallop,forward,1.0,torque_squared,Torque²,N² m² s,2022.5751196130918,2741.4032629053168,-15.088820426431631,15.088820426431631,484.3518105310272,True,True,True
2026-08-20_21-04-16_go2_72d_no_trs_gait_trclosed_v2,No TRS,gait_06_gallop__vx_pos_1p0__seed_0042,6,gallop_a,gallop,forward,1.0,absolute_work,Absolute work,J,644.4682344554478,1272.3980905839633,-32.75814530862527,32.75814530862527,194.8870461893217,True,True,True
2026-08-20_21-04-16_go2_72d_no_trs_gait_trclosed_v2,No TRS,gait_06_gallop__vx_pos_1p0__seed_0042,6,gallop_a,gallop,forward,1.0,vertical_grf_impulse,Vertical GRF impulse,N s,707.6421088337898,732.4344317531586,-1.721597583227338,1.721597583227338,146.41201611998528,True,True,True
2026-08-20_21-04-16_go2_72d_no_trs_gait_trclosed_v2,No TRS,gait_06_gallop__vx_pos_1p5__seed_0042,6,gallop_a,gallop,forward,1.5,torque_squared,Torque²,N² m² s,1887.1500199309553,2638.3274638440485,-16.5988549629571,16.5988549629571,310.57038421169267,True,False,False
2026-08-20_21-04-16_go2_72d_no_trs_gait_trclosed_v2,No TRS,gait_06_gallop__vx_pos_1p5__seed_0042,6,gallop_a,gallop,forward,1.5,absolute_work,Absolute work,J,800.3495125984855,1378.0600598478245,-26.519831465879104,26.519831465879104,149.49792597812782,True,False,False
2026-08-20_21-04-16_go2_72d_no_trs_gait_trclosed_v2,No TRS,gait_06_gallop__vx_pos_1p5__seed_0042,6,gallop_a,gallop,forward,1.5,vertical_grf_impulse,Vertical GRF impulse,N s,685.5956445169448,777.1348082828522,-6.258102003051429,6.258102003051429,100.38294530309545,True,False,False
2026-08-20_21-04-16_go2_72d_no_trs_gait_trclosed_v2,No TRS,gait_07_gallop__vx_neg_1p5__seed_0042,7,gallop_b,gallop,backward,-1.5,torque_squared,Torque²,N² m² s,3352.439231573172,2796.5919283052767,9.0395915846828,9.0395915846828,430.6534680496544,True,False,False
2026-08-20_21-04-16_go2_72d_no_trs_gait_trclosed_v2,No TRS,gait_07_gallop__vx_neg_1p5__seed_0042,7,gallop_b,gallop,backward,-1.5,absolute_work,Absolute work,J,1086.011341383288,2622.817644971961,-41.436429375486725,41.436429375486725,259.7514996831705,True,False,False
2026-08-20_21-04-16_go2_72d_no_trs_gait_trclosed_v2,No TRS,gait_07_gallop__vx_neg_1p5__seed_0042,7,gallop_b,gallop,backward,-1.5,vertical_grf_impulse,Vertical GRF impulse,N s,1017.0594778786929,471.35102570557814,36.66384044314275,36.66384044314275,104.24229908484799,True,False,False
2026-08-20_21-04-16_go2_72d_no_trs_gait_trclosed_v2,No TRS,gait_07_gallop__vx_neg_1p0__seed_0042,7,gallop_b,gallop,backward,-1.0,torque_squared,Torque²,N² m² s,3066.9499416949166,1520.9501942756176,33.697327788331535,33.697327788331535,477.56449839328366,True,False,False
2026-08-20_21-04-16_go2_72d_no_trs_gait_trclosed_v2,No TRS,gait_07_gallop__vx_neg_1p0__seed_0042,7,gallop_b,gallop,backward,-1.0,absolute_work,Absolute work,J,793.5303110110632,1259.1622409445933,-22.6839586615107,22.6839586615107,213.6692299042292,True,False,False
2026-08-20_21-04-16_go2_72d_no_trs_gait_trclosed_v2,No TRS,gait_07_gallop__vx_neg_1p0__seed_0042,7,gallop_b,gallop,backward,-1.0,vertical_grf_impulse,Vertical GRF impulse,N s,963.3813506555557,500.10209668800235,31.655927151651404,31.655927151651404,152.33717337433967,True,False,False
2026-08-20_21-04-16_go2_72d_no_trs_gait_trclosed_v2,No TRS,gait_07_gallop__vx_neg_0p5__seed_0042,7,gallop_b,gallop,backward,-0.5,torque_squared,Torque²,N² m² s,3174.915575460462,1208.074637884772,44.874408607783224,44.874408607783224,942.5752831643978,True,False,False
2026-08-20_21-04-16_go2_72d_no_trs_gait_trclosed_v2,No TRS,gait_07_gallop__vx_neg_0p5__seed_0042,7,gallop_b,gallop,backward,-0.5,absolute_work,Absolute work,J,679.2875034041424,735.3770862462989,-3.9648679448473367,3.9648679448473367,304.22789266387565,True,False,False
2026-08-20_21-04-16_go2_72d_no_trs_gait_trclosed_v2,No TRS,gait_07_gallop__vx_neg_0p5__seed_0042,7,gallop_b,gallop,backward,-0.5,vertical_grf_impulse,Vertical GRF impulse,N s,910.0730763053895,513.7078999655118,27.838915040009756,27.838915040009756,306.1883991404935,True,False,False
2026-08-20_21-04-16_go2_72d_no_trs_gait_trclosed_v2,No TRS,gait_07_gallop__vx_pos_0p5__seed_0042,7,gallop_b,gallop,forward,0.5,torque_squared,Torque²,N² m² s,2137.450164098983,2706.8064882614453,-11.753223766231214,11.753223766231214,1024.6730038369453,True,False,False
2026-08-20_21-04-16_go2_72d_no_trs_gait_trclosed_v2,No TRS,gait_07_gallop__vx_pos_0p5__seed_0042,7,gallop_b,gallop,forward,0.5,absolute_work,Absolute work,J,569.1614568299619,610.3511729506515,-3.492096233708898,3.492096233708898,249.49436748608323,True,False,False
2026-08-20_21-04-16_go2_72d_no_trs_gait_trclosed_v2,No TRS,gait_07_gallop__vx_pos_0p5__seed_0042,7,gallop_b,gallop,forward,0.5,vertical_grf_impulse,Vertical GRF impulse,N s,725.8931911611558,725.7913729608059,0.007013796444920071,0.007013796444920071,307.06506481603776,True,False,False
2026-08-20_21-04-16_go2_72d_no_trs_gait_trclosed_v2,No TRS,gait_07_gallop__vx_pos_1p0__seed_0042,7,gallop_b,gallop,forward,1.0,torque_squared,Torque²,N² m² s,1509.4641970515938,3195.3507563905314,-35.833217162037656,35.833217162037656,490.5667476251074,True,False,False
2026-08-20_21-04-16_go2_72d_no_trs_gait_trclosed_v2,No TRS,gait_07_gallop__vx_pos_1p0__seed_0042,7,gallop_b,gallop,forward,1.0,absolute_work,Absolute work,J,541.2673037355358,987.8589519578402,-29.20567523836017,29.20567523836017,159.4405946645879,True,False,False
2026-08-20_21-04-16_go2_72d_no_trs_gait_trclosed_v2,No TRS,gait_07_gallop__vx_pos_1p0__seed_0042,7,gallop_b,gallop,forward,1.0,vertical_grf_impulse,Vertical GRF impulse,N s,702.04245718956,781.7931756871939,-5.37463292635849,5.37463292635849,154.7181828900694,True,False,False
2026-08-20_21-04-16_go2_72d_no_trs_gait_trclosed_v2,No TRS,gait_07_gallop__vx_pos_1p5__seed_0042,7,gallop_b,gallop,forward,1.5,torque_squared,Torque²,N² m² s,1448.2692430317588,3040.3701557086874,-35.46956596967194,35.46956596967194,312.383759622527,True,False,False
2026-08-20_21-04-16_go2_72d_no_trs_gait_trclosed_v2,No TRS,gait_07_gallop__vx_pos_1p5__seed_0042,7,gallop_b,gallop,forward,1.5,absolute_work,Absolute work,J,711.6405418360908,1224.2950704162126,-26.480969993815545,26.480969993815545,134.73010220250998,True,False,False
2026-08-20_21-04-16_go2_72d_no_trs_gait_trclosed_v2,No TRS,gait_07_gallop__vx_pos_1p5__seed_0042,7,gallop_b,gallop,forward,1.5,vertical_grf_impulse,Vertical GRF impulse,N s,691.8461797381408,798.0909146404266,-7.13082017376036,7.13082017376036,103.69114330584125,True,False,False
2026-08-20_21-04-16_go2_72d_no_trs_gait_trclosed_v2,No TRS,gait_08_gallop__vx_neg_1p5__seed_0042,8,gallop_c,gallop,backward,-1.5,torque_squared,Torque²,N² m² s,3231.8780824731384,2755.2814918138365,7.960312143777475,7.960312143777475,431.97819696053875,True,False,False
2026-08-20_21-04-16_go2_72d_no_trs_gait_trclosed_v2,No TRS,gait_08_gallop__vx_neg_1p5__seed_0042,8,gallop_c,gallop,backward,-1.5,absolute_work,Absolute work,J,1168.2281865684001,2655.7345037649784,-38.89960330828686,38.89960330828686,275.90186760828215,True,False,False
2026-08-20_21-04-16_go2_72d_no_trs_gait_trclosed_v2,No TRS,gait_08_gallop__vx_neg_1p5__seed_0042,8,gallop_c,gallop,backward,-1.5,vertical_grf_impulse,Vertical GRF impulse,N s,997.6668547949405,444.4332737655858,38.36304914427688,38.36304914427688,104.04864036822111,True,False,False
2026-08-20_21-04-16_go2_72d_no_trs_gait_trclosed_v2,No TRS,gait_08_gallop__vx_neg_1p0__seed_0042,8,gallop_c,gallop,backward,-1.0,torque_squared,Torque²,N² m² s,3058.7405793769008,2156.4683851407294,17.300786993865454,17.300786993865454,559.8022701145314,True,False,False
2026-08-20_21-04-16_go2_72d_no_trs_gait_trclosed_v2,No TRS,gait_08_gallop__vx_neg_1p0__seed_0042,8,gallop_c,gallop,backward,-1.0,absolute_work,Absolute work,J,978.0486191936163,1819.3412412429616,-30.07420002294739,30.07420002294739,300.27276086579803,True,False,False
2026-08-20_21-04-16_go2_72d_no_trs_gait_trclosed_v2,No TRS,gait_08_gallop__vx_neg_1p0__seed_0042,8,gallop_c,gallop,backward,-1.0,vertical_grf_impulse,Vertical GRF impulse,N s,939.9923679685593,482.6039617270637,32.15166500108698,32.15166500108698,152.70196462662142,True,False,False
2026-08-20_21-04-16_go2_72d_no_trs_gait_trclosed_v2,No TRS,gait_08_gallop__vx_neg_0p5__seed_0042,8,gallop_c,gallop,backward,-0.5,torque_squared,Torque²,N² m² s,3059.2154364481285,2300.830951261827,14.14884182579465,14.14884182579465,1236.2224873098571,True,False,False
2026-08-20_21-04-16_go2_72d_no_trs_gait_trclosed_v2,No TRS,gait_08_gallop__vx_neg_0p5__seed_0042,8,gallop_c,gallop,backward,-0.5,absolute_work,Absolute work,J,1130.2062802938892,1686.931461785649,-19.762085934811253,19.762085934811253,649.7348669581128,True,False,False
2026-08-20_21-04-16_go2_72d_no_trs_gait_trclosed_v2,No TRS,gait_08_gallop__vx_neg_0p5__seed_0042,8,gallop_c,gallop,backward,-0.5,vertical_grf_impulse,Vertical GRF impulse,N s,858.2188179385662,528.123108292524,23.810555202888555,23.810555202888555,319.741088106433,True,False,False
2026-08-20_21-04-16_go2_72d_no_trs_gait_trclosed_v2,No TRS,gait_08_gallop__vx_pos_0p5__seed_0042,8,gallop_c,gallop,forward,0.5,torque_squared,Torque²,N² m² s,2739.740706373453,2174.6048928644195,11.499716535944808,11.499716535944808,965.8597976586586,True,False,False
2026-08-20_21-04-16_go2_72d_no_trs_gait_trclosed_v2,No TRS,gait_08_gallop__vx_pos_0p5__seed_0042,8,gallop_c,gallop,forward,0.5,absolute_work,Absolute work,J,1122.1618735145028,850.6750607259129,13.761239364322734,13.761239364322734,387.73908827545273,True,False,False
2026-08-20_21-04-16_go2_72d_no_trs_gait_trclosed_v2,No TRS,gait_08_gallop__vx_pos_0p5__seed_0042,8,gallop_c,gallop,forward,0.5,vertical_grf_impulse,Vertical GRF impulse,N s,756.5728808116913,690.1688483428956,4.589902339210151,4.589902339210151,284.34094541545693,True,False,False
2026-08-20_21-04-16_go2_72d_no_trs_gait_trclosed_v2,No TRS,gait_08_gallop__vx_pos_1p0__seed_0042,8,gallop_c,gallop,forward,1.0,torque_squared,Torque²,N² m² s,2363.8394528409426,2424.057032664792,-1.2577042967855407,1.2577042967855407,483.5603624786625,True,False,False
2026-08-20_21-04-16_go2_72d_no_trs_gait_trclosed_v2,No TRS,gait_08_gallop__vx_pos_1p0__seed_0042,8,gallop_c,gallop,forward,1.0,absolute_work,Absolute work,J,859.7925780124575,1117.6458585240866,-13.039762742917832,13.039762742917832,199.71418556051938,True,False,False
2026-08-20_21-04-16_go2_72d_no_trs_gait_trclosed_v2,No TRS,gait_08_gallop__vx_pos_1p0__seed_0042,8,gallop_c,gallop,forward,1.0,vertical_grf_impulse,Vertical GRF impulse,N s,741.9808678460867,736.3244749355316,0.3826268326888289,0.3826268326888289,149.30353435452662,True,False,False
2026-08-20_21-04-16_go2_72d_no_trs_gait_trclosed_v2,No TRS,gait_08_gallop__vx_pos_1p5__seed_0042,8,gallop_c,gallop,forward,1.5,torque_squared,Torque²,N² m² s,2073.2376964764303,2384.6671376966174,-6.986004699626075,6.986004699626075,309.02660607213846,True,False,False
2026-08-20_21-04-16_go2_72d_no_trs_gait_trclosed_v2,No TRS,gait_08_gallop__vx_pos_1p5__seed_0042,8,gallop_c,gallop,forward,1.5,absolute_work,Absolute work,J,868.6576230418286,1052.0519035589625,-9.548256931994246,9.548256931994246,133.1455848285221,True,False,False
2026-08-20_21-04-16_go2_72d_no_trs_gait_trclosed_v2,No TRS,gait_08_gallop__vx_pos_1p5__seed_0042,8,gallop_c,gallop,forward,1.5,vertical_grf_impulse,Vertical GRF impulse,N s,713.5728357172012,731.6082588291168,-1.24796976517171,1.24796976517171,100.18145864931014,True,False,False
2026-08-20_21-04-16_go2_72d_no_trs_gait_trclosed_v2,No TRS,gait_09_gallop__vx_neg_1p5__seed_0042,9,gallop_d,gallop,backward,-1.5,torque_squared,Torque²,N² m² s,3480.271547520452,1263.726274950788,46.723151137852405,46.723151137852405,342.19502933305506,True,False,False
2026-08-20_21-04-16_go2_72d_no_trs_gait_trclosed_v2,No TRS,gait_09_gallop__vx_neg_1p5__seed_0042,9,gallop_d,gallop,backward,-1.5,absolute_work,Absolute work,J,933.5582806054606,1098.8658382372291,-8.133516823540678,8.133516823540678,146.6032357077034,True,False,False
2026-08-20_21-04-16_go2_72d_no_trs_gait_trclosed_v2,No TRS,gait_09_gallop__vx_neg_1p5__seed_0042,9,gallop_d,gallop,backward,-1.5,vertical_grf_impulse,Vertical GRF impulse,N s,969.4550979991258,470.3025652203524,34.669204792604184,34.669204792604184,103.85289669910404,True,False,False
2026-08-20_21-04-16_go2_72d_no_trs_gait_trclosed_v2,No TRS,gait_09_gallop__vx_neg_1p0__seed_0042,9,gallop_d,gallop,backward,-1.0,torque_squared,Torque²,N² m² s,2970.377057759278,1211.9631516328102,42.04377975224681,42.04377975224681,448.66283763552144,True,False,False
2026-08-20_21-04-16_go2_72d_no_trs_gait_trclosed_v2,No TRS,gait_09_gallop__vx_neg_1p0__seed_0042,9,gallop_d,gallop,backward,-1.0,absolute_work,Absolute work,J,686.4000427993527,751.6531865877548,-4.537602812951001,4.537602812951001,154.26794814990106,True,False,False
2026-08-20_21-04-16_go2_72d_no_trs_gait_trclosed_v2,No TRS,gait_09_gallop__vx_neg_1p0__seed_0042,9,gallop_d,gallop,backward,-1.0,vertical_grf_impulse,Vertical GRF impulse,N s,941.7917797942504,512.3659444210739,29.53089807399663,29.53089807399663,155.99556665690068,True,False,False
2026-08-20_21-04-16_go2_72d_no_trs_gait_trclosed_v2,No TRS,gait_09_gallop__vx_neg_0p5__seed_0042,9,gallop_d,gallop,backward,-0.5,torque_squared,Torque²,N² m² s,2669.6233649832407,1163.950780646963,39.27594790497417,39.27594790497417,849.645525523638,True,False,False
2026-08-20_21-04-16_go2_72d_no_trs_gait_trclosed_v2,No TRS,gait_09_gallop__vx_neg_0p5__seed_0042,9,gallop_d,gallop,backward,-0.5,absolute_work,Absolute work,J,582.7750611292903,305.09859506443723,31.27432198576979,31.27432198576979,196.78186740569765,True,False,False
2026-08-20_21-04-16_go2_72d_no_trs_gait_trclosed_v2,No TRS,gait_09_gallop__vx_neg_0p5__seed_0042,9,gallop_d,gallop,backward,-0.5,vertical_grf_impulse,Vertical GRF impulse,N s,866.1771448015622,557.487338309288,21.682763751874734,21.682763751874734,315.5306541549121,True,False,False
2026-08-20_21-04-16_go2_72d_no_trs_gait_trclosed_v2,No TRS,gait_09_gallop__vx_pos_0p5__seed_0042,9,gallop_d,gallop,forward,0.5,torque_squared,Torque²,N² m² s,1886.0584857075178,2098.608168776384,-5.334189820613636,5.334189820613636,832.7950897427955,True,False,False
2026-08-20_21-04-16_go2_72d_no_trs_gait_trclosed_v2,No TRS,gait_09_gallop__vx_pos_0p5__seed_0042,9,gallop_d,gallop,forward,0.5,absolute_work,Absolute work,J,444.73469373385655,479.30903732595095,-3.7416349930149178,3.7416349930149178,193.12508389334553,True,False,False
2026-08-20_21-04-16_go2_72d_no_trs_gait_trclosed_v2,No TRS,gait_09_gallop__vx_pos_0p5__seed_0042,9,gallop_d,gallop,forward,0.5,vertical_grf_impulse,Vertical GRF impulse,N s,749.4187322425843,710.2977710890771,2.6800382858053196,2.6800382858053196,305.08066089372346,True,False,False
2026-08-20_21-04-16_go2_72d_no_trs_gait_trclosed_v2,No TRS,gait_09_gallop__vx_pos_1p0__seed_0042,9,gallop_d,gallop,forward,1.0,torque_squared,Torque²,N² m² s,1983.6816876683708,2276.573130640472,-6.874974748303146,6.874974748303146,439.21008629180636,True,False,False
2026-08-20_21-04-16_go2_72d_no_trs_gait_trclosed_v2,No TRS,gait_09_gallop__vx_pos_1p0__seed_0042,9,gallop_d,gallop,forward,1.0,absolute_work,Absolute work,J,560.1972670407433,706.8300599309689,-11.572977927846958,11.572977927846958,130.6239193068334,True,False,False
2026-08-20_21-04-16_go2_72d_no_trs_gait_trclosed_v2,No TRS,gait_09_gallop__vx_pos_1p0__seed_0042,9,gallop_d,gallop,forward,1.0,vertical_grf_impulse,Vertical GRF impulse,N s,752.551395397225,733.059607795495,1.312038451508518,1.312038451508518,153.1587580405219,True,False,False
2026-08-20_21-04-16_go2_72d_no_trs_gait_trclosed_v2,No TRS,gait_09_gallop__vx_pos_1p5__seed_0042,9,gallop_d,gallop,forward,1.5,torque_squared,Torque²,N² m² s,1874.7373836697916,2456.4831957944257,-13.431451976444881,13.431451976444881,301.36727998101344,True,False,False
2026-08-20_21-04-16_go2_72d_no_trs_gait_trclosed_v2,No TRS,gait_09_gallop__vx_pos_1p5__seed_0042,9,gallop_d,gallop,forward,1.5,absolute_work,Absolute work,J,723.9435880519959,913.0794037088667,-11.55364442703563,11.55364442703563,113.90441960690445,True,False,False
2026-08-20_21-04-16_go2_72d_no_trs_gait_trclosed_v2,No TRS,gait_09_gallop__vx_pos_1p5__seed_0042,9,gallop_d,gallop,forward,1.5,vertical_grf_impulse,Vertical GRF impulse,N s,725.4870465693392,766.7883138227463,-2.7676706558068123,2.7676706558068123,103.83284759874343,True,False,False
2026-08-21_10-22-39_go2_72d_trs_m0p1_v0p05_w500_r0_gait_trclosed_v2,"TRS m0.1/v0.05, w500/r0",gait_00_trot__vx_neg_1p5__seed_0042,0,trot,trot,backward,-1.5,torque_squared,Torque²,N² m² s,3105.9273289004304,1713.5152818323686,28.891557790670422,28.891557790670422,334.4599483600565,True,False,False
2026-08-21_10-22-39_go2_72d_trs_m0p1_v0p05_w500_r0_gait_trclosed_v2,"TRS m0.1/v0.05, w500/r0",gait_00_trot__vx_neg_1p5__seed_0042,0,trot,trot,backward,-1.5,absolute_work,Absolute work,J,1057.4584382643325,1610.1143202619255,-20.717556071569586,20.717556071569586,185.1243637752804,True,False,False
2026-08-21_10-22-39_go2_72d_trs_m0p1_v0p05_w500_r0_gait_trclosed_v2,"TRS m0.1/v0.05, w500/r0",gait_00_trot__vx_neg_1p5__seed_0042,0,trot,trot,backward,-1.5,vertical_grf_impulse,Vertical GRF impulse,N s,1049.4388913591217,451.1260788130459,39.87250298648703,39.87250298648703,104.13629188508627,True,False,False
2026-08-21_10-22-39_go2_72d_trs_m0p1_v0p05_w500_r0_gait_trclosed_v2,"TRS m0.1/v0.05, w500/r0",gait_00_trot__vx_neg_1p0__seed_0042,0,trot,trot,backward,-1.0,torque_squared,Torque²,N² m² s,2225.948795738283,1302.569054207259,26.169053999408714,26.169053999408714,359.7465824566908,True,False,False
2026-08-21_10-22-39_go2_72d_trs_m0p1_v0p05_w500_r0_gait_trclosed_v2,"TRS m0.1/v0.05, w500/r0",gait_00_trot__vx_neg_1p0__seed_0042,0,trot,trot,backward,-1.0,absolute_work,Absolute work,J,777.0346352495533,962.5809675172111,-10.665938611527537,10.665938611527537,177.36080544224495,True,False,False
2026-08-21_10-22-39_go2_72d_trs_m0p1_v0p05_w500_r0_gait_trclosed_v2,"TRS m0.1/v0.05, w500/r0",gait_00_trot__vx_neg_1p0__seed_0042,0,trot,trot,backward,-1.0,vertical_grf_impulse,Vertical GRF impulse,N s,944.0043256121851,536.5712056713201,27.51856364853354,27.51856364853354,150.95062859224612,True,False,False
2026-08-21_10-22-39_go2_72d_trs_m0p1_v0p05_w500_r0_gait_trclosed_v2,"TRS m0.1/v0.05, w500/r0",gait_00_trot__vx_neg_0p5__seed_0042,0,trot,trot,backward,-0.5,torque_squared,Torque²,N² m² s,1565.5979235339285,1047.761003904214,19.814994189770417,19.814994189770417,537.524692376911,True,False,False
2026-08-21_10-22-39_go2_72d_trs_m0p1_v0p05_w500_r0_gait_trclosed_v2,"TRS m0.1/v0.05, w500/r0",gait_00_trot__vx_neg_0p5__seed_0042,0,trot,trot,backward,-0.5,absolute_work,Absolute work,J,567.1472413817619,545.9676322918676,1.902733454633921,1.902733454633921,228.9493126143669,True,False,False
2026-08-21_10-22-39_go2_72d_trs_m0p1_v0p05_w500_r0_gait_trclosed_v2,"TRS m0.1/v0.05, w500/r0",gait_00_trot__vx_neg_0p5__seed_0042,0,trot,trot,backward,-0.5,vertical_grf_impulse,Vertical GRF impulse,N s,893.4306935630121,552.5048491267646,23.578218694454804,23.578218694454804,297.4050175890204,True,False,False
2026-08-21_10-22-39_go2_72d_trs_m0p1_v0p05_w500_r0_gait_trclosed_v2,"TRS m0.1/v0.05, w500/r0",gait_00_trot__vx_pos_0p5__seed_0042,0,trot,trot,forward,0.5,torque_squared,Torque²,N² m² s,1361.8128571259574,959.3115395044749,17.340790446466038,17.340790446466038,486.12324870620273,True,False,False
2026-08-21_10-22-39_go2_72d_trs_m0p1_v0p05_w500_r0_gait_trclosed_v2,"TRS m0.1/v0.05, w500/r0",gait_00_trot__vx_pos_0p5__seed_0042,0,trot,trot,forward,0.5,absolute_work,Absolute work,J,334.8712666288437,273.28164167477865,10.127325564529942,10.127325564529942,127.3681272420633,True,False,False
2026-08-21_10-22-39_go2_72d_trs_m0p1_v0p05_w500_r0_gait_trclosed_v2,"TRS m0.1/v0.05, w500/r0",gait_00_trot__vx_pos_0p5__seed_0042,0,trot,trot,forward,0.5,vertical_grf_impulse,Vertical GRF impulse,N s,847.583192776311,606.0028018261505,16.619614652811084,16.619614652811084,304.43088142789156,True,False,False
2026-08-21_10-22-39_go2_72d_trs_m0p1_v0p05_w500_r0_gait_trclosed_v2,"TRS m0.1/v0.05, w500/r0",gait_00_trot__vx_pos_1p0__seed_0042,0,trot,trot,forward,1.0,torque_squared,Torque²,N² m² s,1428.7445303773443,1157.100634997398,10.505033287272617,10.505033287272617,270.1829776457866,True,False,False
2026-08-21_10-22-39_go2_72d_trs_m0p1_v0p05_w500_r0_gait_trclosed_v2,"TRS m0.1/v0.05, w500/r0",gait_00_trot__vx_pos_1p0__seed_0042,0,trot,trot,forward,1.0,absolute_work,Absolute work,J,471.19110669094374,406.19704827676077,7.407674476363921,7.407674476363921,91.6742221980499,True,False,False
2026-08-21_10-22-39_go2_72d_trs_m0p1_v0p05_w500_r0_gait_trclosed_v2,"TRS m0.1/v0.05, w500/r0",gait_00_trot__vx_pos_1p0__seed_0042,0,trot,trot,forward,1.0,vertical_grf_impulse,Vertical GRF impulse,N s,788.0844487178326,709.618340593629,5.239097415334108,5.239097415334108,156.48802359205763,True,False,False
2026-08-21_10-22-39_go2_72d_trs_m0p1_v0p05_w500_r0_gait_trclosed_v2,"TRS m0.1/v0.05, w500/r0",gait_00_trot__vx_pos_1p5__seed_0042,0,trot,trot,forward,1.5,torque_squared,Torque²,N² m² s,1703.5375016889507,1605.9850312742406,2.9476297394284914,2.9476297394284914,232.18977799631185,True,False,False
2026-08-21_10-22-39_go2_72d_trs_m0p1_v0p05_w500_r0_gait_trclosed_v2,"TRS m0.1/v0.05, w500/r0",gait_00_trot__vx_pos_1p5__seed_0042,0,trot,trot,forward,1.5,absolute_work,Absolute work,J,782.5709350789106,643.2658181706043,9.770060744389331,9.770060744389331,100.03398251516575,True,False,False
2026-08-21_10-22-39_go2_72d_trs_m0p1_v0p05_w500_r0_gait_trclosed_v2,"TRS m0.1/v0.05, w500/r0",gait_00_trot__vx_pos_1p5__seed_0042,0,trot,trot,forward,1.5,vertical_grf_impulse,Vertical GRF impulse,N s,729.8524959349633,784.0325409698487,-3.5788744662975427,3.5788744662975427,106.21128187821773,True,False,False
2026-08-21_10-22-39_go2_72d_trs_m0p1_v0p05_w500_r0_gait_trclosed_v2,"TRS m0.1/v0.05, w500/r0",gait_01_bound__vx_neg_1p5__seed_0042,1,bound,bound,backward,-1.5,torque_squared,Torque²,N² m² s,3403.466919144478,4028.7162994040223,-8.412728290916041,8.412728290916041,510.1639037177508,True,False,False
2026-08-21_10-22-39_go2_72d_trs_m0p1_v0p05_w500_r0_gait_trclosed_v2,"TRS m0.1/v0.05, w500/r0",gait_01_bound__vx_neg_1p5__seed_0042,1,bound,bound,backward,-1.5,absolute_work,Absolute work,J,1424.0921527811663,4187.520764864339,-49.2448187827367,49.2448187827367,385.1953414003832,True,False,False
2026-08-21_10-22-39_go2_72d_trs_m0p1_v0p05_w500_r0_gait_trclosed_v2,"TRS m0.1/v0.05, w500/r0",gait_01_bound__vx_neg_1p5__seed_0042,1,bound,bound,backward,-1.5,vertical_grf_impulse,Vertical GRF impulse,N s,1046.6478006089076,354.97401143225375,49.34810397744734,49.34810397744734,96.21087561220222,True,False,False
2026-08-21_10-22-39_go2_72d_trs_m0p1_v0p05_w500_r0_gait_trclosed_v2,"TRS m0.1/v0.05, w500/r0",gait_01_bound__vx_neg_1p0__seed_0042,1,bound,bound,backward,-1.0,torque_squared,Torque²,N² m² s,3489.164519365685,3368.6606124823898,1.757173806075475,1.757173806075475,680.336034508129,True,False,False
2026-08-21_10-22-39_go2_72d_trs_m0p1_v0p05_w500_r0_gait_trclosed_v2,"TRS m0.1/v0.05, w500/r0",gait_01_bound__vx_neg_1p0__seed_0042,1,bound,bound,backward,-1.0,absolute_work,Absolute work,J,1379.0571580464766,3409.548034553875,-42.402553454292665,42.402553454292665,475.0574132357348,True,False,False
2026-08-21_10-22-39_go2_72d_trs_m0p1_v0p05_w500_r0_gait_trclosed_v2,"TRS m0.1/v0.05, w500/r0",gait_01_bound__vx_neg_1p0__seed_0042,1,bound,bound,backward,-1.0,vertical_grf_impulse,Vertical GRF impulse,N s,1091.0726462348985,351.89828691172005,51.2258661864585,51.2258661864585,143.15108707108593,True,False,False
2026-08-21_10-22-39_go2_72d_trs_m0p1_v0p05_w500_r0_gait_trclosed_v2,"TRS m0.1/v0.05, w500/r0",gait_01_bound__vx_neg_0p5__seed_0042,1,bound,bound,backward,-0.5,torque_squared,Torque²,N² m² s,3821.973775190361,2509.4527686042416,20.730257194131298,20.730257194131298,1266.1504315509696,True,False,False
2026-08-21_10-22-39_go2_72d_trs_m0p1_v0p05_w500_r0_gait_trclosed_v2,"TRS m0.1/v0.05, w500/r0",gait_01_bound__vx_neg_0p5__seed_0042,1,bound,bound,backward,-0.5,absolute_work,Absolute work,J,1298.9863122667361,2498.8863945087564,-31.594004720099512,31.594004720099512,759.493635975671,True,False,False
2026-08-21_10-22-39_go2_72d_trs_m0p1_v0p05_w500_r0_gait_trclosed_v2,"TRS m0.1/v0.05, w500/r0",gait_01_bound__vx_neg_0p5__seed_0042,1,bound,bound,backward,-0.5,vertical_grf_impulse,Vertical GRF impulse,N s,1073.3683517205009,349.6556003579528,50.85738369375307,50.85738369375307,284.57447599978843,True,False,False
2026-08-21_10-22-39_go2_72d_trs_m0p1_v0p05_w500_r0_gait_trclosed_v2,"TRS m0.1/v0.05, w500/r0",gait_01_bound__vx_pos_0p5__seed_0042,1,bound,bound,forward,0.5,torque_squared,Torque²,N² m² s,2745.7251719473734,2840.0631585465812,-1.6888929729792586,1.6888929729792586,1229.8812171128218,True,False,False
2026-08-21_10-22-39_go2_72d_trs_m0p1_v0p05_w500_r0_gait_trclosed_v2,"TRS m0.1/v0.05, w500/r0",gait_01_bound__vx_pos_0p5__seed_0042,1,bound,bound,forward,0.5,absolute_work,Absolute work,J,1712.3120797598526,1042.6721362698047,24.306489292889626,24.306489292889626,606.5935800394961,True,False,False
2026-08-21_10-22-39_go2_72d_trs_m0p1_v0p05_w500_r0_gait_trclosed_v2,"TRS m0.1/v0.05, w500/r0",gait_01_bound__vx_pos_0p5__seed_0042,1,bound,bound,forward,0.5,vertical_grf_impulse,Vertical GRF impulse,N s,602.5363303089299,852.9475294719102,-17.204670287493677,17.204670287493677,320.4690466308862,True,False,False
2026-08-21_10-22-39_go2_72d_trs_m0p1_v0p05_w500_r0_gait_trclosed_v2,"TRS m0.1/v0.05, w500/r0",gait_01_bound__vx_pos_1p0__seed_0042,1,bound,bound,forward,1.0,torque_squared,Torque²,N² m² s,2159.854988355111,3408.1449767538033,-22.419001368910298,22.419001368910298,592.4852518710586,True,False,False
2026-08-21_10-22-39_go2_72d_trs_m0p1_v0p05_w500_r0_gait_trclosed_v2,"TRS m0.1/v0.05, w500/r0",gait_01_bound__vx_pos_1p0__seed_0042,1,bound,bound,forward,1.0,absolute_work,Absolute work,J,1081.0329681864014,1363.4386213773687,-11.552830247512274,11.552830247512274,260.1137526059606,True,False,False
2026-08-21_10-22-39_go2_72d_trs_m0p1_v0p05_w500_r0_gait_trclosed_v2,"TRS m0.1/v0.05, w500/r0",gait_01_bound__vx_pos_1p0__seed_0042,1,bound,bound,forward,1.0,vertical_grf_impulse,Vertical GRF impulse,N s,656.0543080878258,835.8763661840558,-12.052976803629962,12.052976803629962,158.75483600202273,True,False,False
2026-08-21_10-22-39_go2_72d_trs_m0p1_v0p05_w500_r0_gait_trclosed_v2,"TRS m0.1/v0.05, w500/r0",gait_01_bound__vx_pos_1p5__seed_0042,1,bound,bound,forward,1.5,torque_squared,Torque²,N² m² s,2074.8249267118936,2988.280216001067,-18.041404702089935,18.041404702089935,359.6246823551843,True,False,False
2026-08-21_10-22-39_go2_72d_trs_m0p1_v0p05_w500_r0_gait_trclosed_v2,"TRS m0.1/v0.05, w500/r0",gait_01_bound__vx_pos_1p5__seed_0042,1,bound,bound,forward,1.5,absolute_work,Absolute work,J,1036.7234148244304,1456.135136933392,-16.824529486970544,16.824529486970544,177.0639636276532,True,False,False
2026-08-21_10-22-39_go2_72d_trs_m0p1_v0p05_w500_r0_gait_trclosed_v2,"TRS m0.1/v0.05, w500/r0",gait_01_bound__vx_pos_1p5__seed_0042,1,bound,bound,forward,1.5,vertical_grf_impulse,Vertical GRF impulse,N s,663.7266166305542,794.5629906368256,-8.97190608465211,8.97190608465211,103.58009996102692,True,False,False
2026-08-21_10-22-39_go2_72d_trs_m0p1_v0p05_w500_r0_gait_trclosed_v2,"TRS m0.1/v0.05, w500/r0",gait_02_half_bound__vx_neg_1p5__seed_0042,2,half_bound_front_a,half_bound,backward,-1.5,torque_squared,Torque²,N² m² s,3287.771504357463,4308.736970091581,-13.439930583479875,13.439930583479875,523.3624782174845,True,False,False
2026-08-21_10-22-39_go2_72d_trs_m0p1_v0p05_w500_r0_gait_trclosed_v2,"TRS m0.1/v0.05, w500/r0",gait_02_half_bound__vx_neg_1p5__seed_0042,2,half_bound_front_a,half_bound,backward,-1.5,absolute_work,Absolute work,J,1531.3030827437435,4353.482340212968,-47.95721601776379,47.95721601776379,405.4330871999887,True,False,False
2026-08-21_10-22-39_go2_72d_trs_m0p1_v0p05_w500_r0_gait_trclosed_v2,"TRS m0.1/v0.05, w500/r0",gait_02_half_bound__vx_neg_1p5__seed_0042,2,half_bound_front_a,half_bound,backward,-1.5,vertical_grf_impulse,Vertical GRF impulse,N s,1044.528185080436,378.85741737886536,46.766720595700555,46.766720595700555,98.06434348988421,True,False,False
2026-08-21_10-22-39_go2_72d_trs_m0p1_v0p05_w500_r0_gait_trclosed_v2,"TRS m0.1/v0.05, w500/r0",gait_02_half_bound__vx_neg_1p0__seed_0042,2,half_bound_front_a,half_bound,backward,-1.0,torque_squared,Torque²,N² m² s,3266.0884352203902,3395.59829003911,-1.9441000479300505,1.9441000479300505,665.0398674073781,True,False,False
2026-08-21_10-22-39_go2_72d_trs_m0p1_v0p05_w500_r0_gait_trclosed_v2,"TRS m0.1/v0.05, w500/r0",gait_02_half_bound__vx_neg_1p0__seed_0042,2,half_bound_front_a,half_bound,backward,-1.0,absolute_work,Absolute work,J,1442.7607292592381,3404.9084292599096,-40.47610585290154,40.47610585290154,483.94549119102055,True,False,False
2026-08-21_10-22-39_go2_72d_trs_m0p1_v0p05_w500_r0_gait_trclosed_v2,"TRS m0.1/v0.05, w500/r0",gait_02_half_bound__vx_neg_1p0__seed_0042,2,half_bound_front_a,half_bound,backward,-1.0,vertical_grf_impulse,Vertical GRF impulse,N s,1069.3338753173507,351.33869607324783,50.53910335872163,50.53910335872163,141.82652794590825,True,False,False
2026-08-21_10-22-39_go2_72d_trs_m0p1_v0p05_w500_r0_gait_trclosed_v2,"TRS m0.1/v0.05, w500/r0",gait_02_half_bound__vx_neg_0p5__seed_0042,2,half_bound_front_a,half_bound,backward,-0.5,torque_squared,Torque²,N² m² s,3402.761033951603,2753.9657019401516,10.537991368517002,10.537991368517002,1199.55397958054,True,False,False
2026-08-21_10-22-39_go2_72d_trs_m0p1_v0p05_w500_r0_gait_trclosed_v2,"TRS m0.1/v0.05, w500/r0",gait_02_half_bound__vx_neg_0p5__seed_0042,2,half_bound_front_a,half_bound,backward,-0.5,absolute_work,Absolute work,J,1150.237854368343,2463.831151036176,-36.34665787242775,36.34665787242775,704.1519047188546,True,False,False
2026-08-21_10-22-39_go2_72d_trs_m0p1_v0p05_w500_r0_gait_trclosed_v2,"TRS m0.1/v0.05, w500/r0",gait_02_half_bound__vx_neg_0p5__seed_0042,2,half_bound_front_a,half_bound,backward,-0.5,vertical_grf_impulse,Vertical GRF impulse,N s,1005.4464560355025,412.38959920612797,41.82830974264543,41.82830974264543,276.2459591625076,True,False,False
2026-08-21_10-22-39_go2_72d_trs_m0p1_v0p05_w500_r0_gait_trclosed_v2,"TRS m0.1/v0.05, w500/r0",gait_02_half_bound__vx_pos_0p5__seed_0042,2,half_bound_front_a,half_bound,forward,0.5,torque_squared,Torque²,N² m² s,1078.842045279443,1158.209662775386,-3.54786691832685,3.54786691832685,478.53802198219694,True,False,False
2026-08-21_10-22-39_go2_72d_trs_m0p1_v0p05_w500_r0_gait_trclosed_v2,"TRS m0.1/v0.05, w500/r0",gait_02_half_bound__vx_pos_0p5__seed_0042,2,half_bound_front_a,half_bound,forward,0.5,absolute_work,Absolute work,J,285.9535606593208,857.1145959279169,-49.9673647609836,49.9673647609836,244.51896783365999,True,False,False
2026-08-21_10-22-39_go2_72d_trs_m0p1_v0p05_w500_r0_gait_trclosed_v2,"TRS m0.1/v0.05, w500/r0",gait_02_half_bound__vx_pos_0p5__seed_0042,2,half_bound_front_a,half_bound,forward,0.5,vertical_grf_impulse,Vertical GRF impulse,N s,881.7906715205312,552.90671372222,22.92357685886936,22.92357685886936,306.90271771772075,True,False,False
2026-08-21_10-22-39_go2_72d_trs_m0p1_v0p05_w500_r0_gait_trclosed_v2,"TRS m0.1/v0.05, w500/r0",gait_02_half_bound__vx_pos_1p0__seed_0042,2,half_bound_front_a,half_bound,forward,1.0,torque_squared,Torque²,N² m² s,2303.765215841754,3309.0576450295466,-17.910638801662397,17.910638801662397,602.244893393896,True,False,False
2026-08-21_10-22-39_go2_72d_trs_m0p1_v0p05_w500_r0_gait_trclosed_v2,"TRS m0.1/v0.05, w500/r0",gait_02_half_bound__vx_pos_1p0__seed_0042,2,half_bound_front_a,half_bound,forward,1.0,absolute_work,Absolute work,J,1169.3739134940458,1426.7442810814737,-9.913661408991025,9.913661408991025,278.55839460562976,True,False,False
2026-08-21_10-22-39_go2_72d_trs_m0p1_v0p05_w500_r0_gait_trclosed_v2,"TRS m0.1/v0.05, w500/r0",gait_02_half_bound__vx_pos_1p0__seed_0042,2,half_bound_front_a,half_bound,forward,1.0,vertical_grf_impulse,Vertical GRF impulse,N s,669.6367014598846,838.0542634564638,-11.170562530095381,11.170562530095381,161.77228587898713,True,False,False
2026-08-21_10-22-39_go2_72d_trs_m0p1_v0p05_w500_r0_gait_trclosed_v2,"TRS m0.1/v0.05, w500/r0",gait_02_half_bound__vx_pos_1p5__seed_0042,2,half_bound_front_a,half_bound,forward,1.5,torque_squared,Torque²,N² m² s,2163.7342267283866,2945.0779111387374,-15.294038287666487,15.294038287666487,362.50328171217546,True,False,False
2026-08-21_10-22-39_go2_72d_trs_m0p1_v0p05_w500_r0_gait_trclosed_v2,"TRS m0.1/v0.05, w500/r0",gait_02_half_bound__vx_pos_1p5__seed_0042,2,half_bound_front_a,half_bound,forward,1.5,absolute_work,Absolute work,J,1042.7888621090099,1384.6204266366358,-14.08215607118592,14.08215607118592,172.2403974706108,True,False,False
2026-08-21_10-22-39_go2_72d_trs_m0p1_v0p05_w500_r0_gait_trclosed_v2,"TRS m0.1/v0.05, w500/r0",gait_02_half_bound__vx_pos_1p5__seed_0042,2,half_bound_front_a,half_bound,forward,1.5,vertical_grf_impulse,Vertical GRF impulse,N s,648.0640591789647,772.2918071079262,-8.746241056737345,8.746241056737345,100.78344022708505,True,False,False
2026-08-21_10-22-39_go2_72d_trs_m0p1_v0p05_w500_r0_gait_trclosed_v2,"TRS m0.1/v0.05, w500/r0",gait_03_half_bound__vx_neg_1p5__seed_0042,3,half_bound_front_b,half_bound,backward,-1.5,torque_squared,Torque²,N² m² s,3680.49270036004,3250.628750542698,6.201939366700244,6.201939366700244,477.0209428437114,True,False,False
2026-08-21_10-22-39_go2_72d_trs_m0p1_v0p05_w500_r0_gait_trclosed_v2,"TRS m0.1/v0.05, w500/r0",gait_03_half_bound__vx_neg_1p5__seed_0042,3,half_bound_front_b,half_bound,backward,-1.5,absolute_work,Absolute work,J,1422.935223329491,3485.7583953220073,-42.023872994526165,42.023872994526165,337.83128382421785,True,False,False
2026-08-21_10-22-39_go2_72d_trs_m0p1_v0p05_w500_r0_gait_trclosed_v2,"TRS m0.1/v0.05, w500/r0",gait_03_half_bound__vx_neg_1p5__seed_0042,3,half_bound_front_b,half_bound,backward,-1.5,vertical_grf_impulse,Vertical GRF impulse,N s,1088.5621317769132,348.42375921658515,51.50630755661866,51.50630755661866,98.89775694026405,True,False,False
2026-08-21_10-22-39_go2_72d_trs_m0p1_v0p05_w500_r0_gait_trclosed_v2,"TRS m0.1/v0.05, w500/r0",gait_03_half_bound__vx_neg_1p0__seed_0042,3,half_bound_front_b,half_bound,backward,-1.0,torque_squared,Torque²,N² m² s,3529.7754952990335,2842.7857158424363,10.7804343762991,10.7804343762991,639.6270225364987,True,False,False
2026-08-21_10-22-39_go2_72d_trs_m0p1_v0p05_w500_r0_gait_trclosed_v2,"TRS m0.1/v0.05, w500/r0",gait_03_half_bound__vx_neg_1p0__seed_0042,3,half_bound_front_b,half_bound,backward,-1.0,absolute_work,Absolute work,J,1221.1441832181695,2790.3747619806,-39.11811461443006,39.11811461443006,402.64437386339955,True,False,False
2026-08-21_10-22-39_go2_72d_trs_m0p1_v0p05_w500_r0_gait_trclosed_v2,"TRS m0.1/v0.05, w500/r0",gait_03_half_bound__vx_neg_1p0__seed_0042,3,half_bound_front_b,half_bound,backward,-1.0,vertical_grf_impulse,Vertical GRF impulse,N s,1077.832267957534,359.32649222917723,49.99487848058003,49.99487848058003,144.2505686855245,True,False,False
2026-08-21_10-22-39_go2_72d_trs_m0p1_v0p05_w500_r0_gait_trclosed_v2,"TRS m0.1/v0.05, w500/r0",gait_03_half_bound__vx_neg_0p5__seed_0042,3,half_bound_front_b,half_bound,backward,-0.5,torque_squared,Torque²,N² m² s,4015.3630295755947,2025.5010004470387,32.94002346748898,32.94002346748898,1229.7697983635787,True,False,False
2026-08-21_10-22-39_go2_72d_trs_m0p1_v0p05_w500_r0_gait_trclosed_v2,"TRS m0.1/v0.05, w500/r0",gait_03_half_bound__vx_neg_0p5__seed_0042,3,half_bound_front_b,half_bound,backward,-0.5,absolute_work,Absolute work,J,1451.6735699523463,1890.9781319178799,-13.142397148938402,13.142397148938402,680.4808201242066,True,False,False
2026-08-21_10-22-39_go2_72d_trs_m0p1_v0p05_w500_r0_gait_trclosed_v2,"TRS m0.1/v0.05, w500/r0",gait_03_half_bound__vx_neg_0p5__seed_0042,3,half_bound_front_b,half_bound,backward,-0.5,vertical_grf_impulse,Vertical GRF impulse,N s,1052.9954919892655,357.44247068741737,49.31468378671901,49.31468378671901,287.1301191923604,True,False,False
2026-08-21_10-22-39_go2_72d_trs_m0p1_v0p05_w500_r0_gait_trclosed_v2,"TRS m0.1/v0.05, w500/r0",gait_03_half_bound__vx_pos_0p5__seed_0042,3,half_bound_front_b,half_bound,forward,0.5,torque_squared,Torque²,N² m² s,2227.67791728349,2151.8027757898153,1.7325145790385748,1.7325145790385748,938.6388120079419,True,False,False
2026-08-21_10-22-39_go2_72d_trs_m0p1_v0p05_w500_r0_gait_trclosed_v2,"TRS m0.1/v0.05, w500/r0",gait_03_half_bound__vx_pos_0p5__seed_0042,3,half_bound_front_b,half_bound,forward,0.5,absolute_work,Absolute work,J,1108.6191745317142,912.1380307068761,9.723144537873347,9.723144537873347,433.1018391019747,True,False,False
2026-08-21_10-22-39_go2_72d_trs_m0p1_v0p05_w500_r0_gait_trclosed_v2,"TRS m0.1/v0.05, w500/r0",gait_03_half_bound__vx_pos_0p5__seed_0042,3,half_bound_front_b,half_bound,forward,0.5,vertical_grf_impulse,Vertical GRF impulse,N s,644.4629544520378,799.1556200265885,-10.715618952909297,10.715618952909297,309.40573065760407,True,False,False
2026-08-21_10-22-39_go2_72d_trs_m0p1_v0p05_w500_r0_gait_trclosed_v2,"TRS m0.1/v0.05, w500/r0",gait_03_half_bound__vx_pos_1p0__seed_0042,3,half_bound_front_b,half_bound,forward,1.0,torque_squared,Torque²,N² m² s,2110.236793096519,2843.9669192535175,-14.810253448559799,14.810253448559799,513.8407793104932,True,False,False
2026-08-21_10-22-39_go2_72d_trs_m0p1_v0p05_w500_r0_gait_trclosed_v2,"TRS m0.1/v0.05, w500/r0",gait_03_half_bound__vx_pos_1p0__seed_0042,3,half_bound_front_b,half_bound,forward,1.0,absolute_work,Absolute work,J,873.8026208192598,1288.1650873705585,-19.165987770383392,19.165987770383392,224.2352629245066,True,False,False
2026-08-21_10-22-39_go2_72d_trs_m0p1_v0p05_w500_r0_gait_trclosed_v2,"TRS m0.1/v0.05, w500/r0",gait_03_half_bound__vx_pos_1p0__seed_0042,3,half_bound_front_b,half_bound,forward,1.0,vertical_grf_impulse,Vertical GRF impulse,N s,678.4392235088349,787.842139697671,-7.461249862004022,7.461249862004022,152.0799712939317,True,False,False
2026-08-21_10-22-39_go2_72d_trs_m0p1_v0p05_w500_r0_gait_trclosed_v2,"TRS m0.1/v0.05, w500/r0",gait_03_half_bound__vx_pos_1p5__seed_0042,3,half_bound_front_b,half_bound,forward,1.5,torque_squared,Torque²,N² m² s,1968.7652992740545,2687.2723794448966,-15.431728215063117,15.431728215063117,329.6363497952286,True,False,False
2026-08-21_10-22-39_go2_72d_trs_m0p1_v0p05_w500_r0_gait_trclosed_v2,"TRS m0.1/v0.05, w500/r0",gait_03_half_bound__vx_pos_1p5__seed_0042,3,half_bound_front_b,half_bound,forward,1.5,absolute_work,Absolute work,J,1001.5246229663637,1383.1840931648155,-16.00444815824866,16.00444815824866,168.83168280687747,True,False,False
2026-08-21_10-22-39_go2_72d_trs_m0p1_v0p05_w500_r0_gait_trclosed_v2,"TRS m0.1/v0.05, w500/r0",gait_03_half_bound__vx_pos_1p5__seed_0042,3,half_bound_front_b,half_bound,forward,1.5,vertical_grf_impulse,Vertical GRF impulse,N s,666.8425738211433,775.54979221344,-7.536591356979649,7.536591356979649,102.11793531768872,True,False,False
2026-08-21_10-22-39_go2_72d_trs_m0p1_v0p05_w500_r0_gait_trclosed_v2,"TRS m0.1/v0.05, w500/r0",gait_04_half_bound__vx_neg_1p5__seed_0042,4,half_bound_hind_a,half_bound,backward,-1.5,torque_squared,Torque²,N² m² s,3278.074191807326,4192.074158170967,-12.235365665345817,12.235365665345817,511.2541925194763,True,False,False
2026-08-21_10-22-39_go2_72d_trs_m0p1_v0p05_w500_r0_gait_trclosed_v2,"TRS m0.1/v0.05, w500/r0",gait_04_half_bound__vx_neg_1p5__seed_0042,4,half_bound_hind_a,half_bound,backward,-1.5,absolute_work,Absolute work,J,1555.7336525970627,4391.73951654223,-47.68421451080861,47.68421451080861,407.0428658392568,True,False,False
2026-08-21_10-22-39_go2_72d_trs_m0p1_v0p05_w500_r0_gait_trclosed_v2,"TRS m0.1/v0.05, w500/r0",gait_04_half_bound__vx_neg_1p5__seed_0042,4,half_bound_hind_a,half_bound,backward,-1.5,vertical_grf_impulse,Vertical GRF impulse,N s,1040.9484960053344,372.35300056993805,47.30735070015451,47.30735070015451,96.72583214766517,True,False,False
2026-08-21_10-22-39_go2_72d_trs_m0p1_v0p05_w500_r0_gait_trclosed_v2,"TRS m0.1/v0.05, w500/r0",gait_04_half_bound__vx_neg_1p0__seed_0042,4,half_bound_hind_a,half_bound,backward,-1.0,torque_squared,Torque²,N² m² s,3337.1485177208892,3546.654987676154,-3.043469642778263,3.043469642778263,693.800601573516,True,False,False
2026-08-21_10-22-39_go2_72d_trs_m0p1_v0p05_w500_r0_gait_trclosed_v2,"TRS m0.1/v0.05, w500/r0",gait_04_half_bound__vx_neg_1p0__seed_0042,4,half_bound_hind_a,half_bound,backward,-1.0,absolute_work,Absolute work,J,1465.1175738058985,3468.0834722991976,-40.601748839624086,40.601748839624086,497.20446709255714,True,False,False
2026-08-21_10-22-39_go2_72d_trs_m0p1_v0p05_w500_r0_gait_trclosed_v2,"TRS m0.1/v0.05, w500/r0",gait_04_half_bound__vx_neg_1p0__seed_0042,4,half_bound_hind_a,half_bound,backward,-1.0,vertical_grf_impulse,Vertical GRF impulse,N s,1088.852429152961,356.6943980515287,50.64920881998241,50.64920881998241,145.6928945648799,True,False,False
2026-08-21_10-22-39_go2_72d_trs_m0p1_v0p05_w500_r0_gait_trclosed_v2,"TRS m0.1/v0.05, w500/r0",gait_04_half_bound__vx_neg_0p5__seed_0042,4,half_bound_hind_a,half_bound,backward,-0.5,torque_squared,Torque²,N² m² s,2967.4394526186516,2680.5641666906868,5.0792333940296785,5.0792333940296785,1130.185553842255,True,False,False
2026-08-21_10-22-39_go2_72d_trs_m0p1_v0p05_w500_r0_gait_trclosed_v2,"TRS m0.1/v0.05, w500/r0",gait_04_half_bound__vx_neg_0p5__seed_0042,4,half_bound_hind_a,half_bound,backward,-0.5,absolute_work,Absolute work,J,967.4187401321288,2467.0440075062775,-43.66404231361415,43.66404231361415,687.2481755004544,True,False,False
2026-08-21_10-22-39_go2_72d_trs_m0p1_v0p05_w500_r0_gait_trclosed_v2,"TRS m0.1/v0.05, w500/r0",gait_04_half_bound__vx_neg_0p5__seed_0042,4,half_bound_hind_a,half_bound,backward,-0.5,vertical_grf_impulse,Vertical GRF impulse,N s,1017.6528187860364,418.6747567133616,41.70205127924357,41.70205127924357,287.4142415321605,True,False,False
2026-08-21_10-22-39_go2_72d_trs_m0p1_v0p05_w500_r0_gait_trclosed_v2,"TRS m0.1/v0.05, w500/r0",gait_04_half_bound__vx_pos_0p5__seed_0042,4,half_bound_hind_a,half_bound,forward,0.5,torque_squared,Torque²,N² m² s,2338.5736539762574,1574.7379287291324,19.518908962497242,19.518908962497242,873.8406222560437,True,False,False
2026-08-21_10-22-39_go2_72d_trs_m0p1_v0p05_w500_r0_gait_trclosed_v2,"TRS m0.1/v0.05, w500/r0",gait_04_half_bound__vx_pos_0p5__seed_0042,4,half_bound_hind_a,half_bound,forward,0.5,absolute_work,Absolute work,J,1315.4119996333593,901.98884404182,18.644493474004488,18.644493474004488,495.144557768292,True,False,False
2026-08-21_10-22-39_go2_72d_trs_m0p1_v0p05_w500_r0_gait_trclosed_v2,"TRS m0.1/v0.05, w500/r0",gait_04_half_bound__vx_pos_0p5__seed_0042,4,half_bound_hind_a,half_bound,forward,0.5,vertical_grf_impulse,Vertical GRF impulse,N s,756.3041536808232,652.7534468325414,7.348933557475225,7.348933557475225,314.6418945705257,True,False,False
2026-08-21_10-22-39_go2_72d_trs_m0p1_v0p05_w500_r0_gait_trclosed_v2,"TRS m0.1/v0.05, w500/r0",gait_04_half_bound__vx_pos_1p0__seed_0042,4,half_bound_hind_a,half_bound,forward,1.0,torque_squared,Torque²,N² m² s,2085.3984938347376,3396.329713767893,-23.914560705782886,23.914560705782886,585.5671302363965,True,False,False
2026-08-21_10-22-39_go2_72d_trs_m0p1_v0p05_w500_r0_gait_trclosed_v2,"TRS m0.1/v0.05, w500/r0",gait_04_half_bound__vx_pos_1p0__seed_0042,4,half_bound_hind_a,half_bound,forward,1.0,absolute_work,Absolute work,J,1009.8602523453208,1521.3546241887277,-20.207465458001256,20.207465458001256,270.3884933966725,True,False,False
2026-08-21_10-22-39_go2_72d_trs_m0p1_v0p05_w500_r0_gait_trclosed_v2,"TRS m0.1/v0.05, w500/r0",gait_04_half_bound__vx_pos_1p0__seed_0042,4,half_bound_hind_a,half_bound,forward,1.0,vertical_grf_impulse,Vertical GRF impulse,N s,639.3524211741984,841.3116778945923,-13.63977534455038,13.63977534455038,158.1669492721814,True,False,False
2026-08-21_10-22-39_go2_72d_trs_m0p1_v0p05_w500_r0_gait_trclosed_v2,"TRS m0.1/v0.05, w500/r0",gait_04_half_bound__vx_pos_1p5__seed_0042,4,half_bound_hind_a,half_bound,forward,1.5,torque_squared,Torque²,N² m² s,2053.3754914304104,3135.719833000222,-20.85805470703259,20.85805470703259,368.7269942204328,True,False,False
2026-08-21_10-22-39_go2_72d_trs_m0p1_v0p05_w500_r0_gait_trclosed_v2,"TRS m0.1/v0.05, w500/r0",gait_04_half_bound__vx_pos_1p5__seed_0042,4,half_bound_hind_a,half_bound,forward,1.5,absolute_work,Absolute work,J,1043.6172912796392,1435.2233135612123,-15.797950925800462,15.797950925800462,176.14157925973657,True,False,False
2026-08-21_10-22-39_go2_72d_trs_m0p1_v0p05_w500_r0_gait_trclosed_v2,"TRS m0.1/v0.05, w500/r0",gait_04_half_bound__vx_pos_1p5__seed_0042,4,half_bound_hind_a,half_bound,forward,1.5,vertical_grf_impulse,Vertical GRF impulse,N s,647.7085175791383,799.2129767608643,-10.470814054140037,10.470814054140037,102.81541966844978,True,False,False
2026-08-21_10-22-39_go2_72d_trs_m0p1_v0p05_w500_r0_gait_trclosed_v2,"TRS m0.1/v0.05, w500/r0",gait_05_half_bound__vx_neg_1p5__seed_0042,5,half_bound_hind_b,half_bound,backward,-1.5,torque_squared,Torque²,N² m² s,3328.8042015721103,3364.6877561964607,-0.5360961789563872,0.5360961789563872,456.91692071777356,True,False,False
2026-08-21_10-22-39_go2_72d_trs_m0p1_v0p05_w500_r0_gait_trclosed_v2,"TRS m0.1/v0.05, w500/r0",gait_05_half_bound__vx_neg_1p5__seed_0042,5,half_bound_hind_b,half_bound,backward,-1.5,absolute_work,Absolute work,J,1398.5338793495864,3356.4961765910757,-41.17665449444054,41.17665449444054,324.5919625793013,True,False,False
2026-08-21_10-22-39_go2_72d_trs_m0p1_v0p05_w500_r0_gait_trclosed_v2,"TRS m0.1/v0.05, w500/r0",gait_05_half_bound__vx_neg_1p5__seed_0042,5,half_bound_hind_b,half_bound,backward,-1.5,vertical_grf_impulse,Vertical GRF impulse,N s,1068.7743058388241,380.1763963263562,47.52390184728092,47.52390184728092,98.9095224558811,True,False,False
2026-08-21_10-22-39_go2_72d_trs_m0p1_v0p05_w500_r0_gait_trclosed_v2,"TRS m0.1/v0.05, w500/r0",gait_05_half_bound__vx_neg_1p0__seed_0042,5,half_bound_hind_b,half_bound,backward,-1.0,torque_squared,Torque²,N² m² s,3374.544143003484,2791.7810921785726,9.450734896368235,9.450734896368235,610.7024991414477,True,False,False
2026-08-21_10-22-39_go2_72d_trs_m0p1_v0p05_w500_r0_gait_trclosed_v2,"TRS m0.1/v0.05, w500/r0",gait_05_half_bound__vx_neg_1p0__seed_0042,5,half_bound_hind_b,half_bound,backward,-1.0,absolute_work,Absolute work,J,1274.7916364453852,2774.3177377688235,-37.033479778857405,37.033479778857405,401.0169946958162,True,False,False
2026-08-21_10-22-39_go2_72d_trs_m0p1_v0p05_w500_r0_gait_trclosed_v2,"TRS m0.1/v0.05, w500/r0",gait_05_half_bound__vx_neg_1p0__seed_0042,5,half_bound_hind_b,half_bound,backward,-1.0,vertical_grf_impulse,Vertical GRF impulse,N s,1080.7645401523755,379.8414433333455,47.98851331187103,47.98851331187103,144.65596450968684,True,False,False
2026-08-21_10-22-39_go2_72d_trs_m0p1_v0p05_w500_r0_gait_trclosed_v2,"TRS m0.1/v0.05, w500/r0",gait_05_half_bound__vx_neg_0p5__seed_0042,5,half_bound_hind_b,half_bound,backward,-0.5,torque_squared,Torque²,N² m² s,4655.666011730467,2346.196028850139,32.98365448355539,32.98365448355539,1419.1713093026035,True,False,False
2026-08-21_10-22-39_go2_72d_trs_m0p1_v0p05_w500_r0_gait_trclosed_v2,"TRS m0.1/v0.05, w500/r0",gait_05_half_bound__vx_neg_0p5__seed_0042,5,half_bound_hind_b,half_bound,backward,-0.5,absolute_work,Absolute work,J,1761.7758531183133,2165.9872554568537,-10.291134958115432,10.291134958115432,796.0980495075371,True,False,False
2026-08-21_10-22-39_go2_72d_trs_m0p1_v0p05_w500_r0_gait_trclosed_v2,"TRS m0.1/v0.05, w500/r0",gait_05_half_bound__vx_neg_0p5__seed_0042,5,half_bound_hind_b,half_bound,backward,-0.5,vertical_grf_impulse,Vertical GRF impulse,N s,1003.2951148735505,409.58558692837454,42.02120725323697,42.02120725323697,286.36950340403325,True,False,False
2026-08-21_10-22-39_go2_72d_trs_m0p1_v0p05_w500_r0_gait_trclosed_v2,"TRS m0.1/v0.05, w500/r0",gait_05_half_bound__vx_pos_0p5__seed_0042,5,half_bound_hind_b,half_bound,forward,0.5,torque_squared,Torque²,N² m² s,2489.982998090366,1969.9984668290447,11.658894444995573,11.658894444995573,938.7983792971303,True,False,False
2026-08-21_10-22-39_go2_72d_trs_m0p1_v0p05_w500_r0_gait_trclosed_v2,"TRS m0.1/v0.05, w500/r0",gait_05_half_bound__vx_pos_0p5__seed_0042,5,half_bound_hind_b,half_bound,forward,0.5,absolute_work,Absolute work,J,1309.777235022923,788.7122925246746,24.83047619051936,24.83047619051936,441.7190033029169,True,False,False
2026-08-21_10-22-39_go2_72d_trs_m0p1_v0p05_w500_r0_gait_trclosed_v2,"TRS m0.1/v0.05, w500/r0",gait_05_half_bound__vx_pos_0p5__seed_0042,5,half_bound_hind_b,half_bound,forward,0.5,vertical_grf_impulse,Vertical GRF impulse,N s,663.4825191974641,813.3098923456669,-10.145459306067606,10.145459306067606,310.85562427108516,True,False,False
2026-08-21_10-22-39_go2_72d_trs_m0p1_v0p05_w500_r0_gait_trclosed_v2,"TRS m0.1/v0.05, w500/r0",gait_05_half_bound__vx_pos_1p0__seed_0042,5,half_bound_hind_b,half_bound,forward,1.0,torque_squared,Torque²,N² m² s,2318.928516331361,2660.4161607840206,-6.8580840772502825,6.8580840772502825,520.5053646766036,True,False,False
2026-08-21_10-22-39_go2_72d_trs_m0p1_v0p05_w500_r0_gait_trclosed_v2,"TRS m0.1/v0.05, w500/r0",gait_05_half_bound__vx_pos_1p0__seed_0042,5,half_bound_hind_b,half_bound,forward,1.0,absolute_work,Absolute work,J,1120.13491944545,1180.8374673993185,-2.6381258767345566,2.6381258767345566,240.5273281903555,True,False,False
2026-08-21_10-22-39_go2_72d_trs_m0p1_v0p05_w500_r0_gait_trclosed_v2,"TRS m0.1/v0.05, w500/r0",gait_05_half_bound__vx_pos_1p0__seed_0042,5,half_bound_hind_b,half_bound,forward,1.0,vertical_grf_impulse,Vertical GRF impulse,N s,672.2317436921596,815.8699923753738,-9.652448162771016,9.652448162771016,155.55559758045047,True,False,False
2026-08-21_10-22-39_go2_72d_trs_m0p1_v0p05_w500_r0_gait_trclosed_v2,"TRS m0.1/v0.05, w500/r0",gait_05_half_bound__vx_pos_1p5__seed_0042,5,half_bound_hind_b,half_bound,forward,1.5,torque_squared,Torque²,N² m² s,2130.863933530472,2467.225275496647,-7.315241759681816,7.315241759681816,325.4880808321774,True,False,False
2026-08-21_10-22-39_go2_72d_trs_m0p1_v0p05_w500_r0_gait_trclosed_v2,"TRS m0.1/v0.05, w500/r0",gait_05_half_bound__vx_pos_1p5__seed_0042,5,half_bound_hind_b,half_bound,forward,1.5,absolute_work,Absolute work,J,1100.2394762070771,1242.3313717858418,-6.065639197230983,6.065639197230983,165.82516233693292,True,False,False
2026-08-21_10-22-39_go2_72d_trs_m0p1_v0p05_w500_r0_gait_trclosed_v2,"TRS m0.1/v0.05, w500/r0",gait_05_half_bound__vx_pos_1p5__seed_0042,5,half_bound_hind_b,half_bound,forward,1.5,vertical_grf_impulse,Vertical GRF impulse,N s,682.7445807647705,772.918370475769,-6.194688793456686,6.194688793456686,103.04300738828753,True,False,False
2026-08-21_10-22-39_go2_72d_trs_m0p1_v0p05_w500_r0_gait_trclosed_v2,"TRS m0.1/v0.05, w500/r0",gait_06_gallop__vx_neg_1p5__seed_0042,6,gallop_a,gallop,backward,-1.5,torque_squared,Torque²,N² m² s,3575.128480894798,3564.559801271219,0.14802718558425365,0.14802718558425365,489.2862011732019,True,False,False
2026-08-21_10-22-39_go2_72d_trs_m0p1_v0p05_w500_r0_gait_trclosed_v2,"TRS m0.1/v0.05, w500/r0",gait_06_gallop__vx_neg_1p5__seed_0042,6,gallop_a,gallop,backward,-1.5,absolute_work,Absolute work,J,1412.4676336362515,3869.057577846828,-46.51288871762771,46.51288871762771,361.945410639562,True,False,False
2026-08-21_10-22-39_go2_72d_trs_m0p1_v0p05_w500_r0_gait_trclosed_v2,"TRS m0.1/v0.05, w500/r0",gait_06_gallop__vx_neg_1p5__seed_0042,6,gallop_a,gallop,backward,-1.5,vertical_grf_impulse,Vertical GRF impulse,N s,1116.3475149381275,339.6920853206281,53.34026831958955,53.34026831958955,99.78307968260796,True,False,False
2026-08-21_10-22-39_go2_72d_trs_m0p1_v0p05_w500_r0_gait_trclosed_v2,"TRS m0.1/v0.05, w500/r0",gait_06_gallop__vx_neg_1p0__seed_0042,6,gallop_a,gallop,backward,-1.0,torque_squared,Torque²,N² m² s,3476.7103783949387,2587.8866266030273,14.65594088212972,14.65594088212972,614.577038830047,True,False,False
2026-08-21_10-22-39_go2_72d_trs_m0p1_v0p05_w500_r0_gait_trclosed_v2,"TRS m0.1/v0.05, w500/r0",gait_06_gallop__vx_neg_1p0__seed_0042,6,gallop_a,gallop,backward,-1.0,absolute_work,Absolute work,J,1245.1283381760604,2689.8648996263687,-36.71509642179585,36.71509642179585,398.76623127832823,True,False,False
2026-08-21_10-22-39_go2_72d_trs_m0p1_v0p05_w500_r0_gait_trclosed_v2,"TRS m0.1/v0.05, w500/r0",gait_06_gallop__vx_neg_1p0__seed_0042,6,gallop_a,gallop,backward,-1.0,vertical_grf_impulse,Vertical GRF impulse,N s,1135.299646013817,344.8186032431785,53.40661417879632,53.40661417879632,149.99293275332528,True,False,False
2026-08-21_10-22-39_go2_72d_trs_m0p1_v0p05_w500_r0_gait_trclosed_v2,"TRS m0.1/v0.05, w500/r0",gait_06_gallop__vx_neg_0p5__seed_0042,6,gallop_a,gallop,backward,-0.5,torque_squared,Torque²,N² m² s,3298.1514862820427,1993.9040702850925,24.645384048896737,24.645384048896737,1082.5865047387115,True,False,False
2026-08-21_10-22-39_go2_72d_trs_m0p1_v0p05_w500_r0_gait_trclosed_v2,"TRS m0.1/v0.05, w500/r0",gait_06_gallop__vx_neg_0p5__seed_0042,6,gallop_a,gallop,backward,-0.5,absolute_work,Absolute work,J,1190.0174269604272,1936.7598073897743,-23.882174023328947,23.882174023328947,639.6393237087548,True,False,False
2026-08-21_10-22-39_go2_72d_trs_m0p1_v0p05_w500_r0_gait_trclosed_v2,"TRS m0.1/v0.05, w500/r0",gait_06_gallop__vx_neg_0p5__seed_0042,6,gallop_a,gallop,backward,-0.5,vertical_grf_impulse,Vertical GRF impulse,N s,1025.2131235380687,386.37672616828627,45.256516792230826,45.256516792230826,288.7664547704677,True,False,False
2026-08-21_10-22-39_go2_72d_trs_m0p1_v0p05_w500_r0_gait_trclosed_v2,"TRS m0.1/v0.05, w500/r0",gait_06_gallop__vx_pos_0p5__seed_0042,6,gallop_a,gallop,forward,0.5,torque_squared,Torque²,N² m² s,2243.58860488593,1976.7426824016388,6.322866721105082,6.322866721105082,908.6356758444724,True,False,False
2026-08-21_10-22-39_go2_72d_trs_m0p1_v0p05_w500_r0_gait_trclosed_v2,"TRS m0.1/v0.05, w500/r0",gait_06_gallop__vx_pos_0p5__seed_0042,6,gallop_a,gallop,forward,0.5,absolute_work,Absolute work,J,1088.2171241447365,858.7028595848781,11.78858229808653,11.78858229808653,419.17111117791904,True,False,False
2026-08-21_10-22-39_go2_72d_trs_m0p1_v0p05_w500_r0_gait_trclosed_v2,"TRS m0.1/v0.05, w500/r0",gait_06_gallop__vx_pos_0p5__seed_0042,6,gallop_a,gallop,forward,0.5,vertical_grf_impulse,Vertical GRF impulse,N s,678.966103757981,767.8202088680316,-6.141480903892054,6.141480903892054,311.4925273604223,True,False,False
2026-08-21_10-22-39_go2_72d_trs_m0p1_v0p05_w500_r0_gait_trclosed_v2,"TRS m0.1/v0.05, w500/r0",gait_06_gallop__vx_pos_1p0__seed_0042,6,gallop_a,gallop,forward,1.0,torque_squared,Torque²,N² m² s,1925.5911399908978,3239.2795102477785,-25.435068159861338,25.435068159861338,538.1792492716514,True,False,False
2026-08-21_10-22-39_go2_72d_trs_m0p1_v0p05_w500_r0_gait_trclosed_v2,"TRS m0.1/v0.05, w500/r0",gait_06_gallop__vx_pos_1p0__seed_0042,6,gallop_a,gallop,forward,1.0,absolute_work,Absolute work,J,755.2453243864511,1410.8377425218234,-30.26626393747319,30.26626393747319,225.70574129574007,True,False,False
2026-08-21_10-22-39_go2_72d_trs_m0p1_v0p05_w500_r0_gait_trclosed_v2,"TRS m0.1/v0.05, w500/r0",gait_06_gallop__vx_pos_1p0__seed_0042,6,gallop_a,gallop,forward,1.0,vertical_grf_impulse,Vertical GRF impulse,N s,656.698421382904,813.1869097447395,-10.646305874879582,10.646305874879582,153.16197395672083,True,False,False
2026-08-21_10-22-39_go2_72d_trs_m0p1_v0p05_w500_r0_gait_trclosed_v2,"TRS m0.1/v0.05, w500/r0",gait_06_gallop__vx_pos_1p5__seed_0042,6,gallop_a,gallop,forward,1.5,torque_squared,Torque²,N² m² s,1870.1529857510404,2936.584093972213,-22.186175164849498,22.186175164849498,339.63757871166837,True,False,False
2026-08-21_10-22-39_go2_72d_trs_m0p1_v0p05_w500_r0_gait_trclosed_v2,"TRS m0.1/v0.05, w500/r0",gait_06_gallop__vx_pos_1p5__seed_0042,6,gallop_a,gallop,forward,1.5,absolute_work,Absolute work,J,980.8863256919335,1427.8932766579546,-18.557403530399498,18.557403530399498,170.20112775531172,True,False,False
2026-08-21_10-22-39_go2_72d_trs_m0p1_v0p05_w500_r0_gait_trclosed_v2,"TRS m0.1/v0.05, w500/r0",gait_06_gallop__vx_pos_1p5__seed_0042,6,gallop_a,gallop,forward,1.5,vertical_grf_impulse,Vertical GRF impulse,N s,657.5943661248684,795.2419393897056,-9.474403464613612,9.474403464613612,102.6554598026371,True,False,False
2026-08-21_10-22-39_go2_72d_trs_m0p1_v0p05_w500_r0_gait_trclosed_v2,"TRS m0.1/v0.05, w500/r0",gait_07_gallop__vx_neg_1p5__seed_0042,7,gallop_b,gallop,backward,-1.5,torque_squared,Torque²,N² m² s,2945.3448468780484,3944.665301247951,-14.503903954941284,14.503903954941284,476.488975009528,True,False,False
2026-08-21_10-22-39_go2_72d_trs_m0p1_v0p05_w500_r0_gait_trclosed_v2,"TRS m0.1/v0.05, w500/r0",gait_07_gallop__vx_neg_1p5__seed_0042,7,gallop_b,gallop,backward,-1.5,absolute_work,Absolute work,J,1637.6947748994257,3894.9070615531364,-40.79838660685201,40.79838660685201,382.6153694278862,True,False,False
2026-08-21_10-22-39_go2_72d_trs_m0p1_v0p05_w500_r0_gait_trclosed_v2,"TRS m0.1/v0.05, w500/r0",gait_07_gallop__vx_neg_1p5__seed_0042,7,gallop_b,gallop,backward,-1.5,vertical_grf_impulse,Vertical GRF impulse,N s,1013.0566878455659,435.26279273839987,39.8940912452685,39.8940912452685,100.16070367871477,True,False,False
2026-08-21_10-22-39_go2_72d_trs_m0p1_v0p05_w500_r0_gait_trclosed_v2,"TRS m0.1/v0.05, w500/r0",gait_07_gallop__vx_neg_1p0__seed_0042,7,gallop_b,gallop,backward,-1.0,torque_squared,Torque²,N² m² s,2848.604216079252,3282.325432447684,-7.074314031194939,7.074314031194939,639.3163894164419,True,False,False
2026-08-21_10-22-39_go2_72d_trs_m0p1_v0p05_w500_r0_gait_trclosed_v2,"TRS m0.1/v0.05, w500/r0",gait_07_gallop__vx_neg_1p0__seed_0042,7,gallop_b,gallop,backward,-1.0,absolute_work,Absolute work,J,1261.3555154380429,3202.8225476380762,-43.48991023136367,43.48991023136367,465.51214328215923,True,False,False
2026-08-21_10-22-39_go2_72d_trs_m0p1_v0p05_w500_r0_gait_trclosed_v2,"TRS m0.1/v0.05, w500/r0",gait_07_gallop__vx_neg_1p0__seed_0042,7,gallop_b,gallop,backward,-1.0,vertical_grf_impulse,Vertical GRF impulse,N s,985.98659809053,439.0122182331016,38.38419889137683,38.38419889137683,148.59493590725145,True,False,False
2026-08-21_10-22-39_go2_72d_trs_m0p1_v0p05_w500_r0_gait_trclosed_v2,"TRS m0.1/v0.05, w500/r0",gait_07_gallop__vx_neg_0p5__seed_0042,7,gallop_b,gallop,backward,-0.5,torque_squared,Torque²,N² m² s,1455.7206445049453,1391.3439601266052,2.2611599425462043,2.2611599425462043,569.2203988635727,True,False,False
2026-08-21_10-22-39_go2_72d_trs_m0p1_v0p05_w500_r0_gait_trclosed_v2,"TRS m0.1/v0.05, w500/r0",gait_07_gallop__vx_neg_0p5__seed_0042,7,gallop_b,gallop,backward,-0.5,absolute_work,Absolute work,J,624.6644954950456,1071.0770009071357,-26.32550458659141,26.32550458659141,339.03363112354737,True,False,False
2026-08-21_10-22-39_go2_72d_trs_m0p1_v0p05_w500_r0_gait_trclosed_v2,"TRS m0.1/v0.05, w500/r0",gait_07_gallop__vx_neg_0p5__seed_0042,7,gallop_b,gallop,backward,-0.5,vertical_grf_impulse,Vertical GRF impulse,N s,829.6824385596047,599.471357654135,16.108209033581165,16.108209033581165,285.73411807894416,True,False,False
2026-08-21_10-22-39_go2_72d_trs_m0p1_v0p05_w500_r0_gait_trclosed_v2,"TRS m0.1/v0.05, w500/r0",gait_07_gallop__vx_pos_0p5__seed_0042,7,gallop_b,gallop,forward,0.5,torque_squared,Torque²,N² m² s,1396.7843527295556,1014.9247042923088,15.83357027770141,15.83357027770141,516.7409592512744,True,False,False
2026-08-21_10-22-39_go2_72d_trs_m0p1_v0p05_w500_r0_gait_trclosed_v2,"TRS m0.1/v0.05, w500/r0",gait_07_gallop__vx_pos_0p5__seed_0042,7,gallop_b,gallop,forward,0.5,absolute_work,Absolute work,J,311.6893900206928,355.8698105932449,-6.618202630106876,6.618202630106876,143.03349762605,True,False,False
2026-08-21_10-22-39_go2_72d_trs_m0p1_v0p05_w500_r0_gait_trclosed_v2,"TRS m0.1/v0.05, w500/r0",gait_07_gallop__vx_pos_0p5__seed_0042,7,gallop_b,gallop,forward,0.5,vertical_grf_impulse,Vertical GRF impulse,N s,853.5126377243896,584.7705565690994,18.68492117696621,18.68492117696621,308.17143358576635,True,False,False
2026-08-21_10-22-39_go2_72d_trs_m0p1_v0p05_w500_r0_gait_trclosed_v2,"TRS m0.1/v0.05, w500/r0",gait_07_gallop__vx_pos_1p0__seed_0042,7,gallop_b,gallop,forward,1.0,torque_squared,Torque²,N² m² s,1843.854204781555,1443.1038214714388,12.192135710566292,12.192135710566292,345.0989247789551,True,False,False
2026-08-21_10-22-39_go2_72d_trs_m0p1_v0p05_w500_r0_gait_trclosed_v2,"TRS m0.1/v0.05, w500/r0",gait_07_gallop__vx_pos_1p0__seed_0042,7,gallop_b,gallop,forward,1.0,absolute_work,Absolute work,J,627.4698701338081,851.0579235534683,-15.122343616013985,15.122343616013985,155.23117355986807,True,False,False
2026-08-21_10-22-39_go2_72d_trs_m0p1_v0p05_w500_r0_gait_trclosed_v2,"TRS m0.1/v0.05, w500/r0",gait_07_gallop__vx_pos_1p0__seed_0042,7,gallop_b,gallop,forward,1.0,vertical_grf_impulse,Vertical GRF impulse,N s,846.9538881659508,652.8510479640961,12.9418723412592,12.9418723412592,157.46506852315096,True,False,False
2026-08-21_10-22-39_go2_72d_trs_m0p1_v0p05_w500_r0_gait_trclosed_v2,"TRS m0.1/v0.05, w500/r0",gait_07_gallop__vx_pos_1p5__seed_0042,7,gallop_b,gallop,forward,1.5,torque_squared,Torque²,N² m² s,2163.835949110186,1524.6420821205388,17.329474693288848,17.329474693288848,256.73120300425217,True,False,False
2026-08-21_10-22-39_go2_72d_trs_m0p1_v0p05_w500_r0_gait_trclosed_v2,"TRS m0.1/v0.05, w500/r0",gait_07_gallop__vx_pos_1p5__seed_0042,7,gallop_b,gallop,forward,1.5,absolute_work,Absolute work,J,1072.1446851634998,853.0857797215795,11.378321164006536,11.378321164006536,134.00289472388735,True,False,False
2026-08-21_10-22-39_go2_72d_trs_m0p1_v0p05_w500_r0_gait_trclosed_v2,"TRS m0.1/v0.05, w500/r0",gait_07_gallop__vx_pos_1p5__seed_0042,7,gallop_b,gallop,forward,1.5,vertical_grf_impulse,Vertical GRF impulse,N s,803.3774440403273,695.1767124154419,7.220341764677426,7.220341764677426,104.30470456822583,True,False,False
2026-08-21_10-22-39_go2_72d_trs_m0p1_v0p05_w500_r0_gait_trclosed_v2,"TRS m0.1/v0.05, w500/r0",gait_08_gallop__vx_neg_1p5__seed_0042,8,gallop_c,gallop,backward,-1.5,torque_squared,Torque²,N² m² s,3132.6384731210374,3521.0365357088995,-5.837346460000346,5.837346460000346,454.32387827908343,True,False,False
2026-08-21_10-22-39_go2_72d_trs_m0p1_v0p05_w500_r0_gait_trclosed_v2,"TRS m0.1/v0.05, w500/r0",gait_08_gallop__vx_neg_1p5__seed_0042,8,gallop_c,gallop,backward,-1.5,absolute_work,Absolute work,J,1443.352407789081,3627.808822669517,-43.07605922209834,43.07605922209834,346.26723345263497,True,False,False
2026-08-21_10-22-39_go2_72d_trs_m0p1_v0p05_w500_r0_gait_trclosed_v2,"TRS m0.1/v0.05, w500/r0",gait_08_gallop__vx_neg_1p5__seed_0042,8,gallop_c,gallop,backward,-1.5,vertical_grf_impulse,Vertical GRF impulse,N s,1037.619976561339,373.20542656201457,47.094030808377234,47.094030808377234,96.33348004990245,True,False,False
2026-08-21_10-22-39_go2_72d_trs_m0p1_v0p05_w500_r0_gait_trclosed_v2,"TRS m0.1/v0.05, w500/r0",gait_08_gallop__vx_neg_1p0__seed_0042,8,gallop_c,gallop,backward,-1.0,torque_squared,Torque²,N² m² s,3414.4000931488654,2777.2521848630645,10.290434276299216,10.290434276299216,614.3223051413288,True,False,False
2026-08-21_10-22-39_go2_72d_trs_m0p1_v0p05_w500_r0_gait_trclosed_v2,"TRS m0.1/v0.05, w500/r0",gait_08_gallop__vx_neg_1p0__seed_0042,8,gallop_c,gallop,backward,-1.0,absolute_work,Absolute work,J,1410.6788523695573,2856.6914391507466,-33.88533190228564,33.88533190228564,423.3992215112126,True,False,False
2026-08-21_10-22-39_go2_72d_trs_m0p1_v0p05_w500_r0_gait_trclosed_v2,"TRS m0.1/v0.05, w500/r0",gait_08_gallop__vx_neg_1p0__seed_0042,8,gallop_c,gallop,backward,-1.0,vertical_grf_impulse,Vertical GRF impulse,N s,1031.00747160599,389.67582271784164,45.142478372942904,45.142478372942904,140.95711403952188,True,False,False
2026-08-21_10-22-39_go2_72d_trs_m0p1_v0p05_w500_r0_gait_trclosed_v2,"TRS m0.1/v0.05, w500/r0",gait_08_gallop__vx_neg_0p5__seed_0042,8,gallop_c,gallop,backward,-0.5,torque_squared,Torque²,N² m² s,4846.782953788363,2248.052119408535,36.62848829562507,36.62848829562507,1462.721969472762,True,False,False
2026-08-21_10-22-39_go2_72d_trs_m0p1_v0p05_w500_r0_gait_trclosed_v2,"TRS m0.1/v0.05, w500/r0",gait_08_gallop__vx_neg_0p5__seed_0042,8,gallop_c,gallop,backward,-0.5,absolute_work,Absolute work,J,1797.7489286021937,2066.7789006876083,-6.9615224412772605,6.9615224412772605,796.7387119252633,True,False,False
2026-08-21_10-22-39_go2_72d_trs_m0p1_v0p05_w500_r0_gait_trclosed_v2,"TRS m0.1/v0.05, w500/r0",gait_08_gallop__vx_neg_0p5__seed_0042,8,gallop_c,gallop,backward,-0.5,vertical_grf_impulse,Vertical GRF impulse,N s,967.0801538154777,456.42924623613334,35.87267548502526,35.87267548502526,293.48088457653944,True,False,False
2026-08-21_10-22-39_go2_72d_trs_m0p1_v0p05_w500_r0_gait_trclosed_v2,"TRS m0.1/v0.05, w500/r0",gait_08_gallop__vx_pos_0p5__seed_0042,8,gallop_c,gallop,forward,0.5,torque_squared,Torque²,N² m² s,2246.2648001104385,1564.3560200080246,17.894952352703907,17.894952352703907,820.6394602870377,True,False,False
2026-08-21_10-22-39_go2_72d_trs_m0p1_v0p05_w500_r0_gait_trclosed_v2,"TRS m0.1/v0.05, w500/r0",gait_08_gallop__vx_pos_0p5__seed_0042,8,gallop_c,gallop,forward,0.5,absolute_work,Absolute work,J,1017.7036567303877,772.1992337517005,13.716075005195597,13.716075005195597,385.4660464395841,True,False,False
2026-08-21_10-22-39_go2_72d_trs_m0p1_v0p05_w500_r0_gait_trclosed_v2,"TRS m0.1/v0.05, w500/r0",gait_08_gallop__vx_pos_0p5__seed_0042,8,gallop_c,gallop,forward,0.5,vertical_grf_impulse,Vertical GRF impulse,N s,718.8927897483139,731.7919882494211,-0.8891799718827232,0.8891799718827232,312.4134437563045,True,False,False
2026-08-21_10-22-39_go2_72d_trs_m0p1_v0p05_w500_r0_gait_trclosed_v2,"TRS m0.1/v0.05, w500/r0",gait_08_gallop__vx_pos_1p0__seed_0042,8,gallop_c,gallop,forward,1.0,torque_squared,Torque²,N² m² s,2305.1580750776156,2887.372875179418,-11.212543664722542,11.212543664722542,553.4428547647142,True,False,False
2026-08-21_10-22-39_go2_72d_trs_m0p1_v0p05_w500_r0_gait_trclosed_v2,"TRS m0.1/v0.05, w500/r0",gait_08_gallop__vx_pos_1p0__seed_0042,8,gallop_c,gallop,forward,1.0,absolute_work,Absolute work,J,1175.5443131305144,1192.3875286304008,-0.7113049118576352,0.7113049118576352,252.38462147780885,True,False,False
2026-08-21_10-22-39_go2_72d_trs_m0p1_v0p05_w500_r0_gait_trclosed_v2,"TRS m0.1/v0.05, w500/r0",gait_08_gallop__vx_pos_1p0__seed_0042,8,gallop_c,gallop,forward,1.0,vertical_grf_impulse,Vertical GRF impulse,N s,670.8111723423004,823.5608383643628,-10.221662673528634,10.221662673528634,159.27676110337723,True,False,False
2026-08-21_10-22-39_go2_72d_trs_m0p1_v0p05_w500_r0_gait_trclosed_v2,"TRS m0.1/v0.05, w500/r0",gait_08_gallop__vx_pos_1p5__seed_0042,8,gallop_c,gallop,forward,1.5,torque_squared,Torque²,N² m² s,2181.6199052845823,2641.396852345436,-9.532974280744225,9.532974280744225,342.018879963568,True,False,False
2026-08-21_10-22-39_go2_72d_trs_m0p1_v0p05_w500_r0_gait_trclosed_v2,"TRS m0.1/v0.05, w500/r0",gait_08_gallop__vx_pos_1p5__seed_0042,8,gallop_c,gallop,forward,1.5,absolute_work,Absolute work,J,1092.4520548124356,1228.065344612375,-5.844097089448844,5.844097089448844,164.55691567558273,True,False,False
2026-08-21_10-22-39_go2_72d_trs_m0p1_v0p05_w500_r0_gait_trclosed_v2,"TRS m0.1/v0.05, w500/r0",gait_08_gallop__vx_pos_1p5__seed_0042,8,gallop_c,gallop,forward,1.5,vertical_grf_impulse,Vertical GRF impulse,N s,661.844744694233,790.0387237515121,-8.829495055447662,8.829495055447662,102.95870461778041,True,False,False
2026-08-21_10-22-39_go2_72d_trs_m0p1_v0p05_w500_r0_gait_trclosed_v2,"TRS m0.1/v0.05, w500/r0",gait_09_gallop__vx_neg_1p5__seed_0042,9,gallop_d,gallop,backward,-1.5,torque_squared,Torque²,N² m² s,3473.3800838185475,2641.0549053953077,13.61246263786433,13.61246263786433,422.5026470131539,True,False,False
2026-08-21_10-22-39_go2_72d_trs_m0p1_v0p05_w500_r0_gait_trclosed_v2,"TRS m0.1/v0.05, w500/r0",gait_09_gallop__vx_neg_1p5__seed_0042,9,gallop_d,gallop,backward,-1.5,absolute_work,Absolute work,J,1391.0259565732222,2608.2388936892617,-30.43591716703009,30.43591716703009,276.3460545942957,True,False,False
2026-08-21_10-22-39_go2_72d_trs_m0p1_v0p05_w500_r0_gait_trclosed_v2,"TRS m0.1/v0.05, w500/r0",gait_09_gallop__vx_neg_1p5__seed_0042,9,gallop_d,gallop,backward,-1.5,vertical_grf_impulse,Vertical GRF impulse,N s,1033.6029893621774,383.6316012819763,45.861947794033135,45.861947794033135,97.92979515556932,True,False,False
2026-08-21_10-22-39_go2_72d_trs_m0p1_v0p05_w500_r0_gait_trclosed_v2,"TRS m0.1/v0.05, w500/r0",gait_09_gallop__vx_neg_1p0__seed_0042,9,gallop_d,gallop,backward,-1.0,torque_squared,Torque²,N² m² s,3164.873410681733,2148.0835604368076,19.137927443648387,19.137927443648387,546.1119128410726,True,False,False
2026-08-21_10-22-39_go2_72d_trs_m0p1_v0p05_w500_r0_gait_trclosed_v2,"TRS m0.1/v0.05, w500/r0",gait_09_gallop__vx_neg_1p0__seed_0042,9,gallop_d,gallop,backward,-1.0,absolute_work,Absolute work,J,1097.3810700057886,2072.033016522359,-30.75180206522738,30.75180206522738,325.7799373848363,True,False,False
2026-08-21_10-22-39_go2_72d_trs_m0p1_v0p05_w500_r0_gait_trclosed_v2,"TRS m0.1/v0.05, w500/r0",gait_09_gallop__vx_neg_1p0__seed_0042,9,gallop_d,gallop,backward,-1.0,vertical_grf_impulse,Vertical GRF impulse,N s,1017.6013473891136,411.19548142635614,42.44171415648314,42.44171415648314,146.8641612358854,True,False,False
2026-08-21_10-22-39_go2_72d_trs_m0p1_v0p05_w500_r0_gait_trclosed_v2,"TRS m0.1/v0.05, w500/r0",gait_09_gallop__vx_neg_0p5__seed_0042,9,gallop_d,gallop,backward,-0.5,torque_squared,Torque²,N² m² s,2695.5759342759625,2056.0121155549205,13.460001414554554,13.460001414554554,996.4773484035833,True,False,False
2026-08-21_10-22-39_go2_72d_trs_m0p1_v0p05_w500_r0_gait_trclosed_v2,"TRS m0.1/v0.05, w500/r0",gait_09_gallop__vx_neg_0p5__seed_0042,9,gallop_d,gallop,backward,-0.5,absolute_work,Absolute work,J,1337.2028202692804,1840.4896527555818,-15.838122686781581,15.838122686781581,666.4084799343117,True,False,False
2026-08-21_10-22-39_go2_72d_trs_m0p1_v0p05_w500_r0_gait_trclosed_v2,"TRS m0.1/v0.05, w500/r0",gait_09_gallop__vx_neg_0p5__seed_0042,9,gallop_d,gallop,backward,-0.5,vertical_grf_impulse,Vertical GRF impulse,N s,899.9510850417397,516.1621545192661,27.101570679577005,27.101570679577005,296.9796100163152,True,False,False
2026-08-21_10-22-39_go2_72d_trs_m0p1_v0p05_w500_r0_gait_trclosed_v2,"TRS m0.1/v0.05, w500/r0",gait_09_gallop__vx_pos_0p5__seed_0042,9,gallop_d,gallop,forward,0.5,torque_squared,Torque²,N² m² s,2206.511514344969,1221.5657126946749,28.73172733336744,28.73172733336744,700.0850238284897,True,False,False
2026-08-21_10-22-39_go2_72d_trs_m0p1_v0p05_w500_r0_gait_trclosed_v2,"TRS m0.1/v0.05, w500/r0",gait_09_gallop__vx_pos_0p5__seed_0042,9,gallop_d,gallop,forward,0.5,absolute_work,Absolute work,J,854.8472111849778,577.9089119339135,19.32906059743175,19.32906059743175,292.59874797520246,True,False,False
2026-08-21_10-22-39_go2_72d_trs_m0p1_v0p05_w500_r0_gait_trclosed_v2,"TRS m0.1/v0.05, w500/r0",gait_09_gallop__vx_pos_0p5__seed_0042,9,gallop_d,gallop,forward,0.5,vertical_grf_impulse,Vertical GRF impulse,N s,726.704340467453,717.7383070457494,0.6207261629348754,0.6207261629348754,294.98538052960635,True,False,False
2026-08-21_10-22-39_go2_72d_trs_m0p1_v0p05_w500_r0_gait_trclosed_v2,"TRS m0.1/v0.05, w500/r0",gait_09_gallop__vx_pos_1p0__seed_0042,9,gallop_d,gallop,forward,1.0,torque_squared,Torque²,N² m² s,2181.1806710828164,1997.6568850654305,4.391742525319527,4.391742525319527,431.23371805460766,True,False,False
2026-08-21_10-22-39_go2_72d_trs_m0p1_v0p05_w500_r0_gait_trclosed_v2,"TRS m0.1/v0.05, w500/r0",gait_09_gallop__vx_pos_1p0__seed_0042,9,gallop_d,gallop,forward,1.0,absolute_work,Absolute work,J,982.8975093556529,985.6897021043603,-0.14183739142735577,0.14183739142735577,203.14768667273307,True,False,False
2026-08-21_10-22-39_go2_72d_trs_m0p1_v0p05_w500_r0_gait_trclosed_v2,"TRS m0.1/v0.05, w500/r0",gait_09_gallop__vx_pos_1p0__seed_0042,9,gallop_d,gallop,forward,1.0,vertical_grf_impulse,Vertical GRF impulse,N s,743.3984992980958,759.2295658731787,-1.0535585579707925,1.0535585579707925,155.06319130391734,True,False,False
2026-08-21_10-22-39_go2_72d_trs_m0p1_v0p05_w500_r0_gait_trclosed_v2,"TRS m0.1/v0.05, w500/r0",gait_09_gallop__vx_pos_1p5__seed_0042,9,gallop_d,gallop,forward,1.5,torque_squared,Torque²,N² m² s,1999.3249758000848,2264.944685363609,-6.228961361956605,6.228961361956605,300.81312483791027,True,False,False
2026-08-21_10-22-39_go2_72d_trs_m0p1_v0p05_w500_r0_gait_trclosed_v2,"TRS m0.1/v0.05, w500/r0",gait_09_gallop__vx_pos_1p5__seed_0042,9,gallop_d,gallop,forward,1.5,absolute_work,Absolute work,J,979.8785753052822,1217.69720889242,-10.821862676920663,10.821862676920663,155.02294442894888,True,False,False
2026-08-21_10-22-39_go2_72d_trs_m0p1_v0p05_w500_r0_gait_trclosed_v2,"TRS m0.1/v0.05, w500/r0",gait_09_gallop__vx_pos_1p5__seed_0042,9,gallop_d,gallop,forward,1.5,vertical_grf_impulse,Vertical GRF impulse,N s,698.725584526062,768.2082613372803,-4.736592383300374,4.736592383300374,103.48148432625733,True,False,False
2026-08-21_22-50-01_go2_72d_trs_m0p2_v0p1_w500_r0_gait_trclosed_v2,"TRS m0.2/v0.1, w500/r0",gait_00_trot__vx_neg_1p5__seed_0042,0,trot,trot,backward,-1.5,torque_squared,Torque²,N² m² s,2876.1674726548094,1730.5191018042515,24.86924934729438,24.86924934729438,310.9439629135247,True,False,False
2026-08-21_22-50-01_go2_72d_trs_m0p2_v0p1_w500_r0_gait_trclosed_v2,"TRS m0.2/v0.1, w500/r0",gait_00_trot__vx_neg_1p5__seed_0042,0,trot,trot,backward,-1.5,absolute_work,Absolute work,J,1404.5701810420649,1603.644071680344,-6.617676598603939,6.617676598603939,203.04964227879785,True,False,False
2026-08-21_22-50-01_go2_72d_trs_m0p2_v0p1_w500_r0_gait_trclosed_v2,"TRS m0.2/v0.1, w500/r0",gait_00_trot__vx_neg_1p5__seed_0042,0,trot,trot,backward,-1.5,vertical_grf_impulse,Vertical GRF impulse,N s,999.7905561637853,472.70714216109235,35.79519442388985,35.79519442388985,99.39123539177304,True,False,False
2026-08-21_22-50-01_go2_72d_trs_m0p2_v0p1_w500_r0_gait_trclosed_v2,"TRS m0.2/v0.1, w500/r0",gait_00_trot__vx_neg_1p0__seed_0042,0,trot,trot,backward,-1.0,torque_squared,Torque²,N² m² s,2126.6027472444125,1192.5861255664943,28.13990578628723,28.13990578628723,339.98070955598473,True,False,False
2026-08-21_22-50-01_go2_72d_trs_m0p2_v0p1_w500_r0_gait_trclosed_v2,"TRS m0.2/v0.1, w500/r0",gait_00_trot__vx_neg_1p0__seed_0042,0,trot,trot,backward,-1.0,absolute_work,Absolute work,J,776.8365372598605,953.193323928077,-10.193857957290971,10.193857957290971,177.20497455801907,True,False,False
2026-08-21_22-50-01_go2_72d_trs_m0p2_v0p1_w500_r0_gait_trclosed_v2,"TRS m0.2/v0.1, w500/r0",gait_00_trot__vx_neg_1p0__seed_0042,0,trot,trot,backward,-1.0,vertical_grf_impulse,Vertical GRF impulse,N s,947.6721635834283,487.80022808886423,32.036278660770606,32.036278660770606,147.03379077535718,True,False,False
2026-08-21_22-50-01_go2_72d_trs_m0p2_v0p1_w500_r0_gait_trclosed_v2,"TRS m0.2/v0.1, w500/r0",gait_00_trot__vx_neg_0p5__seed_0042,0,trot,trot,backward,-0.5,torque_squared,Torque²,N² m² s,1717.794503064871,1038.223800375699,24.657699182941073,24.657699182941073,580.079077004039,True,False,False
2026-08-21_22-50-01_go2_72d_trs_m0p2_v0p1_w500_r0_gait_trclosed_v2,"TRS m0.2/v0.1, w500/r0",gait_00_trot__vx_neg_0p5__seed_0042,0,trot,trot,backward,-0.5,absolute_work,Absolute work,J,486.7909461990907,630.1766260825353,-12.83704947589044,12.83704947589044,235.09623196758267,True,False,False
2026-08-21_22-50-01_go2_72d_trs_m0p2_v0p1_w500_r0_gait_trclosed_v2,"TRS m0.2/v0.1, w500/r0",gait_00_trot__vx_neg_0p5__seed_0042,0,trot,trot,backward,-0.5,vertical_grf_impulse,Vertical GRF impulse,N s,900.2810517928206,559.8892241121148,23.311789953383972,23.311789953383972,307.3325836981085,True,False,False
2026-08-21_22-50-01_go2_72d_trs_m0p2_v0p1_w500_r0_gait_trclosed_v2,"TRS m0.2/v0.1, w500/r0",gait_00_trot__vx_pos_0p5__seed_0042,0,trot,trot,forward,0.5,torque_squared,Torque²,N² m² s,1548.8058639171697,1177.355961717245,13.625379781461923,13.625379781461923,591.224156255924,True,False,False
2026-08-21_22-50-01_go2_72d_trs_m0p2_v0p1_w500_r0_gait_trclosed_v2,"TRS m0.2/v0.1, w500/r0",gait_00_trot__vx_pos_0p5__seed_0042,0,trot,trot,forward,0.5,absolute_work,Absolute work,J,377.8820420760708,338.90085736277166,5.438353055550969,5.438353055550969,155.44908631415717,True,False,False
2026-08-21_22-50-01_go2_72d_trs_m0p2_v0p1_w500_r0_gait_trclosed_v2,"TRS m0.2/v0.1, w500/r0",gait_00_trot__vx_pos_0p5__seed_0042,0,trot,trot,forward,0.5,vertical_grf_impulse,Vertical GRF impulse,N s,786.149229855561,690.7578577423187,6.458860744475935,6.458860744475935,320.2976208245631,True,False,False
2026-08-21_22-50-01_go2_72d_trs_m0p2_v0p1_w500_r0_gait_trclosed_v2,"TRS m0.2/v0.1, w500/r0",gait_00_trot__vx_pos_1p0__seed_0042,0,trot,trot,forward,1.0,torque_squared,Torque²,N² m² s,1633.4129651875712,1437.718313405969,6.3720705508630315,6.3720705508630315,319.3266466964051,True,False,False
2026-08-21_22-50-01_go2_72d_trs_m0p2_v0p1_w500_r0_gait_trclosed_v2,"TRS m0.2/v0.1, w500/r0",gait_00_trot__vx_pos_1p0__seed_0042,0,trot,trot,forward,1.0,absolute_work,Absolute work,J,665.3355189643405,588.0856650522654,6.163120178368683,6.163120178368683,130.32682333708635,True,False,False
2026-08-21_22-50-01_go2_72d_trs_m0p2_v0p1_w500_r0_gait_trclosed_v2,"TRS m0.2/v0.1, w500/r0",gait_00_trot__vx_pos_1p0__seed_0042,0,trot,trot,forward,1.0,vertical_grf_impulse,Vertical GRF impulse,N s,781.633693935879,758.0976806592942,1.5285791836756566,1.5285791836756566,160.09646350510042,True,False,False
2026-08-21_22-50-01_go2_72d_trs_m0p2_v0p1_w500_r0_gait_trclosed_v2,"TRS m0.2/v0.1, w500/r0",gait_00_trot__vx_pos_1p5__seed_0042,0,trot,trot,forward,1.5,torque_squared,Torque²,N² m² s,2032.5129054519311,1891.1646540200918,3.6024430980730084,3.6024430980730084,274.58549350173297,True,False,False
2026-08-21_22-50-01_go2_72d_trs_m0p2_v0p1_w500_r0_gait_trclosed_v2,"TRS m0.2/v0.1, w500/r0",gait_00_trot__vx_pos_1p5__seed_0042,0,trot,trot,forward,1.5,absolute_work,Absolute work,J,1027.9269734109369,890.2423671059727,7.177917162822593,7.177917162822593,134.23668662941893,True,False,False
2026-08-21_22-50-01_go2_72d_trs_m0p2_v0p1_w500_r0_gait_trclosed_v2,"TRS m0.2/v0.1, w500/r0",gait_00_trot__vx_pos_1p5__seed_0042,0,trot,trot,forward,1.5,vertical_grf_impulse,Vertical GRF impulse,N s,747.3092551303157,770.6602548265457,-1.5383049226656484,1.5383049226656484,106.23003564752031,True,False,False
2026-08-21_22-50-01_go2_72d_trs_m0p2_v0p1_w500_r0_gait_trclosed_v2,"TRS m0.2/v0.1, w500/r0",gait_01_bound__vx_neg_1p5__seed_0042,1,bound,bound,backward,-1.5,torque_squared,Torque²,N² m² s,4002.822583600837,1951.3276074921685,34.45487450379673,34.45487450379673,418.49181773656386,True,False,False
2026-08-21_22-50-01_go2_72d_trs_m0p2_v0p1_w500_r0_gait_trclosed_v2,"TRS m0.2/v0.1, w500/r0",gait_01_bound__vx_neg_1p5__seed_0042,1,bound,bound,backward,-1.5,absolute_work,Absolute work,J,1517.3670133379678,1496.3978352095962,0.6957801680671057,0.6957801680671057,211.8246750956923,True,False,False
2026-08-21_22-50-01_go2_72d_trs_m0p2_v0p1_w500_r0_gait_trclosed_v2,"TRS m0.2/v0.1, w500/r0",gait_01_bound__vx_neg_1p5__seed_0042,1,bound,bound,backward,-1.5,vertical_grf_impulse,Vertical GRF impulse,N s,941.0835494676189,487.9996474541741,31.70451538366524,31.70451538366524,100.44416173297687,True,False,False
2026-08-21_22-50-01_go2_72d_trs_m0p2_v0p1_w500_r0_gait_trclosed_v2,"TRS m0.2/v0.1, w500/r0",gait_01_bound__vx_neg_1p0__seed_0042,1,bound,bound,backward,-1.0,torque_squared,Torque²,N² m² s,3875.797656778415,2286.423920139514,25.792219847989227,25.792219847989227,647.7816972840124,True,False,False
2026-08-21_22-50-01_go2_72d_trs_m0p2_v0p1_w500_r0_gait_trclosed_v2,"TRS m0.2/v0.1, w500/r0",gait_01_bound__vx_neg_1p0__seed_0042,1,bound,bound,backward,-1.0,absolute_work,Absolute work,J,1268.197770476552,1423.6919361211912,-5.7763943769140145,5.7763943769140145,282.9753622578107,True,False,False
2026-08-21_22-50-01_go2_72d_trs_m0p2_v0p1_w500_r0_gait_trclosed_v2,"TRS m0.2/v0.1, w500/r0",gait_01_bound__vx_neg_1p0__seed_0042,1,bound,bound,backward,-1.0,vertical_grf_impulse,Vertical GRF impulse,N s,900.4860107152296,518.7211389535976,26.899869539884786,26.899869539884786,149.18912030908984,True,False,False
2026-08-21_22-50-01_go2_72d_trs_m0p2_v0p1_w500_r0_gait_trclosed_v2,"TRS m0.2/v0.1, w500/r0",gait_01_bound__vx_neg_0p5__seed_0042,1,bound,bound,backward,-0.5,torque_squared,Torque²,N² m² s,3778.1784783169646,2095.50512734101,28.647667527666574,28.647667527666574,1292.1445953811085,True,False,False
2026-08-21_22-50-01_go2_72d_trs_m0p2_v0p1_w500_r0_gait_trclosed_v2,"TRS m0.2/v0.1, w500/r0",gait_01_bound__vx_neg_0p5__seed_0042,1,bound,bound,backward,-0.5,absolute_work,Absolute work,J,1616.248028230865,1562.334702542377,1.6961435411615866,1.6961435411615866,699.2525938210251,True,False,False
2026-08-21_22-50-01_go2_72d_trs_m0p2_v0p1_w500_r0_gait_trclosed_v2,"TRS m0.2/v0.1, w500/r0",gait_01_bound__vx_neg_0p5__seed_0042,1,bound,bound,backward,-0.5,vertical_grf_impulse,Vertical GRF impulse,N s,854.1330543779641,520.2172485698535,24.29626603144053,24.29626603144053,302.34167097522413,True,False,False
2026-08-21_22-50-01_go2_72d_trs_m0p2_v0p1_w500_r0_gait_trclosed_v2,"TRS m0.2/v0.1, w500/r0",gait_01_bound__vx_pos_0p5__seed_0042,1,bound,bound,forward,0.5,torque_squared,Torque²,N² m² s,2430.7641325492687,2584.00061342515,-3.055706272141502,3.055706272141502,990.9929984652485,True,False,False
2026-08-21_22-50-01_go2_72d_trs_m0p2_v0p1_w500_r0_gait_trclosed_v2,"TRS m0.2/v0.1, w500/r0",gait_01_bound__vx_pos_0p5__seed_0042,1,bound,bound,forward,0.5,absolute_work,Absolute work,J,1093.8530895815884,1414.3240477586255,-12.777046461593985,12.777046461593985,495.65355663195487,True,False,False
2026-08-21_22-50-01_go2_72d_trs_m0p2_v0p1_w500_r0_gait_trclosed_v2,"TRS m0.2/v0.1, w500/r0",gait_01_bound__vx_pos_0p5__seed_0042,1,bound,bound,forward,0.5,vertical_grf_impulse,Vertical GRF impulse,N s,688.9328201151769,740.20262560606,-3.587470008135507,3.587470008135507,282.41867611140833,True,False,False
2026-08-21_22-50-01_go2_72d_trs_m0p2_v0p1_w500_r0_gait_trclosed_v2,"TRS m0.2/v0.1, w500/r0",gait_01_bound__vx_pos_1p0__seed_0042,1,bound,bound,forward,1.0,torque_squared,Torque²,N² m² s,2252.1875106187395,2829.7024683362542,-11.364176715928648,11.364176715928648,509.43998687694614,True,False,False
2026-08-21_22-50-01_go2_72d_trs_m0p2_v0p1_w500_r0_gait_trclosed_v2,"TRS m0.2/v0.1, w500/r0",gait_01_bound__vx_pos_1p0__seed_0042,1,bound,bound,forward,1.0,absolute_work,Absolute work,J,942.7873104060448,1422.8501508938468,-20.293170375481495,20.293170375481495,237.14608585210811,True,False,False
2026-08-21_22-50-01_go2_72d_trs_m0p2_v0p1_w500_r0_gait_trclosed_v2,"TRS m0.2/v0.1, w500/r0",gait_01_bound__vx_pos_1p0__seed_0042,1,bound,bound,forward,1.0,vertical_grf_impulse,Vertical GRF impulse,N s,703.6641072165966,743.5485107707977,-2.755946366033452,2.755946366033452,145.07751646903145,True,False,False
2026-08-21_22-50-01_go2_72d_trs_m0p2_v0p1_w500_r0_gait_trclosed_v2,"TRS m0.2/v0.1, w500/r0",gait_01_bound__vx_pos_1p5__seed_0042,1,bound,bound,forward,1.5,torque_squared,Torque²,N² m² s,1970.7581085368101,2988.3237037922013,-20.51923387764187,20.51923387764187,339.5025166855514,True,False,False
2026-08-21_22-50-01_go2_72d_trs_m0p2_v0p1_w500_r0_gait_trclosed_v2,"TRS m0.2/v0.1, w500/r0",gait_01_bound__vx_pos_1p5__seed_0042,1,bound,bound,forward,1.5,absolute_work,Absolute work,J,1053.7738870572043,1380.997691143544,-13.43960998296818,13.43960998296818,166.68631606329387,True,False,False
2026-08-21_22-50-01_go2_72d_trs_m0p2_v0p1_w500_r0_gait_trclosed_v2,"TRS m0.2/v0.1, w500/r0",gait_01_bound__vx_pos_1p5__seed_0042,1,bound,bound,forward,1.5,vertical_grf_impulse,Vertical GRF impulse,N s,694.2761104309559,772.1162967967987,-5.308278055871912,5.308278055871912,100.39034070071055,True,False,False
2026-08-21_22-50-01_go2_72d_trs_m0p2_v0p1_w500_r0_gait_trclosed_v2,"TRS m0.2/v0.1, w500/r0",gait_02_half_bound__vx_neg_1p5__seed_0042,2,half_bound_front_a,half_bound,backward,-1.5,torque_squared,Torque²,N² m² s,3773.3526532279693,1963.5580659789719,31.546500822993107,31.546500822993107,401.9564847749788,True,False,False
2026-08-21_22-50-01_go2_72d_trs_m0p2_v0p1_w500_r0_gait_trclosed_v2,"TRS m0.2/v0.1, w500/r0",gait_02_half_bound__vx_neg_1p5__seed_0042,2,half_bound_front_a,half_bound,backward,-1.5,absolute_work,Absolute work,J,1470.0711883672184,1461.228685338553,0.3016580837731401,0.3016580837731401,205.38144146314878,True,False,False
2026-08-21_22-50-01_go2_72d_trs_m0p2_v0p1_w500_r0_gait_trclosed_v2,"TRS m0.2/v0.1, w500/r0",gait_02_half_bound__vx_neg_1p5__seed_0042,2,half_bound_front_a,half_bound,backward,-1.5,vertical_grf_impulse,Vertical GRF impulse,N s,966.7568884287984,453.0321923031327,36.18316995795107,36.18316995795107,99.47748116460092,True,False,False
2026-08-21_22-50-01_go2_72d_trs_m0p2_v0p1_w500_r0_gait_trclosed_v2,"TRS m0.2/v0.1, w500/r0",gait_02_half_bound__vx_neg_1p0__seed_0042,2,half_bound_front_a,half_bound,backward,-1.0,torque_squared,Torque²,N² m² s,3788.4592586878107,2072.390974149672,29.280193425234796,29.280193425234796,614.6216831382417,True,False,False
2026-08-21_22-50-01_go2_72d_trs_m0p2_v0p1_w500_r0_gait_trclosed_v2,"TRS m0.2/v0.1, w500/r0",gait_02_half_bound__vx_neg_1p0__seed_0042,2,half_bound_front_a,half_bound,backward,-1.0,absolute_work,Absolute work,J,1229.2592483956357,1318.8371231115834,-3.5154822132163575,3.5154822132163575,267.2163966721927,True,False,False
2026-08-21_22-50-01_go2_72d_trs_m0p2_v0p1_w500_r0_gait_trclosed_v2,"TRS m0.2/v0.1, w500/r0",gait_02_half_bound__vx_neg_1p0__seed_0042,2,half_bound_front_a,half_bound,backward,-1.0,vertical_grf_impulse,Vertical GRF impulse,N s,903.9881790769712,488.4361444283578,29.843778770144628,29.843778770144628,146.02218916301118,True,False,False
2026-08-21_22-50-01_go2_72d_trs_m0p2_v0p1_w500_r0_gait_trclosed_v2,"TRS m0.2/v0.1, w500/r0",gait_02_half_bound__vx_neg_0p5__seed_0042,2,half_bound_front_a,half_bound,backward,-0.5,torque_squared,Torque²,N² m² s,3759.7395708068902,1933.5225068463735,32.07681359213442,32.07681359213442,1265.7943218355488,True,False,False
2026-08-21_22-50-01_go2_72d_trs_m0p2_v0p1_w500_r0_gait_trclosed_v2,"TRS m0.2/v0.1, w500/r0",gait_02_half_bound__vx_neg_0p5__seed_0042,2,half_bound_front_a,half_bound,backward,-0.5,absolute_work,Absolute work,J,1589.6936035211622,1748.1085036781371,-4.746084251528576,4.746084251528576,742.100204957562,True,False,False
2026-08-21_22-50-01_go2_72d_trs_m0p2_v0p1_w500_r0_gait_trclosed_v2,"TRS m0.2/v0.1, w500/r0",gait_02_half_bound__vx_neg_0p5__seed_0042,2,half_bound_front_a,half_bound,backward,-0.5,vertical_grf_impulse,Vertical GRF impulse,N s,894.4381617116928,501.1893193626404,28.177206860840496,28.177206860840496,310.29264362790684,True,False,False
2026-08-21_22-50-01_go2_72d_trs_m0p2_v0p1_w500_r0_gait_trclosed_v2,"TRS m0.2/v0.1, w500/r0",gait_02_half_bound__vx_pos_0p5__seed_0042,2,half_bound_front_a,half_bound,forward,0.5,torque_squared,Torque²,N² m² s,1545.3209075559869,2402.4757268723306,-21.712233397262338,21.712233397262338,821.0796892506112,True,False,False
2026-08-21_22-50-01_go2_72d_trs_m0p2_v0p1_w500_r0_gait_trclosed_v2,"TRS m0.2/v0.1, w500/r0",gait_02_half_bound__vx_pos_0p5__seed_0042,2,half_bound_front_a,half_bound,forward,0.5,absolute_work,Absolute work,J,561.8148333394184,1044.1600506108598,-30.034418476395988,30.034418476395988,334.01754972850387,True,False,False
2026-08-21_22-50-01_go2_72d_trs_m0p2_v0p1_w500_r0_gait_trclosed_v2,"TRS m0.2/v0.1, w500/r0",gait_02_half_bound__vx_pos_0p5__seed_0042,2,half_bound_front_a,half_bound,forward,0.5,vertical_grf_impulse,Vertical GRF impulse,N s,687.5371400606662,766.5401680564972,-5.433206855977244,5.433206855977244,302.4252399131235,True,False,False
2026-08-21_22-50-01_go2_72d_trs_m0p2_v0p1_w500_r0_gait_trclosed_v2,"TRS m0.2/v0.1, w500/r0",gait_02_half_bound__vx_pos_1p0__seed_0042,2,half_bound_front_a,half_bound,forward,1.0,torque_squared,Torque²,N² m² s,1731.2363877834266,2561.896526719589,-19.348577262307327,19.348577262307327,441.3732734901636,True,False,False
2026-08-21_22-50-01_go2_72d_trs_m0p2_v0p1_w500_r0_gait_trclosed_v2,"TRS m0.2/v0.1, w500/r0",gait_02_half_bound__vx_pos_1p0__seed_0042,2,half_bound_front_a,half_bound,forward,1.0,absolute_work,Absolute work,J,697.5883463740728,1094.9832361116971,-22.16898301972156,22.16898301972156,184.29273052655478,True,False,False
2026-08-21_22-50-01_go2_72d_trs_m0p2_v0p1_w500_r0_gait_trclosed_v2,"TRS m0.2/v0.1, w500/r0",gait_02_half_bound__vx_pos_1p0__seed_0042,2,half_bound_front_a,half_bound,forward,1.0,vertical_grf_impulse,Vertical GRF impulse,N s,697.5807735466957,773.6746122932434,-5.172034677249847,5.172034677249847,151.258490878422,True,False,False
2026-08-21_22-50-01_go2_72d_trs_m0p2_v0p1_w500_r0_gait_trclosed_v2,"TRS m0.2/v0.1, w500/r0",gait_02_half_bound__vx_pos_1p5__seed_0042,2,half_bound_front_a,half_bound,forward,1.5,torque_squared,Torque²,N² m² s,1853.0539172105312,2638.235371938443,-17.48231753017831,17.48231753017831,310.31489467459625,True,False,False
2026-08-21_22-50-01_go2_72d_trs_m0p2_v0p1_w500_r0_gait_trclosed_v2,"TRS m0.2/v0.1, w500/r0",gait_02_half_bound__vx_pos_1p5__seed_0042,2,half_bound_front_a,half_bound,forward,1.5,absolute_work,Absolute work,J,971.653484600833,1263.8157724214632,-13.069394128452386,13.069394128452386,154.454403263927,True,False,False
2026-08-21_22-50-01_go2_72d_trs_m0p2_v0p1_w500_r0_gait_trclosed_v2,"TRS m0.2/v0.1, w500/r0",gait_02_half_bound__vx_pos_1p5__seed_0042,2,half_bound_front_a,half_bound,forward,1.5,vertical_grf_impulse,Vertical GRF impulse,N s,695.0574802742899,764.2966821193695,-4.744509840675837,4.744509840675837,100.83058650669359,True,False,False
2026-08-21_22-50-01_go2_72d_trs_m0p2_v0p1_w500_r0_gait_trclosed_v2,"TRS m0.2/v0.1, w500/r0",gait_03_half_bound__vx_neg_1p5__seed_0042,3,half_bound_front_b,half_bound,backward,-1.5,torque_squared,Torque²,N² m² s,4071.7760422334327,1848.3079605571243,37.558049524774134,37.558049524774134,413.56747974063006,True,False,False
2026-08-21_22-50-01_go2_72d_trs_m0p2_v0p1_w500_r0_gait_trclosed_v2,"TRS m0.2/v0.1, w500/r0",gait_03_half_bound__vx_neg_1p5__seed_0042,3,half_bound_front_b,half_bound,backward,-1.5,absolute_work,Absolute work,J,1600.2360265212606,1517.6466935821577,2.6488915829509914,2.6488915829509914,217.81023682640637,True,False,False
2026-08-21_22-50-01_go2_72d_trs_m0p2_v0p1_w500_r0_gait_trclosed_v2,"TRS m0.2/v0.1, w500/r0",gait_03_half_bound__vx_neg_1p5__seed_0042,3,half_bound_front_b,half_bound,backward,-1.5,vertical_grf_impulse,Vertical GRF impulse,N s,985.8201910442791,456.8007691247252,36.670715075259885,36.670715075259885,100.77916368025741,True,False,False
2026-08-21_22-50-01_go2_72d_trs_m0p2_v0p1_w500_r0_gait_trclosed_v2,"TRS m0.2/v0.1, w500/r0",gait_03_half_bound__vx_neg_1p0__seed_0042,3,half_bound_front_b,half_bound,backward,-1.0,torque_squared,Torque²,N² m² s,4131.098556960423,2157.186007489094,31.390318444409118,31.390318444409118,662.8894319023556,True,False,False
2026-08-21_22-50-01_go2_72d_trs_m0p2_v0p1_w500_r0_gait_trclosed_v2,"TRS m0.2/v0.1, w500/r0",gait_03_half_bound__vx_neg_1p0__seed_0042,3,half_bound_front_b,half_bound,backward,-1.0,absolute_work,Absolute work,J,1582.9378177881556,1414.7201952116977,5.6116348778597684,5.6116348778597684,316.0028457536846,True,False,False
2026-08-21_22-50-01_go2_72d_trs_m0p2_v0p1_w500_r0_gait_trclosed_v2,"TRS m0.2/v0.1, w500/r0",gait_03_half_bound__vx_neg_1p0__seed_0042,3,half_bound_front_b,half_bound,backward,-1.0,vertical_grf_impulse,Vertical GRF impulse,N s,921.6209656511646,487.7591253658681,30.78387746858368,30.78387746858368,148.57202441991544,True,False,False
2026-08-21_22-50-01_go2_72d_trs_m0p2_v0p1_w500_r0_gait_trclosed_v2,"TRS m0.2/v0.1, w500/r0",gait_03_half_bound__vx_neg_0p5__seed_0042,3,half_bound_front_b,half_bound,backward,-0.5,torque_squared,Torque²,N² m² s,3676.6109308783675,2465.9579331553537,19.709229550712738,19.709229550712738,1330.3304018415797,True,False,False
2026-08-21_22-50-01_go2_72d_trs_m0p2_v0p1_w500_r0_gait_trclosed_v2,"TRS m0.2/v0.1, w500/r0",gait_03_half_bound__vx_neg_0p5__seed_0042,3,half_bound_front_b,half_bound,backward,-0.5,absolute_work,Absolute work,J,1924.897527500773,1777.7514679028081,3.9740753115034693,3.9740753115034693,801.9033461350424,True,False,False
2026-08-21_22-50-01_go2_72d_trs_m0p2_v0p1_w500_r0_gait_trclosed_v2,"TRS m0.2/v0.1, w500/r0",gait_03_half_bound__vx_neg_0p5__seed_0042,3,half_bound_front_b,half_bound,backward,-0.5,vertical_grf_impulse,Vertical GRF impulse,N s,842.476109980348,540.3635182778714,21.84726164399902,21.84726164399902,299.4892917057443,True,False,False
2026-08-21_22-50-01_go2_72d_trs_m0p2_v0p1_w500_r0_gait_trclosed_v2,"TRS m0.2/v0.1, w500/r0",gait_03_half_bound__vx_pos_0p5__seed_0042,3,half_bound_front_b,half_bound,forward,0.5,torque_squared,Torque²,N² m² s,1954.4186366103581,2261.546225302803,-7.284870693942968,7.284870693942968,823.5683333972244,True,False,False
2026-08-21_22-50-01_go2_72d_trs_m0p2_v0p1_w500_r0_gait_trclosed_v2,"TRS m0.2/v0.1, w500/r0",gait_03_half_bound__vx_pos_0p5__seed_0042,3,half_bound_front_b,half_bound,forward,0.5,absolute_work,Absolute work,J,601.8976117571324,1400.5449064512036,-39.88365645614898,39.88365645614898,391.1674554840132,True,False,False
2026-08-21_22-50-01_go2_72d_trs_m0p2_v0p1_w500_r0_gait_trclosed_v2,"TRS m0.2/v0.1, w500/r0",gait_03_half_bound__vx_pos_0p5__seed_0042,3,half_bound_front_b,half_bound,forward,0.5,vertical_grf_impulse,Vertical GRF impulse,N s,843.9705700182915,629.3299294710159,14.568693937297706,14.568693937297706,287.8021228115965,True,False,False
2026-08-21_22-50-01_go2_72d_trs_m0p2_v0p1_w500_r0_gait_trclosed_v2,"TRS m0.2/v0.1, w500/r0",gait_03_half_bound__vx_pos_1p0__seed_0042,3,half_bound_front_b,half_bound,forward,1.0,torque_squared,Torque²,N² m² s,2391.0531493242775,2812.7495479933336,-8.103620048593058,8.103620048593058,529.0102816986796,True,False,False
2026-08-21_22-50-01_go2_72d_trs_m0p2_v0p1_w500_r0_gait_trclosed_v2,"TRS m0.2/v0.1, w500/r0",gait_03_half_bound__vx_pos_1p0__seed_0042,3,half_bound_front_b,half_bound,forward,1.0,absolute_work,Absolute work,J,998.3177284485914,1541.566247580708,-21.388713982966987,21.388713982966987,258.2005536708408,True,False,False
2026-08-21_22-50-01_go2_72d_trs_m0p2_v0p1_w500_r0_gait_trclosed_v2,"TRS m0.2/v0.1, w500/r0",gait_03_half_bound__vx_pos_1p0__seed_0042,3,half_bound_front_b,half_bound,forward,1.0,vertical_grf_impulse,Vertical GRF impulse,N s,700.7936410868168,730.3896984291076,-2.067943115680847,2.067943115680847,145.4918154352858,True,False,False
2026-08-21_22-50-01_go2_72d_trs_m0p2_v0p1_w500_r0_gait_trclosed_v2,"TRS m0.2/v0.1, w500/r0",gait_03_half_bound__vx_pos_1p5__seed_0042,3,half_bound_front_b,half_bound,forward,1.5,torque_squared,Torque²,N² m² s,2049.2674569329038,2866.31744050779,-16.621622871375575,16.621622871375575,341.68434293579924,True,False,False
2026-08-21_22-50-01_go2_72d_trs_m0p2_v0p1_w500_r0_gait_trclosed_v2,"TRS m0.2/v0.1, w500/r0",gait_03_half_bound__vx_pos_1p5__seed_0042,3,half_bound_front_b,half_bound,forward,1.5,absolute_work,Absolute work,J,1169.2009225015331,1221.0813697394008,-2.1704736468272445,2.1704736468272445,166.14951251897756,True,False,False
2026-08-21_22-50-01_go2_72d_trs_m0p2_v0p1_w500_r0_gait_trclosed_v2,"TRS m0.2/v0.1, w500/r0",gait_03_half_bound__vx_pos_1p5__seed_0042,3,half_bound_front_b,half_bound,forward,1.5,vertical_grf_impulse,Vertical GRF impulse,N s,665.7395870798827,769.4807637333874,-7.228240360075696,7.228240360075696,99.76276125167585,True,False,False
2026-08-21_22-50-01_go2_72d_trs_m0p2_v0p1_w500_r0_gait_trclosed_v2,"TRS m0.2/v0.1, w500/r0",gait_04_half_bound__vx_neg_1p5__seed_0042,4,half_bound_hind_a,half_bound,backward,-1.5,torque_squared,Torque²,N² m² s,3682.1353379399493,2244.08467941066,24.265900596316158,24.265900596316158,412.36543655845685,True,False,False
2026-08-21_22-50-01_go2_72d_trs_m0p2_v0p1_w500_r0_gait_trclosed_v2,"TRS m0.2/v0.1, w500/r0",gait_04_half_bound__vx_neg_1p5__seed_0042,4,half_bound_hind_a,half_bound,backward,-1.5,absolute_work,Absolute work,J,1480.6430012184824,1415.4221507488378,2.2520505253598846,2.2520505253598846,201.51752165736096,True,False,False
2026-08-21_22-50-01_go2_72d_trs_m0p2_v0p1_w500_r0_gait_trclosed_v2,"TRS m0.2/v0.1, w500/r0",gait_04_half_bound__vx_neg_1p5__seed_0042,4,half_bound_hind_a,half_bound,backward,-1.5,vertical_grf_impulse,Vertical GRF impulse,N s,915.1770946369303,481.2345736804382,31.07554389597582,31.07554389597582,97.16681215599677,True,False,False
2026-08-21_22-50-01_go2_72d_trs_m0p2_v0p1_w500_r0_gait_trclosed_v2,"TRS m0.2/v0.1, w500/r0",gait_04_half_bound__vx_neg_1p0__seed_0042,4,half_bound_hind_a,half_bound,backward,-1.0,torque_squared,Torque²,N² m² s,3851.75619728099,2336.7519463680883,24.48092845232281,24.48092845232281,644.8443046807107,True,False,False
2026-08-21_22-50-01_go2_72d_trs_m0p2_v0p1_w500_r0_gait_trclosed_v2,"TRS m0.2/v0.1, w500/r0",gait_04_half_bound__vx_neg_1p0__seed_0042,4,half_bound_hind_a,half_bound,backward,-1.0,absolute_work,Absolute work,J,1281.619295050958,1246.2277743211553,1.4000657380983734,1.4000657380983734,263.4023819555414,True,False,False
2026-08-21_22-50-01_go2_72d_trs_m0p2_v0p1_w500_r0_gait_trclosed_v2,"TRS m0.2/v0.1, w500/r0",gait_04_half_bound__vx_neg_1p0__seed_0042,4,half_bound_hind_a,half_bound,backward,-1.0,vertical_grf_impulse,Vertical GRF impulse,N s,868.8069170689927,536.431712820735,23.65258093384039,23.65258093384039,146.42626399896682,True,False,False
2026-08-21_22-50-01_go2_72d_trs_m0p2_v0p1_w500_r0_gait_trclosed_v2,"TRS m0.2/v0.1, w500/r0",gait_04_half_bound__vx_neg_0p5__seed_0042,4,half_bound_hind_a,half_bound,backward,-0.5,torque_squared,Torque²,N² m² s,3967.124940831683,1905.6800644398597,35.10153792849296,35.10153792849296,1290.6846596923426,True,False,False
2026-08-21_22-50-01_go2_72d_trs_m0p2_v0p1_w500_r0_gait_trclosed_v2,"TRS m0.2/v0.1, w500/r0",gait_04_half_bound__vx_neg_0p5__seed_0042,4,half_bound_hind_a,half_bound,backward,-0.5,absolute_work,Absolute work,J,1509.5671136496537,1265.717722638077,8.786463566664166,8.786463566664166,609.9329981598335,True,False,False
2026-08-21_22-50-01_go2_72d_trs_m0p2_v0p1_w500_r0_gait_trclosed_v2,"TRS m0.2/v0.1, w500/r0",gait_04_half_bound__vx_neg_0p5__seed_0042,4,half_bound_hind_a,half_bound,backward,-0.5,vertical_grf_impulse,Vertical GRF impulse,N s,869.1287384533882,525.8198862478071,24.61085993608686,24.61085993608686,306.5722068661662,True,False,False
2026-08-21_22-50-01_go2_72d_trs_m0p2_v0p1_w500_r0_gait_trclosed_v2,"TRS m0.2/v0.1, w500/r0",gait_04_half_bound__vx_pos_0p5__seed_0042,4,half_bound_hind_a,half_bound,forward,0.5,torque_squared,Torque²,N² m² s,1721.7559480609552,2367.6574547145174,-15.794478157067482,15.794478157067482,837.24805816384,True,False,False
2026-08-21_22-50-01_go2_72d_trs_m0p2_v0p1_w500_r0_gait_trclosed_v2,"TRS m0.2/v0.1, w500/r0",gait_04_half_bound__vx_pos_0p5__seed_0042,4,half_bound_hind_a,half_bound,forward,0.5,absolute_work,Absolute work,J,502.76382645666484,1007.1309232751461,-33.404122830950136,33.404122830950136,309.12904192732304,True,False,False
2026-08-21_22-50-01_go2_72d_trs_m0p2_v0p1_w500_r0_gait_trclosed_v2,"TRS m0.2/v0.1, w500/r0",gait_04_half_bound__vx_pos_0p5__seed_0042,4,half_bound_hind_a,half_bound,forward,0.5,vertical_grf_impulse,Vertical GRF impulse,N s,693.7933944487572,756.4367066907882,-4.319542960307324,4.319542960307324,296.91357084264416,True,False,False
2026-08-21_22-50-01_go2_72d_trs_m0p2_v0p1_w500_r0_gait_trclosed_v2,"TRS m0.2/v0.1, w500/r0",gait_04_half_bound__vx_pos_1p0__seed_0042,4,half_bound_hind_a,half_bound,forward,1.0,torque_squared,Torque²,N² m² s,2020.3636677562179,2427.6680731575075,-9.156958158702801,9.156958158702801,455.9959433220406,True,False,False
2026-08-21_22-50-01_go2_72d_trs_m0p2_v0p1_w500_r0_gait_trclosed_v2,"TRS m0.2/v0.1, w500/r0",gait_04_half_bound__vx_pos_1p0__seed_0042,4,half_bound_hind_a,half_bound,forward,1.0,absolute_work,Absolute work,J,783.3859856848012,1012.6894011142012,-12.766914858627882,12.766914858627882,184.127078668883,True,False,False
2026-08-21_22-50-01_go2_72d_trs_m0p2_v0p1_w500_r0_gait_trclosed_v2,"TRS m0.2/v0.1, w500/r0",gait_04_half_bound__vx_pos_1p0__seed_0042,4,half_bound_hind_a,half_bound,forward,1.0,vertical_grf_impulse,Vertical GRF impulse,N s,706.7136009359467,764.8109511953593,-3.9481060764678606,3.9481060764678606,150.8553142952208,True,False,False
2026-08-21_22-50-01_go2_72d_trs_m0p2_v0p1_w500_r0_gait_trclosed_v2,"TRS m0.2/v0.1, w500/r0",gait_04_half_bound__vx_pos_1p5__seed_0042,4,half_bound_hind_a,half_bound,forward,1.5,torque_squared,Torque²,N² m² s,2099.163541695564,2535.624230480393,-9.417058778937742,9.417058778937742,318.3646465699693,True,False,False
2026-08-21_22-50-01_go2_72d_trs_m0p2_v0p1_w500_r0_gait_trclosed_v2,"TRS m0.2/v0.1, w500/r0",gait_04_half_bound__vx_pos_1p5__seed_0042,4,half_bound_hind_a,half_bound,forward,1.5,absolute_work,Absolute work,J,1077.3404207928374,1198.8527072326121,-5.338399670206548,5.338399670206548,156.35223366195237,True,False,False
2026-08-21_22-50-01_go2_72d_trs_m0p2_v0p1_w500_r0_gait_trclosed_v2,"TRS m0.2/v0.1, w500/r0",gait_04_half_bound__vx_pos_1p5__seed_0042,4,half_bound_hind_a,half_bound,forward,1.5,vertical_grf_impulse,Vertical GRF impulse,N s,706.9215747851133,769.8121516513825,-4.258762141095695,4.258762141095695,101.43718202531325,True,False,False
2026-08-21_22-50-01_go2_72d_trs_m0p2_v0p1_w500_r0_gait_trclosed_v2,"TRS m0.2/v0.1, w500/r0",gait_05_half_bound__vx_neg_1p5__seed_0042,5,half_bound_hind_b,half_bound,backward,-1.5,torque_squared,Torque²,N² m² s,4176.06958701252,1758.0642926714152,40.74740043562841,40.74740043562841,415.0959890629844,True,False,False
2026-08-21_22-50-01_go2_72d_trs_m0p2_v0p1_w500_r0_gait_trclosed_v2,"TRS m0.2/v0.1, w500/r0",gait_05_half_bound__vx_neg_1p5__seed_0042,5,half_bound_hind_b,half_bound,backward,-1.5,absolute_work,Absolute work,J,1583.5688238942944,1466.68745484801,3.8318540596358486,3.8318540596358486,213.36713538851822,True,False,False
2026-08-21_22-50-01_go2_72d_trs_m0p2_v0p1_w500_r0_gait_trclosed_v2,"TRS m0.2/v0.1, w500/r0",gait_05_half_bound__vx_neg_1p5__seed_0042,5,half_bound_hind_b,half_bound,backward,-1.5,vertical_grf_impulse,Vertical GRF impulse,N s,989.3912500530068,423.0231988404389,40.09928188261514,40.09928188261514,98.79918190546483,True,False,False
2026-08-21_22-50-01_go2_72d_trs_m0p2_v0p1_w500_r0_gait_trclosed_v2,"TRS m0.2/v0.1, w500/r0",gait_05_half_bound__vx_neg_1p0__seed_0042,5,half_bound_hind_b,half_bound,backward,-1.0,torque_squared,Torque²,N² m² s,4033.6114165778786,2084.3642368769642,31.860982947850854,31.860982947850854,639.2058025461135,True,False,False
2026-08-21_22-50-01_go2_72d_trs_m0p2_v0p1_w500_r0_gait_trclosed_v2,"TRS m0.2/v0.1, w500/r0",gait_05_half_bound__vx_neg_1p0__seed_0042,5,half_bound_hind_b,half_bound,backward,-1.0,absolute_work,Absolute work,J,1471.3629395012206,1380.8485709739905,3.173480234365556,3.173480234365556,297.99892167845263,True,False,False
2026-08-21_22-50-01_go2_72d_trs_m0p2_v0p1_w500_r0_gait_trclosed_v2,"TRS m0.2/v0.1, w500/r0",gait_05_half_bound__vx_neg_1p0__seed_0042,5,half_bound_hind_b,half_bound,backward,-1.0,vertical_grf_impulse,Vertical GRF impulse,N s,930.264704932518,482.19137641331065,31.722991917190818,31.722991917190818,147.57334356634067,True,False,False
2026-08-21_22-50-01_go2_72d_trs_m0p2_v0p1_w500_r0_gait_trclosed_v2,"TRS m0.2/v0.1, w500/r0",gait_05_half_bound__vx_neg_0p5__seed_0042,5,half_bound_hind_b,half_bound,backward,-0.5,torque_squared,Torque²,N² m² s,3557.311356756931,2439.136784431736,18.647281624010528,18.647281624010528,1283.1575688728049,True,False,False
2026-08-21_22-50-01_go2_72d_trs_m0p2_v0p1_w500_r0_gait_trclosed_v2,"TRS m0.2/v0.1, w500/r0",gait_05_half_bound__vx_neg_0p5__seed_0042,5,half_bound_hind_b,half_bound,backward,-0.5,absolute_work,Absolute work,J,1817.5629152475985,1623.8039258702718,5.6302916347734495,5.6302916347734495,736.4052528223732,True,False,False
2026-08-21_22-50-01_go2_72d_trs_m0p2_v0p1_w500_r0_gait_trclosed_v2,"TRS m0.2/v0.1, w500/r0",gait_05_half_bound__vx_neg_0p5__seed_0042,5,half_bound_hind_b,half_bound,backward,-0.5,vertical_grf_impulse,Vertical GRF impulse,N s,854.8278876900673,528.853868588205,23.55845320810211,23.55845320810211,296.0888974064786,True,False,False
2026-08-21_22-50-01_go2_72d_trs_m0p2_v0p1_w500_r0_gait_trclosed_v2,"TRS m0.2/v0.1, w500/r0",gait_05_half_bound__vx_pos_0p5__seed_0042,5,half_bound_hind_b,half_bound,forward,0.5,torque_squared,Torque²,N² m² s,2092.2518359674277,2001.1724497206044,2.2250170001987595,2.2250170001987595,812.3239731436124,True,False,False
2026-08-21_22-50-01_go2_72d_trs_m0p2_v0p1_w500_r0_gait_trclosed_v2,"TRS m0.2/v0.1, w500/r0",gait_05_half_bound__vx_pos_0p5__seed_0042,5,half_bound_hind_b,half_bound,forward,0.5,absolute_work,Absolute work,J,617.4743274545242,1126.0469634043939,-29.169281649513408,29.169281649513408,345.9949527350158,True,False,False
2026-08-21_22-50-01_go2_72d_trs_m0p2_v0p1_w500_r0_gait_trclosed_v2,"TRS m0.2/v0.1, w500/r0",gait_05_half_bound__vx_pos_0p5__seed_0042,5,half_bound_hind_b,half_bound,forward,0.5,vertical_grf_impulse,Vertical GRF impulse,N s,860.0734123864421,608.6509309339541,17.118425427884475,17.118425427884475,291.46257772256115,True,False,False
2026-08-21_22-50-01_go2_72d_trs_m0p2_v0p1_w500_r0_gait_trclosed_v2,"TRS m0.2/v0.1, w500/r0",gait_05_half_bound__vx_pos_1p0__seed_0042,5,half_bound_hind_b,half_bound,forward,1.0,torque_squared,Torque²,N² m² s,2344.4807924398383,2694.7007854950907,-6.9499379539876305,6.9499379539876305,516.4907545452951,True,False,False
2026-08-21_22-50-01_go2_72d_trs_m0p2_v0p1_w500_r0_gait_trclosed_v2,"TRS m0.2/v0.1, w500/r0",gait_05_half_bound__vx_pos_1p0__seed_0042,5,half_bound_hind_b,half_bound,forward,1.0,absolute_work,Absolute work,J,1029.4950262998846,1507.6369724760152,-18.84576547088688,18.84576547088688,260.0432630105353,True,False,False
2026-08-21_22-50-01_go2_72d_trs_m0p2_v0p1_w500_r0_gait_trclosed_v2,"TRS m0.2/v0.1, w500/r0",gait_05_half_bound__vx_pos_1p0__seed_0042,5,half_bound_hind_b,half_bound,forward,1.0,vertical_grf_impulse,Vertical GRF impulse,N s,714.006802021265,715.1674483251571,-0.0812109722527389,0.0812109722527389,146.48316904679353,True,False,False
2026-08-21_22-50-01_go2_72d_trs_m0p2_v0p1_w500_r0_gait_trclosed_v2,"TRS m0.2/v0.1, w500/r0",gait_05_half_bound__vx_pos_1p5__seed_0042,5,half_bound_hind_b,half_bound,forward,1.5,torque_squared,Torque²,N² m² s,1972.5640064545157,2960.6346879891025,-20.029006385805516,20.029006385805516,346.45492347824677,True,False,False
2026-08-21_22-50-01_go2_72d_trs_m0p2_v0p1_w500_r0_gait_trclosed_v2,"TRS m0.2/v0.1, w500/r0",gait_05_half_bound__vx_pos_1p5__seed_0042,5,half_bound_hind_b,half_bound,forward,1.5,absolute_work,Absolute work,J,1110.897832476769,1278.993765422114,-7.033621654351584,7.033621654351584,167.84033280555823,True,False,False
2026-08-21_22-50-01_go2_72d_trs_m0p2_v0p1_w500_r0_gait_trclosed_v2,"TRS m0.2/v0.1, w500/r0",gait_05_half_bound__vx_pos_1p5__seed_0042,5,half_bound_hind_b,half_bound,forward,1.5,vertical_grf_impulse,Vertical GRF impulse,N s,672.8347566422075,754.0299200153355,-5.690459978540446,5.690459978540446,100.20765896212417,True,False,False
2026-08-21_22-50-01_go2_72d_trs_m0p2_v0p1_w500_r0_gait_trclosed_v2,"TRS m0.2/v0.1, w500/r0",gait_06_gallop__vx_neg_1p5__seed_0042,6,gallop_a,gallop,backward,-1.5,torque_squared,Torque²,N² m² s,3872.6389168572537,2080.654975503346,30.100713550416543,30.100713550416543,418.1075718506497,True,False,False
2026-08-21_22-50-01_go2_72d_trs_m0p2_v0p1_w500_r0_gait_trclosed_v2,"TRS m0.2/v0.1, w500/r0",gait_06_gallop__vx_neg_1p5__seed_0042,6,gallop_a,gallop,backward,-1.5,absolute_work,Absolute work,J,1539.5587005799946,1439.7303479860607,3.35074411937243,3.35074411937243,209.23934421172268,True,False,False
2026-08-21_22-50-01_go2_72d_trs_m0p2_v0p1_w500_r0_gait_trclosed_v2,"TRS m0.2/v0.1, w500/r0",gait_06_gallop__vx_neg_1p5__seed_0042,6,gallop_a,gallop,backward,-1.5,vertical_grf_impulse,Vertical GRF impulse,N s,948.5600370370254,455.04974555133407,35.160077794244366,35.160077794244366,98.57734031523441,True,False,False
2026-08-21_22-50-01_go2_72d_trs_m0p2_v0p1_w500_r0_gait_trclosed_v2,"TRS m0.2/v0.1, w500/r0",gait_06_gallop__vx_neg_1p0__seed_0042,6,gallop_a,gallop,backward,-1.0,torque_squared,Torque²,N² m² s,3975.9186373558596,2447.2551420411473,23.799192545872856,23.799192545872856,675.2044711743513,True,False,False
2026-08-21_22-50-01_go2_72d_trs_m0p2_v0p1_w500_r0_gait_trclosed_v2,"TRS m0.2/v0.1, w500/r0",gait_06_gallop__vx_neg_1p0__seed_0042,6,gallop_a,gallop,backward,-1.0,absolute_work,Absolute work,J,1530.0002237931383,1367.9117157488665,5.593286180734972,5.593286180734972,304.62870316922783,True,False,False
2026-08-21_22-50-01_go2_72d_trs_m0p2_v0p1_w500_r0_gait_trclosed_v2,"TRS m0.2/v0.1, w500/r0",gait_06_gallop__vx_neg_1p0__seed_0042,6,gallop_a,gallop,backward,-1.0,vertical_grf_impulse,Vertical GRF impulse,N s,889.8090253113363,507.0061092686743,27.40541010516483,27.40541010516483,146.83330338930452,True,False,False
2026-08-21_22-50-01_go2_72d_trs_m0p2_v0p1_w500_r0_gait_trclosed_v2,"TRS m0.2/v0.1, w500/r0",gait_06_gallop__vx_neg_0p5__seed_0042,6,gallop_a,gallop,backward,-0.5,torque_squared,Torque²,N² m² s,3666.200036956109,2206.3324611641274,24.859250693960007,24.859250693960007,1287.3545613952151,True,False,False
2026-08-21_22-50-01_go2_72d_trs_m0p2_v0p1_w500_r0_gait_trclosed_v2,"TRS m0.2/v0.1, w500/r0",gait_06_gallop__vx_neg_0p5__seed_0042,6,gallop_a,gallop,backward,-0.5,absolute_work,Absolute work,J,1919.1324138813363,1381.515540979285,16.28822219923038,16.28822219923038,723.555672379799,True,False,False
2026-08-21_22-50-01_go2_72d_trs_m0p2_v0p1_w500_r0_gait_trclosed_v2,"TRS m0.2/v0.1, w500/r0",gait_06_gallop__vx_neg_0p5__seed_0042,6,gallop_a,gallop,backward,-0.5,vertical_grf_impulse,Vertical GRF impulse,N s,829.107957938239,546.5655201696317,20.53848113414398,20.53848113414398,301.56998323967866,True,False,False
2026-08-21_22-50-01_go2_72d_trs_m0p2_v0p1_w500_r0_gait_trclosed_v2,"TRS m0.2/v0.1, w500/r0",gait_06_gallop__vx_pos_0p5__seed_0042,6,gallop_a,gallop,forward,0.5,torque_squared,Torque²,N² m² s,2045.7126520173713,2172.0017945186614,-2.9942553983238525,2.9942553983238525,849.280972169519,True,False,False
2026-08-21_22-50-01_go2_72d_trs_m0p2_v0p1_w500_r0_gait_trclosed_v2,"TRS m0.2/v0.1, w500/r0",gait_06_gallop__vx_pos_0p5__seed_0042,6,gallop_a,gallop,forward,0.5,absolute_work,Absolute work,J,736.2744557969738,1163.639662772927,-22.493922372535376,22.493922372535376,382.5676038791203,True,False,False
2026-08-21_22-50-01_go2_72d_trs_m0p2_v0p1_w500_r0_gait_trclosed_v2,"TRS m0.2/v0.1, w500/r0",gait_06_gallop__vx_pos_0p5__seed_0042,6,gallop_a,gallop,forward,0.5,vertical_grf_impulse,Vertical GRF impulse,N s,733.9511229610496,693.5845748710633,2.827708487520684,2.827708487520684,287.44926206591924,True,False,False
2026-08-21_22-50-01_go2_72d_trs_m0p2_v0p1_w500_r0_gait_trclosed_v2,"TRS m0.2/v0.1, w500/r0",gait_06_gallop__vx_pos_1p0__seed_0042,6,gallop_a,gallop,forward,1.0,torque_squared,Torque²,N² m² s,2176.458929786223,2493.3992186433643,-6.786936107764304,6.786936107764304,476.9522806126891,True,False,False
2026-08-21_22-50-01_go2_72d_trs_m0p2_v0p1_w500_r0_gait_trclosed_v2,"TRS m0.2/v0.1, w500/r0",gait_06_gallop__vx_pos_1p0__seed_0042,6,gallop_a,gallop,forward,1.0,absolute_work,Absolute work,J,803.6996223507798,1286.6814663031428,-23.104966198453972,23.104966198453972,213.4994245849644,True,False,False
2026-08-21_22-50-01_go2_72d_trs_m0p2_v0p1_w500_r0_gait_trclosed_v2,"TRS m0.2/v0.1, w500/r0",gait_06_gallop__vx_pos_1p0__seed_0042,6,gallop_a,gallop,forward,1.0,vertical_grf_impulse,Vertical GRF impulse,N s,709.1980408644677,762.0301202488481,-3.5910187679116388,3.5910187679116388,150.26272842582662,True,False,False
2026-08-21_22-50-01_go2_72d_trs_m0p2_v0p1_w500_r0_gait_trclosed_v2,"TRS m0.2/v0.1, w500/r0",gait_06_gallop__vx_pos_1p5__seed_0042,6,gallop_a,gallop,forward,1.5,torque_squared,Torque²,N² m² s,2129.8939935151902,2531.4903716117383,-8.615388619333746,8.615388619333746,320.0550303276232,True,False,False
2026-08-21_22-50-01_go2_72d_trs_m0p2_v0p1_w500_r0_gait_trclosed_v2,"TRS m0.2/v0.1, w500/r0",gait_06_gallop__vx_pos_1p5__seed_0042,6,gallop_a,gallop,forward,1.5,absolute_work,Absolute work,J,1147.0921520717618,1212.4695358616827,-2.7707427241361877,2.7707427241361877,162.0097225281856,True,False,False
2026-08-21_22-50-01_go2_72d_trs_m0p2_v0p1_w500_r0_gait_trclosed_v2,"TRS m0.2/v0.1, w500/r0",gait_06_gallop__vx_pos_1p5__seed_0042,6,gallop_a,gallop,forward,1.5,vertical_grf_impulse,Vertical GRF impulse,N s,694.3389789477825,774.0783932638169,-5.43029630573888,5.43029630573888,100.8229164951075,True,False,False
2026-08-21_22-50-01_go2_72d_trs_m0p2_v0p1_w500_r0_gait_trclosed_v2,"TRS m0.2/v0.1, w500/r0",gait_07_gallop__vx_neg_1p5__seed_0042,7,gallop_b,gallop,backward,-1.5,torque_squared,Torque²,N² m² s,3601.8118398604693,2101.668551816084,26.302243279974075,26.302243279974075,399.09944059534416,True,False,False
2026-08-21_22-50-01_go2_72d_trs_m0p2_v0p1_w500_r0_gait_trclosed_v2,"TRS m0.2/v0.1, w500/r0",gait_07_gallop__vx_neg_1p5__seed_0042,7,gallop_b,gallop,backward,-1.5,absolute_work,Absolute work,J,1475.5721821611376,1520.7079669664993,-1.506394013874268,1.506394013874268,209.66386298599366,True,False,False
2026-08-21_22-50-01_go2_72d_trs_m0p2_v0p1_w500_r0_gait_trclosed_v2,"TRS m0.2/v0.1, w500/r0",gait_07_gallop__vx_neg_1p5__seed_0042,7,gallop_b,gallop,backward,-1.5,vertical_grf_impulse,Vertical GRF impulse,N s,988.9146492131091,451.43352386443667,37.3160556173202,37.3160556173202,100.78795939698112,True,False,False
2026-08-21_22-50-01_go2_72d_trs_m0p2_v0p1_w500_r0_gait_trclosed_v2,"TRS m0.2/v0.1, w500/r0",gait_07_gallop__vx_neg_1p0__seed_0042,7,gallop_b,gallop,backward,-1.0,torque_squared,Torque²,N² m² s,3882.471294113616,2271.8988802287968,26.169573299300392,26.169573299300392,643.5220653666311,True,False,False
2026-08-21_22-50-01_go2_72d_trs_m0p2_v0p1_w500_r0_gait_trclosed_v2,"TRS m0.2/v0.1, w500/r0",gait_07_gallop__vx_neg_1p0__seed_0042,7,gallop_b,gallop,backward,-1.0,absolute_work,Absolute work,J,1249.2792099238538,1449.734651887982,-7.426988234494034,7.426988234494034,282.2181515904513,True,False,False
2026-08-21_22-50-01_go2_72d_trs_m0p2_v0p1_w500_r0_gait_trclosed_v2,"TRS m0.2/v0.1, w500/r0",gait_07_gallop__vx_neg_1p0__seed_0042,7,gallop_b,gallop,backward,-1.0,vertical_grf_impulse,Vertical GRF impulse,N s,913.9150313805887,512.1127609703304,28.176328158924274,28.176328158924274,149.11035966437197,True,False,False
2026-08-21_22-50-01_go2_72d_trs_m0p2_v0p1_w500_r0_gait_trclosed_v2,"TRS m0.2/v0.1, w500/r0",gait_07_gallop__vx_neg_0p5__seed_0042,7,gallop_b,gallop,backward,-0.5,torque_squared,Torque²,N² m² s,4230.338059726067,1889.9372323184166,38.240123454084646,38.240123454084646,1331.3840030643444,True,False,False
2026-08-21_22-50-01_go2_72d_trs_m0p2_v0p1_w500_r0_gait_trclosed_v2,"TRS m0.2/v0.1, w500/r0",gait_07_gallop__vx_neg_0p5__seed_0042,7,gallop_b,gallop,backward,-0.5,absolute_work,Absolute work,J,1449.5949322286904,1526.3435359916161,-2.5789714600121942,2.5789714600121942,647.3755969510933,True,False,False
2026-08-21_22-50-01_go2_72d_trs_m0p2_v0p1_w500_r0_gait_trclosed_v2,"TRS m0.2/v0.1, w500/r0",gait_07_gallop__vx_neg_0p5__seed_0042,7,gallop_b,gallop,backward,-0.5,vertical_grf_impulse,Vertical GRF impulse,N s,907.7374040686581,476.3293151590228,31.169602080336418,31.169602080336418,301.08519653499445,True,False,False
2026-08-21_22-50-01_go2_72d_trs_m0p2_v0p1_w500_r0_gait_trclosed_v2,"TRS m0.2/v0.1, w500/r0",gait_07_gallop__vx_pos_0p5__seed_0042,7,gallop_b,gallop,forward,0.5,torque_squared,Torque²,N² m² s,1366.4735945821812,1545.7395213966963,-6.155659619514442,6.155659619514442,610.479687167148,True,False,False
2026-08-21_22-50-01_go2_72d_trs_m0p2_v0p1_w500_r0_gait_trclosed_v2,"TRS m0.2/v0.1, w500/r0",gait_07_gallop__vx_pos_0p5__seed_0042,7,gallop_b,gallop,forward,0.5,absolute_work,Absolute work,J,428.7734768440505,592.0716167672667,-15.9963681997566,15.9963681997566,213.99711098563532,True,False,False
2026-08-21_22-50-01_go2_72d_trs_m0p2_v0p1_w500_r0_gait_trclosed_v2,"TRS m0.2/v0.1, w500/r0",gait_07_gallop__vx_pos_0p5__seed_0042,7,gallop_b,gallop,forward,0.5,vertical_grf_impulse,Vertical GRF impulse,N s,749.4408729285051,711.8829732084274,2.5701284365791657,2.5701284365791657,306.33353017493874,True,False,False
2026-08-21_22-50-01_go2_72d_trs_m0p2_v0p1_w500_r0_gait_trclosed_v2,"TRS m0.2/v0.1, w500/r0",gait_07_gallop__vx_pos_1p0__seed_0042,7,gallop_b,gallop,forward,1.0,torque_squared,Torque²,N² m² s,1878.799236703105,2015.7577989823765,-3.516665978295666,3.516665978295666,404.16329025093074,True,False,False
2026-08-21_22-50-01_go2_72d_trs_m0p2_v0p1_w500_r0_gait_trclosed_v2,"TRS m0.2/v0.1, w500/r0",gait_07_gallop__vx_pos_1p0__seed_0042,7,gallop_b,gallop,forward,1.0,absolute_work,Absolute work,J,729.293144912445,749.2584354971257,-1.350327634775525,1.350327634775525,153.4388291321727,True,False,False
2026-08-21_22-50-01_go2_72d_trs_m0p2_v0p1_w500_r0_gait_trclosed_v2,"TRS m0.2/v0.1, w500/r0",gait_07_gallop__vx_pos_1p0__seed_0042,7,gallop_b,gallop,forward,1.0,vertical_grf_impulse,Vertical GRF impulse,N s,723.3429857528472,775.744407939911,-3.4955548560768945,3.4955548560768945,155.56996286277706,True,False,False
2026-08-21_22-50-01_go2_72d_trs_m0p2_v0p1_w500_r0_gait_trclosed_v2,"TRS m0.2/v0.1, w500/r0",gait_07_gallop__vx_pos_1p5__seed_0042,7,gallop_b,gallop,forward,1.5,torque_squared,Torque²,N² m² s,1991.2543117681537,2130.451621164886,-3.3771771121400325,3.3771771121400325,286.7923068153949,True,False,False
2026-08-21_22-50-01_go2_72d_trs_m0p2_v0p1_w500_r0_gait_trclosed_v2,"TRS m0.2/v0.1, w500/r0",gait_07_gallop__vx_pos_1p5__seed_0042,7,gallop_b,gallop,forward,1.5,absolute_work,Absolute work,J,1018.7454006150588,1022.1556633436857,-0.16709593565559658,0.16709593565559658,142.00788062970992,True,False,False
2026-08-21_22-50-01_go2_72d_trs_m0p2_v0p1_w500_r0_gait_trclosed_v2,"TRS m0.2/v0.1, w500/r0",gait_07_gallop__vx_pos_1p5__seed_0042,7,gallop_b,gallop,forward,1.5,vertical_grf_impulse,Vertical GRF impulse,N s,712.5908074235916,764.0422763442994,-3.484377364038206,3.484377364038206,102.74556586630793,True,False,False
2026-08-21_22-50-01_go2_72d_trs_m0p2_v0p1_w500_r0_gait_trclosed_v2,"TRS m0.2/v0.1, w500/r0",gait_08_gallop__vx_neg_1p5__seed_0042,8,gallop_c,gallop,backward,-1.5,torque_squared,Torque²,N² m² s,3938.9083356904407,1789.8463721817097,37.51359716197316,37.51359716197316,402.88124465251497,True,False,False
2026-08-21_22-50-01_go2_72d_trs_m0p2_v0p1_w500_r0_gait_trclosed_v2,"TRS m0.2/v0.1, w500/r0",gait_08_gallop__vx_neg_1p5__seed_0042,8,gallop_c,gallop,backward,-1.5,absolute_work,Absolute work,J,1487.891789820149,1441.8712602441199,1.5707935689549881,1.5707935689549881,206.03894639176497,True,False,False
2026-08-21_22-50-01_go2_72d_trs_m0p2_v0p1_w500_r0_gait_trclosed_v2,"TRS m0.2/v0.1, w500/r0",gait_08_gallop__vx_neg_1p5__seed_0042,8,gallop_c,gallop,backward,-1.5,vertical_grf_impulse,Vertical GRF impulse,N s,1012.6889578244865,408.41992027658256,42.520952958604234,42.520952958604234,99.94111160133045,True,False,False
2026-08-21_22-50-01_go2_72d_trs_m0p2_v0p1_w500_r0_gait_trclosed_v2,"TRS m0.2/v0.1, w500/r0",gait_08_gallop__vx_neg_1p0__seed_0042,8,gallop_c,gallop,backward,-1.0,torque_squared,Torque²,N² m² s,3641.2455828679203,1953.0869226006378,30.176230294089205,30.176230294089205,588.304745103638,True,False,False
2026-08-21_22-50-01_go2_72d_trs_m0p2_v0p1_w500_r0_gait_trclosed_v2,"TRS m0.2/v0.1, w500/r0",gait_08_gallop__vx_neg_1p0__seed_0042,8,gallop_c,gallop,backward,-1.0,absolute_work,Absolute work,J,1353.7927274831175,1337.7582574119797,0.5957334697028865,0.5957334697028865,283.04578152162094,True,False,False
2026-08-21_22-50-01_go2_72d_trs_m0p2_v0p1_w500_r0_gait_trclosed_v2,"TRS m0.2/v0.1, w500/r0",gait_08_gallop__vx_neg_1p0__seed_0042,8,gallop_c,gallop,backward,-1.0,vertical_grf_impulse,Vertical GRF impulse,N s,951.414648896545,479.2039910046385,33.00744480195807,33.00744480195807,150.44506801568576,True,False,False
2026-08-21_22-50-01_go2_72d_trs_m0p2_v0p1_w500_r0_gait_trclosed_v2,"TRS m0.2/v0.1, w500/r0",gait_08_gallop__vx_neg_0p5__seed_0042,8,gallop_c,gallop,backward,-0.5,torque_squared,Torque²,N² m² s,3224.504288932371,2212.525645049998,18.612710545464044,18.612710545464044,1173.6066604424068,True,False,False
2026-08-21_22-50-01_go2_72d_trs_m0p2_v0p1_w500_r0_gait_trclosed_v2,"TRS m0.2/v0.1, w500/r0",gait_08_gallop__vx_neg_0p5__seed_0042,8,gallop_c,gallop,backward,-0.5,absolute_work,Absolute work,J,1746.0422533855121,1772.3415324483274,-0.7474818173248952,0.7474818173248952,759.4585086315169,True,False,False
2026-08-21_22-50-01_go2_72d_trs_m0p2_v0p1_w500_r0_gait_trclosed_v2,"TRS m0.2/v0.1, w500/r0",gait_08_gallop__vx_neg_0p5__seed_0042,8,gallop_c,gallop,backward,-0.5,vertical_grf_impulse,Vertical GRF impulse,N s,875.8767209477909,494.47014643449296,27.832849010111058,27.832849010111058,295.79535706147374,True,False,False
2026-08-21_22-50-01_go2_72d_trs_m0p2_v0p1_w500_r0_gait_trclosed_v2,"TRS m0.2/v0.1, w500/r0",gait_08_gallop__vx_pos_0p5__seed_0042,8,gallop_c,gallop,forward,0.5,torque_squared,Torque²,N² m² s,2028.0467449144355,2266.914104346797,-5.5615724523646985,5.5615724523646985,874.7059130240453,True,False,False
2026-08-21_22-50-01_go2_72d_trs_m0p2_v0p1_w500_r0_gait_trclosed_v2,"TRS m0.2/v0.1, w500/r0",gait_08_gallop__vx_pos_0p5__seed_0042,8,gallop_c,gallop,forward,0.5,absolute_work,Absolute work,J,893.0424666761182,1384.3887571787739,-21.574583037066592,21.574583037066592,463.8185603843435,True,False,False
2026-08-21_22-50-01_go2_72d_trs_m0p2_v0p1_w500_r0_gait_trclosed_v2,"TRS m0.2/v0.1, w500/r0",gait_08_gallop__vx_pos_0p5__seed_0042,8,gallop_c,gallop,forward,0.5,vertical_grf_impulse,Vertical GRF impulse,N s,741.0972615484893,703.1087559127808,2.6304076548917488,2.6304076548917488,294.1250426800912,True,False,False
2026-08-21_22-50-01_go2_72d_trs_m0p2_v0p1_w500_r0_gait_trclosed_v2,"TRS m0.2/v0.1, w500/r0",gait_08_gallop__vx_pos_1p0__seed_0042,8,gallop_c,gallop,forward,1.0,torque_squared,Torque²,N² m² s,1888.492514377866,2825.502564595269,-19.877196189638685,19.877196189638685,484.01234308690783,True,False,False
2026-08-21_22-50-01_go2_72d_trs_m0p2_v0p1_w500_r0_gait_trclosed_v2,"TRS m0.2/v0.1, w500/r0",gait_08_gallop__vx_pos_1p0__seed_0042,8,gallop_c,gallop,forward,1.0,absolute_work,Absolute work,J,810.8763668718066,1438.0691912601283,-27.88830623847086,27.88830623847086,230.91186792317285,True,False,False
2026-08-21_22-50-01_go2_72d_trs_m0p2_v0p1_w500_r0_gait_trclosed_v2,"TRS m0.2/v0.1, w500/r0",gait_08_gallop__vx_pos_1p0__seed_0042,8,gallop_c,gallop,forward,1.0,vertical_grf_impulse,Vertical GRF impulse,N s,725.8908145725727,736.7805688095093,-0.7445113345799255,0.7445113345799255,150.1806835978169,True,False,False
2026-08-21_22-50-01_go2_72d_trs_m0p2_v0p1_w500_r0_gait_trclosed_v2,"TRS m0.2/v0.1, w500/r0",gait_08_gallop__vx_pos_1p5__seed_0042,8,gallop_c,gallop,forward,1.5,torque_squared,Torque²,N² m² s,1745.2258327848074,2868.21194462637,-24.341633420094038,24.341633420094038,321.39646091362823,True,False,False
2026-08-21_22-50-01_go2_72d_trs_m0p2_v0p1_w500_r0_gait_trclosed_v2,"TRS m0.2/v0.1, w500/r0",gait_08_gallop__vx_pos_1p5__seed_0042,8,gallop_c,gallop,forward,1.5,absolute_work,Absolute work,J,987.6689573347412,1316.6064822397823,-14.275095730993787,14.275095730993787,160.52800687495676,True,False,False
2026-08-21_22-50-01_go2_72d_trs_m0p2_v0p1_w500_r0_gait_trclosed_v2,"TRS m0.2/v0.1, w500/r0",gait_08_gallop__vx_pos_1p5__seed_0042,8,gallop_c,gallop,forward,1.5,vertical_grf_impulse,Vertical GRF impulse,N s,695.5639009475708,758.6196066498757,-4.336158770393662,4.336158770393662,101.30610954572124,True,False,False
2026-08-21_22-50-01_go2_72d_trs_m0p2_v0p1_w500_r0_gait_trclosed_v2,"TRS m0.2/v0.1, w500/r0",gait_09_gallop__vx_neg_1p5__seed_0042,9,gallop_d,gallop,backward,-1.5,torque_squared,Torque²,N² m² s,4221.843448926489,2386.9698403075104,27.764040657769154,27.764040657769154,454.24585309840256,True,False,False
2026-08-21_22-50-01_go2_72d_trs_m0p2_v0p1_w500_r0_gait_trclosed_v2,"TRS m0.2/v0.1, w500/r0",gait_09_gallop__vx_neg_1p5__seed_0042,9,gallop_d,gallop,backward,-1.5,absolute_work,Absolute work,J,1876.203598567953,2296.6806088554754,-10.076412126162218,10.076412126162218,286.816295713751,True,False,False
2026-08-21_22-50-01_go2_72d_trs_m0p2_v0p1_w500_r0_gait_trclosed_v2,"TRS m0.2/v0.1, w500/r0",gait_09_gallop__vx_neg_1p5__seed_0042,9,gallop_d,gallop,backward,-1.5,vertical_grf_impulse,Vertical GRF impulse,N s,1003.2696886146616,379.8571427585147,45.07269555585291,45.07269555585291,95.0669356151867,True,False,False
2026-08-21_22-50-01_go2_72d_trs_m0p2_v0p1_w500_r0_gait_trclosed_v2,"TRS m0.2/v0.1, w500/r0",gait_09_gallop__vx_neg_1p0__seed_0042,9,gallop_d,gallop,backward,-1.0,torque_squared,Torque²,N² m² s,4178.069316098276,2042.1390814258816,34.338563889958465,34.338563889958465,635.5414356392123,True,False,False
2026-08-21_22-50-01_go2_72d_trs_m0p2_v0p1_w500_r0_gait_trclosed_v2,"TRS m0.2/v0.1, w500/r0",gait_09_gallop__vx_neg_1p0__seed_0042,9,gallop_d,gallop,backward,-1.0,absolute_work,Absolute work,J,1931.7886177009775,1839.1413634378353,2.4568807887322,2.4568807887322,385.28970425843374,True,False,False
2026-08-21_22-50-01_go2_72d_trs_m0p2_v0p1_w500_r0_gait_trclosed_v2,"TRS m0.2/v0.1, w500/r0",gait_09_gallop__vx_neg_1p0__seed_0042,9,gallop_d,gallop,backward,-1.0,vertical_grf_impulse,Vertical GRF impulse,N s,936.2746761406795,474.43085497652703,32.738499352050866,32.738499352050866,144.13694223930943,True,False,False
2026-08-21_22-50-01_go2_72d_trs_m0p2_v0p1_w500_r0_gait_trclosed_v2,"TRS m0.2/v0.1, w500/r0",gait_09_gallop__vx_neg_0p5__seed_0042,9,gallop_d,gallop,backward,-0.5,torque_squared,Torque²,N² m² s,2724.0243735335944,1415.4369608561442,31.612504791529094,31.612504791529094,798.2096596770042,True,False,False
2026-08-21_22-50-01_go2_72d_trs_m0p2_v0p1_w500_r0_gait_trclosed_v2,"TRS m0.2/v0.1, w500/r0",gait_09_gallop__vx_neg_0p5__seed_0042,9,gallop_d,gallop,backward,-0.5,absolute_work,Absolute work,J,1195.0177844423567,856.3984899419675,16.506610517264054,16.506610517264054,395.57327728333104,True,False,False
2026-08-21_22-50-01_go2_72d_trs_m0p2_v0p1_w500_r0_gait_trclosed_v2,"TRS m0.2/v0.1, w500/r0",gait_09_gallop__vx_neg_0p5__seed_0042,9,gallop_d,gallop,backward,-0.5,vertical_grf_impulse,Vertical GRF impulse,N s,846.7218552403982,577.1233296379011,18.934539264923007,18.934539264923007,274.5591487985239,True,False,False
2026-08-21_22-50-01_go2_72d_trs_m0p2_v0p1_w500_r0_gait_trclosed_v2,"TRS m0.2/v0.1, w500/r0",gait_09_gallop__vx_pos_0p5__seed_0042,9,gallop_d,gallop,forward,0.5,torque_squared,Torque²,N² m² s,1644.102402734548,1138.0275734270126,18.190193615819304,18.190193615819304,616.6645829968238,True,False,False
2026-08-21_22-50-01_go2_72d_trs_m0p2_v0p1_w500_r0_gait_trclosed_v2,"TRS m0.2/v0.1, w500/r0",gait_09_gallop__vx_pos_0p5__seed_0042,9,gallop_d,gallop,forward,0.5,absolute_work,Absolute work,J,376.43995526410845,555.5961937072943,-19.222026810966838,19.222026810966838,206.5876461804958,True,False,False
2026-08-21_22-50-01_go2_72d_trs_m0p2_v0p1_w500_r0_gait_trclosed_v2,"TRS m0.2/v0.1, w500/r0",gait_09_gallop__vx_pos_0p5__seed_0042,9,gallop_d,gallop,forward,0.5,vertical_grf_impulse,Vertical GRF impulse,N s,848.1331093936952,602.5960733926296,16.925077327628994,16.925077327628994,321.55697764290977,True,False,False
2026-08-21_22-50-01_go2_72d_trs_m0p2_v0p1_w500_r0_gait_trclosed_v2,"TRS m0.2/v0.1, w500/r0",gait_09_gallop__vx_pos_1p0__seed_0042,9,gallop_d,gallop,forward,1.0,torque_squared,Torque²,N² m² s,2029.5264659380105,1619.080408066273,11.249391125037262,11.249391125037262,389.5463665422547,True,False,False
2026-08-21_22-50-01_go2_72d_trs_m0p2_v0p1_w500_r0_gait_trclosed_v2,"TRS m0.2/v0.1, w500/r0",gait_09_gallop__vx_pos_1p0__seed_0042,9,gallop_d,gallop,forward,1.0,absolute_work,Absolute work,J,693.3567880230304,752.4638472988829,-4.088132222756128,4.088132222756128,154.36417093172543,True,False,False
2026-08-21_22-50-01_go2_72d_trs_m0p2_v0p1_w500_r0_gait_trclosed_v2,"TRS m0.2/v0.1, w500/r0",gait_09_gallop__vx_pos_1p0__seed_0042,9,gallop_d,gallop,forward,1.0,vertical_grf_impulse,Vertical GRF impulse,N s,843.7522510265187,660.06237056977,12.214928477139235,12.214928477139235,160.5559442344191,True,False,False
2026-08-21_22-50-01_go2_72d_trs_m0p2_v0p1_w500_r0_gait_trclosed_v2,"TRS m0.2/v0.1, w500/r0",gait_09_gallop__vx_pos_1p5__seed_0042,9,gallop_d,gallop,forward,1.5,torque_squared,Torque²,N² m² s,2181.7141715117327,1750.575654476356,10.964057485946935,10.964057485946935,273.7610488711867,True,False,False
2026-08-21_22-50-01_go2_72d_trs_m0p2_v0p1_w500_r0_gait_trclosed_v2,"TRS m0.2/v0.1, w500/r0",gait_09_gallop__vx_pos_1p5__seed_0042,9,gallop_d,gallop,forward,1.5,absolute_work,Absolute work,J,1087.8408632594253,919.4393762976327,8.389535434222843,8.389535434222843,139.7443138925975,True,False,False
2026-08-21_22-50-01_go2_72d_trs_m0p2_v0p1_w500_r0_gait_trclosed_v2,"TRS m0.2/v0.1, w500/r0",gait_09_gallop__vx_pos_1p5__seed_0042,9,gallop_d,gallop,forward,1.5,vertical_grf_impulse,Vertical GRF impulse,N s,779.6990865755561,730.8690859317779,3.2325585519736646,3.2325585519736646,105.16384742651269,True,False,False
2026-08-22_10-35-19_go2_72d_trs_m0p2_v0p1_w500_r1000_linear_gait_trclosed_v2,"TRS m0.2/v0.1, w500/r1000",gait_00_trot__vx_neg_1p5__seed_0042,0,trot,trot,backward,-1.5,torque_squared,Torque²,N² m² s,2240.2632582434903,1132.774425984267,32.833574241930776,32.833574241930776,234.20251697836102,True,False,False
2026-08-22_10-35-19_go2_72d_trs_m0p2_v0p1_w500_r1000_linear_gait_trclosed_v2,"TRS m0.2/v0.1, w500/r1000",gait_00_trot__vx_neg_1p5__seed_0042,0,trot,trot,backward,-1.5,absolute_work,Absolute work,J,845.085744860028,862.4005173323848,-1.014050470316795,1.014050470316795,118.55710423318071,True,False,False
2026-08-22_10-35-19_go2_72d_trs_m0p2_v0p1_w500_r1000_linear_gait_trclosed_v2,"TRS m0.2/v0.1, w500/r1000",gait_00_trot__vx_neg_1p5__seed_0042,0,trot,trot,backward,-1.5,vertical_grf_impulse,Vertical GRF impulse,N s,982.25292923693,505.3184061722942,32.06128753035116,32.06128753035116,103.28759520439958,True,False,False
2026-08-22_10-35-19_go2_72d_trs_m0p2_v0p1_w500_r1000_linear_gait_trclosed_v2,"TRS m0.2/v0.1, w500/r1000",gait_00_trot__vx_neg_1p0__seed_0042,0,trot,trot,backward,-1.0,torque_squared,Torque²,N² m² s,1735.9470582136023,985.5842142843327,27.571347480440867,27.571347480440867,282.3269998128488,True,False,False
2026-08-22_10-35-19_go2_72d_trs_m0p2_v0p1_w500_r1000_linear_gait_trclosed_v2,"TRS m0.2/v0.1, w500/r1000",gait_00_trot__vx_neg_1p0__seed_0042,0,trot,trot,backward,-1.0,absolute_work,Absolute work,J,553.0643526296398,561.6763691713987,-0.7725578130710891,0.7725578130710891,115.64129603641565,True,False,False
2026-08-22_10-35-19_go2_72d_trs_m0p2_v0p1_w500_r1000_linear_gait_trclosed_v2,"TRS m0.2/v0.1, w500/r1000",gait_00_trot__vx_neg_1p0__seed_0042,0,trot,trot,backward,-1.0,vertical_grf_impulse,Vertical GRF impulse,N s,945.4906718444824,535.2982858072553,27.70093495886934,27.70093495886934,153.61451400339473,True,False,False
2026-08-22_10-35-19_go2_72d_trs_m0p2_v0p1_w500_r1000_linear_gait_trclosed_v2,"TRS m0.2/v0.1, w500/r1000",gait_00_trot__vx_neg_0p5__seed_0042,0,trot,trot,backward,-0.5,torque_squared,Torque²,N² m² s,1211.072278791283,924.6405068842265,13.411530512351188,13.411530512351188,456.6522852504115,True,False,False
2026-08-22_10-35-19_go2_72d_trs_m0p2_v0p1_w500_r1000_linear_gait_trclosed_v2,"TRS m0.2/v0.1, w500/r1000",gait_00_trot__vx_neg_0p5__seed_0042,0,trot,trot,backward,-0.5,absolute_work,Absolute work,J,373.5891601456184,308.51477117860503,9.540245405224276,9.540245405224276,145.84560297932396,True,False,False
2026-08-22_10-35-19_go2_72d_trs_m0p2_v0p1_w500_r1000_linear_gait_trclosed_v2,"TRS m0.2/v0.1, w500/r1000",gait_00_trot__vx_neg_0p5__seed_0042,0,trot,trot,backward,-0.5,vertical_grf_impulse,Vertical GRF impulse,N s,869.3176040822759,581.2416412017714,19.859648188591823,19.859648188591823,310.154623174464,True,False,False
2026-08-22_10-35-19_go2_72d_trs_m0p2_v0p1_w500_r1000_linear_gait_trclosed_v2,"TRS m0.2/v0.1, w500/r1000",gait_00_trot__vx_pos_0p5__seed_0042,0,trot,trot,forward,0.5,torque_squared,Torque²,N² m² s,1273.2750071581913,1224.5959292884625,1.9488227818118293,1.9488227818118293,521.287870121732,True,False,False
2026-08-22_10-35-19_go2_72d_trs_m0p2_v0p1_w500_r1000_linear_gait_trclosed_v2,"TRS m0.2/v0.1, w500/r1000",gait_00_trot__vx_pos_0p5__seed_0042,0,trot,trot,forward,0.5,absolute_work,Absolute work,J,350.5772624898702,792.244547811814,-38.64708227832576,38.64708227832576,238.49877058431835,True,False,False
2026-08-22_10-35-19_go2_72d_trs_m0p2_v0p1_w500_r1000_linear_gait_trclosed_v2,"TRS m0.2/v0.1, w500/r1000",gait_00_trot__vx_pos_0p5__seed_0042,0,trot,trot,forward,0.5,vertical_grf_impulse,Vertical GRF impulse,N s,831.7028088378906,619.1951339817153,14.646631481411987,14.646631481411987,302.7920647703119,True,False,False
2026-08-22_10-35-19_go2_72d_trs_m0p2_v0p1_w500_r1000_linear_gait_trclosed_v2,"TRS m0.2/v0.1, w500/r1000",gait_00_trot__vx_pos_1p0__seed_0042,0,trot,trot,forward,1.0,torque_squared,Torque²,N² m² s,1251.6390385842676,1417.9354271092568,-6.229321963558238,6.229321963558238,272.1381029605509,True,False,False
2026-08-22_10-35-19_go2_72d_trs_m0p2_v0p1_w500_r1000_linear_gait_trclosed_v2,"TRS m0.2/v0.1, w500/r1000",gait_00_trot__vx_pos_1p0__seed_0042,0,trot,trot,forward,1.0,absolute_work,Absolute work,J,519.4977186255809,910.1766171074368,-27.326425936124,27.326425936124,145.74190253078166,True,False,False
2026-08-22_10-35-19_go2_72d_trs_m0p2_v0p1_w500_r1000_linear_gait_trclosed_v2,"TRS m0.2/v0.1, w500/r1000",gait_00_trot__vx_pos_1p0__seed_0042,0,trot,trot,forward,1.0,vertical_grf_impulse,Vertical GRF impulse,N s,801.9621482944489,684.1455090864958,7.927867044005967,7.927867044005967,151.49475089458997,True,False,False
2026-08-22_10-35-19_go2_72d_trs_m0p2_v0p1_w500_r1000_linear_gait_trclosed_v2,"TRS m0.2/v0.1, w500/r1000",gait_00_trot__vx_pos_1p5__seed_0042,0,trot,trot,forward,1.5,torque_squared,Torque²,N² m² s,1458.1681939310313,1669.268311275632,-6.749940949821171,6.749940949821171,213.72556610998552,True,False,False
2026-08-22_10-35-19_go2_72d_trs_m0p2_v0p1_w500_r1000_linear_gait_trclosed_v2,"TRS m0.2/v0.1, w500/r1000",gait_00_trot__vx_pos_1p5__seed_0042,0,trot,trot,forward,1.5,absolute_work,Absolute work,J,741.0600595536874,833.3812668893487,-5.863743906178613,5.863743906178613,107.59558611047113,True,False,False
2026-08-22_10-35-19_go2_72d_trs_m0p2_v0p1_w500_r1000_linear_gait_trclosed_v2,"TRS m0.2/v0.1, w500/r1000",gait_00_trot__vx_pos_1p5__seed_0042,0,trot,trot,forward,1.5,vertical_grf_impulse,Vertical GRF impulse,N s,760.6633266925812,730.3133177876473,2.035579096244951,2.035579096244951,101.89170167572954,True,False,False
2026-08-22_10-35-19_go2_72d_trs_m0p2_v0p1_w500_r1000_linear_gait_trclosed_v2,"TRS m0.2/v0.1, w500/r1000",gait_01_bound__vx_neg_1p5__seed_0042,1,bound,bound,backward,-1.5,torque_squared,Torque²,N² m² s,3531.342573737282,1565.2034169143797,38.577875298865,38.577875298865,362.0196021300813,True,False,False
2026-08-22_10-35-19_go2_72d_trs_m0p2_v0p1_w500_r1000_linear_gait_trclosed_v2,"TRS m0.2/v0.1, w500/r1000",gait_01_bound__vx_neg_1p5__seed_0042,1,bound,bound,backward,-1.5,absolute_work,Absolute work,J,1169.956984010534,1159.4747036616664,0.44999303496821996,0.44999303496821996,165.46499027127717,True,False,False
2026-08-22_10-35-19_go2_72d_trs_m0p2_v0p1_w500_r1000_linear_gait_trclosed_v2,"TRS m0.2/v0.1, w500/r1000",gait_01_bound__vx_neg_1p5__seed_0042,1,bound,bound,backward,-1.5,vertical_grf_impulse,Vertical GRF impulse,N s,952.9328221853077,456.692888805509,35.20366644213625,35.20366644213625,100.12901678534215,True,False,False
2026-08-22_10-35-19_go2_72d_trs_m0p2_v0p1_w500_r1000_linear_gait_trclosed_v2,"TRS m0.2/v0.1, w500/r1000",gait_01_bound__vx_neg_1p0__seed_0042,1,bound,bound,backward,-1.0,torque_squared,Torque²,N² m² s,3636.7373659474665,1698.3175937779865,36.333642048726574,36.333642048726574,570.924910427568,True,False,False
2026-08-22_10-35-19_go2_72d_trs_m0p2_v0p1_w500_r1000_linear_gait_trclosed_v2,"TRS m0.2/v0.1, w500/r1000",gait_01_bound__vx_neg_1p0__seed_0042,1,bound,bound,backward,-1.0,absolute_work,Absolute work,J,1143.8023671921196,1124.367589679472,0.8568483791864194,0.8568483791864194,242.72565873024365,True,False,False
2026-08-22_10-35-19_go2_72d_trs_m0p2_v0p1_w500_r1000_linear_gait_trclosed_v2,"TRS m0.2/v0.1, w500/r1000",gait_01_bound__vx_neg_1p0__seed_0042,1,bound,bound,backward,-1.0,vertical_grf_impulse,Vertical GRF impulse,N s,923.2550409663224,479.39790184850426,31.644117056289854,31.644117056289854,150.10332822864302,True,False,False
2026-08-22_10-35-19_go2_72d_trs_m0p2_v0p1_w500_r1000_linear_gait_trclosed_v2,"TRS m0.2/v0.1, w500/r1000",gait_01_bound__vx_neg_0p5__seed_0042,1,bound,bound,backward,-0.5,torque_squared,Torque²,N² m² s,3251.248120065537,1777.9270969940628,29.295480063486007,29.295480063486007,1156.566671592945,True,False,False
2026-08-22_10-35-19_go2_72d_trs_m0p2_v0p1_w500_r1000_linear_gait_trclosed_v2,"TRS m0.2/v0.1, w500/r1000",gait_01_bound__vx_neg_0p5__seed_0042,1,bound,bound,backward,-0.5,absolute_work,Absolute work,J,1250.9741132735548,1017.5318560367609,10.290572755590604,10.290572755590604,521.6915866271888,True,False,False
2026-08-22_10-35-19_go2_72d_trs_m0p2_v0p1_w500_r1000_linear_gait_trclosed_v2,"TRS m0.2/v0.1, w500/r1000",gait_01_bound__vx_neg_0p5__seed_0042,1,bound,bound,backward,-0.5,vertical_grf_impulse,Vertical GRF impulse,N s,864.9436643707752,518.8623913839027,25.0093769677957,25.0093769677957,318.23587267458333,True,False,False
2026-08-22_10-35-19_go2_72d_trs_m0p2_v0p1_w500_r1000_linear_gait_trclosed_v2,"TRS m0.2/v0.1, w500/r1000",gait_01_bound__vx_pos_0p5__seed_0042,1,bound,bound,forward,0.5,torque_squared,Torque²,N² m² s,2377.9988262312913,2975.259008493681,-11.15694780079791,11.15694780079791,1126.2120607854563,True,False,False
2026-08-22_10-35-19_go2_72d_trs_m0p2_v0p1_w500_r1000_linear_gait_trclosed_v2,"TRS m0.2/v0.1, w500/r1000",gait_01_bound__vx_pos_0p5__seed_0042,1,bound,bound,forward,0.5,absolute_work,Absolute work,J,1083.598753736687,905.5287399232539,8.952166936559165,8.952166936559165,418.4702928501598,True,False,False
2026-08-22_10-35-19_go2_72d_trs_m0p2_v0p1_w500_r1000_linear_gait_trclosed_v2,"TRS m0.2/v0.1, w500/r1000",gait_01_bound__vx_pos_0p5__seed_0042,1,bound,bound,forward,0.5,vertical_grf_impulse,Vertical GRF impulse,N s,692.4364127033949,738.7257838666654,-3.2343902930225625,3.2343902930225625,301.0862126352662,True,False,False
2026-08-22_10-35-19_go2_72d_trs_m0p2_v0p1_w500_r1000_linear_gait_trclosed_v2,"TRS m0.2/v0.1, w500/r1000",gait_01_bound__vx_pos_1p0__seed_0042,1,bound,bound,forward,1.0,torque_squared,Torque²,N² m² s,2069.6853541228033,3013.8448336266,-18.572909860535283,18.572909860535283,532.5272680386169,True,False,False
2026-08-22_10-35-19_go2_72d_trs_m0p2_v0p1_w500_r1000_linear_gait_trclosed_v2,"TRS m0.2/v0.1, w500/r1000",gait_01_bound__vx_pos_1p0__seed_0042,1,bound,bound,forward,1.0,absolute_work,Absolute work,J,965.0746004057931,1168.8847374481848,-9.550797591455225,9.550797591455225,223.54377653375977,True,False,False
2026-08-22_10-35-19_go2_72d_trs_m0p2_v0p1_w500_r1000_linear_gait_trclosed_v2,"TRS m0.2/v0.1, w500/r1000",gait_01_bound__vx_pos_1p0__seed_0042,1,bound,bound,forward,1.0,vertical_grf_impulse,Vertical GRF impulse,N s,716.3480477333163,755.6097551897352,-2.667312023378115,2.667312023378115,154.19553705960567,True,False,False
2026-08-22_10-35-19_go2_72d_trs_m0p2_v0p1_w500_r1000_linear_gait_trclosed_v2,"TRS m0.2/v0.1, w500/r1000",gait_01_bound__vx_pos_1p5__seed_0042,1,bound,bound,forward,1.5,torque_squared,Torque²,N² m² s,1980.145071149472,2797.7600386577565,-17.112415351866883,17.112415351866883,333.9381525076722,True,False,False
2026-08-22_10-35-19_go2_72d_trs_m0p2_v0p1_w500_r1000_linear_gait_trclosed_v2,"TRS m0.2/v0.1, w500/r1000",gait_01_bound__vx_pos_1p5__seed_0042,1,bound,bound,forward,1.5,absolute_work,Absolute work,J,910.4843897739984,1313.2897147272108,-18.113590051160408,18.113590051160408,155.4243960448805,True,False,False
2026-08-22_10-35-19_go2_72d_trs_m0p2_v0p1_w500_r1000_linear_gait_trclosed_v2,"TRS m0.2/v0.1, w500/r1000",gait_01_bound__vx_pos_1p5__seed_0042,1,bound,bound,forward,1.5,vertical_grf_impulse,Vertical GRF impulse,N s,686.9979760551453,744.2901373851299,-4.0028391762631195,4.0028391762631195,100.03583104389469,True,False,False
2026-08-22_10-35-19_go2_72d_trs_m0p2_v0p1_w500_r1000_linear_gait_trclosed_v2,"TRS m0.2/v0.1, w500/r1000",gait_02_half_bound__vx_neg_1p5__seed_0042,2,half_bound_front_a,half_bound,backward,-1.5,torque_squared,Torque²,N² m² s,3515.1145824481955,1613.4965443549538,37.07861623890735,37.07861623890735,364.45908848801145,True,False,False
2026-08-22_10-35-19_go2_72d_trs_m0p2_v0p1_w500_r1000_linear_gait_trclosed_v2,"TRS m0.2/v0.1, w500/r1000",gait_02_half_bound__vx_neg_1p5__seed_0042,2,half_bound_front_a,half_bound,backward,-1.5,absolute_work,Absolute work,J,1156.3762845999556,1282.3286944881024,-5.164725170456907,5.164725170456907,173.3038773644816,True,False,False
2026-08-22_10-35-19_go2_72d_trs_m0p2_v0p1_w500_r1000_linear_gait_trclosed_v2,"TRS m0.2/v0.1, w500/r1000",gait_02_half_bound__vx_neg_1p5__seed_0042,2,half_bound_front_a,half_bound,backward,-1.5,vertical_grf_impulse,Vertical GRF impulse,N s,969.8840594407346,436.5296114007059,37.92301362663299,37.92301362663299,99.94523504289545,True,False,False
2026-08-22_10-35-19_go2_72d_trs_m0p2_v0p1_w500_r1000_linear_gait_trclosed_v2,"TRS m0.2/v0.1, w500/r1000",gait_02_half_bound__vx_neg_1p0__seed_0042,2,half_bound_front_a,half_bound,backward,-1.0,torque_squared,Torque²,N² m² s,3740.3810205791397,1567.0519807212677,40.94877955737493,40.94877955737493,566.8987639885182,True,False,False
2026-08-22_10-35-19_go2_72d_trs_m0p2_v0p1_w500_r1000_linear_gait_trclosed_v2,"TRS m0.2/v0.1, w500/r1000",gait_02_half_bound__vx_neg_1p0__seed_0042,2,half_bound_front_a,half_bound,backward,-1.0,absolute_work,Absolute work,J,1142.9360944568207,1207.9526342761715,-2.7656153617441244,2.7656153617441244,251.10367182529393,True,False,False
2026-08-22_10-35-19_go2_72d_trs_m0p2_v0p1_w500_r1000_linear_gait_trclosed_v2,"TRS m0.2/v0.1, w500/r1000",gait_02_half_bound__vx_neg_1p0__seed_0042,2,half_bound_front_a,half_bound,backward,-1.0,vertical_grf_impulse,Vertical GRF impulse,N s,937.7169288585911,459.4247903516321,34.23361652798745,34.23361652798745,149.23182516727144,True,False,False
2026-08-22_10-35-19_go2_72d_trs_m0p2_v0p1_w500_r1000_linear_gait_trclosed_v2,"TRS m0.2/v0.1, w500/r1000",gait_02_half_bound__vx_neg_0p5__seed_0042,2,half_bound_front_a,half_bound,backward,-0.5,torque_squared,Torque²,N² m² s,3392.9965516837456,1773.6563268329744,31.34215251007269,31.34215251007269,1181.3532053450303,True,False,False
2026-08-22_10-35-19_go2_72d_trs_m0p2_v0p1_w500_r1000_linear_gait_trclosed_v2,"TRS m0.2/v0.1, w500/r1000",gait_02_half_bound__vx_neg_0p5__seed_0042,2,half_bound_front_a,half_bound,backward,-0.5,absolute_work,Absolute work,J,1346.9922918786185,1240.3861738833875,4.120236734050213,4.120236734050213,591.6030969833928,True,False,False
2026-08-22_10-35-19_go2_72d_trs_m0p2_v0p1_w500_r1000_linear_gait_trclosed_v2,"TRS m0.2/v0.1, w500/r1000",gait_02_half_bound__vx_neg_0p5__seed_0042,2,half_bound_front_a,half_bound,backward,-0.5,vertical_grf_impulse,Vertical GRF impulse,N s,882.9567413044662,497.361792575298,27.935214898936966,27.935214898936966,315.6093050447293,True,False,False
2026-08-22_10-35-19_go2_72d_trs_m0p2_v0p1_w500_r1000_linear_gait_trclosed_v2,"TRS m0.2/v0.1, w500/r1000",gait_02_half_bound__vx_pos_0p5__seed_0042,2,half_bound_front_a,half_bound,forward,0.5,torque_squared,Torque²,N² m² s,2594.026209740674,2519.5629795376713,1.4561832686741758,1.4561832686741758,1049.618454877744,True,False,False
2026-08-22_10-35-19_go2_72d_trs_m0p2_v0p1_w500_r1000_linear_gait_trclosed_v2,"TRS m0.2/v0.1, w500/r1000",gait_02_half_bound__vx_pos_0p5__seed_0042,2,half_bound_front_a,half_bound,forward,0.5,absolute_work,Absolute work,J,1362.8513362608542,1152.2563375431532,8.373200118275008,8.373200118275008,516.2525444876175,True,False,False
2026-08-22_10-35-19_go2_72d_trs_m0p2_v0p1_w500_r1000_linear_gait_trclosed_v2,"TRS m0.2/v0.1, w500/r1000",gait_02_half_bound__vx_pos_0p5__seed_0042,2,half_bound_front_a,half_bound,forward,0.5,vertical_grf_impulse,Vertical GRF impulse,N s,733.8317442655627,687.3199370467663,3.272824979234181,3.272824979234181,291.7064661771287,True,False,False
2026-08-22_10-35-19_go2_72d_trs_m0p2_v0p1_w500_r1000_linear_gait_trclosed_v2,"TRS m0.2/v0.1, w500/r1000",gait_02_half_bound__vx_pos_1p0__seed_0042,2,half_bound_front_a,half_bound,forward,1.0,torque_squared,Torque²,N² m² s,2332.2191478150635,2928.598463354126,-11.336247701743083,11.336247701743083,541.5150346267127,True,False,False
2026-08-22_10-35-19_go2_72d_trs_m0p2_v0p1_w500_r1000_linear_gait_trclosed_v2,"TRS m0.2/v0.1, w500/r1000",gait_02_half_bound__vx_pos_1p0__seed_0042,2,half_bound_front_a,half_bound,forward,1.0,absolute_work,Absolute work,J,1010.0687944842103,1241.2256435367349,-10.2677306508041,10.2677306508041,231.73390063391628,True,False,False
2026-08-22_10-35-19_go2_72d_trs_m0p2_v0p1_w500_r1000_linear_gait_trclosed_v2,"TRS m0.2/v0.1, w500/r1000",gait_02_half_bound__vx_pos_1p0__seed_0042,2,half_bound_front_a,half_bound,forward,1.0,vertical_grf_impulse,Vertical GRF impulse,N s,706.844176940918,729.9969090387225,-1.6113634502606733,1.6113634502606733,147.8992635622709,True,False,False
2026-08-22_10-35-19_go2_72d_trs_m0p2_v0p1_w500_r1000_linear_gait_trclosed_v2,"TRS m0.2/v0.1, w500/r1000",gait_02_half_bound__vx_pos_1p5__seed_0042,2,half_bound_front_a,half_bound,forward,1.5,torque_squared,Torque²,N² m² s,2143.089066912372,2798.276686270727,-13.25924151508721,13.25924151508721,341.20985377502,True,False,False
2026-08-22_10-35-19_go2_72d_trs_m0p2_v0p1_w500_r1000_linear_gait_trclosed_v2,"TRS m0.2/v0.1, w500/r1000",gait_02_half_bound__vx_pos_1p5__seed_0042,2,half_bound_front_a,half_bound,forward,1.5,absolute_work,Absolute work,J,988.3726663676487,1430.6622432262466,-18.28372030120264,18.28372030120264,167.0385454158097,True,False,False
2026-08-22_10-35-19_go2_72d_trs_m0p2_v0p1_w500_r1000_linear_gait_trclosed_v2,"TRS m0.2/v0.1, w500/r1000",gait_02_half_bound__vx_pos_1p5__seed_0042,2,half_bound_front_a,half_bound,forward,1.5,vertical_grf_impulse,Vertical GRF impulse,N s,683.2737862825394,761.4408065176533,-5.410551026802328,5.410551026802328,99.76004197593453,True,False,False
2026-08-22_10-35-19_go2_72d_trs_m0p2_v0p1_w500_r1000_linear_gait_trclosed_v2,"TRS m0.2/v0.1, w500/r1000",gait_03_half_bound__vx_neg_1p5__seed_0042,3,half_bound_front_b,half_bound,backward,-1.5,torque_squared,Torque²,N² m² s,3349.433057985671,1674.2828264509528,33.34484413667384,33.34484413667384,353.6032663576619,True,False,False
2026-08-22_10-35-19_go2_72d_trs_m0p2_v0p1_w500_r1000_linear_gait_trclosed_v2,"TRS m0.2/v0.1, w500/r1000",gait_03_half_bound__vx_neg_1p5__seed_0042,3,half_bound_front_b,half_bound,backward,-1.5,absolute_work,Absolute work,J,1071.5992474478878,1204.6824145442097,-5.846515803314672,5.846515803314672,160.22017354206272,True,False,False
2026-08-22_10-35-19_go2_72d_trs_m0p2_v0p1_w500_r1000_linear_gait_trclosed_v2,"TRS m0.2/v0.1, w500/r1000",gait_03_half_bound__vx_neg_1p5__seed_0042,3,half_bound_front_b,half_bound,backward,-1.5,vertical_grf_impulse,Vertical GRF impulse,N s,967.0910389894244,440.8683832723373,37.37484528295262,37.37484528295262,99.10175297794275,True,False,False
2026-08-22_10-35-19_go2_72d_trs_m0p2_v0p1_w500_r1000_linear_gait_trclosed_v2,"TRS m0.2/v0.1, w500/r1000",gait_03_half_bound__vx_neg_1p0__seed_0042,3,half_bound_front_b,half_bound,backward,-1.0,torque_squared,Torque²,N² m² s,3372.147832024032,1615.6684161065825,35.21539945613997,35.21539945613997,528.908457906635,True,False,False
2026-08-22_10-35-19_go2_72d_trs_m0p2_v0p1_w500_r1000_linear_gait_trclosed_v2,"TRS m0.2/v0.1, w500/r1000",gait_03_half_bound__vx_neg_1p0__seed_0042,3,half_bound_front_b,half_bound,backward,-1.0,absolute_work,Absolute work,J,1068.4053488890868,1029.0238511287896,1.8776079669321628,1.8776079669321628,222.41157022686534,True,False,False
2026-08-22_10-35-19_go2_72d_trs_m0p2_v0p1_w500_r1000_linear_gait_trclosed_v2,"TRS m0.2/v0.1, w500/r1000",gait_03_half_bound__vx_neg_1p0__seed_0042,3,half_bound_front_b,half_bound,backward,-1.0,vertical_grf_impulse,Vertical GRF impulse,N s,946.6021981921792,470.1848089579039,33.62660631625961,33.62660631625961,150.2362143783377,True,False,False
2026-08-22_10-35-19_go2_72d_trs_m0p2_v0p1_w500_r1000_linear_gait_trclosed_v2,"TRS m0.2/v0.1, w500/r1000",gait_03_half_bound__vx_neg_0p5__seed_0042,3,half_bound_front_b,half_bound,backward,-0.5,torque_squared,Torque²,N² m² s,3492.8772198430065,1500.0457460884547,39.91312278103166,39.91312278103166,1115.7046033002136,True,False,False
2026-08-22_10-35-19_go2_72d_trs_m0p2_v0p1_w500_r1000_linear_gait_trclosed_v2,"TRS m0.2/v0.1, w500/r1000",gait_03_half_bound__vx_neg_0p5__seed_0042,3,half_bound_front_b,half_bound,backward,-0.5,absolute_work,Absolute work,J,1408.5971246747076,840.1080744085542,25.280728238539737,25.280728238539737,502.48937530208207,True,False,False
2026-08-22_10-35-19_go2_72d_trs_m0p2_v0p1_w500_r1000_linear_gait_trclosed_v2,"TRS m0.2/v0.1, w500/r1000",gait_03_half_bound__vx_neg_0p5__seed_0042,3,half_bound_front_b,half_bound,backward,-0.5,vertical_grf_impulse,Vertical GRF impulse,N s,888.7691419887543,488.76022854907825,29.038140456017967,29.038140456017967,307.8188608911542,True,False,False
2026-08-22_10-35-19_go2_72d_trs_m0p2_v0p1_w500_r1000_linear_gait_trclosed_v2,"TRS m0.2/v0.1, w500/r1000",gait_03_half_bound__vx_pos_0p5__seed_0042,3,half_bound_front_b,half_bound,forward,0.5,torque_squared,Torque²,N² m² s,2006.6109647170106,2250.4562199304232,-5.728010497292813,5.728010497292813,916.1463925225529,True,False,False
2026-08-22_10-35-19_go2_72d_trs_m0p2_v0p1_w500_r1000_linear_gait_trclosed_v2,"TRS m0.2/v0.1, w500/r1000",gait_03_half_bound__vx_pos_0p5__seed_0042,3,half_bound_front_b,half_bound,forward,0.5,absolute_work,Absolute work,J,856.4356181456562,691.8625895605088,10.62928496371288,10.62928496371288,333.20306117194,True,False,False
2026-08-22_10-35-19_go2_72d_trs_m0p2_v0p1_w500_r1000_linear_gait_trclosed_v2,"TRS m0.2/v0.1, w500/r1000",gait_03_half_bound__vx_pos_0p5__seed_0042,3,half_bound_front_b,half_bound,forward,0.5,vertical_grf_impulse,Vertical GRF impulse,N s,715.4238883113861,711.3291539299488,0.2869967163346477,0.2869967163346477,307.04581252180316,True,False,False
2026-08-22_10-35-19_go2_72d_trs_m0p2_v0p1_w500_r1000_linear_gait_trclosed_v2,"TRS m0.2/v0.1, w500/r1000",gait_03_half_bound__vx_pos_1p0__seed_0042,3,half_bound_front_b,half_bound,forward,1.0,torque_squared,Torque²,N² m² s,1767.2521318840954,2465.0334713115985,-16.487104246949347,16.487104246949347,442.9780121862891,True,False,False
2026-08-22_10-35-19_go2_72d_trs_m0p2_v0p1_w500_r1000_linear_gait_trclosed_v2,"TRS m0.2/v0.1, w500/r1000",gait_03_half_bound__vx_pos_1p0__seed_0042,3,half_bound_front_b,half_bound,forward,1.0,absolute_work,Absolute work,J,765.0351237066899,966.1157790141006,-11.615431964445106,11.615431964445106,181.1932978017167,True,False,False
2026-08-22_10-35-19_go2_72d_trs_m0p2_v0p1_w500_r1000_linear_gait_trclosed_v2,"TRS m0.2/v0.1, w500/r1000",gait_03_half_bound__vx_pos_1p0__seed_0042,3,half_bound_front_b,half_bound,forward,1.0,vertical_grf_impulse,Vertical GRF impulse,N s,736.7039284992218,732.5109626548182,0.2853881940381171,0.2853881940381171,153.77740374290573,True,False,False
2026-08-22_10-35-19_go2_72d_trs_m0p2_v0p1_w500_r1000_linear_gait_trclosed_v2,"TRS m0.2/v0.1, w500/r1000",gait_03_half_bound__vx_pos_1p5__seed_0042,3,half_bound_front_b,half_bound,forward,1.5,torque_squared,Torque²,N² m² s,1721.8455944609962,2475.8544100543177,-17.96242739553235,17.96242739553235,293.8935453589323,True,False,False
2026-08-22_10-35-19_go2_72d_trs_m0p2_v0p1_w500_r1000_linear_gait_trclosed_v2,"TRS m0.2/v0.1, w500/r1000",gait_03_half_bound__vx_pos_1p5__seed_0042,3,half_bound_front_b,half_bound,forward,1.5,absolute_work,Absolute work,J,813.8925835116604,1211.3095415858918,-19.623570069831334,19.623570069831334,141.7904642954797,True,False,False
2026-08-22_10-35-19_go2_72d_trs_m0p2_v0p1_w500_r1000_linear_gait_trclosed_v2,"TRS m0.2/v0.1, w500/r1000",gait_03_half_bound__vx_pos_1p5__seed_0042,3,half_bound_front_b,half_bound,forward,1.5,vertical_grf_impulse,Vertical GRF impulse,N s,701.5017217946053,753.6706415085634,-3.585068066819063,3.585068066819063,101.88097398563022,True,False,False
2026-08-22_10-35-19_go2_72d_trs_m0p2_v0p1_w500_r1000_linear_gait_trclosed_v2,"TRS m0.2/v0.1, w500/r1000",gait_04_half_bound__vx_neg_1p5__seed_0042,4,half_bound_hind_a,half_bound,backward,-1.5,torque_squared,Torque²,N² m² s,3491.6448511586227,1840.1694411830827,30.973985953479644,30.973985953479644,380.5974629824216,True,False,False
2026-08-22_10-35-19_go2_72d_trs_m0p2_v0p1_w500_r1000_linear_gait_trclosed_v2,"TRS m0.2/v0.1, w500/r1000",gait_04_half_bound__vx_neg_1p5__seed_0042,4,half_bound_hind_a,half_bound,backward,-1.5,absolute_work,Absolute work,J,1118.96059941399,1687.5225658608251,-20.258876785072776,20.258876785072776,200.3333788539265,True,False,False
2026-08-22_10-35-19_go2_72d_trs_m0p2_v0p1_w500_r1000_linear_gait_trclosed_v2,"TRS m0.2/v0.1, w500/r1000",gait_04_half_bound__vx_neg_1p5__seed_0042,4,half_bound_hind_a,half_bound,backward,-1.5,vertical_grf_impulse,Vertical GRF impulse,N s,987.8786568540273,436.16338273912174,38.74290637322276,38.74290637322276,101.65147503879545,True,False,False
2026-08-22_10-35-19_go2_72d_trs_m0p2_v0p1_w500_r1000_linear_gait_trclosed_v2,"TRS m0.2/v0.1, w500/r1000",gait_04_half_bound__vx_neg_1p0__seed_0042,4,half_bound_hind_a,half_bound,backward,-1.0,torque_squared,Torque²,N² m² s,3662.4724994261237,1501.5751189577418,41.84503203989924,41.84503203989924,559.6145474346716,True,False,False
2026-08-22_10-35-19_go2_72d_trs_m0p2_v0p1_w500_r1000_linear_gait_trclosed_v2,"TRS m0.2/v0.1, w500/r1000",gait_04_half_bound__vx_neg_1p0__seed_0042,4,half_bound_hind_a,half_bound,backward,-1.0,absolute_work,Absolute work,J,1131.324829376046,1284.2043582854583,-6.329028425337158,6.329028425337158,261.76468016216313,True,False,False
2026-08-22_10-35-19_go2_72d_trs_m0p2_v0p1_w500_r1000_linear_gait_trclosed_v2,"TRS m0.2/v0.1, w500/r1000",gait_04_half_bound__vx_neg_1p0__seed_0042,4,half_bound_hind_a,half_bound,backward,-1.0,vertical_grf_impulse,Vertical GRF impulse,N s,941.6471216678619,472.40156270981345,33.184540542503605,33.184540542503605,153.23681597000007,True,False,False
2026-08-22_10-35-19_go2_72d_trs_m0p2_v0p1_w500_r1000_linear_gait_trclosed_v2,"TRS m0.2/v0.1, w500/r1000",gait_04_half_bound__vx_neg_0p5__seed_0042,4,half_bound_hind_a,half_bound,backward,-0.5,torque_squared,Torque²,N² m² s,3436.031691427714,1645.1544079342148,35.24526062366402,35.24526062366402,1173.685352084479,True,False,False
2026-08-22_10-35-19_go2_72d_trs_m0p2_v0p1_w500_r1000_linear_gait_trclosed_v2,"TRS m0.2/v0.1, w500/r1000",gait_04_half_bound__vx_neg_0p5__seed_0042,4,half_bound_hind_a,half_bound,backward,-0.5,absolute_work,Absolute work,J,1412.0379470646012,1129.0515429491404,11.136420233430286,11.136420233430286,586.957347053175,True,False,False
2026-08-22_10-35-19_go2_72d_trs_m0p2_v0p1_w500_r1000_linear_gait_trclosed_v2,"TRS m0.2/v0.1, w500/r1000",gait_04_half_bound__vx_neg_0p5__seed_0042,4,half_bound_hind_a,half_bound,backward,-0.5,vertical_grf_impulse,Vertical GRF impulse,N s,870.9688373041154,505.63520188921206,26.538759513518805,26.538759513518805,317.9769378304071,True,False,False
2026-08-22_10-35-19_go2_72d_trs_m0p2_v0p1_w500_r1000_linear_gait_trclosed_v2,"TRS m0.2/v0.1, w500/r1000",gait_04_half_bound__vx_pos_0p5__seed_0042,4,half_bound_hind_a,half_bound,forward,0.5,torque_squared,Torque²,N² m² s,2512.3182762712595,2243.7274790886,5.647355197959762,5.647355197959762,996.4179215594432,True,False,False
2026-08-22_10-35-19_go2_72d_trs_m0p2_v0p1_w500_r1000_linear_gait_trclosed_v2,"TRS m0.2/v0.1, w500/r1000",gait_04_half_bound__vx_pos_0p5__seed_0042,4,half_bound_hind_a,half_bound,forward,0.5,absolute_work,Absolute work,J,1189.9887033148034,825.220484115668,18.100762018867115,18.100762018867115,422.197483652054,True,False,False
2026-08-22_10-35-19_go2_72d_trs_m0p2_v0p1_w500_r1000_linear_gait_trclosed_v2,"TRS m0.2/v0.1, w500/r1000",gait_04_half_bound__vx_pos_0p5__seed_0042,4,half_bound_hind_a,half_bound,forward,0.5,vertical_grf_impulse,Vertical GRF impulse,N s,751.0728174973001,681.7237251506746,4.840121418667046,4.840121418667046,300.17880955706426,True,False,False
2026-08-22_10-35-19_go2_72d_trs_m0p2_v0p1_w500_r1000_linear_gait_trclosed_v2,"TRS m0.2/v0.1, w500/r1000",gait_04_half_bound__vx_pos_1p0__seed_0042,4,half_bound_hind_a,half_bound,forward,1.0,torque_squared,Torque²,N² m² s,2191.1682642737287,2751.2126014920836,-11.331468626742046,11.331468626742046,511.6416188687955,True,False,False
2026-08-22_10-35-19_go2_72d_trs_m0p2_v0p1_w500_r1000_linear_gait_trclosed_v2,"TRS m0.2/v0.1, w500/r1000",gait_04_half_bound__vx_pos_1p0__seed_0042,4,half_bound_hind_a,half_bound,forward,1.0,absolute_work,Absolute work,J,963.2916970571637,1185.359217060613,-10.335207014985444,10.335207014985444,222.43110394382688,True,False,False
2026-08-22_10-35-19_go2_72d_trs_m0p2_v0p1_w500_r1000_linear_gait_trclosed_v2,"TRS m0.2/v0.1, w500/r1000",gait_04_half_bound__vx_pos_1p0__seed_0042,4,half_bound_hind_a,half_bound,forward,1.0,vertical_grf_impulse,Vertical GRF impulse,N s,716.8504515647888,744.0299462202191,-1.8604873264532769,1.8604873264532769,151.23221621257954,True,False,False
2026-08-22_10-35-19_go2_72d_trs_m0p2_v0p1_w500_r1000_linear_gait_trclosed_v2,"TRS m0.2/v0.1, w500/r1000",gait_04_half_bound__vx_pos_1p5__seed_0042,4,half_bound_hind_a,half_bound,forward,1.5,torque_squared,Torque²,N² m² s,1974.2004224869343,2733.841715037909,-16.13497225303809,16.13497225303809,326.48104714058934,True,False,False
2026-08-22_10-35-19_go2_72d_trs_m0p2_v0p1_w500_r1000_linear_gait_trclosed_v2,"TRS m0.2/v0.1, w500/r1000",gait_04_half_bound__vx_pos_1p5__seed_0042,4,half_bound_hind_a,half_bound,forward,1.5,absolute_work,Absolute work,J,926.5364749794733,1431.4659404517536,-21.413441401413483,21.413441401413483,163.5166116322729,True,False,False
2026-08-22_10-35-19_go2_72d_trs_m0p2_v0p1_w500_r1000_linear_gait_trclosed_v2,"TRS m0.2/v0.1, w500/r1000",gait_04_half_bound__vx_pos_1p5__seed_0042,4,half_bound_hind_a,half_bound,forward,1.5,vertical_grf_impulse,Vertical GRF impulse,N s,690.8569417905808,767.9545085725642,-5.2849576114028585,5.2849576114028585,101.16185794072626,True,False,False
2026-08-22_10-35-19_go2_72d_trs_m0p2_v0p1_w500_r1000_linear_gait_trclosed_v2,"TRS m0.2/v0.1, w500/r1000",gait_05_half_bound__vx_neg_1p5__seed_0042,5,half_bound_hind_b,half_bound,backward,-1.5,torque_squared,Torque²,N² m² s,3300.2216306411465,1687.9400378343132,32.32215994514062,32.32215994514062,350.8114715636378,True,False,False
2026-08-22_10-35-19_go2_72d_trs_m0p2_v0p1_w500_r1000_linear_gait_trclosed_v2,"TRS m0.2/v0.1, w500/r1000",gait_05_half_bound__vx_neg_1p5__seed_0042,5,half_bound_hind_b,half_bound,backward,-1.5,absolute_work,Absolute work,J,1105.0168480576474,1162.6844078420293,-2.5429963331524954,2.5429963331524954,159.4847295500781,True,False,False
2026-08-22_10-35-19_go2_72d_trs_m0p2_v0p1_w500_r1000_linear_gait_trclosed_v2,"TRS m0.2/v0.1, w500/r1000",gait_05_half_bound__vx_neg_1p5__seed_0042,5,half_bound_hind_b,half_bound,backward,-1.5,vertical_grf_impulse,Vertical GRF impulse,N s,951.8086211031675,465.59844530288257,34.30279044911989,34.30279044911989,99.68455150784605,True,False,False
2026-08-22_10-35-19_go2_72d_trs_m0p2_v0p1_w500_r1000_linear_gait_trclosed_v2,"TRS m0.2/v0.1, w500/r1000",gait_05_half_bound__vx_neg_1p0__seed_0042,5,half_bound_hind_b,half_bound,backward,-1.0,torque_squared,Torque²,N² m² s,3420.643011816631,1680.8374905387261,34.10393356349466,34.10393356349466,541.7275746399941,True,False,False
2026-08-22_10-35-19_go2_72d_trs_m0p2_v0p1_w500_r1000_linear_gait_trclosed_v2,"TRS m0.2/v0.1, w500/r1000",gait_05_half_bound__vx_neg_1p0__seed_0042,5,half_bound_hind_b,half_bound,backward,-1.0,absolute_work,Absolute work,J,1146.428903462055,911.3135247918509,11.425889627484175,11.425889627484175,218.51221706661943,True,False,False
2026-08-22_10-35-19_go2_72d_trs_m0p2_v0p1_w500_r1000_linear_gait_trclosed_v2,"TRS m0.2/v0.1, w500/r1000",gait_05_half_bound__vx_neg_1p0__seed_0042,5,half_bound_hind_b,half_bound,backward,-1.0,vertical_grf_impulse,Vertical GRF impulse,N s,910.2988807219267,502.38973279794624,28.87466806344739,28.87466806344739,150.0137805035853,True,False,False
2026-08-22_10-35-19_go2_72d_trs_m0p2_v0p1_w500_r1000_linear_gait_trclosed_v2,"TRS m0.2/v0.1, w500/r1000",gait_05_half_bound__vx_neg_0p5__seed_0042,5,half_bound_hind_b,half_bound,backward,-0.5,torque_squared,Torque²,N² m² s,3001.0768132881008,1682.4688143360347,28.154054722446855,28.154054722446855,1085.6118735667455,True,False,False
2026-08-22_10-35-19_go2_72d_trs_m0p2_v0p1_w500_r1000_linear_gait_trclosed_v2,"TRS m0.2/v0.1, w500/r1000",gait_05_half_bound__vx_neg_0p5__seed_0042,5,half_bound_hind_b,half_bound,backward,-0.5,absolute_work,Absolute work,J,1407.5852209900634,929.657476017985,20.448357613177414,20.448357613177414,541.755888597212,True,False,False
2026-08-22_10-35-19_go2_72d_trs_m0p2_v0p1_w500_r1000_linear_gait_trclosed_v2,"TRS m0.2/v0.1, w500/r1000",gait_05_half_bound__vx_neg_0p5__seed_0042,5,half_bound_hind_b,half_bound,backward,-0.5,vertical_grf_impulse,Vertical GRF impulse,N s,837.4720479714871,543.2292872068164,21.31110858429584,21.31110858429584,320.03654549200763,True,False,False
2026-08-22_10-35-19_go2_72d_trs_m0p2_v0p1_w500_r1000_linear_gait_trclosed_v2,"TRS m0.2/v0.1, w500/r1000",gait_05_half_bound__vx_pos_0p5__seed_0042,5,half_bound_hind_b,half_bound,forward,0.5,torque_squared,Torque²,N² m² s,2298.3931102585275,2193.0626908428235,2.3451287083772687,2.3451287083772687,947.3764769090207,True,False,False
2026-08-22_10-35-19_go2_72d_trs_m0p2_v0p1_w500_r1000_linear_gait_trclosed_v2,"TRS m0.2/v0.1, w500/r1000",gait_05_half_bound__vx_pos_0p5__seed_0042,5,half_bound_hind_b,half_bound,forward,0.5,absolute_work,Absolute work,J,796.1946514042781,679.4596417691407,7.910728832299662,7.910728832299662,311.2576917843655,True,False,False
2026-08-22_10-35-19_go2_72d_trs_m0p2_v0p1_w500_r1000_linear_gait_trclosed_v2,"TRS m0.2/v0.1, w500/r1000",gait_05_half_bound__vx_pos_0p5__seed_0042,5,half_bound_hind_b,half_bound,forward,0.5,vertical_grf_impulse,Vertical GRF impulse,N s,722.8302189084887,705.0530260315539,1.24500325498821,1.24500325498821,301.1814115363245,True,False,False
2026-08-22_10-35-19_go2_72d_trs_m0p2_v0p1_w500_r1000_linear_gait_trclosed_v2,"TRS m0.2/v0.1, w500/r1000",gait_05_half_bound__vx_pos_1p0__seed_0042,5,half_bound_hind_b,half_bound,forward,1.0,torque_squared,Torque²,N² m² s,2048.4514182100907,2318.9680597206234,-6.193969754393815,6.193969754393815,456.6166807211427,True,False,False
2026-08-22_10-35-19_go2_72d_trs_m0p2_v0p1_w500_r1000_linear_gait_trclosed_v2,"TRS m0.2/v0.1, w500/r1000",gait_05_half_bound__vx_pos_1p0__seed_0042,5,half_bound_hind_b,half_bound,forward,1.0,absolute_work,Absolute work,J,859.384868110515,908.2876510385098,-2.766506940524093,2.766506940524093,184.81136569877546,True,False,False
2026-08-22_10-35-19_go2_72d_trs_m0p2_v0p1_w500_r1000_linear_gait_trclosed_v2,"TRS m0.2/v0.1, w500/r1000",gait_05_half_bound__vx_pos_1p0__seed_0042,5,half_bound_hind_b,half_bound,forward,1.0,vertical_grf_impulse,Vertical GRF impulse,N s,713.5484233069745,744.9102040511369,-2.150337359995731,2.150337359995731,152.48284273094495,True,False,False
2026-08-22_10-35-19_go2_72d_trs_m0p2_v0p1_w500_r1000_linear_gait_trclosed_v2,"TRS m0.2/v0.1, w500/r1000",gait_05_half_bound__vx_pos_1p5__seed_0042,5,half_bound_hind_b,half_bound,forward,1.5,torque_squared,Torque²,N² m² s,1872.1637631628594,2324.061438716517,-10.769147360138458,10.769147360138458,292.20093564668275,True,False,False
2026-08-22_10-35-19_go2_72d_trs_m0p2_v0p1_w500_r1000_linear_gait_trclosed_v2,"TRS m0.2/v0.1, w500/r1000",gait_05_half_bound__vx_pos_1p5__seed_0042,5,half_bound_hind_b,half_bound,forward,1.5,absolute_work,Absolute work,J,911.9131576961838,1086.3573196089756,-8.729757252283724,8.729757252283724,139.14803783224014,True,False,False
2026-08-22_10-35-19_go2_72d_trs_m0p2_v0p1_w500_r1000_linear_gait_trclosed_v2,"TRS m0.2/v0.1, w500/r1000",gait_05_half_bound__vx_pos_1p5__seed_0042,5,half_bound_hind_b,half_bound,forward,1.5,vertical_grf_impulse,Vertical GRF impulse,N s,700.8219660675526,751.0048738938768,-3.456535341890873,3.456535341890873,101.09685267694817,True,False,False
2026-08-22_10-35-19_go2_72d_trs_m0p2_v0p1_w500_r1000_linear_gait_trclosed_v2,"TRS m0.2/v0.1, w500/r1000",gait_06_gallop__vx_neg_1p5__seed_0042,6,gallop_a,gallop,backward,-1.5,torque_squared,Torque²,N² m² s,3479.7203322847536,1842.7295395691367,30.75634025925411,30.75634025925411,377.1490126505276,True,False,False
2026-08-22_10-35-19_go2_72d_trs_m0p2_v0p1_w500_r1000_linear_gait_trclosed_v2,"TRS m0.2/v0.1, w500/r1000",gait_06_gallop__vx_neg_1p5__seed_0042,6,gallop_a,gallop,backward,-1.5,absolute_work,Absolute work,J,1052.322992391102,1555.1159515141696,-19.283019466220498,19.283019466220498,184.7632287606453,True,False,False
2026-08-22_10-35-19_go2_72d_trs_m0p2_v0p1_w500_r1000_linear_gait_trclosed_v2,"TRS m0.2/v0.1, w500/r1000",gait_06_gallop__vx_neg_1p5__seed_0042,6,gallop_a,gallop,backward,-1.5,vertical_grf_impulse,Vertical GRF impulse,N s,1013.4011544109915,416.723756368686,41.722047741760406,41.722047741760406,101.33870887535636,True,False,False
2026-08-22_10-35-19_go2_72d_trs_m0p2_v0p1_w500_r1000_linear_gait_trclosed_v2,"TRS m0.2/v0.1, w500/r1000",gait_06_gallop__vx_neg_1p0__seed_0042,6,gallop_a,gallop,backward,-1.0,torque_squared,Torque²,N² m² s,3495.3518298905947,1445.7569708516594,41.48046403534051,41.48046403534051,531.1731631263714,True,False,False
2026-08-22_10-35-19_go2_72d_trs_m0p2_v0p1_w500_r1000_linear_gait_trclosed_v2,"TRS m0.2/v0.1, w500/r1000",gait_06_gallop__vx_neg_1p0__seed_0042,6,gallop_a,gallop,backward,-1.0,absolute_work,Absolute work,J,1125.3037958283255,1079.9333757841232,2.0573941265024067,2.0573941265024067,237.0647664575358,True,False,False
2026-08-22_10-35-19_go2_72d_trs_m0p2_v0p1_w500_r1000_linear_gait_trclosed_v2,"TRS m0.2/v0.1, w500/r1000",gait_06_gallop__vx_neg_1p0__seed_0042,6,gallop_a,gallop,backward,-1.0,vertical_grf_impulse,Vertical GRF impulse,N s,954.8987700371443,465.042361870526,34.49836033050915,34.49836033050915,152.64481170204877,True,False,False
2026-08-22_10-35-19_go2_72d_trs_m0p2_v0p1_w500_r1000_linear_gait_trclosed_v2,"TRS m0.2/v0.1, w500/r1000",gait_06_gallop__vx_neg_0p5__seed_0042,6,gallop_a,gallop,backward,-0.5,torque_squared,Torque²,N² m² s,3582.1318612303876,1399.5658304452156,43.811691633401026,43.811691633401026,1125.162061587434,True,False,False
2026-08-22_10-35-19_go2_72d_trs_m0p2_v0p1_w500_r1000_linear_gait_trclosed_v2,"TRS m0.2/v0.1, w500/r1000",gait_06_gallop__vx_neg_0p5__seed_0042,6,gallop_a,gallop,backward,-0.5,absolute_work,Absolute work,J,1704.0035732278775,729.263656844775,40.0588930116812,40.0588930116812,549.5756953611572,True,False,False
2026-08-22_10-35-19_go2_72d_trs_m0p2_v0p1_w500_r1000_linear_gait_trclosed_v2,"TRS m0.2/v0.1, w500/r1000",gait_06_gallop__vx_neg_0p5__seed_0042,6,gallop_a,gallop,backward,-0.5,vertical_grf_impulse,Vertical GRF impulse,N s,882.5870962691307,488.68792941314337,28.725030316949283,28.725030316949283,309.7150269632419,True,False,False
2026-08-22_10-35-19_go2_72d_trs_m0p2_v0p1_w500_r1000_linear_gait_trclosed_v2,"TRS m0.2/v0.1, w500/r1000",gait_06_gallop__vx_pos_0p5__seed_0042,6,gallop_a,gallop,forward,0.5,torque_squared,Torque²,N² m² s,2147.585805978954,1934.4769961013512,5.220615659538553,5.220615659538553,868.7959141451107,True,False,False
2026-08-22_10-35-19_go2_72d_trs_m0p2_v0p1_w500_r1000_linear_gait_trclosed_v2,"TRS m0.2/v0.1, w500/r1000",gait_06_gallop__vx_pos_0p5__seed_0042,6,gallop_a,gallop,forward,0.5,absolute_work,Absolute work,J,960.6955385514981,622.3689965395466,21.371620329583955,21.371620329583955,336.9276923456975,True,False,False
2026-08-22_10-35-19_go2_72d_trs_m0p2_v0p1_w500_r1000_linear_gait_trclosed_v2,"TRS m0.2/v0.1, w500/r1000",gait_06_gallop__vx_pos_0p5__seed_0042,6,gallop_a,gallop,forward,0.5,vertical_grf_impulse,Vertical GRF impulse,N s,740.0950360298183,691.951613945961,3.3618612972329918,3.3618612972329918,304.78616784879017,True,False,False
2026-08-22_10-35-19_go2_72d_trs_m0p2_v0p1_w500_r1000_linear_gait_trclosed_v2,"TRS m0.2/v0.1, w500/r1000",gait_06_gallop__vx_pos_1p0__seed_0042,6,gallop_a,gallop,forward,1.0,torque_squared,Torque²,N² m² s,1764.0344210080666,2494.4205264253756,-17.151434368408914,17.151434368408914,438.9636324721765,True,False,False
2026-08-22_10-35-19_go2_72d_trs_m0p2_v0p1_w500_r1000_linear_gait_trclosed_v2,"TRS m0.2/v0.1, w500/r1000",gait_06_gallop__vx_pos_1p0__seed_0042,6,gallop_a,gallop,forward,1.0,absolute_work,Absolute work,J,780.5854838459655,1048.4098558793683,-14.643250653313462,14.643250653313462,188.53374005621404,True,False,False
2026-08-22_10-35-19_go2_72d_trs_m0p2_v0p1_w500_r1000_linear_gait_trclosed_v2,"TRS m0.2/v0.1, w500/r1000",gait_06_gallop__vx_pos_1p0__seed_0042,6,gallop_a,gallop,forward,1.0,vertical_grf_impulse,Vertical GRF impulse,N s,726.0534581780433,730.3749667283538,-0.29671959681700066,0.29671959681700066,150.1293590573169,True,False,False
2026-08-22_10-35-19_go2_72d_trs_m0p2_v0p1_w500_r1000_linear_gait_trclosed_v2,"TRS m0.2/v0.1, w500/r1000",gait_06_gallop__vx_pos_1p5__seed_0042,6,gallop_a,gallop,forward,1.5,torque_squared,Torque²,N² m² s,1704.6436452872283,2598.5506643710455,-20.773103763348402,20.773103763348402,299.3281326867432,True,False,False
2026-08-22_10-35-19_go2_72d_trs_m0p2_v0p1_w500_r1000_linear_gait_trclosed_v2,"TRS m0.2/v0.1, w500/r1000",gait_06_gallop__vx_pos_1p5__seed_0042,6,gallop_a,gallop,forward,1.5,absolute_work,Absolute work,J,850.6007116016583,1316.5253685263556,-21.49965621276519,21.49965621276519,150.74425094063974,True,False,False
2026-08-22_10-35-19_go2_72d_trs_m0p2_v0p1_w500_r1000_linear_gait_trclosed_v2,"TRS m0.2/v0.1, w500/r1000",gait_06_gallop__vx_pos_1p5__seed_0042,6,gallop_a,gallop,forward,1.5,vertical_grf_impulse,Vertical GRF impulse,N s,712.834359998703,746.6249414417028,-2.315280831034507,2.315280831034507,101.51928915967244,True,False,False
2026-08-22_10-35-19_go2_72d_trs_m0p2_v0p1_w500_r1000_linear_gait_trclosed_v2,"TRS m0.2/v0.1, w500/r1000",gait_07_gallop__vx_neg_1p5__seed_0042,7,gallop_b,gallop,backward,-1.5,torque_squared,Torque²,N² m² s,3484.230414142741,1847.691054747104,30.693238243367816,30.693238243367816,383.2448584819796,True,False,False
2026-08-22_10-35-19_go2_72d_trs_m0p2_v0p1_w500_r1000_linear_gait_trclosed_v2,"TRS m0.2/v0.1, w500/r1000",gait_07_gallop__vx_neg_1p5__seed_0042,7,gallop_b,gallop,backward,-1.5,absolute_work,Absolute work,J,1169.9348777180126,1791.3129139914518,-20.98365553916483,20.98365553916483,212.84690659558066,True,False,False
2026-08-22_10-35-19_go2_72d_trs_m0p2_v0p1_w500_r1000_linear_gait_trclosed_v2,"TRS m0.2/v0.1, w500/r1000",gait_07_gallop__vx_neg_1p5__seed_0042,7,gallop_b,gallop,backward,-1.5,vertical_grf_impulse,Vertical GRF impulse,N s,982.212896757439,425.3135710751214,39.565815521741676,39.565815521741676,101.1693973967032,True,False,False
2026-08-22_10-35-19_go2_72d_trs_m0p2_v0p1_w500_r1000_linear_gait_trclosed_v2,"TRS m0.2/v0.1, w500/r1000",gait_07_gallop__vx_neg_1p0__seed_0042,7,gallop_b,gallop,backward,-1.0,torque_squared,Torque²,N² m² s,3924.208758416496,1638.1909644139137,41.0976899883662,41.0976899883662,598.6000899621027,True,False,False
2026-08-22_10-35-19_go2_72d_trs_m0p2_v0p1_w500_r1000_linear_gait_trclosed_v2,"TRS m0.2/v0.1, w500/r1000",gait_07_gallop__vx_neg_1p0__seed_0042,7,gallop_b,gallop,backward,-1.0,absolute_work,Absolute work,J,1313.7481915508106,1698.8046450524603,-12.781732782347165,12.781732782347165,324.1971970487398,True,False,False
2026-08-22_10-35-19_go2_72d_trs_m0p2_v0p1_w500_r1000_linear_gait_trclosed_v2,"TRS m0.2/v0.1, w500/r1000",gait_07_gallop__vx_neg_1p0__seed_0042,7,gallop_b,gallop,backward,-1.0,vertical_grf_impulse,Vertical GRF impulse,N s,957.6870180463154,439.24553584444556,37.112849919482336,37.112849919482336,150.33151051656168,True,False,False
2026-08-22_10-35-19_go2_72d_trs_m0p2_v0p1_w500_r1000_linear_gait_trclosed_v2,"TRS m0.2/v0.1, w500/r1000",gait_07_gallop__vx_neg_0p5__seed_0042,7,gallop_b,gallop,backward,-0.5,torque_squared,Torque²,N² m² s,4028.249171335444,1578.006729074809,43.70550481081913,43.70550481081913,1235.3199039178587,True,False,False
2026-08-22_10-35-19_go2_72d_trs_m0p2_v0p1_w500_r1000_linear_gait_trclosed_v2,"TRS m0.2/v0.1, w500/r1000",gait_07_gallop__vx_neg_0p5__seed_0042,7,gallop_b,gallop,backward,-0.5,absolute_work,Absolute work,J,1880.2681098670075,1192.9883832044086,22.363240042347744,22.363240042347744,677.1818809516171,True,False,False
2026-08-22_10-35-19_go2_72d_trs_m0p2_v0p1_w500_r1000_linear_gait_trclosed_v2,"TRS m0.2/v0.1, w500/r1000",gait_07_gallop__vx_neg_0p5__seed_0042,7,gallop_b,gallop,backward,-0.5,vertical_grf_impulse,Vertical GRF impulse,N s,888.8871749162674,487.8862525495226,29.126137559530203,29.126137559530203,303.3674609839418,True,False,False
2026-08-22_10-35-19_go2_72d_trs_m0p2_v0p1_w500_r1000_linear_gait_trclosed_v2,"TRS m0.2/v0.1, w500/r1000",gait_07_gallop__vx_pos_0p5__seed_0042,7,gallop_b,gallop,forward,0.5,torque_squared,Torque²,N² m² s,1883.200684260352,1501.11025877573,11.290050823221549,11.290050823221549,875.3681462685964,True,False,False
2026-08-22_10-35-19_go2_72d_trs_m0p2_v0p1_w500_r1000_linear_gait_trclosed_v2,"TRS m0.2/v0.1, w500/r1000",gait_07_gallop__vx_pos_0p5__seed_0042,7,gallop_b,gallop,forward,0.5,absolute_work,Absolute work,J,347.91936647650624,345.5587384166871,0.3404041228068345,0.3404041228068345,179.37141514946842,True,False,False
2026-08-22_10-35-19_go2_72d_trs_m0p2_v0p1_w500_r1000_linear_gait_trclosed_v2,"TRS m0.2/v0.1, w500/r1000",gait_07_gallop__vx_pos_0p5__seed_0042,7,gallop_b,gallop,forward,0.5,vertical_grf_impulse,Vertical GRF impulse,N s,905.9487614774704,571.6576429527933,22.623827124894827,22.623827124894827,382.18993494739755,True,False,False
2026-08-22_10-35-19_go2_72d_trs_m0p2_v0p1_w500_r1000_linear_gait_trclosed_v2,"TRS m0.2/v0.1, w500/r1000",gait_07_gallop__vx_pos_1p0__seed_0042,7,gallop_b,gallop,forward,1.0,torque_squared,Torque²,N² m² s,2347.320907986603,2465.9262824405173,-2.464144677418689,2.464144677418689,499.2117729547412,True,False,False
2026-08-22_10-35-19_go2_72d_trs_m0p2_v0p1_w500_r1000_linear_gait_trclosed_v2,"TRS m0.2/v0.1, w500/r1000",gait_07_gallop__vx_pos_1p0__seed_0042,7,gallop_b,gallop,forward,1.0,absolute_work,Absolute work,J,997.208522104969,1210.8247054050717,-9.67450039422612,9.67450039422612,229.00884551297116,True,False,False
2026-08-22_10-35-19_go2_72d_trs_m0p2_v0p1_w500_r1000_linear_gait_trclosed_v2,"TRS m0.2/v0.1, w500/r1000",gait_07_gallop__vx_pos_1p0__seed_0042,7,gallop_b,gallop,forward,1.0,vertical_grf_impulse,Vertical GRF impulse,N s,773.4807723599672,674.5774031591416,6.83006876884419,6.83006876884419,150.18711080956433,True,False,False
2026-08-22_10-35-19_go2_72d_trs_m0p2_v0p1_w500_r1000_linear_gait_trclosed_v2,"TRS m0.2/v0.1, w500/r1000",gait_07_gallop__vx_pos_1p5__seed_0042,7,gallop_b,gallop,forward,1.5,torque_squared,Torque²,N² m² s,1893.468857425451,1640.2104609985645,7.166988671168871,7.166988671168871,242.35220371957945,True,False,False
2026-08-22_10-35-19_go2_72d_trs_m0p2_v0p1_w500_r1000_linear_gait_trclosed_v2,"TRS m0.2/v0.1, w500/r1000",gait_07_gallop__vx_pos_1p5__seed_0042,7,gallop_b,gallop,forward,1.5,absolute_work,Absolute work,J,951.0086370697898,1089.295907157259,-6.7777759197148795,6.7777759197148795,139.93128917341232,True,False,False
2026-08-22_10-35-19_go2_72d_trs_m0p2_v0p1_w500_r1000_linear_gait_trclosed_v2,"TRS m0.2/v0.1, w500/r1000",gait_07_gallop__vx_pos_1p5__seed_0042,7,gallop_b,gallop,forward,1.5,vertical_grf_impulse,Vertical GRF impulse,N s,778.9614872527122,688.3224267625809,6.177336207693654,6.177336207693654,100.63151123811936,True,False,False
2026-08-22_10-35-19_go2_72d_trs_m0p2_v0p1_w500_r1000_linear_gait_trclosed_v2,"TRS m0.2/v0.1, w500/r1000",gait_08_gallop__vx_neg_1p5__seed_0042,8,gallop_c,gallop,backward,-1.5,torque_squared,Torque²,N² m² s,3502.0819128981343,1562.6553347201768,38.2927382677151,38.2927382677151,358.2205417533404,True,False,False
2026-08-22_10-35-19_go2_72d_trs_m0p2_v0p1_w500_r1000_linear_gait_trclosed_v2,"TRS m0.2/v0.1, w500/r1000",gait_08_gallop__vx_neg_1p5__seed_0042,8,gallop_c,gallop,backward,-1.5,absolute_work,Absolute work,J,1193.853653175614,1129.8968934884722,2.7523074617005006,2.7523074617005006,164.35505713886192,True,False,False
2026-08-22_10-35-19_go2_72d_trs_m0p2_v0p1_w500_r1000_linear_gait_trclosed_v2,"TRS m0.2/v0.1, w500/r1000",gait_08_gallop__vx_neg_1p5__seed_0042,8,gallop_c,gallop,backward,-1.5,vertical_grf_impulse,Vertical GRF impulse,N s,956.7378428939845,455.1556483510867,35.525498038848525,35.525498038848525,99.86090622364708,True,False,False
2026-08-22_10-35-19_go2_72d_trs_m0p2_v0p1_w500_r1000_linear_gait_trclosed_v2,"TRS m0.2/v0.1, w500/r1000",gait_08_gallop__vx_neg_1p0__seed_0042,8,gallop_c,gallop,backward,-1.0,torque_squared,Torque²,N² m² s,3564.6265510484645,1727.3047094079159,34.71930664273399,34.71930664273399,561.7501191773765,True,False,False
2026-08-22_10-35-19_go2_72d_trs_m0p2_v0p1_w500_r1000_linear_gait_trclosed_v2,"TRS m0.2/v0.1, w500/r1000",gait_08_gallop__vx_neg_1p0__seed_0042,8,gallop_c,gallop,backward,-1.0,absolute_work,Absolute work,J,1204.0393743934396,1070.433901479742,5.874128059930968,5.874128059930968,241.4403307418111,True,False,False
2026-08-22_10-35-19_go2_72d_trs_m0p2_v0p1_w500_r1000_linear_gait_trclosed_v2,"TRS m0.2/v0.1, w500/r1000",gait_08_gallop__vx_neg_1p0__seed_0042,8,gallop_c,gallop,backward,-1.0,vertical_grf_impulse,Vertical GRF impulse,N s,912.1569046049029,482.3264764209998,30.82363218037655,30.82363218037655,148.02747181085172,True,False,False
2026-08-22_10-35-19_go2_72d_trs_m0p2_v0p1_w500_r1000_linear_gait_trclosed_v2,"TRS m0.2/v0.1, w500/r1000",gait_08_gallop__vx_neg_0p5__seed_0042,8,gallop_c,gallop,backward,-0.5,torque_squared,Torque²,N² m² s,2918.188388752082,1745.3294207941817,25.149662033176917,25.149662033176917,1048.0927598497756,True,False,False
2026-08-22_10-35-19_go2_72d_trs_m0p2_v0p1_w500_r1000_linear_gait_trclosed_v2,"TRS m0.2/v0.1, w500/r1000",gait_08_gallop__vx_neg_0p5__seed_0042,8,gallop_c,gallop,backward,-0.5,absolute_work,Absolute work,J,1574.1591498396429,1023.4835778377089,21.199049666630376,21.199049666630376,583.8018952092192,True,False,False
2026-08-22_10-35-19_go2_72d_trs_m0p2_v0p1_w500_r1000_linear_gait_trclosed_v2,"TRS m0.2/v0.1, w500/r1000",gait_08_gallop__vx_neg_0p5__seed_0042,8,gallop_c,gallop,backward,-0.5,vertical_grf_impulse,Vertical GRF impulse,N s,851.6661330366135,546.3790362688022,21.83671196542853,21.83671196542853,314.20079856723527,True,False,False
2026-08-22_10-35-19_go2_72d_trs_m0p2_v0p1_w500_r1000_linear_gait_trclosed_v2,"TRS m0.2/v0.1, w500/r1000",gait_08_gallop__vx_pos_0p5__seed_0042,8,gallop_c,gallop,forward,0.5,torque_squared,Torque²,N² m² s,2491.3376876916623,2202.937064958721,6.14366729536039,6.14366729536039,964.7865045313457,True,False,False
2026-08-22_10-35-19_go2_72d_trs_m0p2_v0p1_w500_r1000_linear_gait_trclosed_v2,"TRS m0.2/v0.1, w500/r1000",gait_08_gallop__vx_pos_0p5__seed_0042,8,gallop_c,gallop,forward,0.5,absolute_work,Absolute work,J,1199.1126526417445,640.1127685436758,30.39322301981784,30.39322301981784,378.0051144532636,True,False,False
2026-08-22_10-35-19_go2_72d_trs_m0p2_v0p1_w500_r1000_linear_gait_trclosed_v2,"TRS m0.2/v0.1, w500/r1000",gait_08_gallop__vx_pos_0p5__seed_0042,8,gallop_c,gallop,forward,0.5,vertical_grf_impulse,Vertical GRF impulse,N s,700.6381046962738,709.4939381116628,-0.6280144799599614,0.6280144799599614,289.81609219617826,True,False,False
2026-08-22_10-35-19_go2_72d_trs_m0p2_v0p1_w500_r1000_linear_gait_trclosed_v2,"TRS m0.2/v0.1, w500/r1000",gait_08_gallop__vx_pos_1p0__seed_0042,8,gallop_c,gallop,forward,1.0,torque_squared,Torque²,N² m² s,2227.3983482779718,2450.937572569442,-4.7781781401233685,4.7781781401233685,485.7457010655658,True,False,False
2026-08-22_10-35-19_go2_72d_trs_m0p2_v0p1_w500_r1000_linear_gait_trclosed_v2,"TRS m0.2/v0.1, w500/r1000",gait_08_gallop__vx_pos_1p0__seed_0042,8,gallop_c,gallop,forward,1.0,absolute_work,Absolute work,J,1057.4392901376264,927.8083837493369,6.529709521557177,6.529709521557177,206.12575485309162,True,False,False
2026-08-22_10-35-19_go2_72d_trs_m0p2_v0p1_w500_r1000_linear_gait_trclosed_v2,"TRS m0.2/v0.1, w500/r1000",gait_08_gallop__vx_pos_1p0__seed_0042,8,gallop_c,gallop,forward,1.0,vertical_grf_impulse,Vertical GRF impulse,N s,706.0748702383041,751.0053461778164,-3.0835965949784576,3.0835965949784576,151.2867958194016,True,False,False
2026-08-22_10-35-19_go2_72d_trs_m0p2_v0p1_w500_r1000_linear_gait_trclosed_v2,"TRS m0.2/v0.1, w500/r1000",gait_08_gallop__vx_pos_1p5__seed_0042,8,gallop_c,gallop,forward,1.5,torque_squared,Torque²,N² m² s,2023.3317329635581,2510.6393345312663,-10.747920406050637,10.747920406050637,312.9381651041054,True,False,False
2026-08-22_10-35-19_go2_72d_trs_m0p2_v0p1_w500_r1000_linear_gait_trclosed_v2,"TRS m0.2/v0.1, w500/r1000",gait_08_gallop__vx_pos_1p5__seed_0042,8,gallop_c,gallop,forward,1.5,absolute_work,Absolute work,J,998.9539208746562,1159.6458773997663,-7.4442681155426165,7.4442681155426165,148.98821585099603,True,False,False
2026-08-22_10-35-19_go2_72d_trs_m0p2_v0p1_w500_r1000_linear_gait_trclosed_v2,"TRS m0.2/v0.1, w500/r1000",gait_08_gallop__vx_pos_1p5__seed_0042,8,gallop_c,gallop,forward,1.5,vertical_grf_impulse,Vertical GRF impulse,N s,691.3525572478771,776.7642899680365,-5.817774850968517,5.817774850968517,101.33055228780343,True,False,False
2026-08-22_10-35-19_go2_72d_trs_m0p2_v0p1_w500_r1000_linear_gait_trclosed_v2,"TRS m0.2/v0.1, w500/r1000",gait_09_gallop__vx_neg_1p5__seed_0042,9,gallop_d,gallop,backward,-1.5,torque_squared,Torque²,N² m² s,3056.4982601932593,1867.8511835496486,24.138154495797558,24.138154495797558,345.08107898210903,True,False,False
2026-08-22_10-35-19_go2_72d_trs_m0p2_v0p1_w500_r1000_linear_gait_trclosed_v2,"TRS m0.2/v0.1, w500/r1000",gait_09_gallop__vx_neg_1p5__seed_0042,9,gallop_d,gallop,backward,-1.5,absolute_work,Absolute work,J,1014.823437676899,1482.3372088547214,-18.72181398610322,18.72181398610322,174.99222996689136,True,False,False
2026-08-22_10-35-19_go2_72d_trs_m0p2_v0p1_w500_r1000_linear_gait_trclosed_v2,"TRS m0.2/v0.1, w500/r1000",gait_09_gallop__vx_neg_1p5__seed_0042,9,gallop_d,gallop,backward,-1.5,vertical_grf_impulse,Vertical GRF impulse,N s,964.5231592558633,470.94417134583216,34.38455041001461,34.38455041001461,100.59249875473753,True,False,False
2026-08-22_10-35-19_go2_72d_trs_m0p2_v0p1_w500_r1000_linear_gait_trclosed_v2,"TRS m0.2/v0.1, w500/r1000",gait_09_gallop__vx_neg_1p0__seed_0042,9,gallop_d,gallop,backward,-1.0,torque_squared,Torque²,N² m² s,3058.0025366557647,1654.208604480158,29.79055670746555,29.79055670746555,493.2451111865528,True,False,False
2026-08-22_10-35-19_go2_72d_trs_m0p2_v0p1_w500_r1000_linear_gait_trclosed_v2,"TRS m0.2/v0.1, w500/r1000",gait_09_gallop__vx_neg_1p0__seed_0042,9,gallop_d,gallop,backward,-1.0,absolute_work,Absolute work,J,914.9604591773218,1137.0579773506174,-10.823368553602743,10.823368553602743,214.7925955707689,True,False,False
2026-08-22_10-35-19_go2_72d_trs_m0p2_v0p1_w500_r1000_linear_gait_trclosed_v2,"TRS m0.2/v0.1, w500/r1000",gait_09_gallop__vx_neg_1p0__seed_0042,9,gallop_d,gallop,backward,-1.0,vertical_grf_impulse,Vertical GRF impulse,N s,919.6980636966229,507.8973511596222,28.84575757610344,28.84575757610344,149.43185651915388,True,False,False
2026-08-22_10-35-19_go2_72d_trs_m0p2_v0p1_w500_r1000_linear_gait_trclosed_v2,"TRS m0.2/v0.1, w500/r1000",gait_09_gallop__vx_neg_0p5__seed_0042,9,gallop_d,gallop,backward,-0.5,torque_squared,Torque²,N² m² s,3258.091710693941,1429.3004845755756,39.01511010672349,39.01511010672349,988.3676233279847,True,False,False
2026-08-22_10-35-19_go2_72d_trs_m0p2_v0p1_w500_r1000_linear_gait_trclosed_v2,"TRS m0.2/v0.1, w500/r1000",gait_09_gallop__vx_neg_0p5__seed_0042,9,gallop_d,gallop,backward,-0.5,absolute_work,Absolute work,J,856.6328375668422,858.0948527440834,-0.08526223641819418,0.08526223641819418,361.56166613018974,True,False,False
2026-08-22_10-35-19_go2_72d_trs_m0p2_v0p1_w500_r1000_linear_gait_trclosed_v2,"TRS m0.2/v0.1, w500/r1000",gait_09_gallop__vx_neg_0p5__seed_0042,9,gallop_d,gallop,backward,-0.5,vertical_grf_impulse,Vertical GRF impulse,N s,873.1855017149448,525.8638622716069,24.825545715817686,24.825545715817686,294.9988047079576,True,False,False
2026-08-22_10-35-19_go2_72d_trs_m0p2_v0p1_w500_r1000_linear_gait_trclosed_v2,"TRS m0.2/v0.1, w500/r1000",gait_09_gallop__vx_pos_0p5__seed_0042,9,gallop_d,gallop,forward,0.5,torque_squared,Torque²,N² m² s,1801.0537220433698,1674.2242895237162,3.6494758720745697,3.6494758720745697,721.6418946095022,True,False,False
2026-08-22_10-35-19_go2_72d_trs_m0p2_v0p1_w500_r1000_linear_gait_trclosed_v2,"TRS m0.2/v0.1, w500/r1000",gait_09_gallop__vx_pos_0p5__seed_0042,9,gallop_d,gallop,forward,0.5,absolute_work,Absolute work,J,448.25069234272,598.6477262987104,-14.365962473337381,14.365962473337381,217.38858179907947,True,False,False
2026-08-22_10-35-19_go2_72d_trs_m0p2_v0p1_w500_r1000_linear_gait_trclosed_v2,"TRS m0.2/v0.1, w500/r1000",gait_09_gallop__vx_pos_0p5__seed_0042,9,gallop_d,gallop,forward,0.5,vertical_grf_impulse,Vertical GRF impulse,N s,797.5433316755295,643.2307811435562,10.71039166785404,10.71039166785404,299.17691678722815,True,False,False
2026-08-22_10-35-19_go2_72d_trs_m0p2_v0p1_w500_r1000_linear_gait_trclosed_v2,"TRS m0.2/v0.1, w500/r1000",gait_09_gallop__vx_pos_1p0__seed_0042,9,gallop_d,gallop,forward,1.0,torque_squared,Torque²,N² m² s,1703.9490235310966,1859.2235786849478,-4.35776125628271,4.35776125628271,370.9033340723713,True,False,False
2026-08-22_10-35-19_go2_72d_trs_m0p2_v0p1_w500_r1000_linear_gait_trclosed_v2,"TRS m0.2/v0.1, w500/r1000",gait_09_gallop__vx_pos_1p0__seed_0042,9,gallop_d,gallop,forward,1.0,absolute_work,Absolute work,J,637.0562913726084,775.6754031661924,-9.812132928668916,9.812132928668916,147.0562765688838,True,False,False
2026-08-22_10-35-19_go2_72d_trs_m0p2_v0p1_w500_r1000_linear_gait_trclosed_v2,"TRS m0.2/v0.1, w500/r1000",gait_09_gallop__vx_pos_1p0__seed_0042,9,gallop_d,gallop,forward,1.0,vertical_grf_impulse,Vertical GRF impulse,N s,765.6920009922982,703.288906223774,4.248053494908039,4.248053494908039,152.91145756908867,True,False,False
2026-08-22_10-35-19_go2_72d_trs_m0p2_v0p1_w500_r1000_linear_gait_trclosed_v2,"TRS m0.2/v0.1, w500/r1000",gait_09_gallop__vx_pos_1p5__seed_0042,9,gallop_d,gallop,forward,1.5,torque_squared,Torque²,N² m² s,1617.1367840945843,2037.7383536355946,-11.507960017540311,11.507960017540311,256.11910124616406,True,False,False
2026-08-22_10-35-19_go2_72d_trs_m0p2_v0p1_w500_r1000_linear_gait_trclosed_v2,"TRS m0.2/v0.1, w500/r1000",gait_09_gallop__vx_pos_1p5__seed_0042,9,gallop_d,gallop,forward,1.5,absolute_work,Absolute work,J,820.9650218212104,993.0923211179871,-9.488525815721474,9.488525815721474,127.12191765082724,True,False,False
2026-08-22_10-35-19_go2_72d_trs_m0p2_v0p1_w500_r1000_linear_gait_trclosed_v2,"TRS m0.2/v0.1, w500/r1000",gait_09_gallop__vx_pos_1p5__seed_0042,9,gallop_d,gallop,forward,1.5,vertical_grf_impulse,Vertical GRF impulse,N s,710.5936835241317,744.3722995767149,-2.3216086454883054,2.3216086454883054,101.95822453375447,True,False,False
